monto,hora,distancia_km,ingreso_mensual,fraude
11900.0,19,3.37,2204000.0,0
22200.0,21,75.29,1424000.0,0
28100.0,20,14.94,1433000.0,0
78500.0,6,2.58,10192000.0,0
396800.0,10,2.78,3099000.0,0
5200.0,11,4.41,6440000.0,0
159300.0,7,1.6,9245000.0,0
37900.0,9,12.86,1424000.0,0
809000.0,14,6.55,23318000.0,0
38900.0,6,44.31,2131000.0,0
66400.0,21,2.75,5923000.0,0
99900.0,12,6.78,3540000.0,0
850400.0,7,5.76,13027000.0,0
15400.0,17,0.91,1551000.0,0
15100.0,8,3.7,2717000.0,0
158700.0,17,1.35,9626000.0,0
9000.0,22,24.32,1540000.0,0
304400.0,11,9.82,2827000.0,0
52400.0,13,2.42,2591000.0,0
39800.0,11,4.84,2039000.0,0
8100.0,7,4.35,1424000.0,0
20800.0,17,2.35,1428000.0,0
1056800.0,12,2.46,3890000.0,0
513300.0,22,12.73,5985000.0,0
119400.0,5,9.37,14913000.0,0
14100.0,15,4.01,3455000.0,0
1342600.0,19,954.0,1808000.0,1
5400.0,13,6.22,3200000.0,0
159200.0,22,138.49,5525000.0,0
8700.0,13,133.69,1424000.0,0
101300.0,17,11.13,4605000.0,0
71600.0,12,2.47,6672000.0,0
722700.0,12,7.38,11426000.0,0
43100.0,14,7.27,2233000.0,0
6800.0,14,130.36,2692000.0,0
10900.0,23,1.96,3302000.0,0
462200.0,19,4.26,7297000.0,0
3502700.0,12,285.11,5071000.0,1
22900.0,21,1.64,3843000.0,0
140300.0,13,7.38,7078000.0,0
266400.0,13,4.79,5614000.0,0
13300.0,20,6.96,3811000.0,0
122100.0,17,1.3,8634000.0,0
13035400.0,17,19.15,12164000.0,0
38400.0,19,0.46,3928000.0,0
248000.0,11,3.86,7475000.0,0
18400.0,12,3.59,1424000.0,0
15900.0,20,100.87,1424000.0,0
22400.0,7,82.98,4496000.0,0
12400.0,18,9.48,1951000.0,0
7900.0,15,3.32,2445000.0,0
17000.0,9,1.92,1424000.0,0
111500.0,6,3.86,4603000.0,0
65900.0,22,1345.56,4597000.0,0
5300.0,12,1.5,1424000.0,0
15200.0,8,11.55,2808000.0,0
185600.0,11,1.37,9666000.0,0
121200.0,16,1.46,6027000.0,0
5000.0,20,1.57,2013000.0,0
120400.0,13,70.76,5473000.0,0
49100.0,11,2.04,4603000.0,0
59200.0,14,3.03,4347000.0,0
34100.0,11,2.15,3113000.0,0
40500.0,17,6.29,5189000.0,0
85300.0,11,0.76,2818000.0,0
284100.0,5,1.54,13284000.0,0
56400.0,19,5.63,3254000.0,0
16000.0,13,474.86,8838000.0,0
128600.0,14,0.94,4936000.0,0
13300.0,12,3.99,2439000.0,0
6000.0,17,75.4,1424000.0,0
41000.0,9,2.8,1850000.0,0
19700.0,10,1.57,2759000.0,0
10400.0,11,129.79,2301000.0,0
7700.0,10,6.91,3054000.0,0
566400.0,20,1.2,7141000.0,0
69900.0,12,5.54,4940000.0,0
126700.0,23,9.21,8118000.0,0
24000.0,19,12.21,2759000.0,0
18100.0,12,2.3,2445000.0,0
111400.0,8,2.06,4008000.0,0
20500.0,17,3.23,3102000.0,0
47300.0,17,101.12,12769000.0,0
1550100.0,16,4.56,9040000.0,0
46800.0,15,918.32,4335000.0,0
67900.0,15,2.18,3517000.0,0
188000.0,8,1.37,6062000.0,0
219000.0,16,3.4,11916000.0,0
92700.0,15,7.45,5732000.0,0
560500.0,15,4.56,8880000.0,0
69700.0,19,12.38,15553000.0,0
95500.0,17,2.62,4069000.0,0
98300.0,17,5.78,4846000.0,0
98900.0,15,5.96,3254000.0,0
3000.0,18,12.86,1424000.0,0
9600.0,18,3.33,1433000.0,0
47000.0,21,3.69,2810000.0,0
146800.0,13,2.49,10592000.0,0
60300.0,18,2.5,2922000.0,0
35400.0,23,119.24,2763000.0,0
15500.0,19,1.49,2124000.0,0
27700.0,22,2.59,1660000.0,0
2218700.0,20,212.58,1954000.0,1
260900.0,11,1.0,12359000.0,0
108100.0,9,8.75,2910000.0,0
11500.0,9,11.56,2870000.0,0
70800.0,12,2.17,7200000.0,0
1394000.0,5,125.75,1496000.0,1
202500.0,17,4.74,2938000.0,0
80000.0,13,119.11,9470000.0,0
97400.0,9,16.92,3561000.0,0
30300.0,20,8.22,1424000.0,0
17300.0,18,8.61,2575000.0,0
317600.0,7,7.31,10571000.0,0
65200.0,6,6.58,12769000.0,0
227500.0,18,2.4,12210000.0,0
35000.0,13,8.78,1432000.0,0
48200.0,23,4.2,6027000.0,0
14500.0,16,3.83,3205000.0,0
45200.0,12,2.25,5190000.0,0
22700.0,21,2.37,3294000.0,0
3300.0,13,2.49,1424000.0,0
55700.0,13,9.91,2736000.0,0
125200.0,11,3.25,4841000.0,0
41000.0,16,4.46,1424000.0,0
50900.0,11,1.02,2975000.0,0
10600.0,20,5.2,2754000.0,0
30100.0,8,0.7,5959000.0,0
19400.0,9,1.9,1994000.0,0
32100.0,19,12.95,1424000.0,0
15800.0,17,4.01,1466000.0,0
35900.0,14,1.44,9821000.0,0
10100.0,23,2.31,1424000.0,0
110200.0,13,13.73,4453000.0,0
44100.0,7,1.51,7894000.0,0
41500.0,18,2.73,1743000.0,0
14600.0,14,91.51,1424000.0,0
7800.0,6,1025.76,1628000.0,0
10500.0,18,0.6,1424000.0,0
326100.0,22,0.92,5802000.0,0
49000.0,23,19.62,3336000.0,0
61500.0,15,3.25,3619000.0,0
8000.0,8,16.45,1543000.0,0
85800.0,21,2.22,3386000.0,0
48200.0,17,5.91,5000000.0,0
25100.0,10,48.25,1469000.0,0
27800.0,15,6.25,2803000.0,0
50600.0,8,99.37,2756000.0,0
93700.0,19,4.18,5163000.0,0
77500.0,15,3.0,5597000.0,0
37500.0,14,4.25,1540000.0,0
44000.0,20,3.21,1424000.0,0
6900.0,8,2.86,1424000.0,0
41700.0,11,14.35,1424000.0,0
35100.0,9,0.58,1752000.0,0
48700.0,20,1.8,3805000.0,0
62400.0,17,4.34,7223000.0,0
51200.0,12,760.13,4842000.0,0
12700.0,6,400.97,1713000.0,1
31300.0,10,1.59,4774000.0,0
437200.0,17,1.39,1424000.0,0
48400.0,6,4.03,4029000.0,0
65100.0,12,6.48,3726000.0,0
172100.0,17,3.38,11532000.0,0
4900.0,21,10.3,2177000.0,0
73100.0,14,9.11,1424000.0,0
56000.0,16,786.8,2778000.0,0
179100.0,1,11.25,5435000.0,0
103600.0,14,46.68,5060000.0,0
34000.0,15,5.12,9082000.0,0
130300.0,14,5.58,12769000.0,0
42100.0,16,5.69,3386000.0,0
11000.0,10,4.66,5389000.0,0
4000.0,19,1.21,2609000.0,0
23300.0,13,81.78,4193000.0,0
9100.0,17,1.04,1424000.0,0
5200.0,22,2.03,3638000.0,0
4500.0,15,11.17,1424000.0,0
51200.0,20,3.77,5598000.0,0
117500.0,13,4.58,5959000.0,0
25900.0,10,5.27,1424000.0,0
188700.0,5,10.4,2689000.0,0
58700.0,14,38.29,2876000.0,0
5600.0,17,25.56,2815000.0,0
18100.0,14,2.33,2205000.0,0
70000.0,11,3.33,4713000.0,0
38400.0,20,3.22,3834000.0,0
154000.0,21,6.89,4598000.0,0
36800.0,12,7.05,3498000.0,0
17400.0,11,9.5,2569000.0,0
76900.0,14,8.18,1532000.0,0
159700.0,19,2.17,22838000.0,0
220300.0,12,11.32,8032000.0,0
10900.0,11,11.55,2241000.0,0
12000.0,11,13.85,1424000.0,0
35500.0,19,1.9,3755000.0,0
238400.0,17,4.22,10342000.0,0
33100.0,21,11.72,4223000.0,0
160600.0,15,5.49,3800000.0,0
1433000.0,2,8.35,2855000.0,1
10100.0,10,3.58,2927000.0,0
61700.0,12,35.22,1424000.0,0
57400.0,6,0.51,2875000.0,0
43600.0,21,1.23,13444000.0,0
54700.0,13,46.44,3050000.0,0
71800.0,17,9.67,5388000.0,0
73700.0,20,1.66,3523000.0,0
60500.0,11,12.94,6021000.0,0
158600.0,19,1.6,4868000.0,0
17300.0,15,2.7,2298000.0,0
120400.0,17,75.72,1825000.0,0
4900.0,15,0.54,5721000.0,0
63900.0,7,5.68,2816000.0,0
9100.0,10,2.61,1470000.0,0
31700.0,20,0.26,5950000.0,0
10300.0,12,2.13,1424000.0,0
3400.0,18,2.69,1585000.0,0
18300.0,21,75.88,2991000.0,0
68500.0,21,23.94,3000000.0,0
29100.0,13,9.13,4308000.0,0
55100.0,9,2.53,1424000.0,0
7100.0,21,0.79,3155000.0,0
22700.0,18,11.23,1424000.0,0
1200.0,18,7.74,1424000.0,0
18400.0,12,8.8,6076000.0,0
2224800.0,1,96.61,1424000.0,1
20500.0,13,4.94,1424000.0,0
90600.0,13,3.77,1824000.0,0
524000.0,9,0.54,14363000.0,0
474700.0,15,0.22,6034000.0,0
13900.0,21,26.82,1624000.0,0
40400.0,17,20.88,6738000.0,0
11600.0,0,2.07,3225000.0,0
9700.0,11,6.19,1424000.0,0
46800.0,12,7.05,3726000.0,0
50200.0,19,873.68,2302000.0,0
17000.0,22,0.69,2257000.0,0
41200.0,15,2.79,2816000.0,0
53700.0,17,7.95,16325000.0,0
19900.0,7,9.96,2546000.0,0
28900.0,17,635.57,1424000.0,0
109300.0,20,2.3,5182000.0,0
27600.0,12,1173.7,7860000.0,0
4177000.0,8,2.48,84975000.0,0
17800.0,13,8.6,12053000.0,0
1400.0,16,3.42,1678000.0,0
9500.0,19,1.18,2770000.0,0
76100.0,8,37.84,2074000.0,0
24900.0,20,6.57,1884000.0,0
100300.0,13,3.27,4233000.0,0
41600.0,21,1.0,2675000.0,0
445700.0,20,1.07,10401000.0,0
20200.0,11,1.97,1424000.0,0
24800.0,17,29.4,1424000.0,0
370500.0,18,1.36,5014000.0,0
210500.0,20,2.63,30578000.0,0
7500.0,22,14.29,1424000.0,0
57600.0,6,840.43,2748000.0,0
7500.0,13,1.69,1424000.0,0
12700.0,19,6.49,1424000.0,0
502700.0,19,6.42,32926000.0,0
9600.0,13,0.87,1825000.0,0
126200.0,11,3.24,9348000.0,0
50300.0,19,1.37,4774000.0,0
10900.0,18,3.56,1456000.0,0
13200.0,10,16.84,1424000.0,0
12500.0,18,3.13,4624000.0,0
74300.0,15,2.85,3886000.0,0
67700.0,20,20.71,3834000.0,0
96400.0,7,1.98,4907000.0,0
17100.0,17,466.89,1424000.0,1
38900.0,16,11.76,1424000.0,0
26300.0,14,1.12,2678000.0,0
2170200.0,11,3.07,11297000.0,0
82000.0,5,0.62,4200000.0,0
6600.0,18,3.7,2301000.0,0
9400.0,19,1.32,1424000.0,0
24400.0,7,14.7,5273000.0,0
198800.0,9,68.08,14562000.0,0
134300.0,23,1.12,9083000.0,0
90100.0,6,10.67,6175000.0,0
89900.0,9,410.35,2401000.0,0
19500.0,14,2.76,1424000.0,0
94000.0,8,1.2,1424000.0,0
152300.0,22,2.43,4430000.0,0
17200.0,15,4.06,3274000.0,0
71100.0,21,13.74,9083000.0,0
13800.0,13,5.22,3878000.0,0
31400.0,23,5.31,1800000.0,0
55900.0,13,2.01,24525000.0,0
133800.0,10,2.03,4693000.0,0
41300.0,15,11.17,3641000.0,0
125000.0,9,1.1,3106000.0,0
48400.0,13,2.89,1424000.0,0
5200.0,22,3.49,3106000.0,0
81600.0,0,2.17,10555000.0,0
412300.0,21,10.75,10259000.0,0
28200.0,1,44.5,3070000.0,0
38000.0,10,129.12,2620000.0,0
34300.0,20,3.64,2219000.0,0
52800.0,7,12.75,1904000.0,0
42700.0,21,4.03,2704000.0,0
16500.0,16,2.42,2645000.0,0
40600.0,16,1.73,1688000.0,0
126200.0,8,3.9,8272000.0,0
43200.0,17,23.89,8711000.0,0
113500.0,14,83.04,8711000.0,0
12500.0,16,2.4,7458000.0,0
6200.0,16,1.6,9271000.0,0
17800.0,17,9.51,3504000.0,0
21300.0,12,5.99,3000000.0,0
2900.0,16,5.37,3151000.0,0
37000.0,15,3.99,3205000.0,0
6300.0,17,8.89,1424000.0,0
48900.0,20,7.3,4921000.0,0
41300.0,14,18.29,3555000.0,0
67400.0,16,8.71,2778000.0,0
12900.0,13,4.97,2706000.0,0
84400.0,6,8.65,3776000.0,0
78800.0,18,1.89,6960000.0,0
5600.0,10,0.95,2271000.0,0
12200.0,11,58.88,1991000.0,0
121800.0,8,3.51,2961000.0,0
4300.0,12,35.4,2661000.0,0
68400.0,7,19.73,3367000.0,0
343200.0,14,2.14,14363000.0,0
575700.0,9,0.52,22570000.0,0
36500.0,20,112.94,3877000.0,0
58800.0,17,1.9,4378000.0,0
45100.0,21,7.96,1424000.0,0
114200.0,21,3.42,5056000.0,0
60500.0,11,8.57,1806000.0,0
177900.0,12,87.67,3823000.0,0
24100.0,14,1.41,2750000.0,0
53100.0,13,1.55,5484000.0,0
46200.0,9,1.89,5708000.0,0
193700.0,18,1.98,3210000.0,0
38000.0,13,2.89,1424000.0,0
37000.0,15,2.91,9012000.0,0
165600.0,19,0.75,4715000.0,0
68700.0,10,2.24,4177000.0,0
6100.0,9,0.76,1749000.0,0
33200.0,15,2.57,5270000.0,0
51800.0,14,10.02,1424000.0,0
20800.0,23,2.81,2544000.0,0
36600.0,18,2.97,5016000.0,0
89200.0,11,3.82,4256000.0,0
13500.0,9,3.31,1424000.0,0
50300.0,7,3.67,6699000.0,0
8600.0,22,1.92,1424000.0,0
16300.0,20,8.1,3155000.0,0
838600.0,11,3.85,9348000.0,0
20000.0,18,49.24,1424000.0,0
146400.0,15,0.33,7262000.0,0
9700.0,0,8.65,3088000.0,0
23200.0,20,59.95,7588000.0,0
35700.0,11,4.2,1424000.0,0
10700.0,15,12.4,3294000.0,0
105800.0,18,8.55,2881000.0,0
57300.0,8,9.44,1821000.0,0
380600.0,19,1.06,10366000.0,0
31400.0,20,2.71,3283000.0,0
33100.0,21,13.62,1843000.0,0
88300.0,21,96.18,5706000.0,0
7100.0,21,84.22,2219000.0,0
25300.0,15,2.83,2827000.0,0
7500.0,23,4.13,2754000.0,0
20700.0,15,113.84,1424000.0,0
89000.0,17,1.21,11496000.0,0
35000.0,18,5.03,5484000.0,0
16700.0,17,117.31,6303000.0,0
65800.0,10,2.0,1608000.0,0
93800.0,14,3.52,5978000.0,0
1700.0,17,5.14,2358000.0,0
145100.0,15,3.64,5552000.0,0
26700.0,8,5.47,13582000.0,0
15000.0,13,6.22,1614000.0,0
544800.0,13,5.28,1424000.0,1
33400.0,19,1.9,1424000.0,0
56100.0,12,4.23,2288000.0,0
10700.0,13,0.97,1424000.0,0
41300.0,18,8.94,7795000.0,0
15400.0,19,4.49,2698000.0,0
34300.0,19,1.92,3006000.0,0
66400.0,7,2.7,9981000.0,0
372800.0,16,2.12,6085000.0,0
53200.0,0,2.85,1424000.0,0
31500.0,17,2.22,2385000.0,0
36400.0,22,22.24,2131000.0,0
335500.0,16,26.08,5802000.0,0
91000.0,21,1.34,5225000.0,0
14800.0,18,6.02,1424000.0,0
2268000.0,18,5.6,3308000.0,0
28100.0,15,4.01,4073000.0,0
1033600.0,17,6.0,5732000.0,0
45600.0,12,149.97,3582000.0,0
81100.0,13,1.49,4306000.0,0
7100.0,15,12.31,1424000.0,0
47200.0,21,4.96,11397000.0,0
683600.0,11,7.41,6147000.0,0
41700.0,17,8.06,5190000.0,0
26400.0,10,76.6,7023000.0,0
7600.0,13,20.01,3064000.0,0
35700.0,11,13.75,8055000.0,0
21200.0,13,2.93,1424000.0,0
94400.0,13,1.06,18155000.0,0
191200.0,11,10.64,2286000.0,0
119600.0,20,3.47,4231000.0,0
16500.0,11,1.51,2984000.0,0
14800.0,13,5.34,1424000.0,0
177600.0,12,1.38,6955000.0,0
23000.0,15,2.25,1424000.0,0
19000.0,21,17.08,3030000.0,0
124700.0,8,25.18,3438000.0,0
1510900.0,22,6.48,84975000.0,0
103800.0,11,5.9,4193000.0,0
52100.0,23,1.35,3828000.0,0
1762900.0,17,7.12,24054000.0,0
57400.0,21,13.1,5911000.0,0
92500.0,16,0.94,2619000.0,0
12900.0,1,5.92,1976000.0,0
18600.0,21,6.89,2844000.0,0
86700.0,9,4.55,1806000.0,0
107300.0,18,10.18,2511000.0,0
14400.0,21,6.82,1890000.0,0
75300.0,15,4.25,3538000.0,0
92100.0,16,3.07,5614000.0,0
22700.0,14,2.92,1424000.0,0
73900.0,15,3.12,1424000.0,0
91100.0,9,8.3,4460000.0,0
75600.0,9,5.77,3210000.0,0
102700.0,19,0.99,15228000.0,0
37600.0,11,3.21,4955000.0,0
4300.0,19,6.55,1554000.0,0
368800.0,19,1.34,4669000.0,0
107900.0,12,9.93,5603000.0,0
257300.0,7,6.37,6690000.0,0
197400.0,13,1.99,2654000.0,0
65400.0,13,1.24,3155000.0,0
31000.0,18,5.02,1424000.0,0
17500.0,22,2.15,2184000.0,0
38600.0,10,21.98,2358000.0,0
22400.0,9,2.37,1424000.0,0
5600.0,23,3.14,4404000.0,0
20900.0,23,5.28,1811000.0,0
14500.0,21,13.48,1772000.0,0
6000.0,13,2.82,1424000.0,0
82200.0,12,114.71,2975000.0,0
132500.0,13,2.03,2169000.0,0
118100.0,22,1.76,2280000.0,0
65200.0,19,0.96,3608000.0,0
4644900.0,15,8.31,4335000.0,0
63300.0,9,129.94,6940000.0,0
396400.0,11,1.85,1971000.0,0
11900.0,19,12.83,2937000.0,0
21300.0,11,3.1,10396000.0,0
9000.0,13,5.64,3077000.0,0
1702100.0,12,4.92,4912000.0,0
10200.0,8,3.25,1565000.0,0
9900.0,8,3.13,1424000.0,0
94700.0,10,5.98,4947000.0,0
51700.0,19,2.46,7038000.0,0
89600.0,11,4.21,2765000.0,0
35100.0,17,4.03,4034000.0,0
17000.0,20,1.17,1424000.0,0
89700.0,13,10.95,8688000.0,0
19500.0,9,3.43,4177000.0,0
58200.0,4,1.2,2818000.0,0
10400.0,9,1.13,1424000.0,0
69800.0,7,2.53,1456000.0,0
7100.0,16,4.53,1627000.0,0
201500.0,13,32.18,7931000.0,0
24900.0,23,2.52,3489000.0,0
218400.0,19,2.02,3175000.0,0
58200.0,8,2.79,5279000.0,0
47700.0,20,36.47,2013000.0,0
22000.0,18,3.61,3003000.0,0
9600.0,18,23.17,3000000.0,0
110000.0,7,4.64,6357000.0,0
74600.0,11,1.32,1446000.0,0
56300.0,12,1.66,3274000.0,0
12300.0,9,4.72,1531000.0,0
6400.0,13,2.1,1939000.0,0
22800.0,5,0.5,6110000.0,0
9900.0,18,3.53,2270000.0,0
23600.0,17,1.5,3442000.0,0
9200.0,18,49.8,4707000.0,0
15600.0,19,2.86,6153000.0,0
66100.0,19,1.3,9930000.0,0
34500.0,18,14.79,1496000.0,0
122800.0,16,9.27,3948000.0,0
404200.0,20,3.65,4008000.0,0
44400.0,16,3.53,1424000.0,0
61500.0,17,7.35,17706000.0,0
218200.0,8,3.43,7069000.0,0
47200.0,14,2.09,8159000.0,0
186800.0,12,3.5,5203000.0,0
80800.0,18,4.24,1424000.0,0
35800.0,14,2.87,1424000.0,0
141100.0,15,0.77,7110000.0,0
21900.0,21,1.58,1424000.0,0
29700.0,12,5.73,2861000.0,0
35200.0,11,35.16,2875000.0,0
20000.0,13,1.92,2660000.0,0
66400.0,14,4.46,5384000.0,0
21500.0,20,4.06,5014000.0,0
18700.0,19,1.92,1480000.0,0
682900.0,22,3.4,17107000.0,0
15300.0,16,11.6,1424000.0,0
49000.0,11,1.22,2436000.0,0
19000.0,16,0.63,1477000.0,0
33100.0,11,11.7,3720000.0,0
29900.0,13,3.2,1424000.0,0
112800.0,16,1.66,1911000.0,0
41100.0,13,26.42,1567000.0,0
46300.0,21,0.56,4193000.0,0
6500.0,14,2.12,1424000.0,0
50100.0,18,7.23,6807000.0,0
18300.0,17,108.47,1424000.0,0
53600.0,7,143.56,2662000.0,0
28000.0,10,1.8,2870000.0,0
22800.0,8,68.19,1991000.0,0
10400.0,15,3.22,1687000.0,0
83800.0,17,12.86,9552000.0,0
61000.0,11,5.82,5911000.0,0
4100.0,18,2.81,1724000.0,0
255200.0,18,4.48,5646000.0,0
24100.0,8,2.07,1424000.0,0
2458200.0,11,5.73,2078000.0,0
14400.0,21,61.48,1788000.0,0
28200.0,14,4.42,1424000.0,0
65000.0,8,1.53,2052000.0,0
15200.0,15,2.69,2033000.0,0
8700.0,7,2.89,1808000.0,0
10300.0,21,5.9,1424000.0,0
132600.0,12,6.93,6110000.0,0
19700.0,15,1.2,1582000.0,0
18200.0,18,12.99,1424000.0,0
389500.0,15,2.76,1424000.0,0
52300.0,21,1.35,7702000.0,0
12600.0,16,2.15,1424000.0,0
24000.0,12,12.81,2052000.0,0
50400.0,18,219.11,7875000.0,0
132700.0,22,10.67,2883000.0,0
125000.0,12,6.62,7639000.0,0
10600.0,16,1.51,4168000.0,0
187000.0,10,1.19,6489000.0,0
15300.0,15,5.16,1424000.0,0
139900.0,10,6.0,12376000.0,0
17200.0,18,2.31,1779000.0,0
235200.0,12,2.79,5405000.0,0
58200.0,13,6.69,4936000.0,0
15100.0,22,2.28,1612000.0,0
13200.0,17,9.5,3084000.0,0
13800.0,10,16.03,12769000.0,0
143300.0,10,1.31,4672000.0,0
26400.0,18,11.72,2917000.0,0
73300.0,14,1.29,4046000.0,0
8100.0,11,13.07,1424000.0,0
60600.0,18,13.61,1909000.0,0
25100.0,18,1.59,5728000.0,0
9500.0,20,14.03,5136000.0,0
3900.0,14,866.89,1424000.0,1
42500.0,11,3.2,1424000.0,0
66200.0,8,41.71,1584000.0,0
64100.0,10,2.79,5794000.0,0
3025400.0,15,8.18,5222000.0,0
927700.0,14,7.31,12913000.0,0
58000.0,12,3.32,1806000.0,0
33900.0,10,1.78,1424000.0,0
27700.0,11,4.05,4704000.0,0
73700.0,4,7.32,5140000.0,0
53100.0,10,7.8,1641000.0,0
24700.0,8,24.01,1424000.0,0
161800.0,14,2.97,4963000.0,0
107500.0,15,1.12,5526000.0,0
48900.0,23,7.8,6960000.0,0
45700.0,13,21.19,2495000.0,0
12000.0,15,4.9,1424000.0,0
2400.0,4,715.24,1852000.0,1
57400.0,20,27.66,14494000.0,0
8700.0,18,7.2,4375000.0,0
5700.0,10,45.01,1424000.0,0
297000.0,12,5.81,5911000.0,0
47600.0,8,4.68,4028000.0,0
461600.0,11,1.96,16778000.0,0
15100.0,19,89.46,2526000.0,0
46300.0,13,1.61,3152000.0,0
20100.0,20,20.57,1424000.0,0
217200.0,17,114.0,3122000.0,0
10900.0,11,2.61,1424000.0,0
71000.0,22,24.66,3822000.0,0
20175400.0,19,3.75,16831000.0,0
7900.0,7,2.55,1760000.0,0
48100.0,14,4.43,3247000.0,0
68700.0,11,8.42,9040000.0,0
11000.0,15,6.62,1573000.0,0
5300.0,13,2.58,1459000.0,0
127000.0,1,2.99,6027000.0,0
52800.0,20,3.53,4069000.0,0
345600.0,13,3.84,1993000.0,0
10800.0,11,7.57,1835000.0,0
546600.0,13,16.08,5272000.0,0
36400.0,12,1.89,3240000.0,0
32700.0,21,1.03,2881000.0,0
13213200.0,7,1071.99,10915000.0,1
30400.0,8,13.48,4875000.0,0
26200.0,17,1.97,1424000.0,0
14900.0,9,8.02,1890000.0,0
53500.0,21,3.36,6315000.0,0
485100.0,17,7.96,7961000.0,0
26500.0,7,1.69,1742000.0,0
46800.0,15,6.79,10847000.0,0
5400.0,20,1.46,1816000.0,0
8600.0,20,125.51,1424000.0,0
201400.0,8,2.24,9939000.0,0
80400.0,11,2.42,1972000.0,0
125400.0,12,18.13,3032000.0,0
18600.0,15,5.42,1424000.0,0
153300.0,10,7.85,3084000.0,0
224800.0,12,7.27,4008000.0,0
282400.0,13,9.94,3727000.0,0
148600.0,9,2.34,6294000.0,0
1116500.0,11,1.67,2232000.0,0
121000.0,23,0.37,18187000.0,0
16700.0,11,1.26,1424000.0,0
19400.0,20,4.45,1800000.0,0
163100.0,5,1.48,1997000.0,1
1234100.0,13,2.26,24525000.0,0
54700.0,7,2.67,5510000.0,0
9500.0,13,1.69,1554000.0,0
28500.0,17,8.8,2013000.0,0
8300.0,18,5.58,3044000.0,0
20000.0,12,8.58,1424000.0,0
46200.0,10,3.01,3540000.0,0
31400.0,22,4.75,4006000.0,0
32300.0,5,5.84,3263000.0,0
75100.0,17,5.25,3641000.0,0
84900.0,12,91.66,5465000.0,0
30800.0,6,5.35,2337000.0,0
1589900.0,17,1.16,28736000.0,0
8800.0,13,2.85,1424000.0,0
240200.0,17,1.68,18214000.0,0
164000.0,11,14.29,6062000.0,0
240200.0,11,3.82,10571000.0,0
21600.0,12,122.32,1687000.0,0
25000.0,19,14.39,4963000.0,0
298800.0,19,2.53,23268000.0,0
308400.0,16,8.69,3240000.0,0
26900.0,16,24.5,1529000.0,0
2463900.0,16,8.48,4804000.0,0
105400.0,14,3.09,2429000.0,0
131800.0,7,4.96,5706000.0,0
63500.0,17,1.36,10207000.0,0
7200.0,15,3.16,2475000.0,0
22500.0,19,1.8,1994000.0,0
69500.0,22,3.4,2876000.0,0
26700.0,12,4.99,2549000.0,0
394900.0,21,0.92,4536000.0,0
22200.0,13,3.01,1424000.0,0
4210300.0,14,12.77,5468000.0,0
133900.0,14,4.1,3807000.0,0
5600.0,13,2.04,1424000.0,0
82700.0,16,2.66,5597000.0,0
112200.0,10,8.66,4802000.0,0
37300.0,13,8.55,3523000.0,0
68300.0,10,5.6,12288000.0,0
266700.0,15,5.12,12081000.0,0
207200.0,9,5.12,3753000.0,0
311000.0,13,1.04,10912000.0,0
16800.0,6,2.69,9188000.0,0
273800.0,10,6.88,4521000.0,0
38300.0,8,2.66,4339000.0,0
18300.0,21,25.27,1810000.0,0
131000.0,22,7.73,5458000.0,0
16000.0,11,2.37,2130000.0,0
103800.0,17,5.82,2504000.0,0
53800.0,20,5.33,3545000.0,0
32400.0,20,2.26,1424000.0,0
79600.0,16,0.93,2306000.0,0
15300.0,19,3.87,3635000.0,0
12800.0,9,2.57,5410000.0,0
353100.0,10,1.33,12293000.0,0
10600.0,17,53.87,4166000.0,0
63700.0,22,24.79,3746000.0,0
367200.0,20,3.35,12359000.0,0
42700.0,10,16.29,8434000.0,0
300600.0,19,19.4,8499000.0,0
72100.0,12,7.07,14913000.0,0
16900.0,20,27.49,1424000.0,0
11800.0,5,4.11,2128000.0,0
37800.0,21,10.63,3627000.0,0
4600.0,12,11.03,2656000.0,0
245500.0,18,4.13,5646000.0,0
12900.0,19,4.38,1424000.0,0
8900.0,11,2.07,1424000.0,0
15300.0,17,8.27,2017000.0,0
57000.0,14,40.75,3527000.0,0
40900.0,19,1.58,3256000.0,0
27100.0,16,1.35,6197000.0,0
620100.0,1,369.38,12021000.0,0
83300.0,15,45.4,1424000.0,0
25800.0,14,0.86,2410000.0,0
13200.0,13,3.11,3590000.0,0
6300.0,11,852.88,1424000.0,0
22900.0,19,39.65,2270000.0,0
139500.0,17,1.58,13027000.0,0
340300.0,16,2.83,8753000.0,0
88300.0,12,12.97,3305000.0,0
17100.0,22,1.35,1424000.0,0
27700.0,12,4.82,3805000.0,0
84000.0,11,1.2,2994000.0,0
102500.0,3,11.84,1424000.0,0
532600.0,22,1.4,8428000.0,0
65300.0,23,3.77,1613000.0,0
76400.0,17,4.14,8472000.0,0
57400.0,1,4.29,1424000.0,0
66900.0,12,3.06,1910000.0,0
12500.0,7,1.52,1424000.0,0
228100.0,19,4.97,2678000.0,0
22600.0,19,147.57,4921000.0,0
379400.0,20,4.31,51331000.0,0
164800.0,6,3.7,11349000.0,0
15000.0,15,6.77,1424000.0,0
233500.0,6,1.35,11368000.0,0
58000.0,21,6.43,5960000.0,0
7300.0,22,8.15,5492000.0,0
175300.0,11,3.88,5129000.0,0
54600.0,8,6.33,3346000.0,0
7600.0,12,2.89,1648000.0,0
5400.0,16,1.25,3759000.0,0
8300.0,10,8.46,1424000.0,0
78300.0,16,12.03,6221000.0,0
28000.0,19,9.52,1424000.0,0
49300.0,18,13.27,2577000.0,0
182100.0,10,2.22,4756000.0,0
23900.0,11,5.41,1424000.0,0
52900.0,6,1.71,2009000.0,0
3200.0,16,1.1,1424000.0,0
125900.0,12,3.99,2286000.0,0
73800.0,12,0.9,6857000.0,0
39200.0,17,0.47,1884000.0,0
60400.0,21,1.2,4842000.0,0
60200.0,20,21.61,9640000.0,0
25100.0,13,3.78,1424000.0,0
59100.0,21,42.37,7511000.0,0
17900.0,22,4.91,3971000.0,0
25600.0,15,2.03,1424000.0,0
4300.0,14,10.97,1424000.0,0
60700.0,20,5.41,3091000.0,0
3700.0,10,0.57,2350000.0,0
114600.0,15,8.58,9930000.0,0
22000.0,20,3.61,1951000.0,0
67000.0,17,6.42,14577000.0,0
70000.0,20,5.53,4360000.0,0
54200.0,8,2.01,4169000.0,0
22800.0,15,1.64,5384000.0,0
7900.0,7,1.84,5115000.0,0
11800.0,14,4.24,1424000.0,0
211200.0,12,14.66,4159000.0,0
38300.0,12,2.36,2554000.0,0
63900.0,18,11.6,2235000.0,0
79800.0,7,6.16,16831000.0,0
42000.0,14,3.7,5559000.0,0
175200.0,7,1.23,6177000.0,0
9400.0,18,21.14,1424000.0,0
29900.0,12,4.66,4304000.0,0
2066100.0,13,4.69,2033000.0,0
101100.0,14,1138.5,7104000.0,0
24500.0,19,5.55,1635000.0,0
18900.0,10,9.6,1424000.0,0
8500.0,16,2.15,3965000.0,0
52400.0,12,1.02,7458000.0,0
114900.0,7,4.49,11194000.0,0
41800.0,9,3.54,2286000.0,0
177500.0,8,5.06,4728000.0,0
25700.0,20,2.96,2385000.0,0
44700.0,10,2.59,2727000.0,0
65600.0,21,5.14,3509000.0,0
7200.0,6,3.83,1672000.0,0
53900.0,15,10.0,3106000.0,0
12400.0,10,1204.13,9929000.0,0
125800.0,15,1.37,4208000.0,0
19700.0,17,2.36,2110000.0,0
22800.0,8,3.68,1424000.0,0
14100.0,13,9.45,1424000.0,0
127700.0,15,5.62,8118000.0,0
1022900.0,13,3.58,5244000.0,0
71900.0,7,2.69,2876000.0,0
767300.0,18,10.3,5057000.0,0
130400.0,19,2.53,8032000.0,0
49600.0,21,3.99,2033000.0,0
56200.0,9,3.61,3000000.0,0
51800.0,23,1.62,2175000.0,0
9300.0,8,9.88,1424000.0,0
164600.0,14,3.84,4501000.0,0
68000.0,10,8.54,2163000.0,0
50900.0,16,3.25,4355000.0,0
16200.0,17,9.64,2436000.0,0
64700.0,9,3.22,4603000.0,0
14500.0,17,2.68,1991000.0,0
12800.0,2,4.76,2099000.0,0
148000.0,16,30.39,4176000.0,0
10800.0,21,5.25,1474000.0,0
35500.0,18,1.13,1424000.0,0
20500.0,19,129.59,4636000.0,0
8300.0,13,21.69,1424000.0,0
14200.0,19,2.36,2808000.0,0
338700.0,19,1.63,38629000.0,0
79100.0,17,10.14,10401000.0,0
15800.0,16,3.38,3656000.0,0
28100.0,16,12.91,8180000.0,0
387600.0,10,833.28,2982000.0,0
1211600.0,18,1.37,2917000.0,0
7400.0,21,3.49,1424000.0,1
47900.0,16,507.75,2087000.0,0
108400.0,19,5.49,5488000.0,0
95400.0,7,2.67,5897000.0,0
27000.0,19,17.26,1424000.0,0
19700.0,21,1.73,7511000.0,0
275400.0,8,2.86,13738000.0,0
81900.0,12,7.29,3011000.0,0
257200.0,15,7.17,3131000.0,0
144800.0,11,8.0,6533000.0,0
67800.0,0,33.62,5462000.0,0
271800.0,15,7.8,14777000.0,0
7500.0,9,6.84,1608000.0,0
81100.0,19,9.88,4090000.0,0
12300.0,8,6.97,2697000.0,0
22300.0,21,2.16,1424000.0,0
279400.0,20,2.83,17818000.0,0
20000.0,8,5.66,9082000.0,0
73800.0,16,3.76,1533000.0,0
5600.0,7,2.77,3746000.0,0
133300.0,22,8.41,8109000.0,0
9100.0,14,6.26,1672000.0,0
4400.0,17,4.05,1424000.0,0
79100.0,14,11.0,1687000.0,0
80500.0,19,7.21,9981000.0,0
44000.0,9,2.56,3012000.0,0
520100.0,13,3.17,8803000.0,0
127900.0,19,2.53,4330000.0,0
23700.0,9,3.04,4963000.0,0
53600.0,9,0.98,1811000.0,0
81600.0,8,17.58,7752000.0,0
28100.0,9,1.56,3068000.0,0
6900.0,8,4.72,1951000.0,0
13300.0,13,7.84,1424000.0,0
202400.0,15,26.52,9390000.0,0
36000.0,14,2.37,8251000.0,0
94000.0,3,3.04,6812000.0,0
55400.0,14,0.4,2204000.0,0
18700.0,14,320.09,6807000.0,1
171300.0,11,2.28,5131000.0,0
26800.0,15,2.29,1747000.0,0
39800.0,21,2.12,1424000.0,0
855600.0,21,4.47,16944000.0,0
145200.0,8,7.88,1424000.0,0
65900.0,7,13.81,3334000.0,0
31800.0,12,1.66,5372000.0,0
39900.0,7,5.65,6070000.0,0
250300.0,20,1.22,5191000.0,0
6200.0,8,7.12,1424000.0,0
38200.0,15,5.18,2445000.0,0
150200.0,18,3.59,5190000.0,0
150300.0,9,5.5,3376000.0,0
638500.0,10,4.07,12190000.0,0
17300.0,19,1.98,1424000.0,0
293600.0,20,6.32,8272000.0,0
15600.0,22,3.0,4046000.0,0
104400.0,19,5.85,6203000.0,0
69600.0,18,1.75,10922000.0,0
28900.0,9,3.39,2706000.0,0
154700.0,9,5.5,4707000.0,0
38700.0,9,9.65,1424000.0,0
279600.0,17,7.1,5270000.0,0
49900.0,17,2.48,6357000.0,0
81700.0,13,6.41,4359000.0,0
25300.0,19,1.05,6337000.0,0
96600.0,1,2.12,6331000.0,0
2000.0,9,10.71,1424000.0,0
79900.0,11,2.28,4063000.0,0
203000.0,19,13.92,24390000.0,0
9400.0,13,4.55,1424000.0,0
43000.0,9,1.65,1424000.0,0
67900.0,18,1.14,3573000.0,0
256500.0,13,15.08,10379000.0,0
13600.0,17,8.91,1931000.0,0
46200.0,15,2.8,4882000.0,0
157600.0,21,7.33,3799000.0,0
63800.0,19,2.08,3969000.0,0
13200.0,19,3.35,9336000.0,0
92100.0,13,11.1,2649000.0,0
191600.0,17,0.68,9012000.0,0
76400.0,8,2.63,7135000.0,0
44100.0,16,18.95,1797000.0,0
101400.0,19,3.0,2465000.0,0
1136100.0,13,11.46,8511000.0,0
1100.0,10,4.8,1424000.0,0
4900.0,21,3.21,1424000.0,0
25756300.0,16,240.3,12432000.0,1
99900.0,13,5.74,1424000.0,0
26200.0,5,4.04,1424000.0,0
15200.0,13,3.74,1424000.0,0
111200.0,16,7.07,3034000.0,0
13000.0,14,5.01,3102000.0,0
24200.0,17,1.74,1514000.0,0
46700.0,12,3.32,5619000.0,0
68500.0,10,148.76,3718000.0,0
8900.0,12,10.65,1424000.0,0
14500.0,13,5.32,2246000.0,0
50900.0,20,16.01,4116000.0,0
22400.0,9,2.67,12293000.0,0
239400.0,19,0.56,7928000.0,0
96600.0,20,5.67,2315000.0,0
52800.0,17,4.88,13810000.0,0
27100.0,20,1.34,3565000.0,0
18600.0,14,1.34,2103000.0,0
10800.0,14,0.88,1424000.0,0
16000.0,21,1.19,7340000.0,0
27100.0,8,2.53,3054000.0,0
41400.0,10,137.57,17065000.0,0
25100.0,19,2.54,2945000.0,0
659600.0,14,1.82,14817000.0,0
150100.0,19,4.81,4669000.0,0
27100.0,15,4.94,12091000.0,0
98500.0,10,2.83,1439000.0,0
28200.0,22,2.52,3877000.0,0
138200.0,10,1.09,4209000.0,0
52500.0,9,116.85,1991000.0,0
30200.0,21,7.12,2322000.0,0
3500.0,14,144.73,1424000.0,0
17100.0,18,1.73,1972000.0,0
343900.0,9,106.94,10891000.0,0
42700.0,7,4.95,2096000.0,0
17200.0,12,3.14,3937000.0,0
29500.0,8,5.21,1424000.0,0
98100.0,12,3.99,1951000.0,0
7000.0,11,2.21,1490000.0,0
60300.0,16,1.04,1722000.0,0
100400.0,21,5.34,4911000.0,0
55100.0,18,6.68,1424000.0,0
260800.0,14,1049.91,31871000.0,0
22700.0,19,5.27,1424000.0,0
97700.0,7,2.54,22795000.0,0
39500.0,16,3.45,8852000.0,0
21300.0,11,1.53,1909000.0,0
380100.0,13,2.32,14817000.0,0
30000.0,5,10.64,1424000.0,0
32900.0,22,28.14,3847000.0,0
74300.0,15,1.99,2994000.0,0
15800.0,20,6.1,1808000.0,0
353500.0,8,5.45,11522000.0,0
55300.0,13,2.16,2818000.0,0
15300.0,18,533.68,2838000.0,0
21800.0,14,146.41,4026000.0,0
33700.0,17,1.57,8042000.0,0
112100.0,13,4.01,4883000.0,0
179300.0,9,6.06,29117000.0,0
25800.0,13,0.87,5484000.0,0
20600.0,11,639.07,4176000.0,0
5600.0,7,7.35,3200000.0,0
270700.0,12,690.83,7704000.0,0
183300.0,13,3.22,5372000.0,0
18300.0,11,12.66,2961000.0,0
58700.0,19,61.87,1853000.0,0
29800.0,17,139.78,10396000.0,0
57700.0,11,5.1,7707000.0,0
253800.0,9,1.71,10750000.0,0
71000.0,8,4.57,3452000.0,0
46800.0,15,7.01,2495000.0,0
19500.0,15,3.06,1495000.0,0
269700.0,17,3.54,6203000.0,0
110400.0,20,4.59,7704000.0,0
104100.0,15,5.63,5965000.0,0
29100.0,14,8.12,4254000.0,0
49000.0,13,9.55,4330000.0,0
176800.0,7,2.93,4209000.0,0
21600.0,12,5.29,5056000.0,0
80500.0,9,0.67,3504000.0,0
51900.0,19,1.74,3337000.0,0
35200.0,16,19.85,2232000.0,0
30200.0,21,6.31,2948000.0,0
15400.0,17,4.76,2876000.0,0
613000.0,16,97.11,15711000.0,0
20100.0,20,1.77,2706000.0,0
10000.0,16,0.63,1424000.0,0
22100.0,18,0.59,7928000.0,0
21200.0,18,4.47,2112000.0,0
34100.0,17,2.73,6147000.0,0
22300.0,18,2.02,2053000.0,0
7000.0,11,13.08,2287000.0,0
38900.0,16,1.35,9311000.0,0
44700.0,18,74.92,4846000.0,0
43500.0,22,2.58,2302000.0,0
59100.0,17,2.03,4538000.0,0
661700.0,16,9.04,1424000.0,0
22500.0,20,1.24,1424000.0,0
51800.0,21,0.86,9040000.0,0
159300.0,21,9.92,5641000.0,0
73600.0,14,2.39,6357000.0,0
13400.0,17,1.78,1424000.0,0
9800.0,12,1.35,1788000.0,0
633300.0,9,0.96,15667000.0,0
27400.0,19,18.58,4719000.0,0
124700.0,18,1.5,3847000.0,0
44600.0,16,3.1,1424000.0,0
40900.0,7,1.91,1424000.0,0
23800.0,14,3.62,1550000.0,0
64000.0,13,7.55,1424000.0,0
11900.0,19,6.38,2093000.0,0
4000.0,22,3.06,1569000.0,0
48300.0,19,11.58,3010000.0,0
4300.0,17,1341.37,2235000.0,0
48400.0,13,7.6,2024000.0,0
546900.0,15,10.49,18187000.0,0
261200.0,8,6.09,5222000.0,0
5200.0,0,20.48,1424000.0,0
57600.0,19,3.09,4116000.0,0
39700.0,10,2.82,3210000.0,0
16000.0,13,92.05,1424000.0,0
11700.0,18,475.17,1424000.0,0
14900.0,14,729.44,1424000.0,0
12700.0,14,2.47,2154000.0,0
240200.0,13,3.63,6489000.0,0
33800.0,2,15.39,5938000.0,0
39600.0,12,1.36,9939000.0,0
64400.0,14,4.61,4945000.0,0
41800.0,18,7.75,1490000.0,0
80100.0,15,22.76,3210000.0,0
263100.0,20,2.48,4846000.0,0
52500.0,13,2.85,2358000.0,0
7200.0,13,12.6,1424000.0,0
44400.0,13,7.59,2827000.0,0
52800.0,15,7.46,7588000.0,0
6700.0,18,3.4,1424000.0,0
22200.0,20,2.05,2706000.0,0
21500.0,10,0.61,6455000.0,0
140800.0,11,2.65,4120000.0,0
239000.0,14,9.44,32736000.0,0
9200.0,10,7.35,1424000.0,0
162100.0,21,5.67,5923000.0,0
26000.0,21,4.89,6857000.0,0
99900.0,20,7.81,6433000.0,0
44100.0,20,3.83,5911000.0,0
9800.0,18,6.67,1424000.0,0
20400.0,13,5.93,7329000.0,0
294700.0,19,0.42,3847000.0,0
15400.0,11,5.86,1424000.0,0
24200.0,19,3.87,1696000.0,0
8600.0,19,2.73,3484000.0,0
83200.0,13,1.02,4506000.0,0
98600.0,17,0.84,4109000.0,0
9100.0,6,7.76,1424000.0,0
62800.0,19,17.93,3937000.0,0
107600.0,15,7.43,10351000.0,0
47300.0,9,3.81,2778000.0,0
163400.0,20,3.16,5942000.0,0
40100.0,20,103.22,2512000.0,0
6800.0,20,7.38,1719000.0,0
1000.0,15,6.95,4604000.0,0
25300.0,12,1.63,1994000.0,0
37600.0,20,2.96,2079000.0,0
173000.0,17,2.06,4166000.0,0
63800.0,22,3.25,4168000.0,0
16800.0,19,1373.13,3012000.0,0
58800.0,0,25.57,9470000.0,0
42400.0,14,2.89,6955000.0,0
55900.0,21,4.49,1424000.0,0
53700.0,15,0.5,2194000.0,0
514300.0,21,2.16,7511000.0,0
13600.0,12,45.32,2168000.0,0
17500.0,3,92.38,2660000.0,0
1471100.0,16,237.5,3879000.0,1
33200.0,11,3.26,5991000.0,0
12000.0,16,8.62,4176000.0,0
31100.0,7,3.3,1821000.0,0
9300.0,16,5.6,1806000.0,0
69900.0,6,5.98,5244000.0,0
94600.0,23,12.38,1466000.0,0
49400.0,16,2.54,3068000.0,0
107100.0,11,1.59,1424000.0,0
103600.0,23,8.98,3104000.0,0
94500.0,16,1.12,4436000.0,0
13600.0,9,3.11,5568000.0,0
37600.0,17,7.19,1847000.0,0
292300.0,22,20.24,5405000.0,0
764100.0,21,1.28,13390000.0,0
9600.0,19,2.53,2409000.0,0
21200.0,19,4.6,3750000.0,0
14700.0,2,179.69,3210000.0,1
8400.0,11,3.76,1424000.0,0
36300.0,8,4.17,6972000.0,0
23400.0,13,1.71,2546000.0,0
26400.0,15,20.99,2110000.0,0
35700.0,6,2.92,4308000.0,0
25200.0,14,3.74,1978000.0,0
10600.0,7,2.91,2518000.0,0
3381000.0,14,12.38,3548000.0,0
7300.0,10,4.0,6430000.0,0
44200.0,13,3.1,3240000.0,0
302500.0,22,3.51,5058000.0,0
4300.0,11,4.75,3054000.0,0
16700.0,19,2.43,1424000.0,0
492600.0,11,4.0,12376000.0,0
48100.0,16,3.07,2076000.0,0
28900.0,23,2.14,3835000.0,0
32100.0,18,1.0,5435000.0,0
62800.0,18,1.34,4604000.0,0
16600.0,20,2.4,3091000.0,0
5500.0,15,97.52,1424000.0,0
267800.0,11,13.9,5216000.0,0
36200.0,17,6.87,3630000.0,0
7331500.0,16,206.34,13763000.0,1
240900.0,12,2.24,2532000.0,0
84600.0,19,2.73,7024000.0,0
9200.0,14,9.55,1424000.0,0
20100.0,11,3.85,6877000.0,0
1084400.0,18,90.41,6202000.0,0
32600.0,11,12.44,3663000.0,0
70200.0,9,4.73,4718000.0,0
17700.0,20,65.68,1424000.0,0
4500900.0,19,10.74,4963000.0,0
36600.0,9,11.75,5027000.0,0
205100.0,14,6.13,9652000.0,0
87300.0,18,1.94,1630000.0,0
22500.0,11,2.31,4163000.0,0
47000.0,11,4.24,5728000.0,0
53900.0,9,11.74,5745000.0,0
12100.0,10,4.46,3000000.0,0
33800.0,7,0.85,5131000.0,0
581100.0,19,0.93,8711000.0,0
430100.0,8,2.02,27751000.0,0
997200.0,18,36.0,3759000.0,0
87500.0,13,5.49,1424000.0,0
2518200.0,19,2.51,2124000.0,0
64500.0,14,6.39,4374000.0,0
23600.0,9,8.12,1424000.0,0
264700.0,11,1.98,3359000.0,0
16200.0,17,8.78,6966000.0,0
128000.0,13,18.99,12210000.0,0
2200.0,16,0.88,1424000.0,0
299400.0,16,13.0,13810000.0,0
105000.0,12,2.98,15623000.0,0
104200.0,21,36.53,3209000.0,0
66100.0,18,13.27,2924000.0,0
24000.0,14,2.46,1424000.0,0
23100.0,9,3.61,1741000.0,0
146000.0,15,1.08,3880000.0,0
20300.0,18,572.52,1896000.0,0
124300.0,14,38.11,3555000.0,0
8600.0,18,0.54,3040000.0,0
12300.0,12,3.01,1424000.0,0
81700.0,21,0.62,1856000.0,0
14000.0,12,7.36,2175000.0,0
5500.0,20,1.08,1424000.0,0
251800.0,1,4.72,24303000.0,0
4900.0,17,5.53,1825000.0,0
752000.0,9,2.23,20100000.0,0
76300.0,17,2.08,5706000.0,0
9200.0,17,3.01,1424000.0,0
4300.0,12,5.51,1461000.0,0
60600.0,15,2.1,2796000.0,0
107100.0,13,64.3,6076000.0,0
404200.0,17,6.99,8789000.0,0
140800.0,18,19.38,2736000.0,0
34200.0,12,8.09,4169000.0,0
109400.0,12,1.38,43430000.0,0
30300.0,1,219.33,5982000.0,0
12000.0,17,141.98,1424000.0,0
49800.0,19,7.2,3254000.0,0
27400.0,19,4.31,1424000.0,0
62000.0,11,7.41,3627000.0,0
121400.0,19,27.12,2000000.0,0
37500.0,15,3.25,1424000.0,0
1663800.0,16,8.64,5978000.0,0
32500.0,12,2.39,1424000.0,0
82400.0,15,12.54,1424000.0,0
48400.0,12,15.04,9879000.0,0
223400.0,20,8.03,5588000.0,0
27700.0,23,5.48,1424000.0,0
11000.0,1,30.6,1424000.0,0
16600.0,10,23.81,2592000.0,0
78800.0,20,3.07,5641000.0,0
34600.0,15,4.26,1811000.0,0
65300.0,18,2.65,11349000.0,0
108000.0,13,1.05,10273000.0,0
205900.0,12,1.32,6738000.0,0
61700.0,14,369.29,13309000.0,0
22300.0,19,6.47,3252000.0,0
35900.0,15,4.43,2418000.0,0
45000.0,11,6.24,2123000.0,0
29100.0,18,4.56,1424000.0,0
118900.0,11,4.52,5022000.0,0
15200.0,13,3.69,1424000.0,0
32500.0,20,11.73,2740000.0,0
32900.0,21,2.4,10207000.0,0
6900.0,22,10.49,1424000.0,0
14900.0,18,3.77,2938000.0,0
62100.0,10,7.69,19503000.0,0
14700.0,21,2.9,1760000.0,0
19100.0,11,1.82,1424000.0,0
211900.0,13,5.64,4921000.0,0
64000.0,19,7.2,2270000.0,0
38700.0,17,0.92,1424000.0,0
608000.0,16,3.05,4456000.0,0
44600.0,15,21.0,3753000.0,0
21400.0,12,7.37,8060000.0,0
29200.0,15,2.07,3289000.0,0
29700.0,12,6.42,7223000.0,0
39100.0,12,5.98,1936000.0,0
67400.0,20,1.94,3603000.0,0
440500.0,18,7.36,10396000.0,0
18100.0,18,1.76,1424000.0,0
84500.0,22,4.19,1424000.0,0
3345300.0,19,5.94,3594000.0,0
108400.0,17,1.68,5721000.0,0
16900.0,10,3.93,4891000.0,0
133600.0,19,3.04,2286000.0,0
205500.0,13,2.07,12671000.0,0
44400.0,18,6.81,1969000.0,0
9500.0,23,2.26,1424000.0,0
36900.0,19,5.89,2611000.0,0
22100.0,7,88.52,1424000.0,0
10800.0,6,9.08,1424000.0,0
34200.0,21,3.94,5220000.0,0
36200.0,11,2.72,1687000.0,0
4600.0,13,11.61,1693000.0,0
1680400.0,0,280.65,1853000.0,1
17000.0,12,1.57,2885000.0,0
97100.0,20,3.55,7704000.0,0
16400.0,15,10.07,2128000.0,0
19500.0,19,12.2,1424000.0,0
12400.0,15,2.35,1424000.0,0
63500.0,22,117.53,2559000.0,0
13400.0,14,1858.46,3577000.0,1
177400.0,13,6.35,6489000.0,0
156300.0,22,3.61,7538000.0,0
7000.0,11,4.79,1940000.0,0
98500.0,11,9.14,4026000.0,0
196400.0,18,4.33,11916000.0,0
45900.0,14,6.1,3596000.0,0
41300.0,10,2.91,3959000.0,0
31000.0,19,1.25,1424000.0,0
59100.0,12,2.82,5300000.0,0
56900.0,10,0.85,7812000.0,0
18800.0,23,5.57,3088000.0,0
76100.0,18,0.66,18199000.0,0
5800.0,14,14.33,1424000.0,0
33800.0,21,0.82,3835000.0,0
210200.0,18,1.6,1424000.0,0
18500.0,15,10.9,1433000.0,0
17400.0,17,57.5,1424000.0,0
289900.0,21,7.17,4530000.0,0
34900.0,17,7.83,10847000.0,0
4800.0,14,5.35,2611000.0,0
48900.0,8,65.16,1424000.0,0
65100.0,17,13.56,4846000.0,0
2300.0,19,22.45,1424000.0,0
836200.0,9,1.76,22795000.0,0
8800.0,13,2.24,3141000.0,0
19100.0,12,4.45,2079000.0,0
40800.0,7,19.08,6357000.0,0
7500.0,8,67.15,1424000.0,0
335700.0,19,10.98,13244000.0,0
79900.0,13,0.94,1424000.0,0
68000.0,13,3.96,3787000.0,0
395800.0,9,27.12,5949000.0,0
37200.0,13,3.18,1424000.0,0
17200.0,11,130.59,3123000.0,0
10600.0,12,8.05,1865000.0,0
28200.0,21,2.03,2796000.0,0
8600.0,18,83.94,2750000.0,0
56500.0,14,150.0,7411000.0,0
7300.0,18,8.82,1724000.0,0
6400.0,13,931.16,1808000.0,0
9900.0,22,7.98,4209000.0,0
14400.0,11,72.76,1424000.0,0
14300.0,16,3.11,1643000.0,0
15800.0,18,5.75,2972000.0,0
43600.0,19,5.96,8789000.0,0
376200.0,18,15.5,2875000.0,1
39100.0,12,1.78,1589000.0,0
44800.0,17,5.8,1424000.0,0
304100.0,11,7.45,2589000.0,0
78900.0,14,3.57,2439000.0,0
136400.0,19,133.13,14229000.0,0
17100.0,9,6.28,5698000.0,0
22700.0,18,1.09,2915000.0,0
15000.0,22,6.87,1852000.0,0
28700.0,15,10.6,4918000.0,0
13200.0,21,455.63,3847000.0,0
1363800.0,10,4.23,1551000.0,0
30900.0,17,2.16,1662000.0,0
22800.0,9,2.57,2096000.0,0
881500.0,19,7.87,6159000.0,0
133400.0,19,1.73,9249000.0,0
702400.0,13,7.29,10922000.0,0
252200.0,8,6.53,18199000.0,0
13600.0,15,3.07,2113000.0,0
57400.0,8,4.32,7141000.0,0
326600.0,9,6.42,9754000.0,0
11900.0,19,2.71,4241000.0,0
47600.0,22,3.88,1424000.0,0
9400.0,18,3.94,1424000.0,0
540700.0,19,5.39,3566000.0,0
25400.0,10,6.08,2917000.0,0
35000.0,15,3.63,1424000.0,0
67000.0,19,36.11,7844000.0,0
12400.0,23,1.56,1853000.0,0
45100.0,21,6.06,3359000.0,0
224200.0,21,3.65,11615000.0,0
26900.0,18,3.47,6976000.0,0
259200.0,11,1.5,8113000.0,0
7000.0,10,2.56,1957000.0,0
29600.0,17,6.89,4312000.0,0
28800.0,9,3.89,2270000.0,0
50500.0,11,25.72,3720000.0,0
35600.0,12,6.41,4536000.0,0
10800.0,12,1.27,1919000.0,0
112700.0,10,3.13,4768000.0,0
18000.0,13,3.06,2997000.0,0
36100.0,12,7.98,7860000.0,0
2258300.0,10,9.86,32736000.0,0
1489500.0,9,8.67,5495000.0,0
21400.0,19,3.92,2568000.0,0
27300.0,14,4.61,3205000.0,0
1163400.0,10,15.33,1424000.0,0
17900.0,22,1.02,1424000.0,0
46400.0,13,32.28,8776000.0,0
55700.0,19,4.56,2732000.0,0
5700.0,13,5.94,3603000.0,0
1667700.0,15,12.22,3439000.0,1
47400.0,7,378.17,2425000.0,0
56900.0,15,1.72,2423000.0,0
31900.0,14,134.18,1490000.0,0
46100.0,20,10.6,2079000.0,0
53600.0,14,11.91,1424000.0,0
72000.0,14,15.51,2678000.0,0
11000.0,23,1.07,1424000.0,1
2541700.0,0,805.77,2482000.0,1
26100.0,19,29.06,1424000.0,0
13200.0,14,50.44,1608000.0,0
31500.0,14,2.91,4539000.0,0
32500.0,0,2.35,6617000.0,0
113500.0,14,11.41,6160000.0,0
18300.0,21,14.81,1605000.0,0
31500.0,14,7.79,8060000.0,0
23600.0,8,0.98,1424000.0,0
63700.0,8,2.33,2089000.0,0
18900.0,19,1.09,6812000.0,0
14000.0,10,4.15,3428000.0,0
17900.0,17,6.54,1424000.0,0
19700.0,12,705.54,3545000.0,0
23300.0,15,1.72,2622000.0,0
56900.0,10,7.41,6955000.0,0
12700.0,14,3.27,1847000.0,0
132000.0,14,4.12,3987000.0,0
28500.0,18,4.99,1433000.0,0
154300.0,19,2.57,4879000.0,0
16300.0,22,13.19,2805000.0,0
8500.0,9,4.0,1424000.0,0
53400.0,17,12.04,2878000.0,0
114500.0,19,3.17,5354000.0,0
80500.0,21,6.4,4829000.0,0
72600.0,16,5.42,8060000.0,0
23100.0,13,6.2,1424000.0,0
313700.0,19,5.93,6153000.0,0
66600.0,19,1.23,9083000.0,0
410100.0,20,66.29,7894000.0,0
9900.0,20,4.61,2656000.0,0
168200.0,2,2.98,4241000.0,0
35400.0,8,0.94,5817000.0,0
16700.0,20,485.63,2619000.0,1
34700.0,15,2.3,2670000.0,0
135700.0,17,28.5,11522000.0,0
83600.0,13,1.07,2189000.0,0
32300.0,10,4.06,2800000.0,0
17800.0,19,2.61,1424000.0,0
89400.0,2,4.27,4577000.0,0
27700.0,15,3.78,1835000.0,0
8100.0,12,4.72,1745000.0,0
52300.0,13,6.2,5368000.0,0
213700.0,18,9.96,3438000.0,0
165300.0,9,2.76,1424000.0,0
6600.0,9,7.29,1430000.0,0
43700.0,20,3.64,5135000.0,0
7200.0,14,2.25,5209000.0,0
365600.0,14,2.07,3590000.0,0
14100.0,12,4.74,2883000.0,0
28500.0,20,1231.4,14661000.0,0
77100.0,18,8.24,4879000.0,0
15800.0,10,2.34,2123000.0,0
821400.0,23,33.08,1605000.0,1
53900.0,8,1.26,2975000.0,0
269400.0,21,1.26,1424000.0,0
59700.0,16,3.58,2595000.0,0
50700.0,10,2.01,5582000.0,0
86100.0,17,9.84,1424000.0,0
11000.0,19,2.04,1424000.0,0
728100.0,15,7.23,16439000.0,0
121000.0,13,3.91,3209000.0,0
52300.0,13,18.84,2983000.0,0
201900.0,6,0.58,22838000.0,0
2500.0,11,55.22,1742000.0,0
71200.0,14,14.03,4506000.0,0
168900.0,8,7.41,12376000.0,0
41800.0,21,7.98,1746000.0,0
17400.0,10,4.19,2674000.0,0
39700.0,12,5.3,2495000.0,0
14000.0,20,5.91,1424000.0,0
285900.0,20,15.52,11491000.0,0
26700.0,17,12.37,2690000.0,0
5800.0,18,1.16,1634000.0,0
36400.0,21,1.78,1424000.0,0
11100.0,13,4.44,3034000.0,0
160100.0,17,2.03,6842000.0,0
60800.0,10,0.66,3209000.0,0
18900.0,9,3.86,1424000.0,0
22600.0,17,1.23,3907000.0,0
725600.0,20,3.4,12376000.0,0
19500.0,19,120.62,4564000.0,0
122400.0,12,1.41,3299000.0,0
195300.0,16,4.65,5538000.0,0
100700.0,13,24.86,3548000.0,0
48700.0,12,4.07,1573000.0,0
13400.0,17,89.18,1424000.0,0
31600.0,18,55.79,2764000.0,0
37300.0,21,0.8,6580000.0,0
110800.0,23,117.19,4846000.0,0
24900.0,12,2.72,2387000.0,0
27200.0,12,2.26,5000000.0,0
12500.0,20,3.82,1687000.0,0
22900.0,22,8.29,2033000.0,0
5700.0,14,6.91,1645000.0,0
37700.0,17,40.62,2984000.0,0
61300.0,19,1.13,6440000.0,0
43000.0,12,4.27,5056000.0,0
8100.0,18,3.04,1424000.0,0
32000.0,19,5.7,1800000.0,0
16700.0,17,3.66,1504000.0,0
91600.0,14,0.86,2079000.0,0
3600.0,19,2.61,1424000.0,0
58900.0,11,0.79,6999000.0,0
236300.0,8,14.64,3010000.0,0
5689000.0,12,3.36,5728000.0,0
34000.0,19,2.03,3799000.0,0
21500.0,20,3.27,1424000.0,0
46600.0,19,4.6,10342000.0,0
604100.0,12,2.57,8968000.0,0
14300.0,7,0.93,2110000.0,0
84700.0,17,5.8,3113000.0,0
13700.0,12,3.18,2372000.0,0
96400.0,8,1.79,1424000.0,0
4400.0,13,72.45,1424000.0,0
7000.0,12,4.01,2400000.0,0
7300.0,9,5.43,1424000.0,0
136400.0,11,10.18,1424000.0,0
30000.0,19,3.4,10166000.0,0
661400.0,23,3.68,23268000.0,0
2800.0,17,2.98,1424000.0,0
25800.0,7,6.3,5953000.0,0
8300.0,9,1.73,1424000.0,0
7800.0,20,47.38,1576000.0,0
31200.0,23,7.51,5421000.0,0
8100.0,10,10.83,1585000.0,0
8000.0,21,4.87,1424000.0,0
17800.0,9,3.53,3545000.0,0
10600.0,21,4.61,2113000.0,0
36400.0,18,2.59,6294000.0,0
309100.0,17,6.69,6153000.0,0
8200.0,12,4.46,2917000.0,0
615600.0,13,3.62,2994000.0,1
14700.0,20,1.13,1650000.0,0
76900.0,8,2.6,3033000.0,0
150300.0,17,0.74,1551000.0,0
36800.0,9,1.98,3088000.0,0
18400.0,7,55.59,1424000.0,0
16000.0,9,3.72,1624000.0,0
136800.0,6,2.56,12425000.0,0
79700.0,21,1.33,3947000.0,0
91500.0,8,13.52,7742000.0,0
314100.0,7,7.82,4217000.0,0
15300.0,8,102.47,6490000.0,0
65200.0,17,2.91,1497000.0,0
239400.0,8,2.1,11309000.0,0
116700.0,17,7.04,1424000.0,0
3900.0,15,1.63,1424000.0,0
57200.0,11,62.83,1882000.0,0
6500.0,17,2.57,5982000.0,0
95300.0,9,6.26,4331000.0,0
172100.0,16,7.52,6174000.0,0
59500.0,18,2.18,2045000.0,0
23500.0,17,8.16,4907000.0,0
41800.0,8,4.98,3924000.0,0
34500.0,7,1.66,1650000.0,0
22200.0,8,12.19,1841000.0,0
7300.0,20,12.0,1710000.0,0
21300.0,11,5.62,1439000.0,0
27900.0,22,5.38,11560000.0,0
30900.0,16,3.77,1424000.0,0
50500.0,19,105.53,1424000.0,0
3600.0,8,0.27,2481000.0,0
3000.0,15,8.79,1424000.0,0
42700.0,19,3.0,11491000.0,0
121400.0,10,2.45,5695000.0,0
13600.0,13,527.63,1424000.0,0
1523700.0,19,902.89,1424000.0,1
44000.0,19,15.35,3020000.0,0
37200.0,13,4.22,5649000.0,0
1130100.0,19,9.41,39212000.0,0
26700.0,10,2.23,1605000.0,0
156000.0,18,1364.71,12164000.0,0
17700.0,11,99.08,1593000.0,0
228900.0,4,1.5,3805000.0,0
27600.0,18,3.32,5744000.0,0
53700.0,12,7.57,4028000.0,0
51900.0,19,5.85,1424000.0,0
23500.0,16,5.12,4945000.0,0
27000.0,18,6.7,5481000.0,0
107900.0,12,2.39,29117000.0,0
23200.0,14,1.27,1424000.0,0
61300.0,17,120.62,1424000.0,0
86700.0,17,9.3,7371000.0,0
7831900.0,19,13.02,8472000.0,0
48500.0,9,1.92,3455000.0,0
11300.0,15,4.01,7033000.0,0
13000.0,10,5.33,2101000.0,0
9900.0,12,2.21,5272000.0,0
52100.0,17,7.16,2571000.0,0
234100.0,20,5.32,10109000.0,0
4400.0,13,3.65,9432000.0,0
15000.0,1,4.55,7639000.0,0
54200.0,12,3.87,1740000.0,0
191600.0,20,2.26,5559000.0,0
274700.0,19,0.98,6440000.0,0
74300.0,19,3.02,3720000.0,0
14400.0,14,19.95,1843000.0,0
13400.0,4,3.86,4835000.0,0
550400.0,13,1.91,14229000.0,0
190800.0,18,1.78,3596000.0,0
28900.0,19,1.57,1605000.0,0
98400.0,12,11.56,9916000.0,1
44900.0,22,1.66,2260000.0,0
17900.0,21,5.38,3236000.0,0
10800.0,11,9.26,1424000.0,0
13200.0,11,7.52,7293000.0,0
3400.0,20,7.68,2750000.0,0
2800.0,13,2.31,1424000.0,0
94100.0,17,1.64,5220000.0,0
51800.0,17,9.18,8255000.0,0
3500.0,8,2.46,2425000.0,0
9300.0,9,4.53,1886000.0,0
72500.0,17,6.21,7690000.0,0
38400.0,18,142.7,5375000.0,0
104600.0,16,1.74,8904000.0,0
168600.0,13,9.1,3294000.0,0
1606100.0,11,8.04,4804000.0,0
372100.0,13,1.64,4947000.0,0
393300.0,9,3.39,5014000.0,0
3500.0,21,2.93,1424000.0,0
37300.0,12,2.52,1424000.0,0
85900.0,17,4.33,2649000.0,0
129100.0,22,73.06,3907000.0,0
257700.0,20,12.65,8251000.0,0
147500.0,9,2.78,7335000.0,0
52300.0,20,0.98,1424000.0,0
252800.0,13,58.68,17311000.0,0
36300.0,11,4.78,5022000.0,0
285900.0,21,83.02,5189000.0,0
75400.0,22,0.57,4068000.0,0
25400.0,8,5.83,1424000.0,0
89800.0,20,6.16,3965000.0,0
76200.0,20,3.95,11615000.0,0
38500.0,14,0.81,1424000.0,0
95000.0,18,27.85,2172000.0,0
25600.0,19,5.18,1577000.0,0
8400.0,18,1.64,2321000.0,0
37600.0,21,0.8,6857000.0,0
30800.0,9,58.72,1424000.0,0
10500.0,11,18.36,1650000.0,0
4900.0,20,4.58,1545000.0,0
107500.0,2,4.07,9821000.0,0
484200.0,10,2.37,25299000.0,0
151000.0,19,2.93,6159000.0,0
11800.0,19,2.13,2948000.0,0
1069500.0,19,2.65,26494000.0,0
7300.0,12,24.47,2495000.0,0
3700.0,9,5.97,5721000.0,0
19300.0,16,6.46,1808000.0,0
25200.0,12,106.82,2704000.0,0
53100.0,11,5.64,1910000.0,0
12900.0,19,2.64,2048000.0,0
58000.0,11,8.63,2189000.0,0
27300.0,22,4.57,2088000.0,0
47900.0,20,110.14,2528000.0,0
80100.0,12,3.25,3720000.0,0
151400.0,17,0.61,3924000.0,0
178100.0,10,3.07,1424000.0,0
12700.0,19,4.85,3308000.0,0
73300.0,11,683.51,2857000.0,0
1527200.0,17,2.94,1689000.0,0
23700.0,18,4.45,1648000.0,0
42300.0,15,6.77,1939000.0,0
184800.0,12,21.01,4073000.0,0
9200.0,18,1.98,1424000.0,0
289800.0,11,3.74,9082000.0,0
3000.0,12,1.82,1832000.0,0
12300.0,12,866.69,3266000.0,0
924300.0,21,7.45,39212000.0,0
29400.0,14,5.72,1433000.0,0
170300.0,13,6.33,3330000.0,0
38300.0,12,3.68,4345000.0,0
46500.0,15,2.25,3106000.0,0
20600.0,13,9.18,7860000.0,0
61700.0,9,2.47,3461000.0,0
4500.0,22,2.49,1424000.0,0
50700.0,14,0.79,2592000.0,0
13100.0,18,5.44,10311000.0,0
8100.0,18,12.26,1424000.0,0
6400.0,13,1.05,1424000.0,0
7700.0,21,1.61,2298000.0,0
122000.0,12,0.49,1424000.0,0
183700.0,19,4.96,4638000.0,0
33200.0,22,2.71,2549000.0,0
229200.0,13,4.56,6440000.0,0
19600.0,15,22.54,5270000.0,0
89800.0,9,0.91,2013000.0,0
9400.0,6,2.06,2034000.0,0
719000.0,10,3.28,2135000.0,0
74600.0,9,3.98,5209000.0,0
6600.0,8,2.36,6955000.0,0
9500.0,10,5.37,2445000.0,0
10000.0,18,0.5,2807000.0,0
244400.0,14,4.03,52608000.0,0
73700.0,10,8.29,4765000.0,0
106400.0,15,4.19,3727000.0,0
26600.0,7,142.72,2301000.0,0
5700.0,8,6.92,2130000.0,0
72300.0,2,1.67,6091000.0,0
434300.0,16,0.37,4231000.0,0
22100.0,9,754.53,3068000.0,0
71400.0,12,4.84,3367000.0,0
159300.0,10,6.13,4247000.0,0
38800.0,12,9.87,2619000.0,0
111300.0,9,4.15,12041000.0,0
59500.0,20,3.93,19186000.0,0
27200.0,17,3.15,2890000.0,0
8400.0,18,4.68,3131000.0,0
57400.0,21,1.99,3084000.0,0
9700.0,17,1.12,1902000.0,0
141900.0,7,3.34,4166000.0,0
107300.0,8,8.37,1832000.0,0
79700.0,7,3.44,1424000.0,0
53100.0,18,0.72,10366000.0,0
6275900.0,14,5.6,14074000.0,1
607300.0,19,3.71,8307000.0,0
229400.0,11,1.91,3761000.0,0
26100.0,12,2.85,2078000.0,0
696400.0,18,0.5,24777000.0,0
119700.0,8,2.69,3733000.0,0
289900.0,17,1.84,7464000.0,0
218300.0,11,2.55,7459000.0,0
159800.0,21,1.32,14229000.0,0
303600.0,9,10.64,15667000.0,0
2700.0,8,13.15,1424000.0,0
205700.0,20,1.94,13309000.0,0
43200.0,12,0.75,3263000.0,0
36700.0,18,3.46,3091000.0,0
11400.0,18,2.75,1424000.0,0
28600.0,18,8.85,4429000.0,0
3927400.0,16,7.3,5728000.0,0
32000.0,14,1304.09,6076000.0,0
45600.0,11,1.67,3799000.0,0
16600.0,12,2.53,8331000.0,0
177600.0,17,2.36,7932000.0,0
2800.0,16,4.85,1424000.0,0
474100.0,12,67.83,9390000.0,0
22600.0,16,7.28,10368000.0,0
92000.0,18,1.1,5732000.0,0
40500.0,19,6.66,2048000.0,0
226800.0,21,5.18,2914000.0,0
65600.0,18,9.43,2418000.0,0
80100.0,15,26.87,4026000.0,0
95400.0,9,2.76,9640000.0,0
109100.0,12,14.88,1424000.0,0
77100.0,13,2.54,3271000.0,0
11300.0,7,14.27,2465000.0,0
6600.0,22,2.62,1424000.0,0
29500.0,20,2.12,2219000.0,0
18300.0,5,368.54,14156000.0,1
290100.0,14,2.09,12425000.0,0
163000.0,16,8.43,2444000.0,0
31000.0,6,1.78,1424000.0,0
68000.0,14,5.29,5372000.0,0
14300.0,10,17.08,12359000.0,0
30500.0,17,0.68,1424000.0,0
11700.0,17,12.21,1446000.0,0
9800.0,21,8.69,3594000.0,0
4000.0,13,1065.28,1424000.0,0
229100.0,12,10.95,10592000.0,0
287700.0,12,3.9,8060000.0,0
16800.0,16,0.97,1424000.0,0
73200.0,1,2.69,6034000.0,0
38100.0,6,2.76,5303000.0,0
51400.0,8,1.84,5764000.0,0
339500.0,20,26.67,5807000.0,0
18700.0,9,10.25,5058000.0,0
38700.0,19,2.17,4669000.0,0
3500.0,23,5.37,1424000.0,0
27400.0,18,4.33,3596000.0,0
61200.0,12,3.36,1424000.0,0
32800.0,12,7.22,1600000.0,0
498200.0,15,2.75,8927000.0,0
25900.0,9,4.56,1493000.0,0
31700.0,10,1.76,2137000.0,0
110300.0,10,1.49,4921000.0,0
130200.0,10,6.86,5279000.0,0
12700.0,15,1.3,1424000.0,0
94800.0,10,1.64,4192000.0,0
99200.0,8,1.92,4773000.0,0
20300.0,12,8.24,1584000.0,0
73000.0,22,79.97,1424000.0,0
108200.0,13,10.65,7106000.0,0
7000.0,18,6.06,1856000.0,0
20000.0,20,7.3,1424000.0,0
40900.0,20,9.38,1459000.0,0
2500.0,21,2.56,1424000.0,0
19600.0,6,7.36,7230000.0,0
61300.0,14,1.48,1742000.0,0
75500.0,11,3.16,1424000.0,0
15300.0,18,191.71,2445000.0,1
533200.0,16,1.2,12913000.0,0
167800.0,11,2.01,5036000.0,0
6000.0,10,1.58,2407000.0,0
22600.0,11,2.24,4743000.0,0
123600.0,18,3.05,1424000.0,0
18700.0,13,2.12,2878000.0,0
79500.0,18,1.76,11822000.0,0
29000.0,8,3.35,3639000.0,0
29400.0,8,1.19,1806000.0,0
111300.0,12,5.49,2528000.0,0
12700.0,10,2.76,3948000.0,0
12700.0,16,6.13,1798000.0,0
5400.0,13,5.58,1424000.0,0
144900.0,17,136.51,1424000.0,0
238500.0,9,2.51,5359000.0,0
195700.0,22,5.27,12349000.0,0
27800.0,19,120.92,3625000.0,0
87900.0,17,3.7,2425000.0,0
34700.0,18,2.76,1424000.0,0
27100.0,22,4.34,1424000.0,0
50500.0,19,105.37,5303000.0,0
6100.0,18,3.9,1424000.0,0
176700.0,19,0.57,10062000.0,0
6000.0,14,3.91,1424000.0,0
30100.0,7,2.13,5484000.0,0
111000.0,20,8.97,6147000.0,0
7000.0,16,2.93,2241000.0,0
8600.0,10,5.96,5243000.0,0
58600.0,15,2.96,3801000.0,0
148700.0,18,4.49,18272000.0,0
48100.0,9,1.04,5960000.0,0
325900.0,10,15.49,8979000.0,0
56000.0,10,3.74,2222000.0,0
28600.0,11,10.37,4347000.0,0
12500.0,16,3.43,2480000.0,0
17400.0,14,3.16,1424000.0,0
43800.0,7,9.61,4455000.0,0
110300.0,8,5.54,5473000.0,0
103100.0,23,11.47,4254000.0,0
6800.0,19,1.04,1424000.0,0
15000.0,8,2.11,1424000.0,0
34100.0,19,5.08,2862000.0,0
20700.0,16,2.33,2808000.0,0
15300.0,12,12.33,5845000.0,0
70100.0,19,65.27,5598000.0,0
8600.0,13,24.77,1855000.0,1
39900.0,21,20.55,2779000.0,0
29400.0,8,0.58,1424000.0,0
15500.0,16,4.18,1678000.0,0
30700.0,16,1.77,2301000.0,0
2206100.0,19,2.2,84975000.0,0
1111500.0,19,1.63,5495000.0,0
503900.0,9,2.16,1779000.0,0
49400.0,13,11.2,7459000.0,0
26700.0,18,19.34,4375000.0,0
7500.0,12,11.95,1760000.0,0
53100.0,10,9.48,3824000.0,0
5300.0,12,2.13,1713000.0,0
12100.0,13,4.99,2386000.0,0
6200.0,22,1.4,1877000.0,0
704300.0,18,6.33,26035000.0,0
42100.0,14,3.46,4355000.0,0
18300.0,9,4.05,1424000.0,0
101900.0,19,5.76,11349000.0,0
90000.0,13,19.17,13244000.0,0
53200.0,16,2.32,4304000.0,0
1300.0,10,13.95,1424000.0,0
2200.0,8,8.01,1424000.0,0
4300.0,14,29.84,1424000.0,0
89600.0,14,6.55,4646000.0,0
35900.0,17,16.84,3334000.0,0
687100.0,12,4.33,32736000.0,0
10700.0,16,7.12,3527000.0,0
30400.0,9,4.33,6162000.0,0
106300.0,6,7.88,13027000.0,0
80000.0,11,3.16,4046000.0,0
79900.0,17,55.28,5125000.0,0
139200.0,18,8.98,16778000.0,0
65100.0,23,4.57,2763000.0,0
12200.0,20,6.09,1424000.0,0
68600.0,7,79.99,16222000.0,0
3200.0,15,0.69,1424000.0,0
2295400.0,12,3.24,2400000.0,0
5300.0,7,79.23,2182000.0,0
158300.0,20,27.82,10912000.0,0
13800.0,20,2.6,2110000.0,0
11200.0,17,1.39,2921000.0,0
11700.0,12,1027.46,12293000.0,1
99900.0,9,3.36,6153000.0,0
59100.0,19,119.26,1627000.0,0
5600.0,15,3.42,1424000.0,0
3300.0,16,1.36,1434000.0,0
7100.0,19,3.76,3554000.0,0
205400.0,8,1.9,5368000.0,0
204900.0,19,1.06,15553000.0,0
45600.0,22,14.09,5497000.0,0
45300.0,12,6.32,2132000.0,0
40600.0,21,4.74,1424000.0,0
486300.0,20,5.95,24390000.0,0
74500.0,19,0.73,1696000.0,0
371700.0,14,107.63,4921000.0,0
54800.0,14,6.77,1424000.0,0
142100.0,15,5.43,4050000.0,0
33100.0,22,1167.23,2495000.0,0
107400.0,12,7.61,4022000.0,0
14500.0,18,3.96,5005000.0,0
19700.0,11,1.69,5384000.0,0
52700.0,13,2.03,2298000.0,0
34600.0,12,118.71,2381000.0,0
54400.0,20,2.76,2079000.0,0
13600.0,11,8.19,1424000.0,0
9200.0,11,1.45,2984000.0,0
6533900.0,5,737.88,3131000.0,1
276800.0,11,3.34,1459000.0,0
38400.0,19,2.3,1424000.0,0
88900.0,12,15.53,10192000.0,0
2663000.0,5,131.43,2071000.0,1
217100.0,13,6.39,5243000.0,0
15200.0,15,30.94,1424000.0,0
22500.0,7,1.94,1433000.0,0
61900.0,15,1.35,7794000.0,0
51600.0,14,9.52,3334000.0,0
19400.0,0,128.87,5468000.0,1
4498200.0,13,8.31,16778000.0,0
180500.0,20,8.31,10880000.0,0
163000.0,11,2.27,6294000.0,0
14600.0,12,4.79,1424000.0,0
1059100.0,13,0.68,5189000.0,0
29400.0,19,126.18,12458000.0,0
111800.0,5,1.58,3252000.0,0
40100.0,10,1.89,1800000.0,0
1019900.0,20,146.09,28736000.0,0
26500.0,19,4.93,1825000.0,0
9500.0,19,1.94,1424000.0,0
201500.0,11,9.7,7704000.0,0
184500.0,13,960.58,6976000.0,0
1269800.0,14,8.76,1424000.0,0
10000.0,12,5.02,3557000.0,0
51500.0,14,0.78,3154000.0,0
15000.0,23,1.83,1424000.0,0
7400.0,17,25.29,1882000.0,0
42400.0,16,7.37,4073000.0,0
22100.0,23,15.96,7588000.0,0
75200.0,21,5.3,2754000.0,0
33000.0,17,2.56,1424000.0,0
87400.0,20,5.41,3800000.0,0
161000.0,8,8.23,3489000.0,0
11500.0,10,22.36,1896000.0,0
21500.0,7,3.93,1424000.0,0
22900.0,20,3.84,4672000.0,0
148100.0,13,9.57,7927000.0,0
21000.0,14,3.13,1852000.0,0
20200.0,11,28.15,3200000.0,0
25100.0,13,8.88,1424000.0,0
13800.0,14,1.58,2549000.0,0
212500.0,9,22.7,14777000.0,0
189900.0,18,1.32,4936000.0,0
115000.0,20,3.59,1749000.0,0
30600.0,20,3.31,3603000.0,0
82700.0,13,4.41,20100000.0,0
233500.0,19,0.68,6605000.0,0
281900.0,11,6.71,6357000.0,0
101800.0,17,4.93,1424000.0,0
52500.0,22,1.47,10192000.0,0
3600.0,18,111.99,2168000.0,0
6400.0,12,1.9,1424000.0,0
16000.0,19,5.75,2030000.0,0
32300.0,21,7.48,4669000.0,0
36800.0,10,29.79,4109000.0,0
63000.0,0,2.5,1480000.0,0
12800.0,18,1.4,1424000.0,0
30800.0,17,3.09,2594000.0,0
16100.0,18,2.76,2350000.0,0
78500.0,8,8.68,7894000.0,0
22600.0,11,0.67,1424000.0,0
75700.0,17,1.63,3068000.0,0
22100.0,18,1.95,7200000.0,0
13700.0,17,1.05,2910000.0,0
79700.0,9,0.89,2288000.0,0
50200.0,14,9.06,1684000.0,0
28800.0,10,14.99,1844000.0,0
32500.0,12,6.81,3776000.0,0
156000.0,10,6.18,15711000.0,0
30200.0,19,3.19,1424000.0,0
77200.0,8,3.32,6812000.0,0
14900.0,18,18.3,1424000.0,0
219600.0,18,9.58,9987000.0,0
99500.0,14,4.04,3698000.0,0
110000.0,21,5.4,4186000.0,0
70300.0,6,1.24,5085000.0,0
74200.0,11,1.85,1749000.0,0
90900.0,5,3.33,2861000.0,0
72700.0,19,7.99,2844000.0,0
67800.0,10,10.17,2494000.0,0
22600.0,20,9.88,2131000.0,0
13300.0,9,125.08,1596000.0,0
190200.0,19,2.26,15436000.0,0
41500.0,21,654.51,4374000.0,0
10200.0,12,10.36,1647000.0,0
47000.0,19,2.42,5326000.0,0
55200.0,13,147.88,4947000.0,0
64100.0,13,2.01,5732000.0,0
43100.0,11,5.19,9534000.0,0
113300.0,8,1.88,5513000.0,0
19000.0,12,3.94,1424000.0,0
30600.0,10,2.34,2972000.0,0
6400.0,11,2.35,1424000.0,0
465000.0,10,3.03,1424000.0,0
24900.0,23,2.3,3010000.0,0
386200.0,17,17.11,19060000.0,0
60000.0,19,1.46,6042000.0,0
8100.0,9,11.02,1424000.0,0
5200.0,9,1.29,1424000.0,0
395400.0,11,4.7,4005000.0,0
8400.0,21,45.55,1424000.0,0
27800.0,9,33.15,1424000.0,0
15600.0,21,3.62,4175000.0,0
63700.0,12,4.38,2076000.0,0
20800.0,20,3.28,3540000.0,0
80600.0,14,10.5,6916000.0,0
11700.0,17,1.66,2494000.0,0
26300.0,11,5.45,2632000.0,0
39500.0,7,1.8,9981000.0,0
2000.0,19,2.03,1424000.0,0
904900.0,11,11.69,2087000.0,0
13300.0,6,408.53,1902000.0,1
18100.0,14,1.27,3506000.0,0
60600.0,16,16.53,5225000.0,0
137100.0,17,3.14,4120000.0,0
109300.0,16,8.41,5985000.0,0
3800.0,14,15.83,1424000.0,0
325400.0,11,2.55,4918000.0,0
552500.0,21,1.43,4607000.0,0
2089900.0,13,309.75,2549000.0,1
74200.0,17,1.1,5399000.0,0
220600.0,14,2.0,13930000.0,0
12600.0,14,1465.25,1424000.0,0
15000.0,12,5.91,1424000.0,0
51500.0,18,20.26,4597000.0,0
86700.0,21,5.17,4532000.0,0
27500.0,12,20.66,1687000.0,0
7500.0,16,4.68,1628000.0,0
6700.0,10,1.42,1424000.0,0
12100.0,12,1.99,3388000.0,0
26300.0,13,15.9,4556000.0,0
1900.0,13,4.2,1424000.0,0
49300.0,16,4.03,4235000.0,0
75500.0,12,2.89,5191000.0,0
75600.0,20,2.4,7161000.0,0
6100.0,9,0.95,5602000.0,0
6600.0,9,2.1,1424000.0,0
451000.0,13,1262.89,9930000.0,0
8000.0,19,7.48,1424000.0,0
24800.0,19,6.19,4184000.0,0
46600.0,19,2.47,2619000.0,0
7800.0,18,3.16,1832000.0,0
17100.0,16,7.19,1424000.0,0
8900.0,13,6.72,1424000.0,0
22100.0,2,1.43,1424000.0,0
159900.0,14,1.13,19503000.0,0
223100.0,14,12.9,3761000.0,0
7200.0,20,4.22,1798000.0,0
12600.0,18,18.31,1424000.0,0
77000.0,14,3.81,1701000.0,0
261300.0,17,16.07,5659000.0,0
13500.0,19,6.76,1424000.0,0
53300.0,18,3.71,7500000.0,0
41900.0,13,20.47,1593000.0,0
74300.0,15,2.32,5708000.0,0
12000.0,6,5.31,3557000.0,1
47600.0,21,128.55,2198000.0,0
503400.0,10,4.36,15211000.0,0
11400.0,10,17.87,1424000.0,0
15000.0,8,0.99,3402000.0,0
39800.0,12,4.57,6234000.0,0
12300.0,13,12.65,2480000.0,0
161500.0,13,0.73,7500000.0,0
268100.0,13,8.68,6455000.0,0
47900.0,20,6.87,2265000.0,0
7100.0,21,12.06,2922000.0,0
35200.0,12,107.07,5044000.0,0
21600.0,2,1.5,1424000.0,0
78700.0,17,1.92,1954000.0,0
2237200.0,21,357.69,2100000.0,1
70700.0,18,3.44,2855000.0,0
8900.0,17,4.34,2425000.0,0
3600.0,17,87.04,4166000.0,0
7900.0,19,3.95,1424000.0,0
953000.0,6,41.67,1821000.0,1
18000.0,21,1.94,4005000.0,0
349800.0,12,5.75,7680000.0,0
44200.0,8,2.22,1424000.0,0
28400.0,19,17.81,1424000.0,0
43500.0,0,4.19,1424000.0,0
14400.0,14,4.71,4530000.0,0
154300.0,13,1.4,12164000.0,0
102400.0,21,2.64,2982000.0,0
25900.0,12,4.27,1424000.0,0
9200.0,16,4.64,2301000.0,0
59500.0,19,1.31,2591000.0,0
41500.0,13,5.63,3753000.0,0
15300.0,12,2.28,2187000.0,0
9800.0,14,4.88,1520000.0,0
40600.0,11,7.44,12288000.0,0
4658000.0,5,242.93,1994000.0,1
22400.0,11,15.07,4754000.0,0
23000.0,8,460.09,4163000.0,0
39700.0,21,1.98,4981000.0,0
9000.0,14,2.77,1424000.0,0
125700.0,15,7.59,4646000.0,0
38400.0,19,15.97,3175000.0,0
23900.0,13,1.17,1652000.0,0
250000.0,21,4.57,8428000.0,0
85000.0,19,4.21,6337000.0,0
72800.0,19,2.18,8460000.0,0
378100.0,16,8.88,6399000.0,0
132100.0,18,4.95,9338000.0,0
36200.0,16,4.72,7932000.0,0
2857700.0,15,9.81,9652000.0,0
18600.0,21,2.64,2089000.0,0
13800.0,2,668.7,2030000.0,0
145900.0,15,2.77,3205000.0,0
102500.0,20,8.5,11410000.0,0
62300.0,13,3.66,4430000.0,0
48600.0,22,8.5,8331000.0,0
6000.0,13,8.54,1808000.0,0
65500.0,17,9.17,2754000.0,0
152400.0,11,5.44,8672000.0,0
11800.0,9,1.83,1424000.0,0
949700.0,17,1.2,17272000.0,0
52600.0,20,20.4,1424000.0,0
31000.0,17,3.54,4970000.0,0
68300.0,11,0.84,2402000.0,0
129200.0,22,0.99,5140000.0,0
26100.0,10,4.01,1572000.0,0
4039300.0,17,35.36,28620000.0,0
48500.0,21,3.33,1470000.0,0
50600.0,11,4.07,3068000.0,0
100300.0,18,13.69,5641000.0,0
51300.0,11,5.11,2933000.0,0
52800.0,22,5.39,5568000.0,0
41100.0,0,5.5,1424000.0,0
181000.0,8,4.86,7293000.0,0
47700.0,22,2.54,3384000.0,0
29200.0,19,11.09,2877000.0,0
44800.0,10,17.97,7106000.0,0
8200.0,12,13.27,1424000.0,0
103100.0,21,5.89,7812000.0,0
64200.0,15,8.43,1424000.0,0
45700.0,10,2.2,1424000.0,0
11100.0,13,4.26,1424000.0,0
40900.0,15,15.88,4064000.0,0
3900.0,8,3.54,2792000.0,0
42900.0,11,9.03,5003000.0,0
55400.0,20,2.59,7961000.0,0
27300.0,8,3.89,4159000.0,0
189100.0,3,8.95,2827000.0,0
7200.0,17,3.7,2474000.0,0
17300.0,12,3.9,4109000.0,0
94500.0,15,3.99,9625000.0,0
30500.0,19,3.71,1424000.0,0
301100.0,11,18.73,9249000.0,0
34500.0,9,2.18,2177000.0,0
37700.0,19,5.78,3452000.0,0
11600.0,20,128.28,3545000.0,0
182200.0,14,3.53,2059000.0,0
24700.0,20,4.32,1424000.0,0
12900.0,10,12.48,1519000.0,0
2200.0,11,1.4,5338000.0,0
37000.0,11,25.99,4223000.0,0
87100.0,19,3.51,4598000.0,0
220500.0,12,31.65,8571000.0,0
57100.0,18,5.49,3963000.0,0
21200.0,18,7.11,1424000.0,0
61800.0,12,14.4,6011000.0,0
43900.0,11,4.88,1424000.0,0
2900.0,17,8.3,1424000.0,0
23100.0,7,1.79,1424000.0,0
86900.0,22,40.19,6294000.0,0
184600.0,9,64.62,5410000.0,0
109400.0,12,11.24,4022000.0,0
39000.0,13,3.97,1424000.0,0
2300.0,17,1.66,1424000.0,0
85400.0,6,11.45,6177000.0,0
63300.0,15,0.24,3750000.0,0
44600.0,11,5.14,4455000.0,0
266900.0,22,5.91,6494000.0,0
285400.0,18,4.33,9929000.0,0
17400.0,16,0.75,1662000.0,0
29000.0,13,1.91,5849000.0,0
164600.0,9,143.15,2800000.0,0
179000.0,11,8.95,11201000.0,0
317900.0,9,10.64,6316000.0,0
131600.0,17,3.09,2013000.0,0
13100.0,8,2.61,1424000.0,0
3551600.0,3,47.65,5015000.0,1
13400.0,1,4.44,2288000.0,0
35800.0,19,5.55,3170000.0,0
48200.0,23,3.6,4835000.0,0
41500.0,18,33.63,1424000.0,0
48500.0,9,44.0,5496000.0,0
245100.0,13,1.24,7811000.0,0
12700.0,7,4.29,1459000.0,0
2012500.0,1,29.08,4308000.0,1
59200.0,20,1.98,15963000.0,0
5400.0,11,140.59,2815000.0,0
1618400.0,9,5.0,3948000.0,0
13600.0,23,3.36,1577000.0,0
138700.0,13,11.53,6807000.0,0
7300.0,20,2.62,1424000.0,0
11400.0,19,2.99,3750000.0,0
181800.0,23,84.23,28620000.0,0
27600.0,19,15.6,5354000.0,0
48000.0,21,7.34,8672000.0,0
8800.0,18,13.52,1424000.0,0
235800.0,19,94.7,6175000.0,0
3600.0,13,3.54,1490000.0,0
5300.0,14,6.18,2128000.0,0
26200.0,18,2.81,1424000.0,0
22500.0,20,4.03,1466000.0,0
13900.0,17,121.82,2257000.0,0
8300.0,23,2.42,2229000.0,0
34500.0,17,25.6,1424000.0,0
45300.0,19,4.75,5272000.0,0
25600.0,18,1.77,3494000.0,0
43300.0,21,71.88,5982000.0,0
76000.0,13,0.62,12081000.0,0
200900.0,15,3.82,5614000.0,0
22500.0,21,4.42,1424000.0,0
50300.0,14,2.02,6177000.0,0
37900.0,15,3.13,3517000.0,0
17600.0,13,13.22,1514000.0,0
29700.0,13,2.03,1424000.0,0
2457300.0,16,8.32,5115000.0,1
9400.0,21,1.28,2439000.0,0
23600.0,19,4.58,3461000.0,0
40500.0,20,5.0,1743000.0,0
192500.0,22,1.18,10368000.0,0
10300.0,14,0.93,1824000.0,0
25800.0,6,9.27,3757000.0,0
154100.0,22,5.8,3057000.0,0
263900.0,20,9.75,14817000.0,0
87400.0,15,11.3,14577000.0,0
264400.0,13,6.26,12220000.0,0
888800.0,16,2.47,5845000.0,0
26800.0,18,53.57,9930000.0,0
752000.0,12,1.38,4184000.0,0
17200.0,21,30.41,1424000.0,0
106600.0,14,2.36,4200000.0,0
72800.0,11,16.07,7371000.0,0
204500.0,9,1.42,6027000.0,0
9700.0,16,1149.24,2232000.0,0
38000.0,16,5.73,1889000.0,0
23100.0,9,21.75,1856000.0,0
10900.0,13,1.7,1424000.0,0
14900.0,11,4.19,2262000.0,0
39500.0,11,4.48,2546000.0,0
30300.0,8,15.53,5085000.0,0
545400.0,13,6.4,9311000.0,0
103200.0,14,4.96,3445000.0,0
3200.0,16,17.38,2518000.0,0
11400.0,9,5.13,1424000.0,0
88600.0,7,3.59,1488000.0,0
60100.0,22,12.22,1424000.0,0
2200.0,19,2.51,1424000.0,0
110200.0,10,0.6,4875000.0,0
2366600.0,9,2.51,2803000.0,0
36200.0,17,1.67,2474000.0,0
7800.0,10,12.35,2754000.0,0
38100.0,8,12.4,1424000.0,0
15100.0,9,6.33,1719000.0,0
69400.0,22,6.31,4539000.0,0
33800.0,19,1.69,1424000.0,0
5200.0,19,112.7,1424000.0,0
10100.0,20,4.71,1424000.0,0
240000.0,1,148.73,5985000.0,0
179200.0,17,4.38,1430000.0,0
94300.0,22,7.06,4521000.0,0
97700.0,20,92.74,7535000.0,0
277000.0,17,2.82,3263000.0,0
63400.0,14,2.03,3726000.0,0
46800.0,22,9.52,2045000.0,0
21000.0,12,22.97,1490000.0,0
7100.0,16,8.66,8033000.0,0
3200.0,16,3.45,1424000.0,0
742300.0,12,2.74,20100000.0,0
80600.0,4,0.73,4009000.0,0
22400.0,9,5.6,2270000.0,0
16300.0,19,1.47,3985000.0,0
12700.0,16,7.88,1424000.0,0
1504600.0,13,0.69,31871000.0,0
74000.0,9,7.9,7702000.0,0
1084500.0,14,11.07,2107000.0,0
95100.0,11,5.34,2351000.0,0
201100.0,8,9.14,1424000.0,0
31700.0,13,133.29,1567000.0,0
5474300.0,10,0.85,6517000.0,0
24100.0,22,0.98,1424000.0,0
33400.0,12,3.22,2571000.0,0
76900.0,15,3.57,10430000.0,0
270100.0,14,4.36,5444000.0,0
9700.0,0,1.49,2810000.0,0
296500.0,16,20.21,10507000.0,0
19600.0,19,37.56,2504000.0,0
40400.0,17,0.62,3274000.0,0
45100.0,11,32.24,2522000.0,0
70700.0,12,1001.36,2246000.0,0
63500.0,18,7.94,5818000.0,0
4000.0,16,10.87,1533000.0,0
618200.0,11,11.77,5708000.0,1
187600.0,17,127.34,19503000.0,0
199300.0,22,21.57,4768000.0,0
34000.0,14,12.55,1795000.0,0
35700.0,20,1.18,3334000.0,0
59800.0,10,4.59,5959000.0,0
9100.0,22,3.74,3386000.0,0
9500.0,16,7.61,7401000.0,0
130400.0,8,2.34,1994000.0,0
120500.0,12,3.74,1648000.0,0
44200.0,16,2.4,5410000.0,0
1561200.0,20,1.74,28616000.0,0
107300.0,13,51.06,9895000.0,0
10600.0,12,11.26,1424000.0,0
37700.0,18,4.78,4239000.0,0
234000.0,11,0.7,3619000.0,0
16300.0,2,925.19,1424000.0,1
23200.0,14,23.02,2242000.0,0
277000.0,15,8.53,11194000.0,0
208700.0,20,2.06,7680000.0,0
96100.0,21,17.12,13738000.0,0
48600.0,16,2.1,1843000.0,0
35300.0,18,2.03,10891000.0,0
150000.0,13,1.83,6357000.0,0
35600.0,16,8.15,4028000.0,0
12100.0,15,3.81,2351000.0,0
51400.0,22,1.42,6960000.0,0
48200.0,15,15.21,5016000.0,0
11600.0,7,1.08,1469000.0,0
249700.0,23,1.86,7122000.0,0
4900.0,22,8.8,1424000.0,0
308300.0,16,10.14,8285000.0,0
54400.0,22,5.16,4543000.0,0
22600.0,20,2.9,1678000.0,0
70300.0,14,8.39,7440000.0,0
34000.0,6,2.23,2071000.0,0
33400.0,8,7.08,1753000.0,0
109600.0,17,1.93,2022000.0,0
155700.0,17,84.89,7927000.0,0
37300.0,17,6.02,1424000.0,0
2000.0,7,1.37,1584000.0,0
20900.0,21,3.75,4209000.0,0
132800.0,20,1.28,6316000.0,0
86100.0,17,3.77,3759000.0,0
2620600.0,4,1031.25,3447000.0,1
378400.0,6,2.4,15667000.0,0
17700.0,12,4.3,1424000.0,0
14400.0,12,4.27,1424000.0,0
86200.0,19,1.28,4582000.0,0
30400.0,8,2.22,2808000.0,0
30100.0,21,16.93,5984000.0,0
45000.0,10,1.95,2641000.0,0
17900.0,16,951.03,1424000.0,0
8700.0,16,3.71,3377000.0,0
24200.0,7,38.82,5695000.0,0
103600.0,12,3.11,2475000.0,0
77900.0,12,7.93,2639000.0,0
9200.0,22,18.81,2033000.0,0
8500.0,11,5.14,1628000.0,0
2751300.0,16,1.85,3871000.0,0
13200.0,12,3.52,8472000.0,0
121300.0,9,1.2,4804000.0,0
19200.0,19,2.02,1788000.0,0
87200.0,13,3.93,8754000.0,0
13400.0,20,10.33,2222000.0,0
126000.0,19,9.61,5368000.0,0
164300.0,16,6.68,12432000.0,0
24000.0,14,6.43,1811000.0,0
28500.0,18,1.23,7743000.0,0
33200.0,18,4.98,2796000.0,0
27300.0,19,1.24,7099000.0,0
59800.0,13,1.5,5513000.0,0
32600.0,10,3.01,1424000.0,0
15200.0,17,2.63,1424000.0,0
121500.0,17,6.06,2235000.0,0
16400.0,21,1.82,2187000.0,0
21400.0,19,1.89,1648000.0,0
66200.0,19,6.31,8042000.0,0
250400.0,17,39.28,4940000.0,0
42900.0,19,9.42,1800000.0,0
310900.0,21,1.79,8307000.0,0
504900.0,15,2.51,6162000.0,0
29000.0,20,39.75,3621000.0,0
30600.0,8,25.49,1808000.0,0
9600.0,8,1.4,2350000.0,0
44700.0,12,1.62,3376000.0,0
122100.0,13,0.67,3555000.0,0
9687100.0,1,647.9,4013000.0,1
7400.0,14,16.48,1424000.0,0
127600.0,17,6.71,3540000.0,0
15200.0,5,3.73,1688000.0,0
106200.0,20,1.32,1523000.0,0
971100.0,14,5.29,14156000.0,0
42300.0,16,8.21,9652000.0,0
124000.0,20,2.24,5435000.0,0
369400.0,12,1.86,5959000.0,0
37100.0,18,0.73,2469000.0,0
36800.0,9,5.89,6999000.0,0
22700.0,12,2.26,2572000.0,0
71500.0,20,1.17,9127000.0,0
2900.0,21,13.39,3879000.0,0
13200.0,18,2.25,5468000.0,0
28900.0,17,2.59,4842000.0,0
19200.0,19,3.81,1716000.0,0
23400.0,21,29.12,3641000.0,0
13600.0,1,2.23,1424000.0,0
6800.0,15,2.26,1904000.0,0
92800.0,19,15.62,3193000.0,0
24300.0,16,4.57,3834000.0,0
31500.0,12,2.27,2881000.0,0
8800.0,18,10.41,1424000.0,0
190900.0,17,5.04,5189000.0,0
23500.0,12,3.09,3209000.0,0
22800.0,19,18.66,1424000.0,0
52700.0,13,2.54,4628000.0,0
3800.0,9,1.73,1471000.0,0
24200.0,18,10.72,1572000.0,0
48100.0,13,9.24,9083000.0,0
55900.0,12,1.23,2315000.0,0
3900.0,17,9.51,1590000.0,0
16900.0,13,3.03,1424000.0,0
56800.0,13,58.5,2465000.0,0
39800.0,7,5.06,5495000.0,0
11300.0,15,0.73,2469000.0,0
21800.0,13,2.48,1456000.0,0
8200.0,9,0.69,6380000.0,0
64900.0,19,5.87,3726000.0,0
2729700.0,13,2.58,4628000.0,0
228800.0,16,3.56,6455000.0,0
41200.0,10,1492.94,5140000.0,0
317800.0,22,9.88,6517000.0,0
36700.0,16,3.37,1424000.0,0
20700.0,14,4.57,3484000.0,0
3100.0,11,2.49,1424000.0,0
22800.0,14,3.41,4624000.0,0
20100.0,16,2.12,1424000.0,0
27700.0,8,0.6,2803000.0,0
140100.0,18,4.35,5346000.0,0
134100.0,21,104.52,1424000.0,0
19600.0,7,1.3,2997000.0,0
93600.0,19,16.43,3889000.0,0
114600.0,9,47.24,8108000.0,0
850600.0,17,0.93,32736000.0,0
6700.0,9,3.38,3155000.0,0
37600.0,21,19.08,1424000.0,0
902800.0,21,6.12,13309000.0,0
133500.0,11,4.38,7886000.0,0
42900.0,13,6.27,3054000.0,0
27200.0,7,3.08,9987000.0,0
285600.0,16,3.09,5744000.0,0
15200.0,15,1.71,3155000.0,0
37200.0,19,19.63,2866000.0,0
37400.0,16,3.52,1480000.0,0
77200.0,11,1077.69,9040000.0,0
186600.0,9,4.03,15667000.0,0
81800.0,17,0.63,1673000.0,0
54700.0,14,4.72,2717000.0,0
1500.0,6,37.29,1424000.0,0
90600.0,18,0.69,6380000.0,0
233400.0,13,3.43,9348000.0,0
140800.0,17,2.67,6716000.0,0
38500.0,6,0.72,1648000.0,0
672900.0,16,13.25,30578000.0,0
77900.0,12,2.16,5243000.0,0
3477400.0,17,4.94,3205000.0,0
24900.0,20,51.9,3266000.0,0
10300.0,9,1.43,4368000.0,0
5500.0,13,3.89,1537000.0,0
7700.0,8,43.99,1424000.0,0
48900.0,12,26.54,2495000.0,0
34200.0,17,7.01,2076000.0,0
198800.0,11,2.03,7792000.0,0
105700.0,14,101.63,3506000.0,0
32000.0,10,3.25,2132000.0,0
106300.0,21,20.12,4312000.0,0
168700.0,6,2.27,6605000.0,0
144500.0,11,0.76,3290000.0,0
147400.0,13,15.82,19186000.0,0
7400.0,9,16.11,1439000.0,0
20600.0,16,4.22,2125000.0,0
27700.0,19,0.64,1424000.0,0
67800.0,23,2.25,14761000.0,0
226100.0,16,3.1,13353000.0,0
20000.0,18,3.86,2732000.0,0
10700.0,9,2.58,4320000.0,0
52700.0,23,13.29,5732000.0,0
25500.0,22,5.01,1424000.0,0
92200.0,14,3.02,1424000.0,0
9500.0,11,2.29,1424000.0,0
306600.0,14,1.58,5732000.0,0
18100.0,16,1.57,2000000.0,0
84200.0,10,6.08,10028000.0,0
25700.0,9,55.53,8057000.0,0
37800.0,14,3.41,3160000.0,0
15900.0,19,7.85,1424000.0,0
11800.0,9,5.91,6849000.0,0
9800.0,12,1.39,2222000.0,0
15200.0,16,69.04,3787000.0,0
79300.0,12,0.92,3489000.0,0
53600.0,13,1.99,1768000.0,0
67400.0,13,17.46,8434000.0,0
1626500.0,17,1.27,2325000.0,0
4400.0,19,0.8,7317000.0,0
76500.0,13,7.94,5552000.0,0
562000.0,11,3.01,12769000.0,0
18100.0,12,2.63,2301000.0,0
82500.0,14,5.21,8625000.0,0
17600.0,19,8.38,9058000.0,0
7300.0,20,125.56,4071000.0,0
52600.0,17,124.63,3236000.0,0
44000.0,7,5.69,5421000.0,0
82900.0,18,87.33,3616000.0,0
1205300.0,16,5.6,1424000.0,0
29100.0,19,123.59,2719000.0,0
20200.0,12,5.28,1821000.0,0
9600.0,13,109.65,3905000.0,0
26400.0,18,1.43,11029000.0,0
24800.0,18,4.85,3330000.0,0
87900.0,20,2.85,2654000.0,0
271400.0,21,0.97,2568000.0,0
10900.0,12,27.95,1424000.0,0
35300.0,19,1.06,2654000.0,0
23600.0,15,8.74,3334000.0,0
9400.0,10,11.5,1882000.0,0
17800.0,14,0.62,2230000.0,0
19400.0,9,2.97,1424000.0,0
30300.0,8,9.56,5279000.0,0
445100.0,10,3.31,2099000.0,0
20000.0,18,6.6,4270000.0,0
41900.0,2,5.84,11822000.0,0
34400.0,14,9.08,5469000.0,0
84100.0,11,4.88,11621000.0,0
27300.0,19,5.32,2839000.0,0
34000.0,7,6.51,3361000.0,0
25100.0,14,7.39,3099000.0,0
44400.0,10,9.83,1538000.0,0
29800.0,13,5.99,2402000.0,0
20100.0,13,2.26,3799000.0,0
100600.0,9,10.36,4841000.0,0
99100.0,15,6.17,2736000.0,0
26700.0,13,10.53,8499000.0,0
20400.0,15,0.73,1424000.0,0
4300.0,9,4.54,8746000.0,0
370700.0,22,19.14,4193000.0,0
69800.0,7,35.94,3947000.0,0
106100.0,21,4.5,4169000.0,0
80900.0,7,1.98,6812000.0,0
7800.0,15,0.68,1424000.0,0
79800.0,0,7.25,8285000.0,0
609500.0,13,7.11,9939000.0,0
65500.0,7,1.92,9358000.0,0
57500.0,10,3.2,6021000.0,0
63600.0,4,3.82,5629000.0,0
442900.0,23,12.3,2132000.0,1
86800.0,15,1.9,22459000.0,0
12200.0,9,8.15,1994000.0,0
71700.0,17,7.75,2182000.0,0
19000.0,16,15.96,2125000.0,0
16400.0,18,5.0,1424000.0,0
89600.0,15,1.46,4209000.0,0
117000.0,10,1.79,3865000.0,0
36000.0,19,42.39,3160000.0,0
38400.0,20,1365.99,3757000.0,0
24500.0,17,2.69,1813000.0,0
20800.0,11,63.4,4817000.0,0
138300.0,20,3.76,6240000.0,0
22000.0,16,1.65,1824000.0,0
24100.0,14,6.47,2224000.0,0
1300.0,12,0.36,1424000.0,0
14100.0,14,2.27,1424000.0,0
989200.0,12,3.53,18187000.0,0
20900.0,19,7.21,5243000.0,0
44200.0,9,0.78,2800000.0,0
26400.0,8,5.95,1424000.0,0
28700.0,14,8.15,2288000.0,0
108500.0,19,10.15,7368000.0,0
9700.0,6,3.12,1424000.0,0
109500.0,11,2.64,3489000.0,0
52600.0,19,78.64,3787000.0,0
188400.0,12,1219.74,3871000.0,0
3700.0,23,15.8,1424000.0,0
9200.0,21,1.01,3080000.0,0
12400.0,14,2.87,1705000.0,0
181900.0,17,2.38,2516000.0,0
112800.0,12,6.72,3210000.0,0
94900.0,15,1.34,4770000.0,0
34300.0,19,0.75,4432000.0,0
21200.0,21,6.09,4090000.0,0
24800.0,4,3.72,3077000.0,0
6500.0,10,3.39,1424000.0,0
25700.0,17,3.61,1676000.0,0
130100.0,11,5.43,5579000.0,0
679700.0,11,4.94,5732000.0,0
25500.0,17,121.7,1424000.0,0
16800.0,10,5.27,1754000.0,0
10000.0,8,4.07,2945000.0,0
34100.0,13,2.14,8390000.0,0
15400.0,21,115.81,4460000.0,0
37100.0,13,98.1,2241000.0,0
20500.0,9,1.74,3557000.0,0
6700.0,17,4.91,2609000.0,0
9400.0,12,76.44,1424000.0,0
15000.0,16,1.55,2511000.0,0
28200.0,22,1.06,2695000.0,0
13300.0,15,4.44,4176000.0,0
33800.0,19,42.28,4256000.0,0
76400.0,13,8.49,6423000.0,0
455200.0,14,1.55,5849000.0,0
12600.0,18,1.68,3557000.0,0
63200.0,15,2.27,1593000.0,0
77800.0,18,6.15,14888000.0,0
32900.0,18,5.42,1618000.0,0
5638300.0,17,825.91,3630000.0,1
18800.0,18,24.04,2238000.0,0
37300.0,12,0.94,8142000.0,0
51200.0,11,0.85,6623000.0,0
81400.0,21,1.79,5568000.0,0
66300.0,12,0.97,4947000.0,0
52700.0,18,3.84,6037000.0,0
142300.0,13,1.65,6253000.0,0
38000.0,7,1.95,8721000.0,0
29700.0,14,3.48,2103000.0,0
7600.0,21,6.36,1424000.0,0
20500.0,11,1.56,3858000.0,0
13000.0,21,4.4,1722000.0,0
15000.0,14,5.43,1424000.0,0
989400.0,0,78.95,4694000.0,0
35200.0,9,8.3,4455000.0,0
853100.0,19,3.54,4176000.0,0
20100.0,17,2.88,8789000.0,0
199400.0,8,13.17,3359000.0,0
24100.0,17,25.68,1424000.0,0
25400.0,12,4.16,1424000.0,0
237000.0,23,3.0,17706000.0,0
160800.0,21,1.44,2591000.0,0
4200.0,20,3.82,2423000.0,0
20400.0,11,56.48,1424000.0,0
300700.0,17,0.08,4743000.0,0
56500.0,20,1.53,2571000.0,0
54800.0,13,1365.5,6490000.0,0
100400.0,11,3.61,4066000.0,0
13500.0,16,1.79,1424000.0,0
202700.0,11,2.13,7106000.0,0
82000.0,19,4.35,2511000.0,0
2300.0,3,1.42,1424000.0,0
42900.0,9,6.71,1424000.0,0
79500.0,21,2.26,3068000.0,0
31300.0,12,6.51,6294000.0,0
62000.0,8,1.84,5875000.0,0
9100.0,22,3.37,1932000.0,0
20200.0,12,2.69,9188000.0,0
18700.0,9,1.69,1614000.0,0
273100.0,20,6.18,5525000.0,0
96200.0,20,1.45,2741000.0,0
7300.0,16,1.0,2386000.0,0
83200.0,18,0.58,1424000.0,0
58400.0,9,128.67,4155000.0,0
23500.0,0,100.29,4891000.0,0
2900.0,20,4.74,2132000.0,0
19400.0,14,1.02,3034000.0,0
18500.0,16,5.07,1424000.0,0
202100.0,13,0.85,2895000.0,0
116800.0,9,3.69,4532000.0,0
28200.0,16,6.23,1424000.0,0
1956600.0,21,1.28,15553000.0,0
38800.0,8,5.41,2984000.0,0
46400.0,16,1.09,6234000.0,0
275500.0,19,9.95,28616000.0,0
37400.0,19,3.98,4258000.0,0
41700.0,8,1358.88,2443000.0,0
44100.0,7,1.67,1909000.0,0
27300.0,16,1.47,3835000.0,0
604200.0,18,6.64,13027000.0,0
14300.0,14,770.7,1424000.0,0
9900.0,10,9.81,1424000.0,0
8200.0,18,4.7,1608000.0,0
27100.0,20,11.57,1752000.0,0
86400.0,2,8.8,3033000.0,0
6900.0,15,11.15,1424000.0,0
91300.0,13,2.08,4875000.0,0
56500.0,10,9.3,2805000.0,0
8000.0,17,3.39,1424000.0,0
986500.0,19,7.86,1424000.0,0
231000.0,10,6.63,5479000.0,1
14700.0,22,131.79,1608000.0,0
65100.0,8,5.35,4918000.0,0
25800.0,19,15.55,4192000.0,0
133100.0,20,2.49,1424000.0,0
33100.0,17,4.62,6605000.0,0
41500.0,8,4.3,2045000.0,0
25800.0,15,9.91,1891000.0,0
28400.0,9,5.24,2982000.0,0
31200.0,14,2.26,2839000.0,0
13300.0,7,131.8,3034000.0,0
18900.0,10,3.68,18363000.0,0
13300.0,15,1.06,2321000.0,0
5400.0,18,136.56,2662000.0,0
9800.0,18,2.75,1424000.0,0
48700.0,13,3.04,3638000.0,0
2800.0,13,9.41,1603000.0,0
177600.0,13,1.42,4335000.0,0
4300.0,14,17.04,2033000.0,0
196700.0,19,80.23,23268000.0,0
130800.0,13,1.51,5272000.0,0
14300.0,11,13.83,2100000.0,0
190500.0,18,14.86,15762000.0,0
354500.0,23,1.45,2706000.0,0
10200.0,16,2.42,1995000.0,0
101600.0,18,9.61,2883000.0,0
55100.0,11,12.77,4879000.0,0
15800.0,21,0.84,2970000.0,0
142500.0,13,14.52,11297000.0,0
3900.0,12,6.95,1424000.0,0
107200.0,11,4.14,8042000.0,0
36300.0,14,4.85,3928000.0,0
23400.0,15,6.13,4842000.0,0
51400.0,21,1.69,4193000.0,0
180400.0,17,5.73,7151000.0,0
27200.0,12,4.26,1424000.0,0
76300.0,11,9.28,1652000.0,0
8100.0,19,2.01,1748000.0,0
14800.0,18,0.96,4064000.0,0
5800.0,13,5.24,1614000.0,0
65200.0,12,2.88,4347000.0,0
11200.0,8,6.82,1623000.0,0
154200.0,15,5.44,4765000.0,0
20600.0,12,1.39,6889000.0,0
8700.0,19,7.99,8118000.0,0
59900.0,22,2.41,7931000.0,0
485600.0,17,92.4,1768000.0,0
30100.0,21,13.71,3367000.0,0
95300.0,19,13.81,9734000.0,0
38600.0,11,4.78,3555000.0,0
49600.0,22,18.72,1424000.0,0
11500.0,20,4.61,3006000.0,0
14800.0,16,2.38,2800000.0,0
84300.0,12,2.64,7994000.0,0
7800.0,21,0.77,1424000.0,0
43600.0,23,9.37,2512000.0,0
119500.0,23,3.78,8108000.0,0
26000.0,13,16.92,3252000.0,0
36600.0,20,6.87,2156000.0,0
84000.0,17,2.21,3727000.0,0
73300.0,21,2.76,1844000.0,0
14100.0,20,6.51,4254000.0,0
17300.0,18,7.24,1713000.0,0
42800.0,22,111.19,1424000.0,0
346000.0,16,2.37,2494000.0,0
6000.0,20,6.57,1424000.0,0
2142700.0,16,1.8,5621000.0,0
9400.0,18,0.58,1424000.0,0
88800.0,13,4.29,6290000.0,0
32700.0,15,1.12,7702000.0,0
41400.0,15,5.47,2187000.0,0
83100.0,12,2.2,3155000.0,0
105300.0,12,1.51,9083000.0,0
86100.0,16,1.5,2575000.0,0
186400.0,13,9.89,7916000.0,0
121600.0,17,3.0,3050000.0,0
125600.0,14,1.0,5054000.0,0
36400.0,20,2.43,1485000.0,0
7300.0,18,20.14,3054000.0,0
10400.0,13,9.59,1424000.0,0
10700.0,18,6.74,1972000.0,0
154300.0,23,4.32,4320000.0,0
5314400.0,19,6.42,5399000.0,0
7500.0,17,27.97,1618000.0,0
483500.0,17,0.7,52608000.0,0
844000.0,9,1.2,1954000.0,0
276000.0,19,9.38,7927000.0,0
464100.0,12,5.49,6807000.0,0
969900.0,19,3.94,2182000.0,0
30200.0,9,2.53,2808000.0,0
11500.0,11,1.26,1424000.0,0
77600.0,19,5.03,7894000.0,0
87000.0,5,5.83,4417000.0,0
85100.0,22,16.2,8852000.0,0
20400.0,12,2.62,1424000.0,0
9100.0,13,4.33,1424000.0,0
4500.0,18,6.13,1504000.0,0
265500.0,17,10.37,24390000.0,0
18500.0,10,4.45,2910000.0,0
714800.0,19,1.44,9666000.0,0
71000.0,14,16.2,5985000.0,0
33400.0,19,1.94,2750000.0,0
364700.0,13,1.41,4882000.0,0
7500.0,17,0.69,4378000.0,0
168400.0,9,20.87,12489000.0,0
49100.0,11,9.63,5745000.0,0
146500.0,20,3.21,9982000.0,0
13300.0,7,6.14,4728000.0,0
75100.0,19,2.04,2238000.0,0
20900.0,11,5.58,1424000.0,0
14200.0,10,109.16,1554000.0,0
20200.0,19,0.99,1433000.0,0
10500.0,7,3.7,1424000.0,0
38100.0,10,9.03,9548000.0,0
122000.0,13,64.01,2568000.0,0
114500.0,21,2.8,2895000.0,0
303900.0,12,4.32,5190000.0,0
39700.0,17,2.52,1680000.0,0
882200.0,10,10.88,15618000.0,0
2400500.0,17,3.98,7535000.0,0
999100.0,8,2.75,32926000.0,0
65000.0,12,2.31,14156000.0,0
1000.0,0,6.32,1424000.0,0
6200.0,12,8.35,1424000.0,0
21200.0,16,32.27,3452000.0,0
25500.0,19,9.09,1456000.0,0
369900.0,11,4.86,10351000.0,1
50000.0,19,7.92,1424000.0,0
82700.0,8,3.56,3097000.0,0
171600.0,9,4.23,3254000.0,0
3800.0,19,1083.0,7994000.0,0
19000.0,6,6.27,2071000.0,0
34100.0,21,3.57,3834000.0,0
12800.0,0,3.38,4345000.0,0
55300.0,14,1.02,8307000.0,0
12400.0,18,7.08,1720000.0,0
181400.0,14,2.76,10442000.0,0
131900.0,8,12.52,1424000.0,0
7500.0,11,9.0,3965000.0,0
6357700.0,14,6.58,5982000.0,0
52300.0,15,5.37,3910000.0,0
329500.0,16,23.1,5527000.0,0
65400.0,11,4.99,1611000.0,0
40700.0,14,7.52,3725000.0,0
15900.0,12,1.37,2347000.0,0
37500.0,18,2.25,5510000.0,0
526200.0,10,4.37,7458000.0,0
62100.0,19,2.12,1424000.0,0
115300.0,11,2.98,1424000.0,0
130100.0,13,1.45,7386000.0,0
11900.0,21,1.59,3727000.0,0
11500.0,13,4.36,1753000.0,0
973200.0,22,5.37,11194000.0,0
3425800.0,14,11.41,5399000.0,0
67100.0,13,8.05,3210000.0,0
24100.0,18,4.47,1424000.0,0
12700.0,12,5.74,2257000.0,0
15400.0,15,9.26,1424000.0,0
106400.0,8,2.12,5136000.0,0
16600.0,18,3.03,2059000.0,0
182000.0,10,9.79,10259000.0,0
1456600.0,15,7.16,23318000.0,0
28200.0,10,2.02,1424000.0,0
56400.0,14,18.31,5479000.0,0
9800.0,21,1.92,1424000.0,0
17700.0,10,9.25,1565000.0,0
52100.0,16,20.21,2641000.0,0
310600.0,19,4.49,1424000.0,0
102900.0,14,1.55,5162000.0,0
104100.0,10,3.53,1424000.0,0
51800.0,19,5.22,2933000.0,0
78200.0,17,4.7,1938000.0,0
26900.0,15,0.95,2232000.0,0
3828900.0,12,1.99,45589000.0,0
120300.0,18,149.27,9176000.0,0
63600.0,19,0.83,1424000.0,0
14800.0,9,18.6,1424000.0,0
93900.0,18,6.02,5794000.0,0
27400.0,16,3.67,4835000.0,0
11100.0,11,3.87,2445000.0,0
17500.0,9,46.82,1424000.0,0
57600.0,14,11.69,4297000.0,0
17000.0,21,20.09,4835000.0,0
89000.0,18,4.4,4355000.0,0
83300.0,15,2.66,1936000.0,0
97300.0,12,7.68,2933000.0,0
11800.0,20,1.22,4604000.0,0
24100.0,20,9.44,6203000.0,0
18500.0,13,2.37,1424000.0,0
65100.0,9,104.42,3020000.0,0
90800.0,14,1331.75,3154000.0,0
4800.0,11,8.39,1600000.0,0
18800.0,8,3.01,1698000.0,0
94200.0,9,16.94,9038000.0,0
19000.0,11,2.43,15722000.0,0
211400.0,4,3.0,10279000.0,0
606100.0,20,14.2,18187000.0,0
56600.0,13,0.99,3865000.0,0
54000.0,17,10.08,5559000.0,0
13200.0,17,1.32,1424000.0,0
25400.0,21,4.34,5659000.0,0
42500.0,19,1.59,1613000.0,0
13900.0,14,6.35,3843000.0,0
31200.0,15,1.26,5140000.0,0
2600.0,18,8.94,2504000.0,0
30800.0,17,4.52,1424000.0,0
156100.0,16,7.62,2677000.0,0
141000.0,19,3.31,2810000.0,0
23300.0,7,65.72,1424000.0,0
295500.0,22,2.05,3870000.0,0
31100.0,16,18.61,1424000.0,0
189700.0,16,779.59,4977000.0,0
6900.0,19,1.51,1424000.0,0
96200.0,18,1.7,2063000.0,0
42400.0,19,4.05,5225000.0,0
20400.0,19,1.46,5789000.0,0
111800.0,11,4.27,1618000.0,0
42100.0,9,2.78,3106000.0,0
24100.0,12,10.99,2870000.0,0
27400.0,17,3.32,4265000.0,0
171100.0,21,7.5,4359000.0,0
6900.0,23,1.27,2445000.0,0
12100.0,6,3.74,6483000.0,0
35800.0,16,1.64,1424000.0,0
38600.0,13,1.14,1647000.0,0
5000.0,19,1.01,1424000.0,0
19000.0,21,2.27,1424000.0,0
10700.0,10,3.71,1514000.0,0
18900.0,19,1.49,2706000.0,0
86300.0,18,2.67,1424000.0,0
69500.0,9,1.91,4604000.0,0
38700.0,15,18.83,5728000.0,0
64000.0,18,1.7,4193000.0,0
43900.0,21,4.19,1905000.0,0
26400.0,10,4.91,4331000.0,0
988800.0,21,456.64,12919000.0,0
261200.0,15,8.71,1424000.0,0
10950600.0,1,1375.06,4868000.0,1
25000.0,11,2.27,1743000.0,0
30200.0,16,4.04,1576000.0,0
28500.0,19,3.47,2189000.0,0
14100.0,16,2.36,1496000.0,0
36900.0,13,1.68,1745000.0,0
1000.0,9,0.97,1424000.0,0
2200.0,12,5.76,4239000.0,0
56300.0,8,1.69,7033000.0,0
54700.0,9,4.0,3294000.0,0
96400.0,12,2.84,16654000.0,0
16700.0,15,11.46,1856000.0,0
57600.0,16,2.33,3252000.0,0
98200.0,15,3.79,5597000.0,0
24500.0,18,1.6,1798000.0,0
108900.0,13,14.14,11297000.0,0
8400.0,19,1.88,1424000.0,0
1375500.0,12,2.91,28620000.0,0
4900.0,14,2.49,3554000.0,0
39500.0,17,2.65,1798000.0,0
12000.0,13,6.93,1424000.0,0
3711100.0,18,20.33,5807000.0,0
100400.0,19,1.71,1969000.0,0
58800.0,1,2.95,9249000.0,0
126900.0,6,2.75,9916000.0,0
19400.0,15,18.36,2168000.0,0
23800.0,14,8.14,1612000.0,0
45600.0,16,4.09,3106000.0,0
439100.0,19,1.65,9821000.0,0
12900.0,18,51.02,3330000.0,0
146400.0,9,5.57,12829000.0,0
103900.0,9,5.55,2532000.0,0
101500.0,21,3.06,2124000.0,0
30000.0,17,3.6,1488000.0,0
31400.0,18,6.02,1424000.0,0
26900.0,21,9.12,4068000.0,0
230300.0,9,5.38,11029000.0,0
130000.0,7,6.53,4063000.0,0
32000.0,4,5.78,2180000.0,0
236500.0,13,92.29,5054000.0,0
6900.0,11,2.08,7752000.0,0
24100.0,16,1.31,3316000.0,0
26700.0,15,2.52,2052000.0,0
53200.0,14,6.15,2125000.0,0
283700.0,14,846.93,1816000.0,0
43900.0,19,4.6,1424000.0,0
33200.0,6,5.29,2123000.0,0
4100.0,17,4.0,2467000.0,0
67600.0,8,8.06,4879000.0,0
296200.0,15,4.9,49240000.0,0
19700.0,17,2.07,5746000.0,0
29900.0,10,12.69,1424000.0,0
7400.0,10,0.94,1424000.0,0
4200.0,22,9.59,1676000.0,0
117000.0,13,1.54,1806000.0,0
134600.0,23,6.77,1424000.0,0
63800.0,9,5.99,2474000.0,0
149800.0,12,20.17,4832000.0,0
18500.0,16,13.6,6373000.0,0
328400.0,13,101.11,11309000.0,0
99900.0,11,1.01,2991000.0,0
19300.0,20,5.73,1424000.0,0
19000.0,17,3.28,3067000.0,0
22400.0,14,2.08,1565000.0,0
115200.0,16,1.25,6034000.0,0
25700.0,13,1.89,1459000.0,0
48000.0,14,7.96,1902000.0,0
21000.0,11,7.19,2800000.0,0
36600.0,20,17.15,2741000.0,0
4400.0,22,113.57,3135000.0,0
80900.0,11,4.6,1759000.0,0
75900.0,16,5.78,2101000.0,0
11400.0,15,2.03,1673000.0,0
160700.0,8,12.63,6331000.0,0
56500.0,9,7.64,2280000.0,0
557000.0,21,14.88,28736000.0,0
6000.0,14,134.48,5468000.0,0
267600.0,13,3.64,11560000.0,0
823500.0,12,12.46,5840000.0,0
343600.0,12,6.62,12437000.0,0
43400.0,19,4.0,8789000.0,0
26800.0,18,2.95,1810000.0,0
29500.0,18,11.22,1424000.0,0
60500.0,21,5.03,6796000.0,0
14400.0,6,1.78,1554000.0,0
48500.0,18,2.34,4624000.0,0
78100.0,18,9.9,1424000.0,0
12900.0,15,2.02,2230000.0,0
27100.0,19,2.81,1424000.0,0
98100.0,21,1.33,4752000.0,0
43100.0,17,1.23,1886000.0,0
5400.0,9,4.82,1831000.0,0
34200.0,16,3.77,9826000.0,0
255200.0,12,9.32,7927000.0,0
20300.0,8,20.8,1896000.0,0
57500.0,17,5.85,2445000.0,0
112600.0,12,3.89,3544000.0,0
40700.0,8,12.67,2138000.0,0
78900.0,16,13.23,6716000.0,0
49900.0,21,6.37,4883000.0,0
124600.0,9,1.82,5488000.0,0
3200.0,13,4.12,1424000.0,0
23500.0,18,14.03,2059000.0,0
20600.0,11,4.06,3616000.0,0
6700.0,7,3.52,3442000.0,0
154500.0,21,118.64,3806000.0,0
58100.0,20,2.05,8499000.0,0
59700.0,15,2.85,4193000.0,0
142700.0,16,8.58,5568000.0,0
2900.0,14,3.16,1424000.0,0
12100.0,22,0.86,1424000.0,0
184200.0,15,2.23,8894000.0,0
130900.0,21,1.68,3646000.0,0
47400.0,21,11.39,2779000.0,0
17600.0,20,14.56,4054000.0,0
17100.0,12,11.6,2051000.0,0
67800.0,21,1.36,3561000.0,0
66100.0,16,2.75,6560000.0,0
10200.0,18,133.42,1863000.0,0
19700.0,7,3.2,2287000.0,0
165100.0,12,0.91,8307000.0,0
48800.0,7,3.4,4817000.0,0
85400.0,16,114.53,1424000.0,0
37200.0,19,3.34,1424000.0,0
27100.0,11,12.43,2027000.0,0
54800.0,9,6.52,1480000.0,0
42700.0,11,5.58,4911000.0,0
5500.0,5,5.12,1424000.0,0
47500.0,18,4.48,3255000.0,0
288400.0,20,7.37,10076000.0,0
16000.0,16,3.46,2347000.0,0
93800.0,19,9.29,7151000.0,0
16100.0,13,4.42,1655000.0,0
159200.0,22,1.0,2875000.0,0
21400.0,23,3.16,2154000.0,0
45100.0,14,3.28,4817000.0,0
6400.0,9,2.88,1424000.0,0
26700.0,22,3.64,5598000.0,0
21100.0,5,7.2,4784000.0,0
29600.0,16,3.91,1719000.0,0
12600.0,11,6.02,3205000.0,0
64600.0,18,9.13,1424000.0,0
76300.0,12,149.39,1618000.0,0
140800.0,15,6.63,5698000.0,0
84000.0,23,143.92,7232000.0,0
109200.0,2,87.46,5582000.0,0
223100.0,12,7.83,5526000.0,0
48800.0,21,5.1,5102000.0,0
10500.0,1,3.37,1865000.0,0
15400.0,18,3.49,4193000.0,0
59500.0,2,3.63,2740000.0,0
13200.0,13,5.16,1981000.0,0
89700.0,6,2.56,11496000.0,0
25700.0,18,15.86,3254000.0,0
149400.0,11,2.27,8032000.0,0
9800.0,6,12.46,1424000.0,0
39700.0,21,5.0,5031000.0,0
57000.0,13,1.44,1424000.0,0
7300.0,19,5.38,1424000.0,0
30800.0,11,39.1,3268000.0,0
2587800.0,11,174.17,4449000.0,1
48700.0,8,8.16,2045000.0,0
66300.0,11,10.15,4760000.0,0
392600.0,16,0.91,4169000.0,0
20200.0,14,1.94,2207000.0,0
81500.0,11,0.72,5129000.0,0
46200.0,22,1.92,1424000.0,0
44700.0,13,3.03,6812000.0,0
261800.0,18,6.05,2802000.0,0
17200.0,15,8.64,1424000.0,0
56400.0,22,7.06,11248000.0,0
1760700.0,19,3.47,38629000.0,0
27400.0,23,0.43,4241000.0,0
14800.0,20,1.42,1424000.0,0
36200.0,17,1.05,7208000.0,0
196900.0,10,0.88,4582000.0,0
21100.0,9,3.23,1424000.0,0
11200.0,9,4.32,1424000.0,0
49000.0,20,14.19,3841000.0,0
5100.0,16,0.97,1424000.0,0
32900.0,17,3.88,3627000.0,0
11700.0,13,0.39,1853000.0,0
52000.0,14,30.25,2821000.0,0
200100.0,8,3.51,4153000.0,0
70600.0,8,1.21,4835000.0,0
98400.0,7,2.23,4921000.0,0
34500.0,9,2.42,5457000.0,0
12800.0,11,5.1,7335000.0,0
7900.0,22,5.25,2541000.0,0
34200.0,14,11.19,1424000.0,0
28800.0,13,1.8,5469000.0,0
35800.0,15,1191.74,1424000.0,0
31600.0,19,1.23,6580000.0,0
37900.0,9,2.42,3210000.0,0
54900.0,21,50.29,6494000.0,0
11800.0,15,5.35,1761000.0,0
267900.0,19,10.82,4718000.0,0
19500.0,9,2.32,4556000.0,0
8300.0,16,20.48,1424000.0,0
112200.0,12,5.61,5942000.0,0
302600.0,19,32.66,9640000.0,0
442400.0,21,111.77,6042000.0,0
553500.0,11,0.89,8789000.0,0
61900.0,10,3.11,4124000.0,0
20400.0,11,15.66,1424000.0,0
112400.0,12,3.71,10109000.0,0
9700.0,0,0.97,2032000.0,0
8000.0,21,0.29,1424000.0,0
28800.0,12,3.69,3787000.0,0
836600.0,16,8.94,5695000.0,0
19700.0,17,2.23,6431000.0,0
616900.0,23,23.59,1424000.0,1
16700.0,15,3.07,1424000.0,0
20300.0,23,79.98,2748000.0,0
1700.0,19,6.8,1424000.0,0
5300.0,12,96.42,3806000.0,0
87600.0,11,5.31,7435000.0,0
82900.0,12,0.46,1856000.0,0
6000.0,22,9.24,3880000.0,0
109900.0,18,11.92,4793000.0,0
124400.0,17,1.02,9716000.0,0
90100.0,14,1.14,4630000.0,0
57700.0,17,3.93,2238000.0,0
3100.0,9,0.62,1424000.0,0
16000.0,14,10.3,2337000.0,0
21900.0,12,1.11,3337000.0,0
234500.0,8,7.19,9879000.0,0
25100.0,20,37.12,1808000.0,0
117900.0,8,21.07,3332000.0,0
140900.0,10,6.55,10279000.0,0
177500.0,17,1.33,3484000.0,0
161400.0,20,6.36,8968000.0,0
22300.0,6,1.38,4184000.0,0
42700.0,17,1.32,1684000.0,0
74900.0,6,29.98,6603000.0,0
32400.0,8,81.02,5982000.0,0
3700.0,18,2.95,1940000.0,0
64600.0,12,10.2,2480000.0,0
14000.0,22,3.8,1424000.0,0
11000.0,22,4.47,1424000.0,0
19300.0,20,0.56,1424000.0,0
12000.0,12,6.04,2286000.0,0
19434700.0,3,252.61,12829000.0,1
95100.0,12,2.79,12021000.0,0
28900.0,15,2.88,8927000.0,0
36600.0,17,9.09,2792000.0,0
26700.0,9,22.74,9432000.0,0
20800.0,8,6.5,1939000.0,0
294700.0,19,1.2,10552000.0,0
712500.0,9,3.82,10166000.0,0
1400.0,6,1.33,1424000.0,0
101200.0,15,8.1,1424000.0,0
7300.0,9,0.73,9083000.0,0
108900.0,13,9.68,3830000.0,0
3000.0,16,5.15,1424000.0,0
9300.0,12,4.12,1424000.0,0
28200.0,15,10.5,5388000.0,0
19000.0,19,4.66,4029000.0,0
38100.0,7,12.91,1424000.0,0
61500.0,18,3.12,2706000.0,0
12700.0,18,0.83,1424000.0,0
78800.0,21,9.02,5056000.0,0
9300.0,18,1.86,1424000.0,0
57100.0,18,5.06,7230000.0,0
40000.0,21,5.34,4756000.0,0
59000.0,13,2.47,1676000.0,0
87200.0,11,7.86,3308000.0,0
130600.0,10,0.48,9338000.0,0
10900.0,10,5.33,3225000.0,0
184900.0,18,4.05,5488000.0,0
27600.0,11,8.33,1624000.0,0
168500.0,14,127.73,7875000.0,0
18200.0,10,3.4,1424000.0,0
10500.0,6,3.61,3346000.0,0
234000.0,14,3.9,24303000.0,0
28200.0,6,4.97,1424000.0,0
285400.0,15,24.6,4028000.0,0
6500.0,21,4.78,1856000.0,0
21200.0,22,43.36,5102000.0,0
84200.0,18,10.12,4841000.0,0
28700.0,19,2.25,2206000.0,0
11400.0,19,62.07,1424000.0,0
7300.0,13,2.89,1424000.0,0
7700.0,20,2.32,2877000.0,0
42300.0,19,1.67,4424000.0,0
274100.0,15,9.45,11201000.0,0
42400.0,21,2.62,4455000.0,0
11200.0,10,4.57,1746000.0,0
115600.0,17,2.44,11837000.0,0
41300.0,19,6.02,20636000.0,0
21900.0,20,3.74,1424000.0,0
55200.0,13,1.06,1765000.0,0
343800.0,15,3.04,6021000.0,0
2600.0,16,6.38,4604000.0,0
101800.0,21,5.11,1424000.0,0
50700.0,11,1.94,14888000.0,0
16300.0,16,1.1,8251000.0,0
8300.0,13,129.81,10279000.0,1
145400.0,1,11.95,5468000.0,0
1192900.0,4,51.85,1424000.0,1
770300.0,19,38.84,1424000.0,0
73400.0,18,4.28,1424000.0,0
122900.0,17,9.09,4835000.0,0
277700.0,13,0.6,7104000.0,0
20500.0,15,1.86,1424000.0,0
164100.0,16,1.36,1584000.0,0
15800.0,23,4.74,2549000.0,0
8800.0,11,5.01,1424000.0,0
9900.0,8,8.11,1424000.0,0
10900.0,12,5.8,2187000.0,0
4500.0,11,4.23,1424000.0,0
90100.0,8,55.65,3289000.0,0
4500.0,5,1564.33,12827000.0,1
27300.0,14,0.48,1994000.0,0
146300.0,15,5.92,2984000.0,0
63200.0,9,1.96,1720000.0,0
533200.0,12,4.08,6877000.0,0
157500.0,13,3.58,6177000.0,0
3500.0,19,3.42,9283000.0,0
13400.0,14,4.09,1424000.0,0
4700.0,20,3.68,1424000.0,0
8600.0,21,11.14,3193000.0,0
3700.0,19,3.46,1752000.0,0
135400.0,18,2.95,3121000.0,0
13800.0,20,3.36,2000000.0,0
220500.0,7,1.89,5203000.0,0
7400.0,21,6.75,1424000.0,0
23800.0,13,6.9,1424000.0,0
22500.0,10,4.62,2137000.0,0
132900.0,23,31.67,5209000.0,0
116900.0,13,15.26,3638000.0,0
128900.0,16,4.97,2423000.0,0
13400.0,12,2.23,5582000.0,0
343500.0,9,5.68,4350000.0,0
14800.0,19,2.77,3229000.0,0
22200.0,13,60.51,1816000.0,0
287000.0,20,3.21,3924000.0,0
66000.0,17,6.98,2228000.0,0
5500.0,11,4.24,1752000.0,0
17200.0,12,5.04,2777000.0,0
23600.0,14,30.38,5359000.0,0
78700.0,18,2.95,2937000.0,0
10500.0,6,5.01,4010000.0,0
21200.0,13,2.56,1424000.0,0
534800.0,15,5.75,45589000.0,0
296700.0,16,13.86,13907000.0,0
15300.0,13,3.47,2407000.0,0
10400.0,17,145.39,1424000.0,0
45300.0,17,5.76,4477000.0,0
80200.0,17,80.03,5033000.0,0
27800.0,11,4.04,2096000.0,0
70400.0,1,2.97,7440000.0,0
15200.0,21,6.07,1424000.0,0
284500.0,17,6.18,9348000.0,0
48700.0,20,6.49,4136000.0,0
26400.0,17,1.35,2262000.0,0
29800.0,1,1.97,1424000.0,0
33400.0,8,3.08,1424000.0,0
19100.0,12,2.36,2653000.0,0
27500.0,0,1.08,3835000.0,0
122100.0,11,6.03,1540000.0,0
65700.0,9,10.26,3555000.0,0
92900.0,16,2.34,2469000.0,0
32000.0,11,66.2,1470000.0,0
49700.0,12,3.29,4436000.0,0
2800.0,13,2.62,1567000.0,0
35000.0,11,142.14,1662000.0,0
331000.0,12,0.92,10166000.0,0
115500.0,18,7.1,6729000.0,0
12500.0,14,1.84,1424000.0,0
9400.0,19,16.12,1424000.0,0
11500.0,17,7.22,2810000.0,0
32600.0,20,71.99,1831000.0,0
46300.0,12,2.91,3402000.0,0
27800.0,1,138.62,3582000.0,0
16100.0,23,834.58,2017000.0,1
45700.0,18,0.58,2444000.0,0
42500.0,18,3.84,1736000.0,0
39800.0,7,82.0,1779000.0,0
77700.0,16,0.64,1424000.0,0
195800.0,18,3.06,7440000.0,0
10400.0,17,2.73,1698000.0,0
10400.0,22,5.43,1852000.0,0
40300.0,12,4.34,1569000.0,0
113500.0,12,2.58,6175000.0,0
98800.0,11,4.16,4911000.0,0
8000.0,11,3.66,1742000.0,0
364300.0,18,123.23,6240000.0,0
11800.0,19,5.5,1825000.0,0
7200.0,1,3.76,2026000.0,0
20100.0,19,14.99,7459000.0,0
19300.0,14,2.06,1424000.0,0
271100.0,9,4.28,5771000.0,0
99000.0,16,9.58,1753000.0,0
28900.0,12,134.11,9916000.0,0
55600.0,19,9.28,3947000.0,0
35300.0,15,0.69,1424000.0,0
3500.0,18,3.42,1424000.0,0
14000.0,12,1.36,1424000.0,0
17000.0,13,5.49,1424000.0,0
331900.0,14,1.45,23318000.0,0
10800.0,9,0.47,1424000.0,0
170400.0,20,1.65,12829000.0,0
52000.0,16,12.71,1424000.0,0
144200.0,11,2.29,5136000.0,0
29500.0,9,25.71,1968000.0,0
15600.0,2,11.03,3910000.0,0
19200.0,19,5.18,1710000.0,0
14400.0,13,3.29,4360000.0,0
20400.0,20,4.49,2012000.0,0
19200.0,21,7.98,3540000.0,0
12100.0,0,141.58,6877000.0,0
149200.0,8,45.13,6538000.0,0
150400.0,20,2.87,1424000.0,0
222500.0,15,14.29,5216000.0,0
81700.0,16,2.06,4066000.0,0
593200.0,12,5.35,3893000.0,0
62700.0,10,11.11,2641000.0,0
268400.0,7,4.73,6380000.0,0
7959900.0,3,70.25,3386000.0,1
41900.0,20,1.76,2876000.0,0
27500.0,15,10.23,1424000.0,0
67400.0,11,5.49,7752000.0,0
8100.0,17,2.1,2182000.0,0
36500.0,12,3.18,2135000.0,0
27200.0,7,6.05,3384000.0,0
122900.0,9,5.12,2184000.0,0
84700.0,16,6.37,1504000.0,0
28200.0,20,1.62,1424000.0,0
35100.0,16,17.85,2326000.0,0
37700.0,12,7.33,6107000.0,0
38400.0,20,2.59,4375000.0,0
86600.0,19,7.06,6066000.0,0
166000.0,10,9.63,7319000.0,0
3900.0,9,113.33,1424000.0,0
6400.0,17,3.44,1424000.0,0
40700.0,21,0.91,1424000.0,0
2176100.0,17,4.65,2759000.0,0
72700.0,10,290.29,4752000.0,0
67700.0,13,13.21,6221000.0,0
27200.0,21,7.01,1424000.0,0
29500.0,18,1149.51,2137000.0,0
5500.0,5,977.07,5523000.0,1
24600.0,9,3.1,1424000.0,0
80500.0,15,5.07,2339000.0,0
29400.0,17,0.62,7293000.0,0
346000.0,14,3.59,3384000.0,0
30800.0,15,7.93,2876000.0,0
13900.0,12,3.12,1495000.0,0
58000.0,13,0.96,2089000.0,0
3000.0,18,4.03,1529000.0,0
48500.0,12,4.38,4693000.0,0
60800.0,16,2.73,4532000.0,0
252700.0,21,10.15,1772000.0,0
29500.0,11,3.04,3843000.0,0
9900.0,0,143.38,1424000.0,0
109100.0,20,7.02,2802000.0,0
10300.0,12,4.03,1424000.0,0
177900.0,5,0.87,6603000.0,0
10200.0,15,1.73,2410000.0,0
176200.0,18,29.69,15623000.0,0
36400.0,7,28.37,1424000.0,0
4000.0,10,2.48,4970000.0,0
127200.0,17,6.99,1424000.0,0
187700.0,20,5.58,7622000.0,0
43000.0,8,1.34,2278000.0,0
8200.0,15,1.26,1424000.0,0
92000.0,13,6.04,2169000.0,0
13400.0,8,10.99,1424000.0,0
268200.0,13,13.59,1887000.0,1
4600.0,18,140.53,1424000.0,0
103800.0,16,0.35,3887000.0,0
319600.0,13,3.86,7865000.0,0
29700.0,21,24.36,1424000.0,0
682500.0,15,10.91,1424000.0,1
8700.0,21,84.14,1424000.0,0
35700.0,11,25.77,3964000.0,0
183600.0,16,13.66,12258000.0,0
11600.0,8,4.28,4793000.0,0
4000.0,12,6.88,4343000.0,0
89400.0,12,11.04,11368000.0,0
35800.0,19,0.33,3731000.0,0
14400.0,17,4.14,1740000.0,0
16600.0,6,2.85,1701000.0,0
18800.0,12,1.69,1616000.0,0
9000.0,18,1.28,1424000.0,0
5600.0,19,0.74,1424000.0,0
16600.0,17,1.14,1424000.0,0
143600.0,18,0.78,18965000.0,0
41800.0,13,6.87,3969000.0,0
17000.0,12,10.92,2339000.0,0
13500.0,7,3.35,1424000.0,0
24700.0,10,5.22,2727000.0,0
41300.0,0,3.92,3627000.0,0
67300.0,14,16.41,7033000.0,0
13700.0,12,1.41,3099000.0,0
6200.0,8,6.29,2059000.0,0
42500.0,14,1.22,5220000.0,0
12200.0,16,1.92,1806000.0,0
119100.0,13,28.05,2052000.0,0
34800.0,12,5.98,2051000.0,0
2169600.0,11,12.1,3554000.0,0
277400.0,13,120.62,14868000.0,0
11600.0,21,11.26,2498000.0,0
873200.0,11,3.5,9916000.0,0
130600.0,11,0.7,6337000.0,0
87400.0,15,3.93,7230000.0,0
65200.0,17,0.89,1424000.0,0
89300.0,14,3.14,4841000.0,0
54200.0,16,4.44,1424000.0,0
97700.0,13,6.72,2052000.0,0
1369100.0,9,3.94,12422000.0,0
43800.0,10,94.05,2938000.0,0
122700.0,20,30.91,5410000.0,0
37100.0,11,2.47,2479000.0,0
27500.0,10,7.15,1746000.0,0
48500.0,7,1.56,1424000.0,0
37700.0,16,0.59,3608000.0,0
640300.0,13,3.83,8033000.0,0
49200.0,7,10.14,5897000.0,0
32400.0,7,0.65,2645000.0,0
99700.0,13,3.46,3676000.0,0
11600.0,11,12.08,1514000.0,0
45200.0,18,75.21,3385000.0,0
148100.0,17,6.45,4200000.0,0
11100.0,15,4.23,1424000.0,0
155500.0,20,1.28,52608000.0,0
58900.0,10,65.93,1424000.0,0
15900.0,13,5.47,2123000.0,0
20300.0,14,4.41,4918000.0,0
90000.0,13,2.22,5818000.0,0
10400.0,9,3.51,1463000.0,0
229600.0,16,109.87,6197000.0,0
3000.0,18,2.13,1424000.0,0
1105000.0,10,13.59,5326000.0,0
117700.0,18,495.29,4429000.0,0
158900.0,9,1.34,13582000.0,0
7100.0,6,3.59,1424000.0,0
24800.0,10,1.46,5523000.0,0
2700.0,21,2.01,1643000.0,0
47300.0,9,2.54,11309000.0,0
74900.0,17,3.81,1672000.0,0
210400.0,17,30.3,2866000.0,0
102100.0,10,5.21,5375000.0,0
54700.0,12,2.94,5162000.0,0
8700.0,13,22.07,1856000.0,0
22200.0,16,2.71,6603000.0,0
646500.0,14,1.43,7135000.0,0
25000.0,21,0.42,1424000.0,0
103900.0,10,9.0,16325000.0,0
108300.0,12,8.7,2922000.0,0
249600.0,19,2.07,24054000.0,0
12000.0,15,1.95,5845000.0,0
9100.0,20,2.35,1424000.0,0
19900.0,15,24.66,4066000.0,0
62300.0,23,2.86,2135000.0,0
5500.0,15,2.81,3402000.0,0
38300.0,12,4.06,2938000.0,0
70400.0,9,74.74,4921000.0,0
41700.0,19,1.97,1424000.0,0
48900.0,17,3.09,5949000.0,0
7700.0,9,60.22,2589000.0,0
123100.0,17,21.84,2885000.0,0
312100.0,15,391.08,24054000.0,0
116900.0,13,4.45,8509000.0,0
23900.0,18,48.05,1424000.0,0
5700.0,11,5.41,1424000.0,0
54900.0,22,7.65,1613000.0,0
86400.0,10,10.6,4715000.0,0
135600.0,11,9.7,2803000.0,0
116000.0,19,2.42,4684000.0,0
83200.0,20,86.0,4034000.0,0
34300.0,13,2.3,1424000.0,0
13200.0,20,1.01,5243000.0,0
275100.0,18,3.22,3494000.0,0
316300.0,7,204.61,16297000.0,0
376100.0,17,3.52,1424000.0,0
49800.0,18,17.82,5372000.0,0
35500.0,15,8.4,3193000.0,0
409500.0,14,7.39,24303000.0,0
29100.0,16,3.37,2101000.0,0
10700.0,16,9.43,1424000.0,0
143400.0,17,1.36,13738000.0,0
70700.0,7,3.96,2187000.0,0
91700.0,10,0.5,2656000.0,0
10500.0,11,1.65,5771000.0,0
142300.0,11,0.94,5060000.0,0
33500.0,12,7.69,4355000.0,0
11100.0,10,22.15,2079000.0,0
17800.0,13,0.73,5060000.0,0
23100.0,20,3.92,7795000.0,0
30100.0,19,1.61,1424000.0,0
16500.0,19,6.2,1424000.0,0
12200.0,20,0.99,1424000.0,0
6700.0,19,6.31,1424000.0,0
41600.0,18,2.12,3406000.0,0
232000.0,7,217.21,8060000.0,0
56700.0,23,9.07,4175000.0,0
20200.0,21,5.36,3548000.0,0
7159600.0,14,1014.95,7106000.0,1
132700.0,7,2.99,1424000.0,0
107500.0,18,8.37,5209000.0,0
9200.0,12,4.23,3590000.0,0
77400.0,16,5.19,6939000.0,0
28900.0,11,1.69,6159000.0,0
62200.0,18,2.9,4163000.0,0
7600.0,15,1.12,1424000.0,0
65500.0,0,10.11,4389000.0,0
172800.0,15,1.46,3633000.0,0
2167200.0,12,0.54,44917000.0,0
13400.0,21,4.25,1424000.0,0
18800.0,10,131.3,1424000.0,0
234200.0,21,11.19,6303000.0,0
65200.0,15,0.46,3554000.0,0
7000.0,18,107.42,1664000.0,0
51300.0,8,5.7,4718000.0,0
9400.0,19,2.23,4223000.0,0
32700.0,19,9.41,4217000.0,0
39400.0,6,3.24,11201000.0,0
85900.0,17,0.51,4063000.0,0
5346000.0,19,46.19,44438000.0,0
41500.0,13,1.83,1424000.0,0
32800.0,16,3.79,3971000.0,0
18800.0,16,5.43,4480000.0,0
200500.0,17,0.97,22976000.0,0
21000.0,13,9.51,3947000.0,0
5200.0,11,2.56,1705000.0,0
67500.0,21,2.13,6807000.0,0
73500.0,8,5.83,3131000.0,0
65400.0,6,2.93,3388000.0,0
50100.0,21,3.55,1424000.0,0
21100.0,13,0.96,1993000.0,0
49900.0,14,5.14,1543000.0,0
1260800.0,21,4.97,24777000.0,0
21600.0,18,9.19,1424000.0,0
17600.0,9,3.17,1424000.0,0
120200.0,7,2.26,8434000.0,0
19800.0,17,133.41,5102000.0,0
123200.0,18,2.3,8180000.0,1
10500.0,13,68.29,3330000.0,0
28000.0,0,2.15,6716000.0,0
2148000.0,17,6.58,6952000.0,0
127700.0,14,3.34,3963000.0,0
78400.0,21,2.94,10396000.0,0
14400.0,15,3.5,2222000.0,0
32500.0,13,3.89,2112000.0,0
33400.0,22,3.31,2227000.0,0
17200.0,15,3.88,1424000.0,0
25300.0,18,444.25,3753000.0,0
529500.0,19,1.09,9982000.0,0
10000.0,15,1.61,1424000.0,0
40100.0,17,17.46,5708000.0,0
32800.0,19,2.66,2532000.0,0
2606800.0,14,177.49,2014000.0,1
176700.0,1,4.13,4677000.0,0
30000.0,14,113.21,3254000.0,0
67400.0,16,3.77,52608000.0,0
38600.0,14,1.13,4343000.0,0
29000.0,18,2.49,2656000.0,0
79200.0,10,1.48,3421000.0,0
74400.0,12,4.18,2662000.0,0
23600.0,8,1.11,2325000.0,0
21700.0,15,2.6,1424000.0,0
32600.0,11,12.86,1424000.0,0
138300.0,21,5.41,8968000.0,0
23700.0,17,104.59,4252000.0,0
41000.0,15,6.04,2135000.0,0
85200.0,20,1.56,6129000.0,0
130100.0,12,1.7,3496000.0,0
2144800.0,11,23.6,5603000.0,1
10600.0,7,4.44,4859000.0,0
12400.0,22,38.63,1471000.0,0
146100.0,18,26.45,6069000.0,0
50300.0,17,9.13,1424000.0,0
11800.0,4,17.89,1424000.0,0
79000.0,17,12.67,1994000.0,0
58500.0,9,1.8,4056000.0,0
153700.0,17,2.97,4977000.0,0
21500.0,10,4.53,1424000.0,0
758300.0,18,1.13,15211000.0,0
37600.0,20,6.46,3596000.0,0
13600.0,20,2.39,1424000.0,0
3100.0,16,17.32,1424000.0,0
12600.0,20,2.49,1463000.0,0
250300.0,18,2.16,10627000.0,0
60800.0,9,3.51,4859000.0,0
95900.0,18,19.67,2337000.0,0
356000.0,11,2.36,6178000.0,0
233700.0,13,7.97,5911000.0,0
34400.0,13,5.68,10368000.0,0
2500.0,11,8.7,1529000.0,0
11200.0,3,1.04,1495000.0,0
787300.0,9,10.72,4744000.0,0
12200.0,9,1.09,1825000.0,0
410800.0,9,6.25,11746000.0,0
50500.0,20,24.42,3809000.0,0
53200.0,17,11.39,3106000.0,0
575900.0,13,21.09,1673000.0,1
75300.0,9,10.55,5005000.0,0
435600.0,11,9.52,6972000.0,0
29700.0,13,4.39,1424000.0,0
13300.0,20,1.36,1424000.0,0
43000.0,17,3.5,2800000.0,0
171700.0,19,7.9,6512000.0,0
212500.0,20,15.5,7588000.0,0
19800.0,21,2.75,1424000.0,0
22900.0,12,6.83,4770000.0,0
24700.0,19,5.97,2423000.0,0
26800.0,7,3.23,4050000.0,0
236300.0,12,120.85,6972000.0,0
4100.0,13,3.45,2821000.0,0
19700.0,10,6.97,1424000.0,0
7000.0,19,7.81,4383000.0,0
43400.0,14,77.95,2975000.0,0
63000.0,11,93.96,1993000.0,0
7300.0,14,5.45,2187000.0,0
39700.0,19,10.66,3489000.0,0
14600.0,16,5.0,4296000.0,0
135300.0,17,4.2,4597000.0,0
86900.0,13,7.07,11194000.0,0
213000.0,23,4.87,5318000.0,0
83400.0,12,71.84,6857000.0,0
90700.0,18,5.12,2398000.0,0
77600.0,12,0.38,3388000.0,0
8300.0,14,5.68,1424000.0,0
66100.0,18,2.97,3913000.0,0
23600.0,12,1.58,1696000.0,0
23100.0,21,461.87,4719000.0,0
104400.0,13,25.19,4414000.0,0
6700.0,18,8.73,1424000.0,0
10000.0,14,4.08,2009000.0,0
33600.0,17,2.89,1721000.0,0
14100.0,22,1.43,1919000.0,0
15600.0,8,5.56,4073000.0,0
102600.0,20,2.59,15762000.0,0
195300.0,19,3.38,5597000.0,0
7500.0,16,3.39,2513000.0,0
3800.0,20,2.39,1761000.0,0
791000.0,16,20.85,13582000.0,0
56900.0,16,4.86,2079000.0,0
16500.0,14,0.73,1810000.0,0
49300.0,7,1.68,5728000.0,0
61500.0,17,1453.82,2512000.0,0
497000.0,23,107.93,1424000.0,1
69500.0,11,4.1,4184000.0,0
39200.0,23,1.03,2009000.0,0
7071900.0,17,1713.95,4607000.0,1
13000.0,12,6.55,3106000.0,0
24400.0,6,5.23,5468000.0,0
35600.0,10,18.82,6989000.0,0
51500.0,21,3.39,3799000.0,0
185800.0,12,34.6,2104000.0,0
32800.0,8,34.95,3099000.0,0
7900.0,15,3.17,1424000.0,0
7700.0,22,3.23,2265000.0,0
17200.0,14,13.32,1533000.0,0
108800.0,17,5.7,13244000.0,0
9900.0,19,11.11,1524000.0,0
88800.0,17,4.43,3174000.0,0
221200.0,10,0.94,3910000.0,0
140100.0,16,8.26,4501000.0,0
27700.0,19,3.41,2353000.0,0
30900.0,20,1.6,4672000.0,0
100500.0,15,29.45,13309000.0,0
93900.0,11,3.94,5559000.0,0
20000.0,15,2.17,1424000.0,0
1400.0,10,0.56,4378000.0,0
227000.0,9,2.55,1466000.0,0
62400.0,13,0.75,4841000.0,0
672900.0,16,5.72,14595000.0,0
11600.0,11,6.14,1424000.0,0
32200.0,15,143.12,1424000.0,0
6800.0,7,3.66,2337000.0,0
7400.0,15,4.1,3823000.0,0
46500.0,15,31.84,2393000.0,0
111700.0,20,4.89,3104000.0,0
15500.0,11,6.94,4177000.0,0
114500.0,12,6.85,1424000.0,0
27800.0,21,34.77,2393000.0,0
214000.0,19,3.39,8754000.0,0
34100.0,20,1.85,2876000.0,0
63400.0,15,2.07,13763000.0,0
20300.0,11,43.28,5129000.0,0
79200.0,8,88.77,4235000.0,0
22500.0,12,2.36,3174000.0,0
20500.0,19,72.94,2717000.0,0
5900.0,17,21.57,1424000.0,0
14400.0,18,5.67,1877000.0,0
7700.0,13,4.77,1841000.0,0
38300.0,22,7.73,7380000.0,0
8300.0,20,103.11,2938000.0,0
13000.0,9,5.8,1493000.0,0
430900.0,16,20.11,32736000.0,0
49089500.0,4,1602.7,22795000.0,1
16000.0,9,3.71,1910000.0,0
10100.0,16,1.38,7680000.0,0
48200.0,16,7.58,3948000.0,0
30000.0,17,141.78,1424000.0,0
24400.0,12,18.1,1424000.0,0
33100.0,22,106.78,1471000.0,0
69900.0,19,2.24,1693000.0,0
38100.0,22,0.9,5638000.0,0
153900.0,21,1.09,4430000.0,0
21500.0,15,4.2,2298000.0,0
17400.0,19,11.82,1424000.0,0
10400.0,12,4.75,14067000.0,0
230000.0,15,1.79,3461000.0,0
12000.0,12,3.46,2418000.0,0
10900.0,21,21.67,1834000.0,0
7300.0,21,146.47,1424000.0,0
91500.0,18,2.91,16831000.0,0
5400.0,18,2.22,1664000.0,0
17600.0,19,2.59,3538000.0,0
266400.0,17,3.1,3461000.0,0
195800.0,21,38.63,1424000.0,0
12300.0,11,0.88,1863000.0,0
177900.0,15,4.95,2983000.0,0
4700.0,1,0.43,5614000.0,0
64700.0,19,1.99,2522000.0,0
43800.0,2,5.55,2745000.0,0
8700.0,12,15.24,1731000.0,0
47900.0,8,7.83,4604000.0,0
21700.0,13,8.13,1424000.0,0
12100.0,15,1.62,2815000.0,0
39400.0,9,5.65,2528000.0,0
771200.0,22,1.99,10935000.0,0
113100.0,7,21.66,3623000.0,0
6800.0,7,8.77,1424000.0,0
61400.0,22,9.01,5462000.0,0
1194700.0,15,6.56,1613000.0,0
6000.0,11,5.09,1424000.0,0
112500.0,14,0.69,2763000.0,0
494300.0,21,18.71,4649000.0,0
33100.0,17,8.8,1424000.0,0
597600.0,21,9.6,22795000.0,0
38200.0,12,2.15,1680000.0,0
258700.0,12,3.14,32736000.0,0
4300.0,9,5.3,1727000.0,0
3700.0,10,1.43,2110000.0,0
95800.0,23,3.04,14074000.0,0
29800.0,11,4.47,2522000.0,0
43300.0,16,6.14,1424000.0,0
12600.0,20,1.41,1424000.0,0
116700.0,18,23.55,4754000.0,0
28900.0,20,0.37,4883000.0,0
40100.0,23,5.68,6392000.0,0
13900.0,16,30.99,1424000.0,0
7600.0,21,0.28,2079000.0,0
20100.0,16,2.22,3596000.0,0
5100.0,16,6.53,1424000.0,0
6279600.0,0,155.21,2591000.0,1
137700.0,16,15.35,1650000.0,0
42300.0,13,5.22,1424000.0,0
164600.0,21,2.22,4417000.0,0
4000.0,11,2.23,1424000.0,0
17800.0,12,0.38,2870000.0,0
14900.0,13,0.7,7151000.0,0
19900.0,17,39.24,1587000.0,0
44400.0,18,3.01,6213000.0,0
52600.0,12,7.02,5410000.0,0
5000.0,18,35.47,6076000.0,0
97500.0,11,1.62,1969000.0,0
411600.0,19,4.94,2706000.0,0
133800.0,8,1.26,3011000.0,0
30000.0,13,4.63,2260000.0,0
19700.0,20,694.4,2944000.0,0
10900.0,17,9.64,2922000.0,0
18500.0,9,8.53,3141000.0,0
153800.0,7,5.74,4603000.0,0
30300.0,13,2.12,1424000.0,0
152900.0,9,7.96,4254000.0,0
223400.0,14,75.29,3878000.0,0
4100.0,21,4.87,3305000.0,0
99900.0,15,4.23,7110000.0,0
174300.0,21,3.35,2381000.0,0
23300.0,13,5.43,2123000.0,0
16900.0,8,45.09,3263000.0,0
9700.0,13,1.52,1477000.0,0
19700.0,19,3.48,1695000.0,0
1900.0,7,5.4,1424000.0,0
22100.0,19,3.69,1424000.0,0
1023900.0,2,8.22,3346000.0,1
96300.0,18,3.79,1520000.0,0
29400.0,6,5.84,1424000.0,0
24000.0,18,14.13,1424000.0,0
18000.0,14,4.68,3877000.0,0
47000.0,17,1.09,3913000.0,0
40700.0,10,4.25,1424000.0,0
22900.0,16,48.03,11560000.0,0
34300.0,19,4.69,8180000.0,0
35500.0,19,1491.76,5510000.0,0
22800.0,9,7.21,4882000.0,0
126000.0,12,13.27,1424000.0,0
23100.0,18,3.12,2810000.0,0
5700.0,12,2.06,1424000.0,0
19600.0,14,6.48,3033000.0,0
65500.0,12,2.34,3594000.0,0
726800.0,12,3.69,4727000.0,0
5900.0,8,2.39,1424000.0,0
21900.0,10,6.9,1844000.0,0
80500.0,20,2.05,2480000.0,0
11800.0,15,270.31,1684000.0,1
13100.0,12,2.36,4063000.0,0
64000.0,14,2.41,3847000.0,0
85600.0,14,7.07,1424000.0,0
11300.0,11,3.88,2425000.0,0
169100.0,8,11.51,10259000.0,0
22300.0,21,2.46,2406000.0,0
11900.0,8,1.04,5270000.0,0
283500.0,13,3.34,16544000.0,0
5100.0,11,1.65,1424000.0,0
61200.0,16,8.36,3558000.0,0
94500.0,7,2.2,13284000.0,0
3252700.0,4,164.95,2227000.0,1
8000.0,10,2.34,2479000.0,0
26200.0,21,2.13,5745000.0,0
3055900.0,13,4.42,5473000.0,0
214200.0,9,7.02,14603000.0,0
169100.0,13,1.69,12164000.0,0
41200.0,11,1.29,1424000.0,0
38800.0,6,2.09,13907000.0,0
126100.0,18,22.61,3102000.0,0
16100.0,19,3.53,1424000.0,0
119500.0,17,2.2,5225000.0,0
52300.0,13,3.89,13444000.0,0
8600.0,12,17.04,1890000.0,0
59300.0,13,1.04,5203000.0,0
47000.0,15,1.89,2803000.0,0
6100.0,17,6.17,1645000.0,0
51700.0,21,3.55,2866000.0,0
76100.0,10,0.67,10468000.0,0
335400.0,17,7.07,16831000.0,0
3200.0,16,5.62,2326000.0,0
103300.0,11,2.91,5837000.0,0
178800.0,16,3.26,5162000.0,0
11000.0,11,1.46,2163000.0,0
23900.0,10,14.11,1614000.0,0
4100.0,12,2.97,1424000.0,0
1000.0,15,1.47,2135000.0,0
3500.0,22,10.31,1926000.0,0
11100.0,10,12.22,1701000.0,0
23300.0,13,8.86,3830000.0,0
80200.0,11,5.77,4456000.0,0
333100.0,13,3.47,12458000.0,0
17300.0,10,5.7,1424000.0,0
143900.0,17,1.7,3011000.0,0
186500.0,15,19.33,3288000.0,0
20200.0,16,2.37,1424000.0,0
67800.0,22,1137.1,6869000.0,0
208000.0,15,15.09,7135000.0,0
32300.0,10,2.65,2324000.0,0
31300.0,17,31.93,1424000.0,0
1692000.0,12,4.3,1424000.0,0
10700.0,17,1.44,6716000.0,0
101100.0,20,1.69,4347000.0,0
118600.0,19,27.47,4168000.0,0
11200.0,12,3.28,2238000.0,0
471100.0,14,3.83,1664000.0,0
42700.0,18,5.08,5014000.0,0
37500.0,16,9.9,2000000.0,0
53700.0,18,0.96,1424000.0,0
42200.0,13,8.31,1972000.0,0
14700.0,19,6.58,3388000.0,0
109700.0,10,2.39,20636000.0,0
453300.0,12,1078.78,10507000.0,0
42600.0,11,0.71,4067000.0,0
23300.0,20,6.21,1424000.0,0
329700.0,8,112.09,5496000.0,0
621800.0,16,4.94,18272000.0,0
32700.0,9,14.02,2426000.0,0
47600.0,20,1430.12,5484000.0,0
3600.0,7,2.65,1424000.0,0
24700.0,19,6.48,4254000.0,0
324900.0,14,1.74,6955000.0,0
53200.0,9,6.13,5290000.0,0
34900.0,19,18.0,5888000.0,0
5300.0,8,4.27,1424000.0,0
38700.0,14,4.7,6147000.0,0
13200.0,17,3.09,1424000.0,0
168200.0,8,244.89,10468000.0,0
15900.0,14,2.58,3006000.0,0
224400.0,8,25.92,11951000.0,0
2114100.0,11,5.16,8428000.0,0
533700.0,19,12.7,3910000.0,0
12500.0,11,7.1,4378000.0,0
23700.0,18,4.53,1424000.0,0
8500.0,9,10.38,7538000.0,0
236500.0,0,4.98,49240000.0,0
24500.0,15,6.36,5272000.0,0
6400.0,16,12.72,5300000.0,0
700500.0,19,1.5,10592000.0,0
3000.0,13,18.67,2168000.0,0
93600.0,16,1.12,5071000.0,0
101400.0,13,3.5,1424000.0,0
11800.0,23,4.31,1424000.0,0
440100.0,15,3.47,23618000.0,0
46800.0,20,2.55,2513000.0,0
73100.0,14,1.37,12913000.0,0
14900.0,20,3.61,1424000.0,0
46200.0,19,2.56,5054000.0,0
109900.0,14,8.44,4597000.0,0
53800.0,9,8.22,8979000.0,0
36300.0,10,269.18,3635000.0,0
35300.0,20,1.22,4193000.0,0
43900.0,21,1.88,6943000.0,0
8000.0,12,2.78,1424000.0,0
16700.0,13,0.75,2110000.0,0
33200.0,20,12.85,2392000.0,0
64000.0,7,29.16,1991000.0,0
12000.0,20,1.57,1424000.0,0
54800.0,11,1.33,1424000.0,0
106900.0,19,822.12,5131000.0,0
49100.0,9,2.42,6174000.0,0
20000.0,16,1.64,2575000.0,0
14500.0,20,0.98,3000000.0,0
64800.0,20,1.92,7475000.0,0
11600.0,10,2.07,1676000.0,0
43200.0,9,9.19,4933000.0,0
10500.0,14,1.42,1424000.0,0
14700.0,20,2.7,5057000.0,0
87400.0,21,101.8,4320000.0,0
32800.0,19,5.3,1424000.0,0
434800.0,8,79.7,35151000.0,0
63600.0,17,23.54,2369000.0,0
112000.0,19,1.46,20040000.0,0
6900.0,9,4.48,1424000.0,0
25500.0,10,1.49,1424000.0,0
223700.0,10,38.19,5000000.0,0
11800.0,16,7.16,2301000.0,0
10100.0,12,1.77,5130000.0,0
3500.0,10,1.14,2107000.0,0
19400.0,17,9.0,1424000.0,0
146900.0,14,1.76,7484000.0,0
73900.0,8,0.44,1424000.0,0
7300.0,13,22.18,1896000.0,0
46400.0,13,3.63,3630000.0,0
65600.0,21,3.31,3830000.0,0
38600.0,7,8.07,1424000.0,0
500100.0,13,17.27,9336000.0,0
35100.0,13,7.5,6827000.0,0
29800.0,0,5.39,2204000.0,0
46600.0,19,6.15,2108000.0,0
198300.0,10,2.69,5399000.0,0
13953600.0,3,434.22,6812000.0,1
117500.0,7,134.62,11340000.0,0
11900.0,8,3.76,1747000.0,0
3300.0,17,1.69,1424000.0,0
27900.0,15,1.52,1713000.0,0
276700.0,18,51.91,9124000.0,0
15500.0,10,4.32,3603000.0,0
48200.0,14,4.82,3200000.0,0
82300.0,13,4.94,4026000.0,0
3803300.0,17,5.78,3603000.0,0
1900.0,11,7.84,1424000.0,0
12300.0,19,3.57,1424000.0,0
31600.0,8,3.22,1424000.0,0
1100.0,18,5.05,2026000.0,0
36300.0,21,1276.54,2099000.0,0
2400.0,20,4.33,1424000.0,0
202000.0,21,19.04,4777000.0,0
240400.0,8,6.35,12293000.0,0
3316300.0,4,1120.73,3399000.0,1
10200.0,16,5.45,3823000.0,0
6700.0,18,3.02,2235000.0,0
2251700.0,11,3.46,4883000.0,0
13800.0,15,9.65,1424000.0,0
15500.0,20,1.75,4936000.0,0
19700.0,20,4.93,1424000.0,0
21100.0,20,23.48,3871000.0,0
37200.0,23,11.78,5523000.0,0
87000.0,19,0.95,1424000.0,0
526200.0,21,0.55,8511000.0,0
18500.0,12,5.84,3761000.0,0
9000.0,19,6.53,2280000.0,0
8100.0,21,7.36,1676000.0,0
9200.0,9,17.42,3452000.0,0
254300.0,10,1.67,9348000.0,0
34100.0,15,2.19,1424000.0,0
39000.0,13,7.96,2818000.0,0
139700.0,22,14.43,6450000.0,0
24100.0,4,2.69,5845000.0,0
826800.0,22,64.74,1495000.0,1
89000.0,16,9.89,1424000.0,0
46200.0,6,105.01,14661000.0,0
113400.0,20,8.01,3700000.0,0
164100.0,20,124.39,18363000.0,0
170300.0,11,36.99,1490000.0,0
63800.0,11,1.73,2287000.0,0
7500.0,18,1.72,1424000.0,0
87900.0,8,1.26,1695000.0,0
7500.0,19,5.26,1424000.0,0
16600.0,21,6.98,1424000.0,0
5200.0,14,3.35,2113000.0,0
578100.0,12,9.43,49240000.0,0
34000.0,5,3.91,2068000.0,0
195300.0,21,4.16,8472000.0,0
26200.0,15,10.85,2568000.0,0
5100.0,17,146.61,1841000.0,0
225700.0,18,4.89,14930000.0,0
53600.0,15,0.99,5706000.0,0
3600.0,9,5.04,1432000.0,0
48900.0,19,88.87,1424000.0,0
51200.0,16,7.99,9012000.0,0
3500.0,17,5.43,2021000.0,0
172400.0,9,109.68,9640000.0,0
20200.0,11,3.18,3566000.0,0
40500.0,9,9.39,2678000.0,0
56900.0,17,10.24,3608000.0,0
11600.0,17,12.42,6070000.0,0
22200.0,10,3.35,3753000.0,0
76400.0,5,91.73,1424000.0,0
178500.0,12,10.89,8094000.0,0
131400.0,18,3.98,1424000.0,0
33300.0,18,1.97,3040000.0,0
8500.0,21,1.04,1538000.0,0
210800.0,15,1.22,1647000.0,0
28000.0,15,18.0,1754000.0,0
181200.0,9,12.36,6203000.0,0
263200.0,9,3.0,14661000.0,0
15600.0,22,246.05,1516000.0,0
88600.0,19,8.5,4306000.0,0
51400.0,16,2.41,5603000.0,0
42700.0,10,4.72,2439000.0,0
1600.0,5,0.67,2429000.0,0
77600.0,16,13.51,7141000.0,0
86300.0,13,5.49,15228000.0,0
33200.0,19,3.92,2516000.0,0
17700.0,10,3.93,2656000.0,0
34400.0,17,2.49,1424000.0,0
22500.0,11,1.83,1991000.0,0
42800.0,18,4.62,1811000.0,0
25700.0,11,7.05,5444000.0,0
16000.0,19,5.49,1424000.0,0
58300.0,9,12.14,3297000.0,0
176100.0,21,50.7,5421000.0,0
27700.0,13,1.55,2796000.0,0
24600.0,21,58.9,2634000.0,0
49500.0,15,23.09,3091000.0,0
5400.0,22,8.46,1910000.0,0
261600.0,6,5.39,3067000.0,0
1154800.0,12,3.33,56726000.0,0
105500.0,11,3.26,3726000.0,0
205900.0,13,5.44,15553000.0,0
5900.0,16,8.01,2187000.0,0
24500.0,19,6.06,1424000.0,0
45500.0,20,120.13,5244000.0,0
185000.0,19,18.79,12021000.0,0
88300.0,21,3.54,4768000.0,0
18100.0,15,4.53,1890000.0,0
30000.0,12,1.61,1424000.0,0
21600.0,13,5.27,2492000.0,0
80900.0,19,9.12,1741000.0,0
50600.0,22,2.55,4116000.0,0
26600.0,17,2.63,3489000.0,0
25500.0,7,13.85,1424000.0,0
369200.0,18,14.0,7394000.0,0
16300.0,15,3.32,2800000.0,0
177300.0,12,2.25,6175000.0,0
9900.0,13,7.03,2796000.0,0
79000.0,13,9.88,3236000.0,0
7600.0,17,4.11,4063000.0,0
33600.0,9,1.34,2351000.0,0
26900.0,9,98.23,3243000.0,0
4700.0,19,8.46,3010000.0,0
27700.0,12,0.85,3160000.0,0
647500.0,20,14.42,3565000.0,1
101700.0,11,5.04,2000000.0,0
29800.0,21,6.75,4456000.0,0
13200.0,13,4.26,5476000.0,0
171300.0,22,8.98,3910000.0,0
153000.0,17,2.1,2937000.0,0
21100.0,7,7.99,1978000.0,0
187400.0,17,3.19,6430000.0,0
150400.0,12,739.83,2569000.0,0
83400.0,16,49.33,5817000.0,0
70300.0,19,3.72,1577000.0,0
28000.0,14,0.98,1761000.0,0
9000.0,18,4.27,4556000.0,0
49700.0,11,6.14,2922000.0,0
38600.0,17,1.88,1809000.0,0
310700.0,11,25.87,3376000.0,0
99000.0,17,2.57,6712000.0,0
13700.0,9,2.1,4630000.0,0
84400.0,12,5.01,1424000.0,0
115100.0,21,4.05,6889000.0,0
12400.0,20,11.6,5136000.0,0
27000.0,9,3.79,1424000.0,0
6200.0,14,9.13,2512000.0,0
49800.0,17,3.86,1424000.0,0
178500.0,11,4.54,2910000.0,0
26700.0,21,3.94,3290000.0,0
239000.0,21,23.33,5597000.0,0
22400.0,13,17.21,1832000.0,0
420100.0,11,21.78,21386000.0,0
63000.0,19,413.77,6807000.0,0
354200.0,13,2.13,11962000.0,0
137400.0,7,3.05,10366000.0,0
45900.0,17,8.89,1936000.0,0
91700.0,11,2.0,4464000.0,0
3400.0,20,3.63,1495000.0,0
15200.0,9,1.63,2339000.0,0
210100.0,18,2.1,8625000.0,0
122400.0,9,11.3,3282000.0,0
4213000.0,15,1.24,4918000.0,0
26600.0,20,7.01,2877000.0,0
259300.0,18,2.38,6699000.0,0
871500.0,16,4.15,51331000.0,0
93200.0,18,55.7,4882000.0,0
79000.0,22,3.21,6580000.0,0
30000.0,12,17.37,2233000.0,0
15800.0,18,3.18,4694000.0,0
47600.0,17,10.35,2051000.0,0
22100.0,9,5.06,2808000.0,0
27900.0,15,8.76,2124000.0,0
114400.0,16,4.28,1424000.0,0
325200.0,21,11.78,8927000.0,0
18200.0,7,1.7,3664000.0,0
32300.0,14,8.99,3332000.0,0
83100.0,19,9.26,1424000.0,0
10500.0,14,2.43,1424000.0,0
87700.0,10,5.31,2398000.0,0
52800.0,11,4.47,6919000.0,0
26800.0,18,0.84,2684000.0,0
11900.0,6,19.97,3676000.0,0
125900.0,7,7.37,5131000.0,0
36400.0,14,15.08,2180000.0,0
94500.0,13,113.11,2238000.0,0
2146600.0,14,6.0,12376000.0,0
44400.0,12,3.21,2518000.0,0
21900.0,12,0.71,1720000.0,0
27500.0,10,4.75,2695000.0,0
7000.0,8,2.92,1650000.0,0
38900.0,15,4.65,5216000.0,0
36500.0,12,1.63,2112000.0,0
42700.0,10,9.67,1969000.0,0
27900.0,13,0.52,1582000.0,0
11000.0,21,116.22,2572000.0,0
18300.0,14,14.81,3091000.0,0
250900.0,6,5.62,6716000.0,0
71700.0,14,43.14,2474000.0,0
26000.0,10,8.04,9336000.0,0
45300.0,10,1163.76,4430000.0,0
6500.0,20,149.41,1696000.0,0
12900.0,3,3.5,4911000.0,0
2800.0,18,560.95,1994000.0,0
131300.0,9,1.02,11670000.0,0
19300.0,16,18.29,3229000.0,0
26400.0,6,1.94,1424000.0,0
28300.0,16,3.37,1993000.0,0
200300.0,16,6.61,4974000.0,0
2300.0,19,1.57,1424000.0,0
153300.0,21,2.02,3621000.0,0
103700.0,19,6.94,2910000.0,0
2400.0,17,9.0,1474000.0,0
38200.0,18,7.92,1424000.0,0
47100.0,7,8.95,1488000.0,0
22200.0,17,5.21,2764000.0,0
31800.0,19,0.7,2917000.0,0
49100.0,18,12.08,3802000.0,0
38900.0,21,9.43,7368000.0,0
7900.0,9,7.76,1424000.0,0
98200.0,16,3.09,1430000.0,0
41200.0,3,2.58,6062000.0,0
42300.0,17,0.84,2549000.0,0
18600.0,11,5.14,2017000.0,0
16500.0,18,3.77,4539000.0,0
72100.0,10,9.44,4582000.0,0
492800.0,0,1.98,5131000.0,0
13761000.0,15,6.83,12220000.0,0
86200.0,9,1.29,4432000.0,0
17000.0,12,4.02,1424000.0,0
2393900.0,0,123.25,3030000.0,1
29500.0,9,45.67,1596000.0,0
30100.0,7,3.93,1424000.0,0
25800.0,13,2.15,5191000.0,0
20900.0,12,0.99,1424000.0,0
26600.0,15,12.13,1424000.0,0
8500.0,11,1.8,1424000.0,0
64800.0,7,5.84,4078000.0,0
3416600.0,18,1.64,6812000.0,0
11200.0,15,2.17,2232000.0,0
1145800.0,20,6.98,4477000.0,0
59500.0,8,10.8,1909000.0,0
13200.0,16,4.23,8460000.0,0
74500.0,21,2.56,3152000.0,0
11800.0,10,2.88,1424000.0,0
14300.0,18,2.56,1424000.0,0
25400.0,20,2.3,1701000.0,0
7300.0,20,7.99,1698000.0,0
11200.0,13,7.39,1762000.0,0
28800.0,16,3.56,4829000.0,0
146600.0,20,5.61,3720000.0,0
5000.0,16,2.16,1424000.0,0
17700.0,11,5.35,6431000.0,0
27500.0,6,3.19,2810000.0,0
15000.0,18,4.58,1424000.0,0
10300.0,20,7.19,3965000.0,0
28300.0,21,1.7,1825000.0,0
15900.0,8,113.89,1424000.0,0
1277500.0,15,4.62,2792000.0,0
11000.0,19,85.19,2270000.0,0
45200.0,19,20.37,6110000.0,0
27600.0,12,14.33,1424000.0,0
18200.0,23,13.63,1424000.0,0
89700.0,6,18.74,2423000.0,0
132100.0,13,94.97,1532000.0,0
80100.0,5,9.38,7135000.0,0
100900.0,18,5.21,4814000.0,0
7700.0,9,6.29,1424000.0,0
25900.0,15,17.09,1424000.0,0
6000.0,17,74.45,1424000.0,0
7300.0,17,5.27,2198000.0,0
79800.0,10,7.06,6236000.0,0
143800.0,22,109.06,8272000.0,0
126800.0,17,4.72,6672000.0,0
154200.0,9,3.19,14817000.0,0
212600.0,18,2.81,2770000.0,0
36200.0,16,0.48,1569000.0,0
83200.0,20,10.71,5484000.0,0
6200.0,20,91.7,2386000.0,0
30200.0,12,4.34,2917000.0,0
3400.0,14,0.51,3561000.0,0
81500.0,12,1.38,2180000.0,0
29200.0,15,10.54,3666000.0,0
18300.0,11,2.67,1969000.0,0
81300.0,22,7.7,4209000.0,0
91300.0,11,3.67,2745000.0,0
71200.0,17,7.78,3402000.0,0
71100.0,11,4.34,2526000.0,0
17300.0,15,4.0,1844000.0,0
153100.0,10,21.42,2634000.0,0
24700.0,11,1.63,3152000.0,0
156000.0,11,3.96,7106000.0,0
41000.0,18,2.14,3841000.0,0
675200.0,13,2.87,24054000.0,0
53600.0,13,1.24,3080000.0,0
40500.0,21,4.25,2777000.0,0
29200.0,15,1.33,2445000.0,0
8000.0,14,0.49,3193000.0,0
157700.0,13,3.65,5033000.0,0
105500.0,9,2.29,2495000.0,0
11900.0,15,3.15,1424000.0,0
34300.0,20,1.27,5949000.0,0
32800.0,14,10.91,3205000.0,0
92600.0,15,2.25,9640000.0,0
119400.0,20,2.07,10847000.0,0
7100.0,18,1.44,3308000.0,0
12600.0,21,1.68,1865000.0,0
23900.0,7,3.32,2286000.0,0
30400.0,12,1.46,1424000.0,0
6500.0,15,6.41,2039000.0,0
35400.0,22,2.02,5959000.0,0
436400.0,11,1.48,6430000.0,0
54700.0,11,14.67,1424000.0,0
184400.0,13,2.11,6042000.0,0
5200.0,19,1.74,1439000.0,0
11200.0,6,81.76,1800000.0,0
76200.0,10,2.0,8118000.0,0
3800.0,4,2.48,1882000.0,0
7500.0,18,134.12,2474000.0,0
7700.0,10,1.27,2878000.0,0
7000.0,15,8.4,1424000.0,0
6000.0,17,11.2,1424000.0,0
19700.0,8,1480.12,11368000.0,1
60200.0,21,3.08,9606000.0,0
37400.0,11,1.09,5597000.0,0
38000.0,15,4.66,1461000.0,0
143900.0,20,3.96,3638000.0,0
23400.0,17,1.95,6331000.0,0
263200.0,21,119.23,9271000.0,0
59400.0,0,67.83,2689000.0,0
12800.0,10,2.3,2298000.0,0
19400.0,17,3.95,1877000.0,0
2800.0,9,6.52,1424000.0,0
20600.0,12,3.56,1424000.0,0
186100.0,12,1.64,2516000.0,0
23300.0,19,0.37,1424000.0,0
65400.0,11,2.43,8331000.0,0
17700.0,21,42.54,2288000.0,0
56900.0,13,3.42,2604000.0,0
137000.0,13,21.19,5552000.0,0
11300.0,9,6.54,1424000.0,0
25400.0,9,142.39,2690000.0,0
25500.0,10,2.5,4707000.0,0
29600.0,9,2.67,1424000.0,0
20800.0,20,3.91,1424000.0,0
106100.0,20,9.19,7106000.0,0
48500.0,11,2.8,1841000.0,0
43600.0,17,103.13,3254000.0,0
2455400.0,9,36.39,9012000.0,1
8700.0,13,6.82,4297000.0,0
95300.0,20,0.6,1424000.0,0
70800.0,15,2.06,5022000.0,0
12500.0,12,6.44,1424000.0,0
10400.0,15,2.5,2750000.0,0
12500.0,10,1.67,1938000.0,0
9000.0,15,11.18,1424000.0,0
5300.0,18,2.69,1424000.0,0
107200.0,13,12.91,1424000.0,0
84700.0,11,51.53,1809000.0,0
7540200.0,11,14.0,10342000.0,0
27900.0,11,7.28,5058000.0,0
82900.0,15,1.27,4911000.0,0
149400.0,12,5.5,11491000.0,0
22800.0,22,14.01,3727000.0,0
7000.0,18,73.5,1756000.0,0
547700.0,18,8.81,56726000.0,0
4909700.0,21,2.47,30578000.0,0
33200.0,19,1.97,1424000.0,0
53600.0,17,3.42,6494000.0,0
7500.0,10,2.15,1424000.0,0
64800.0,20,2.39,3160000.0,0
27300.0,14,7.78,3603000.0,0
44900.0,19,0.77,7665000.0,0
38700.0,19,4.22,4455000.0,0
59500.0,18,1.84,1424000.0,0
7600.0,15,6.3,1490000.0,0
73800.0,19,3.98,3107000.0,0
52900.0,11,2.34,1424000.0,0
192800.0,17,0.7,5923000.0,0
45800.0,14,10.81,1424000.0,0
55800.0,1,0.5,1424000.0,0
631000.0,12,17.65,25299000.0,0
37800.0,18,1.43,1424000.0,0
249200.0,7,12.15,3249000.0,0
38400.0,19,0.88,5526000.0,0
18400.0,11,0.81,1424000.0,0
49400.0,13,1.66,3959000.0,0
38600.0,16,3.31,2796000.0,0
10300.0,19,1.31,1424000.0,0
45800.0,13,2.97,1424000.0,0
44100.0,13,3.4,1938000.0,0
101500.0,15,3.37,4752000.0,0
111400.0,13,1.16,5807000.0,0
82400.0,16,78.52,6762000.0,0
99000.0,21,1.48,1424000.0,0
8300.0,21,3.31,1865000.0,0
42900.0,15,6.13,3224000.0,0
82100.0,12,2.54,5033000.0,0
12500.0,20,774.18,2078000.0,0
83100.0,17,3.78,3174000.0,0
530100.0,14,617.12,1554000.0,1
15300.0,17,5.67,2014000.0,0
112100.0,16,0.95,1424000.0,0
64100.0,16,2.74,8754000.0,0
94600.0,16,2.57,2030000.0,0
8300.0,16,143.28,1945000.0,0
4600.0,11,5.61,1624000.0,0
1800.0,17,140.63,1424000.0,0
15100.0,19,29.15,1984000.0,0
4800.0,7,10.48,1424000.0,0
7200.0,14,11.09,1576000.0,0
133000.0,19,7.15,8285000.0,0
56800.0,20,2.06,1811000.0,0
5800.0,12,7.98,1433000.0,0
635700.0,10,106.24,6952000.0,0
16300.0,13,2.58,1424000.0,0
43700.0,17,3.59,2369000.0,0
61700.0,17,10.32,5162000.0,0
24100.0,14,3.05,1855000.0,0
20600.0,20,81.53,1424000.0,0
4000.0,15,2.6,1424000.0,0
2600.0,11,3.53,1424000.0,0
18500.0,11,5.17,1742000.0,0
42700.0,17,4.38,2611000.0,0
89100.0,8,12.11,5060000.0,0
32700.0,20,28.44,2135000.0,0
80400.0,11,2.76,3229000.0,0
270000.0,13,14.07,23618000.0,0
57700.0,18,5.23,10015000.0,0
84500.0,11,7.46,15623000.0,0
77600.0,13,1.17,32926000.0,0
99000.0,18,1.78,5056000.0,0
25100.0,19,75.1,5845000.0,0
9900.0,12,67.68,3489000.0,0
50800.0,8,31.69,1985000.0,0
89500.0,0,1.31,1590000.0,0
51200.0,16,0.65,9127000.0,0
84000.0,16,10.31,3402000.0,0
26000.0,16,3.01,6512000.0,0
9000.0,17,3.06,1613000.0,0
71500.0,14,0.75,1424000.0,0
78000.0,13,3.99,2876000.0,0
178100.0,13,3.97,5394000.0,0
21400.0,10,2.13,1836000.0,0
41800.0,10,7.42,3044000.0,0
18600.0,17,1.24,1847000.0,0
5400.0,22,8.41,1424000.0,0
15300.0,11,13.5,5902000.0,0
616700.0,10,31.85,1424000.0,0
70900.0,19,4.44,1424000.0,0
17500.0,8,9.64,3084000.0,0
38800.0,10,8.07,4330000.0,0
15300.0,20,3.07,1424000.0,0
262900.0,13,6.99,4970000.0,0
51800.0,17,4.18,1424000.0,0
198900.0,14,2.55,9895000.0,0
12200.0,8,6.31,1424000.0,0
42300.0,15,7.82,3886000.0,0
15800.0,8,10.73,3050000.0,0
167400.0,8,2.34,4046000.0,0
21700.0,10,6.66,1424000.0,0
31000.0,20,1.44,3558000.0,0
41300.0,12,40.51,1824000.0,0
13200.0,7,1.48,1424000.0,0
346100.0,19,3.78,1424000.0,0
8500.0,11,1.49,1997000.0,0
15200.0,13,1.82,10252000.0,0
17000.0,14,2.65,1424000.0,0
31000.0,18,8.06,1424000.0,0
24000.0,21,5.36,5057000.0,0
7000.0,7,1.18,2549000.0,0
87100.0,8,2.88,7232000.0,0
16800.0,12,2.52,7371000.0,0
14100.0,19,18.45,1424000.0,0
20800.0,11,0.25,1424000.0,0
23300.0,22,0.88,1424000.0,0
92900.0,17,75.87,4456000.0,0
82400.0,8,4.13,4424000.0,0
8900.0,5,1138.76,2407000.0,1
9600.0,14,1.66,2649000.0,0
3276300.0,15,6.43,4506000.0,0
4600.0,19,21.82,1477000.0,0
6400.0,19,9.37,1424000.0,0
106500.0,12,6.87,9271000.0,0
8100.0,10,4.69,1811000.0,0
18000.0,12,2.01,1424000.0,0
42100.0,8,0.83,2013000.0,0
80100.0,13,29.84,2093000.0,0
40600.0,18,14.68,2689000.0,0
54600.0,20,4.79,4765000.0,0
10100.0,9,3.0,1727000.0,0
4100.0,12,3.42,1424000.0,0
9700.0,20,1.38,1424000.0,0
2223400.0,9,4.43,2409000.0,0
105500.0,8,2.12,2089000.0,0
102100.0,17,1.59,1461000.0,0
22000.0,15,13.03,1424000.0,0
10400.0,12,14.31,2796000.0,0
82100.0,16,4.45,8952000.0,0
77500.0,15,1.4,5984000.0,0
6000.0,6,168.87,1424000.0,1
150900.0,12,15.69,5959000.0,0
20200.0,16,0.9,1424000.0,0
8800.0,17,6.01,1940000.0,0
21300.0,17,1.17,3577000.0,0
188100.0,18,1013.61,8688000.0,0
4600.0,15,4.83,1424000.0,0
12400.0,13,4.09,1424000.0,0
31300.0,6,1.5,4959000.0,0
381200.0,9,0.2,32926000.0,0
50600.0,18,106.37,2983000.0,0
10000.0,22,0.5,1424000.0,0
53100.0,15,6.25,3330000.0,0
33700.0,11,49.06,4911000.0,0
24300.0,21,2.33,1855000.0,0
374800.0,20,33.72,14913000.0,0
17800.0,16,3.0,2400000.0,0
35500.0,19,130.8,3152000.0,0
28900.0,21,7.55,3616000.0,0
261900.0,15,6.96,5527000.0,0
31900.0,13,3.53,3283000.0,0
14900.0,19,3.32,2014000.0,0
16000.0,12,114.05,4933000.0,0
629400.0,21,3.4,6603000.0,0
9500.0,19,8.51,1424000.0,0
7000.0,14,7.28,1520000.0,0
350000.0,11,4.01,9336000.0,0
275200.0,18,2.36,8206000.0,0
6700.0,23,1.46,2324000.0,0
96100.0,10,7.86,1424000.0,0
187200.0,19,17.13,9358000.0,0
126700.0,13,16.96,3985000.0,0
15700.0,18,3.01,1424000.0,0
128100.0,10,1.53,27751000.0,0
26200.0,12,3.15,1461000.0,0
37300.0,2,2.45,2760000.0,0
8400.0,13,2.85,1806000.0,0
37300.0,13,1.0,3190000.0,0
87900.0,12,0.31,5911000.0,0
20800.0,16,2.38,2112000.0,0
16300.0,14,9.42,1480000.0,0
1973400.0,9,17.29,8742000.0,0
33848000.0,0,318.55,21886000.0,1
1092000.0,13,2.08,32926000.0,0
405700.0,12,8.21,16778000.0,0
249500.0,12,1.27,25299000.0,0
62600.0,18,1.53,2205000.0,0
8300.0,11,5.01,2017000.0,0
232500.0,6,10.46,4477000.0,0
97600.0,23,1.03,7340000.0,0
173000.0,18,1.08,11347000.0,0
36500.0,11,1.45,1596000.0,0
23800.0,16,2.64,4186000.0,0
68000.0,20,5.64,3561000.0,0
25200.0,17,5.97,16778000.0,0
24600.0,9,4.19,3627000.0,0
19500.0,9,213.09,1424000.0,1
16200.0,19,1.04,10252000.0,0
7900.0,13,6.13,2325000.0,0
430600.0,20,1.19,3720000.0,0
237500.0,14,3.86,4175000.0,0
114500.0,12,1.93,3255000.0,0
428500.0,16,1.49,4064000.0,0
55300.0,20,18.14,10379000.0,0
14500.0,14,3.47,2325000.0,0
28500.0,13,5.15,4911000.0,0
63500.0,22,7.16,4217000.0,0
15800.0,14,0.97,1684000.0,0
62700.0,17,11.0,10935000.0,0
10900.0,8,7.21,1554000.0,0
122100.0,16,0.57,15450000.0,0
201400.0,13,3.72,49240000.0,0
26700.0,14,1.92,2369000.0,0
23300.0,6,4.48,1424000.0,0
36400.0,14,846.86,4832000.0,0
32500.0,22,1.77,2549000.0,0
163700.0,20,3.09,7994000.0,0
25800.0,10,4.89,9124000.0,0
181700.0,17,8.21,2425000.0,0
23300.0,10,1.56,1940000.0,0
14400.0,17,5.26,3104000.0,0
13500.0,18,4.66,3616000.0,0
7500.0,9,48.68,1800000.0,0
145500.0,16,73.32,2516000.0,0
82600.0,19,5.73,2443000.0,0
48500.0,11,1.78,1424000.0,0
10000.0,18,5.34,3170000.0,0
28400.0,6,2.48,5129000.0,0
35000.0,19,29.85,2807000.0,0
102600.0,19,0.7,1424000.0,0
70100.0,10,4.99,7219000.0,0
12700.0,12,1.34,1424000.0,0
137400.0,18,7.57,5220000.0,0
162400.0,17,106.91,12359000.0,0
42800.0,19,8.06,3294000.0,0
129300.0,17,0.64,15551000.0,0
66000.0,13,8.09,3959000.0,0
28000.0,13,9.73,4167000.0,0
24600.0,19,11.54,1514000.0,0
27700.0,15,6.9,5614000.0,0
23600.0,11,1.27,3726000.0,0
117300.0,15,0.93,4166000.0,0
24900.0,12,3.14,5388000.0,0
60600.0,16,4.58,2156000.0,0
109300.0,8,6.56,9012000.0,0
41600.0,13,1.01,3545000.0,0
55300.0,7,2.62,1696000.0,0
98200.0,15,4.0,8853000.0,0
214900.0,9,3.91,2078000.0,0
402300.0,20,11.03,14888000.0,0
75500.0,12,3.86,2569000.0,0
41400.0,20,8.83,3399000.0,0
74900.0,13,0.37,1688000.0,0
404900.0,10,18.24,5497000.0,0
10000.0,12,3.91,2678000.0,0
71000.0,21,5.51,2678000.0,0
12400.0,17,4.21,1647000.0,0
1000.0,15,9.48,1424000.0,0
93200.0,19,5.64,11297000.0,0
81900.0,16,4.05,2513000.0,0
32900.0,20,0.46,2810000.0,0
3400.0,20,7.85,1432000.0,0
77500.0,12,2.12,1424000.0,0
123300.0,18,3.74,8009000.0,0
23400.0,14,9.29,3011000.0,0
2300.0,11,1.72,1424000.0,0
350500.0,10,0.64,3070000.0,0
97100.0,19,3.06,10808000.0,0
1079400.0,6,12.97,15711000.0,0
106700.0,11,14.58,7811000.0,0
176300.0,8,2.72,9390000.0,0
42500.0,19,6.17,1424000.0,0
83000.0,15,1444.65,9716000.0,0
21900.0,7,7.14,7371000.0,0
119300.0,14,17.47,8118000.0,0
71400.0,13,1.0,6069000.0,0
28000.0,18,17.27,2405000.0,0
22500.0,19,0.84,1424000.0,0
373200.0,13,4.01,12489000.0,0
41300.0,18,149.54,3190000.0,0
18300.0,17,95.33,1424000.0,0
6200.0,9,1.37,2639000.0,0
20700.0,0,2.11,1824000.0,0
214700.0,21,10.15,3254000.0,0
34900.0,14,1.51,2270000.0,0
16800.0,20,3.48,7931000.0,0
53500.0,11,8.84,3271000.0,0
128700.0,11,1.13,2513000.0,0
9300.0,13,2.59,1676000.0,0
10600.0,11,5.67,3948000.0,0
21100.0,16,8.45,1424000.0,0
7200.0,19,19.97,5888000.0,0
396800.0,12,20.3,14916000.0,0
107800.0,15,4.0,5942000.0,0
23000.0,19,1.96,1972000.0,0
44900.0,17,103.18,4005000.0,0
43500.0,16,1.09,1424000.0,0
30100.0,7,2.22,1800000.0,0
65900.0,12,3.95,10109000.0,0
1542700.0,19,30.51,11496000.0,1
149400.0,8,1.35,2622000.0,0
73800.0,14,7.24,4012000.0,0
657900.0,12,4.96,6882000.0,0
215400.0,12,4.39,4217000.0,0
52500.0,8,5.38,2180000.0,0
5500.0,16,0.71,2128000.0,0
221300.0,22,10.53,8057000.0,0
98700.0,10,59.37,6580000.0,0
17900.0,10,5.6,2549000.0,0
11500.0,18,3.54,1628000.0,0
5400.0,17,1.78,2224000.0,0
34500.0,7,3.52,2331000.0,0
105200.0,14,9.89,9764000.0,0
35500.0,9,7.42,1936000.0,0
21500.0,15,3.51,4054000.0,0
20700.0,9,2.73,2026000.0,0
86000.0,12,1.54,4176000.0,0
10600.0,12,9.39,2982000.0,0
21200.0,7,3.74,2763000.0,0
25500.0,3,7.66,3558000.0,0
3000.0,11,8.74,1424000.0,0
34600.0,20,0.64,8142000.0,0
31100.0,11,3.28,3160000.0,0
21800.0,0,1.93,16972000.0,0
76200.0,19,1.23,2870000.0,0
179700.0,16,8.24,7738000.0,0
10300.0,16,14.03,1424000.0,0
102900.0,18,2.73,1424000.0,0
25100.0,10,8.61,1424000.0,0
13000.0,9,1.7,1909000.0,0
786400.0,21,7.79,11349000.0,0
75200.0,12,6.86,1853000.0,0
26300.0,21,4.03,1736000.0,0
222000.0,10,82.92,9879000.0,0
159100.0,18,5.79,5022000.0,0
18400.0,12,12.86,7371000.0,0
104400.0,19,2.51,4415000.0,0
49100.0,17,9.71,4907000.0,0
65300.0,14,1.52,2543000.0,0
6497100.0,8,195.72,3106000.0,1
22200.0,12,2.0,1831000.0,0
15900.0,11,3.06,2286000.0,0
111500.0,13,16.69,6066000.0,0
90100.0,19,1.37,3612000.0,0
35800.0,10,7.89,2589000.0,0
11700.0,20,2.56,1643000.0,0
101400.0,6,2.51,4665000.0,0
96800.0,10,1.78,6316000.0,0
37800.0,15,10.12,2406000.0,0
175400.0,11,3.2,4629000.0,0
30400.0,12,2.51,2400000.0,0
16400.0,10,5.12,2727000.0,0
86300.0,7,91.53,7340000.0,0
8600.0,20,810.09,1689000.0,0
13500.0,11,2.81,1424000.0,0
25000.0,12,8.25,1495000.0,0
7000.0,20,8.11,1424000.0,0
3600.0,21,2.64,1424000.0,0
24000.0,21,4.28,3928000.0,0
8300.0,16,9.51,1627000.0,0
97100.0,19,0.92,6213000.0,0
18600.0,13,1.8,3731000.0,0
1800.0,16,4.93,1424000.0,0
72400.0,22,18.91,2079000.0,0
74000.0,14,7.28,4936000.0,0
90800.0,20,7.44,2750000.0,0
53300.0,17,2.05,4050000.0,0
7100.0,17,12.22,4449000.0,0
170300.0,11,6.97,9981000.0,0
14700.0,16,1.0,1832000.0,0
117500.0,16,10.99,2315000.0,0
30800.0,23,0.51,15551000.0,0
32800.0,18,2.39,2598000.0,0
64900.0,18,9.53,4603000.0,0
14200.0,12,3.94,1798000.0,0
73200.0,10,4.04,7500000.0,0
20400.0,7,5.62,6431000.0,0
78900.0,19,2.62,7443000.0,0
1600.0,22,54.46,1424000.0,0
9600.0,13,3.15,1424000.0,0
23300.0,21,4.79,1424000.0,0
9600.0,18,142.31,1424000.0,0
310100.0,8,5.11,14761000.0,0
27200.0,17,19.76,2131000.0,0
60700.0,20,3.35,4883000.0,0
11700.0,11,9.21,1424000.0,0
196100.0,14,19.58,6159000.0,0
22400.0,13,4.22,10880000.0,0
3600.0,2,6.25,1788000.0,0
46700.0,20,4.04,6842000.0,0
5100.0,14,2.85,7459000.0,0
227500.0,14,2.07,5397000.0,0
3200.0,18,1.19,2572000.0,0
115300.0,20,17.09,4832000.0,0
315900.0,18,23.28,3891000.0,0
6800.0,13,20.57,2013000.0,0
30300.0,18,2.55,4543000.0,0
135400.0,19,126.16,6392000.0,0
24800.0,12,4.06,3753000.0,0
48100.0,11,1.56,2392000.0,0
48100.0,9,4.66,4432000.0,0
28400.0,18,6.01,1424000.0,0
462000.0,14,4.84,4355000.0,0
31900.0,16,14.24,2810000.0,0
706900.0,10,5.1,44917000.0,0
17100.0,13,80.22,1887000.0,0
26100.0,23,4.08,10552000.0,0
122500.0,8,20.09,7916000.0,0
5300.0,13,3.95,2124000.0,0
34400.0,20,450.18,5764000.0,0
44600.0,12,7.83,8255000.0,0
38800.0,17,33.16,3623000.0,0
84300.0,9,0.9,5022000.0,0
65600.0,22,2.67,1424000.0,0
168400.0,17,16.95,45589000.0,0
953500.0,4,538.31,1424000.0,1
104400.0,6,9.25,2074000.0,0
247100.0,16,38.97,5054000.0,0
27600.0,20,266.51,3557000.0,0
100400.0,14,3.01,18155000.0,0
132600.0,16,24.56,6869000.0,0
13700.0,10,3.63,1424000.0,0
9700.0,19,486.2,1424000.0,1
278800.0,14,1.51,5297000.0,0
76800.0,21,2.07,7738000.0,0
211500.0,21,2.24,2554000.0,0
4200.0,19,0.89,3106000.0,0
4600.0,8,10.68,1724000.0,0
27000.0,11,16.05,1433000.0,0
52700.0,12,3.42,1937000.0,0
165800.0,20,2.29,7680000.0,0
7900.0,14,3.41,1424000.0,0
43000.0,8,0.7,3830000.0,0
127100.0,19,7.11,8904000.0,0
77300.0,7,9.06,4526000.0,0
144700.0,19,0.54,2386000.0,0
6300.0,14,2.14,2156000.0,0
36000.0,11,13.22,3289000.0,0
6100.0,13,2.16,1608000.0,0
43500.0,21,7.02,5638000.0,0
34800.0,7,5.96,1424000.0,0
10400.0,16,13.37,2124000.0,0
53300.0,20,4.88,1424000.0,0
40800.0,17,9.11,2241000.0,0
14300.0,21,63.93,1724000.0,0
8200.0,17,4.67,1424000.0,0
16000.0,20,7.42,2132000.0,0
44300.0,11,2.65,7931000.0,0
29000.0,18,2.01,5338000.0,0
47700.0,19,101.91,2235000.0,0
24000.0,16,15.5,1991000.0,0
175700.0,9,3.27,29117000.0,0
96700.0,21,10.5,1424000.0,0
9800.0,12,1.13,5602000.0,0
12800.0,16,0.76,1424000.0,0
63800.0,13,4.02,4064000.0,0
23800.0,17,143.44,4460000.0,0
18500.0,11,4.78,3263000.0,0
71900.0,9,489.87,5033000.0,0
62900.0,19,139.62,4912000.0,0
45000.0,19,1.43,8509000.0,0
35900.0,16,1.75,2169000.0,0
45100.0,9,1.86,7078000.0,0
36100.0,18,10.48,2232000.0,0
15200.0,19,2.26,3452000.0,0
15800.0,20,5.63,3843000.0,0
42900.0,11,3.58,1710000.0,0
21700.0,20,4.71,3489000.0,0
1601100.0,1,9.31,5462000.0,1
221900.0,14,0.89,5875000.0,0
302300.0,12,8.07,2052000.0,0
152400.0,12,7.28,1904000.0,0
15400.0,20,16.52,2927000.0,0
65900.0,14,17.35,15553000.0,0
45000.0,19,5.74,5374000.0,0
8700.0,8,5.27,1614000.0,0
25100.0,14,8.04,2921000.0,0
3207500.0,23,15.87,7435000.0,1
20500.0,23,6.72,4169000.0,0
241700.0,18,9.98,9082000.0,0
10700.0,19,1103.06,1543000.0,0
603700.0,14,6.66,56726000.0,0
15600.0,12,6.05,1424000.0,0
211600.0,14,3.37,4233000.0,0
51400.0,14,4.06,8852000.0,0
84300.0,14,1.54,3664000.0,0
15700.0,19,1.66,5457000.0,0
526800.0,12,20.74,5410000.0,0
85800.0,13,16.04,6770000.0,0
35100.0,3,5.54,12359000.0,0
43600.0,13,21.22,5220000.0,0
3523800.0,17,6.39,3494000.0,0
327900.0,21,2.62,4456000.0,0
31500.0,21,1.44,1558000.0,0
26900.0,16,5.35,5410000.0,0
44200.0,12,13.11,1630000.0,0
55400.0,16,2.62,3308000.0,0
609600.0,5,1271.4,1688000.0,1
306900.0,11,3.31,10279000.0,0
292100.0,9,75.63,7535000.0,0
34500.0,18,2.41,9626000.0,0
96600.0,11,1.19,6069000.0,0
23300.0,9,5.66,1424000.0,0
29800.0,16,3.56,3843000.0,0
67500.0,20,16.79,3359000.0,0
48300.0,12,4.98,1543000.0,0
2593000.0,13,50.63,17995000.0,0
16300.0,16,1.68,3005000.0,0
11300.0,20,1.82,1424000.0,0
340000.0,15,5.44,9740000.0,0
112900.0,19,7.69,10259000.0,0
7100.0,11,99.89,3011000.0,0
22500.0,9,0.68,4306000.0,0
21000.0,19,1.73,6560000.0,0
52400.0,15,14.5,3897000.0,0
25600.0,20,24.25,2982000.0,0
15800.0,11,9.95,1424000.0,0
108400.0,16,4.44,6882000.0,0
36000.0,10,1.3,2088000.0,0
16900.0,23,2.7,1618000.0,0
49800.0,20,6.99,3612000.0,0
30300.0,7,5.69,2076000.0,0
422900.0,17,3.58,3398000.0,0
29000.0,23,5.5,6989000.0,0
67200.0,10,5.95,4153000.0,0
22200.0,9,3.57,2821000.0,0
54200.0,19,13.32,5771000.0,0
28400.0,12,3.97,5526000.0,0
181000.0,8,11.98,7811000.0,0
64700.0,21,1.05,10259000.0,0
53800.0,19,5.01,1424000.0,0
63400.0,15,4.58,1836000.0,0
17300.0,9,1185.74,2554000.0,0
97500.0,10,5.1,2124000.0,0
25900.0,13,7.86,2495000.0,0
428300.0,22,0.9,32736000.0,0
25000.0,18,3.99,1424000.0,0
107200.0,16,2.44,5978000.0,0
29500.0,9,7.53,1651000.0,0
39400.0,19,754.7,1596000.0,0
109300.0,17,1.07,8952000.0,0
55000.0,13,5.5,5698000.0,0
38300.0,11,1.96,1424000.0,0
9900.0,17,4.99,3256000.0,0
18300.0,21,0.46,2805000.0,0
111100.0,16,10.96,2796000.0,0
9800.0,18,26.17,2777000.0,0
139900.0,7,9.43,3548000.0,0
37700.0,17,3.34,5458000.0,0
497600.0,17,3.1,28620000.0,0
34200.0,9,8.04,1459000.0,0
11800.0,11,7.71,6070000.0,0
29800.0,23,4.31,1424000.0,0
41300.0,11,11.52,3623000.0,0
32200.0,9,0.64,1536000.0,0
112700.0,18,3.53,10109000.0,0
9900.0,1,1.31,3151000.0,0
310400.0,15,24.09,10401000.0,0
92100.0,17,4.03,19503000.0,0
99700.0,13,1.45,3877000.0,0
427000.0,22,6.11,7484000.0,0
83200.0,15,4.51,3865000.0,0
10600.0,20,5.69,5458000.0,0
69700.0,9,6.2,4694000.0,0
50100.0,12,6.3,7104000.0,0
1217600.0,14,11.04,4918000.0,1
47800.0,10,4.71,1752000.0,0
121700.0,17,8.37,4063000.0,0
50900.0,13,1.93,1424000.0,0
11200.0,17,6.52,1424000.0,0
22200.0,7,1.35,2232000.0,0
25800.0,10,3.5,7875000.0,0
22300.0,22,6.73,3947000.0,0
39800.0,18,13.64,3625000.0,0
5900.0,19,122.14,1813000.0,0
44500.0,21,4.46,2331000.0,0
109200.0,9,4.3,10847000.0,0
26800.0,12,0.94,1424000.0,0
108800.0,23,0.82,17706000.0,0
197800.0,6,1460.09,2177000.0,0
4900.0,20,24.29,1768000.0,0
25100.0,13,1.35,2309000.0,0
15400.0,14,31.64,2594000.0,0
154000.0,19,6.35,5374000.0,0
14600.0,8,116.92,1424000.0,0
94500.0,18,1.96,3545000.0,0
12200.0,20,8.45,1841000.0,0
73100.0,20,77.53,9879000.0,0
5800.0,16,1.59,1832000.0,0
28400.0,21,11.43,1424000.0,0
20100.0,18,5.74,1424000.0,0
332000.0,23,0.89,6297000.0,0
97200.0,10,1.49,2262000.0,0
45200.0,14,15.15,4136000.0,0
17000.0,10,3.79,1424000.0,0
23800.0,22,1.65,3050000.0,0
27500.0,21,12.3,4256000.0,0
303200.0,21,3.7,15228000.0,0
78400.0,11,9.8,5614000.0,0
1308500.0,10,3.59,15722000.0,0
14400.0,17,2.64,2660000.0,0
9900.0,17,1.2,1424000.0,0
14900.0,21,4.49,6882000.0,0
20000.0,14,4.26,3787000.0,0
631500.0,11,2.15,7435000.0,0
6000.0,11,0.98,1972000.0,0
20000.0,14,26.92,4936000.0,0
3708700.0,19,5.15,7368000.0,0
32700.0,15,7.22,7122000.0,0
88100.0,20,12.23,7099000.0,0
116600.0,11,2.86,4402000.0,0
51100.0,21,10.01,7464000.0,0
414800.0,11,4.68,11340000.0,0
7000.0,9,0.76,1745000.0,0
30200.0,8,5.47,2855000.0,0
8800.0,21,8.38,1424000.0,0
56700.0,15,8.5,3554000.0,0
58400.0,14,12.1,4669000.0,0
22900.0,14,3.13,5468000.0,0
99100.0,15,5.43,7704000.0,0
334500.0,15,1.76,7865000.0,0
35200.0,13,2.38,4120000.0,0
30000.0,18,5.95,3290000.0,0
59000.0,10,4.79,2994000.0,0
6900.0,15,2.31,1882000.0,0
33500.0,21,102.1,3947000.0,0
17100.0,11,2.85,2278000.0,0
13600.0,12,7.16,5365000.0,0
42000.0,17,2.09,7023000.0,0
330200.0,10,3.31,10552000.0,0
30300.0,11,1.36,3878000.0,0
22200.0,19,9.98,1753000.0,0
25400.0,12,14.41,3271000.0,0
18600.0,17,3.15,1424000.0,0
330300.0,14,3.93,7219000.0,0
542500.0,17,6.45,4842000.0,0
42900.0,21,111.42,4209000.0,0
17200.0,20,5.56,2480000.0,0
75600.0,19,4.65,3099000.0,0
6100.0,19,6.74,1554000.0,0
42500.0,13,4.86,4235000.0,0
16500.0,17,2.55,1424000.0,0
9700.0,17,124.48,2759000.0,0
239100.0,16,0.85,6483000.0,0
83400.0,14,4.57,1624000.0,0
8900.0,13,1.37,3489000.0,0
51300.0,14,6.55,1424000.0,0
62000.0,11,141.37,24054000.0,0
108900.0,16,202.7,4765000.0,0
26500.0,22,7.69,3106000.0,0
29300.0,13,0.93,4947000.0,0
25300.0,23,12.57,1424000.0,0
114900.0,18,1.18,6940000.0,0
29900.0,13,2.53,2480000.0,0
12600.0,18,16.04,1488000.0,0
45800.0,23,9.38,2706000.0,0
34700.0,9,11.57,3214000.0,0
12900.0,18,2.77,2387000.0,0
10100.0,22,2.41,3263000.0,0
26100.0,17,3.08,1624000.0,0
21800.0,14,3.59,5027000.0,0
332100.0,19,1.89,11368000.0,0
41900.0,17,3.36,2885000.0,0
45700.0,10,9.34,2653000.0,0
132900.0,18,15.6,7616000.0,0
156800.0,8,1.38,6069000.0,0
46300.0,14,1.96,4981000.0,0
173300.0,22,133.71,1424000.0,0
68500.0,19,123.01,6177000.0,0
45500.0,14,5.0,7293000.0,0
27900.0,11,6.16,1768000.0,1
427600.0,19,1.73,9552000.0,0
29800.0,20,5.53,2684000.0,0
424600.0,14,11.54,3770000.0,0
42200.0,0,4.08,1806000.0,0
6000.0,20,30.45,1721000.0,0
151300.0,11,5.55,5036000.0,0
29100.0,19,5.12,2991000.0,0
403400.0,19,5.71,14868000.0,0
323600.0,10,11.11,8033000.0,0
58500.0,16,7.2,1891000.0,0
28600.0,7,2.19,1424000.0,0
12700.0,14,3.42,4955000.0,0
92100.0,20,2.28,3676000.0,0
126300.0,15,1.07,2227000.0,0
9700.0,19,9.23,1572000.0,0
814100.0,21,278.12,14067000.0,0
9100.0,14,8.8,2393000.0,0
11700.0,12,11.96,1844000.0,0
26800.0,15,128.94,2175000.0,0
39300.0,14,9.89,4478000.0,0
7700.0,20,39.01,1424000.0,0
2600.0,20,145.67,1424000.0,0
32800.0,18,2.82,1424000.0,0
9700.0,12,4.57,1975000.0,0
94400.0,16,4.69,4169000.0,0
46800.0,2,1.58,1424000.0,0
24400.0,21,11.84,4981000.0,0
31400.0,15,0.59,2549000.0,0
43000.0,20,1.29,1538000.0,0
146900.0,20,4.65,6807000.0,0
12700.0,9,2.51,1424000.0,0
60700.0,23,1.58,6331000.0,0
101300.0,21,2.34,2103000.0,0
73000.0,19,9.56,7812000.0,0
16900.0,9,1.64,9271000.0,0
121400.0,17,0.59,3635000.0,0
1415000.0,18,12.75,4630000.0,0
10900.0,13,6.19,1676000.0,0
121800.0,18,2.62,3924000.0,0
161100.0,18,6.46,1495000.0,0
149400.0,18,2.86,5875000.0,0
39900.0,12,1.53,1424000.0,0
57600.0,10,1.77,1884000.0,0
2549500.0,17,1656.6,1722000.0,1
721100.0,10,0.62,14868000.0,0
14600.0,17,2.49,1424000.0,0
59000.0,8,1.45,3992000.0,0
35700.0,16,1.65,2337000.0,0
19600.0,12,1.91,4536000.0,0
10100.0,7,2.34,1806000.0,0
3900.0,11,1.24,1424000.0,0
878500.0,19,0.44,9127000.0,0
188900.0,8,4.02,5818000.0,0
45200.0,20,2.85,4532000.0,0
246500.0,20,0.96,10750000.0,0
8200.0,14,1.78,1424000.0,0
25600.0,17,8.89,1424000.0,0
5500.0,20,4.49,2024000.0,0
15000.0,11,10.55,3151000.0,0
8300.0,14,91.31,1424000.0,0
53200.0,15,35.78,3608000.0,0
42700.0,11,3.26,7297000.0,0
17400.0,15,4.43,4679000.0,0
22300.0,15,2.46,4756000.0,0
15500.0,13,7.3,3210000.0,0
8061200.0,5,728.15,6955000.0,1
37000.0,15,0.43,1424000.0,0
12400.0,14,3.26,2629000.0,0
16600.0,2,968.92,1852000.0,1
11000.0,8,59.16,2337000.0,0
60600.0,18,5.4,3034000.0,0
21000.0,9,11.24,2760000.0,0
15000.0,18,3.42,2741000.0,0
28700.0,18,5.32,1424000.0,0
3400.0,20,8.38,1896000.0,0
48700.0,9,7.85,1424000.0,0
67900.0,8,0.93,4383000.0,0
147200.0,10,2.82,11532000.0,0
33900.0,18,44.53,6129000.0,0
18000.0,12,6.97,2401000.0,0
3700.0,16,10.25,1424000.0,0
61900.0,18,3.97,9981000.0,0
30500.0,17,3.6,2611000.0,0
85700.0,21,18.6,1424000.0,0
11100.0,10,2.3,1424000.0,0
68800.0,22,5.92,3054000.0,0
45500.0,18,6.4,2350000.0,0
4900.0,13,1.9,3878000.0,0
83400.0,12,65.02,3603000.0,0
79000.0,15,2.05,5472000.0,0
51600.0,13,7.49,1540000.0,0
97000.0,22,8.9,5015000.0,0
67300.0,10,4.4,4744000.0,0
11200.0,15,1.24,1424000.0,0
18900.0,22,5.71,1424000.0,0
115900.0,2,17.11,5476000.0,0
143000.0,17,1.5,3577000.0,0
34800.0,21,2.55,3113000.0,0
99200.0,17,2.58,4429000.0,0
95000.0,20,0.83,8108000.0,0
22900.0,20,6.76,5588000.0,0
74300.0,19,3.97,12359000.0,0
379000.0,19,4.83,5950000.0,0
25700.0,16,2.06,2204000.0,0
26300.0,17,3.09,1612000.0,0
408000.0,14,2.1,5479000.0,0
146400.0,19,7.49,6812000.0,0
205100.0,9,7.58,3268000.0,0
9500.0,18,8.26,4784000.0,0
11300.0,8,1.71,1635000.0,1
83500.0,22,3.21,3799000.0,0
169800.0,1,1.77,3336000.0,0
284100.0,18,2.12,10342000.0,0
42300.0,19,2.94,5058000.0,0
32200.0,8,8.92,1424000.0,0
43400.0,20,4.14,3209000.0,0
7800.0,20,8.9,1424000.0,0
20500.0,19,3.6,3299000.0,0
123700.0,6,5.2,16944000.0,0
688900.0,15,3.33,9358000.0,0
35000.0,15,8.48,5708000.0,0
50900.0,14,6.68,3050000.0,0
17900.0,21,7.93,3104000.0,0
126300.0,21,2.33,4918000.0,0
46100.0,12,2.24,1877000.0,0
23000.0,0,7.96,3992000.0,0
495000.0,7,3.44,14067000.0,0
7600.0,18,4.86,1424000.0,0
70000.0,13,6.4,1891000.0,0
75900.0,15,3.0,1887000.0,0
11400.0,15,122.76,3170000.0,0
82900.0,11,1.23,9939000.0,0
146900.0,11,0.76,7932000.0,0
1583100.0,13,1.99,2480000.0,0
13200.0,22,0.68,2194000.0,0
143200.0,12,3.55,1424000.0,0
28800.0,0,3.13,5190000.0,0
36000.0,10,65.89,1424000.0,0
63500.0,17,1.93,1424000.0,0
83500.0,11,1.78,2840000.0,0
39400.0,13,10.95,1424000.0,0
59200.0,15,4.76,7484000.0,0
19700.0,13,3.44,2113000.0,0
74900.0,22,1.09,1424000.0,0
1331900.0,21,1.58,6796000.0,0
8800.0,16,4.6,1424000.0,0
6200.0,13,3.43,1490000.0,0
10600.0,20,4.39,2861000.0,0
73400.0,9,5.45,11347000.0,0
36700.0,9,1.38,6084000.0,0
71300.0,16,15.3,1939000.0,0
389900.0,20,2.61,10723000.0,0
100100.0,11,4.18,2927000.0,0
94800.0,13,2.22,8754000.0,0
13800.0,19,124.03,1424000.0,0
25900.0,18,15.28,1424000.0,0
118200.0,22,5.65,4168000.0,0
5700.0,19,4.31,1524000.0,0
8400.0,11,1.3,2331000.0,0
3194100.0,12,256.36,1424000.0,1
96000.0,8,2.95,3664000.0,0
51000.0,19,2.9,6812000.0,0
4300.0,19,1.12,1424000.0,0
134200.0,22,5.26,3452000.0,0
610200.0,17,1.86,12432000.0,0
160200.0,14,105.43,2678000.0,0
175800.0,19,1.39,8180000.0,0
92700.0,21,2.43,7932000.0,0
22900.0,12,7.77,2777000.0,0
43300.0,8,10.47,7844000.0,0
9300.0,14,2.22,1424000.0,0
475400.0,11,7.13,7894000.0,0
61700.0,20,4.32,5984000.0,0
8200.0,12,2.12,2128000.0,0
59800.0,16,5.66,5646000.0,0
10000.0,14,1.28,1424000.0,0
4600.0,19,1.81,1424000.0,0
12700.0,15,5.44,1757000.0,0
8500.0,20,0.59,1424000.0,0
8200.0,19,7.96,1810000.0,0
50600.0,16,0.61,1424000.0,0
10800.0,12,2.34,6690000.0,0
43000.0,7,2.04,3623000.0,0
5000.0,20,1.17,1424000.0,0
169600.0,11,12.18,2991000.0,0
42700.0,18,38.82,3334000.0,0
33300.0,16,6.47,6085000.0,0
15500.0,9,2.72,2107000.0,0
138800.0,10,21.69,5953000.0,0
31400.0,11,5.61,1424000.0,0
31100.0,15,1.06,1457000.0,0
133900.0,21,961.43,4453000.0,0
5400.0,19,6.1,1424000.0,0
563400.0,18,6.64,11340000.0,0
39900.0,18,2.28,4448000.0,0
39900.0,7,2.05,2639000.0,0
25800.0,7,16.58,3263000.0,0
13300.0,16,13.3,10078000.0,0
162400.0,20,3.25,4265000.0,0
183600.0,9,3.1,16397000.0,0
44300.0,11,5.48,3330000.0,0
29000.0,19,9.93,1843000.0,0
72800.0,17,3.82,12422000.0,0
958000.0,18,8.47,18214000.0,0
46400.0,10,2.6,3910000.0,0
154800.0,9,0.92,3545000.0,0
8800.0,11,33.05,1424000.0,0
103700.0,16,3.52,15228000.0,0
139200.0,15,6.96,3965000.0,0
119200.0,17,141.17,3830000.0,0
47100.0,10,13.14,1713000.0,0
28500.0,11,2.13,2088000.0,0
19200.0,17,3.37,1972000.0,0
8100.0,13,57.4,2339000.0,0
4500.0,22,3.97,1424000.0,0
35000.0,20,3.36,3000000.0,0
43100.0,7,1.75,2222000.0,0
10600.0,21,4.34,1424000.0,0
23000.0,15,4.34,5763000.0,0
208000.0,13,12.59,8033000.0,0
30600.0,18,11.57,1424000.0,0
93200.0,22,1.22,4835000.0,0
28000.0,17,2.38,8904000.0,0
183700.0,12,5.06,6716000.0,0
61600.0,15,1.37,1540000.0,0
20700.0,12,1.34,1603000.0,0
227900.0,12,5.45,6580000.0,0
3300.0,15,1.94,1424000.0,0
16100.0,18,2.52,1529000.0,0
26800.0,17,1.58,1808000.0,0
13100.0,19,4.22,1424000.0,0
7600.0,21,1.86,1424000.0,0
1681500.0,15,6.31,1645000.0,0
14400.0,14,2.27,1424000.0,0
86300.0,21,0.95,4577000.0,0
109700.0,11,1.99,2975000.0,0
178400.0,22,0.56,13763000.0,0
5000.0,17,5.06,7500000.0,0
25900.0,12,137.86,2330000.0,0
41700.0,12,6.11,1424000.0,0
77400.0,18,148.97,5837000.0,0
2800.0,21,0.32,5058000.0,0
8000.0,18,1.86,1424000.0,0
12900.0,16,3.24,4254000.0,0
106800.0,12,10.69,8108000.0,0
22800.0,18,1.75,1424000.0,0
54600.0,18,4.74,7894000.0,0
2613100.0,8,27.46,18272000.0,0
13800.0,12,2.63,2050000.0,0
114200.0,7,3.02,4743000.0,0
275900.0,22,9.12,6827000.0,0
27600.0,12,6.0,1550000.0,0
12000.0,14,8.21,1424000.0,0
14900.0,15,3.57,4765000.0,0
3900.0,0,16.71,1424000.0,0
36500.0,9,3.85,2180000.0,0
167500.0,2,2.35,3630000.0,0
77100.0,22,2.19,14156000.0,0
13600.0,11,2.22,5646000.0,0
37000.0,20,2.69,1900000.0,0
52700.0,17,6.1,1877000.0,0
17500.0,22,6.82,1424000.0,0
5900.0,17,30.67,1684000.0,0
28400.0,21,0.65,4752000.0,0
83900.0,21,7.03,1424000.0,0
658100.0,17,1.64,11496000.0,0
17300.0,15,3.36,2656000.0,0
152600.0,10,390.41,11368000.0,0
11800.0,16,3.99,1424000.0,0
39100.0,16,2.35,3151000.0,0
11700.0,16,5.51,2688000.0,0
11900.0,8,2.35,1424000.0,0
70100.0,22,0.83,10592000.0,0
14200.0,13,5.03,1684000.0,0
76300.0,19,8.23,4374000.0,0
92500.0,16,56.35,3843000.0,0
35000.0,10,6.33,1753000.0,0
205300.0,8,6.07,9613000.0,0
68100.0,14,6.4,4109000.0,0
242500.0,23,15.49,13907000.0,0
488600.0,11,2.16,5850000.0,0
48400.0,8,2.22,5938000.0,0
97400.0,18,14.95,9083000.0,0
30400.0,12,2.78,2168000.0,0
24600.0,11,4.96,1424000.0,0
315200.0,21,3.25,3367000.0,0
39800.0,10,2.34,3641000.0,0
31100.0,12,3.06,2465000.0,0
126300.0,13,145.43,5728000.0,0
24700.0,14,1.96,1424000.0,0
8800.0,17,2.02,1424000.0,0
73400.0,10,7.63,4177000.0,0
9000.0,13,3.85,1424000.0,0
79600.0,16,2.26,1504000.0,0
29900.0,18,7.8,7200000.0,0
11200.0,15,3.73,1877000.0,0
212400.0,17,0.52,5303000.0,0
12700.0,13,2.27,1424000.0,0
24500.0,12,3.27,3801000.0,0
336500.0,13,21.42,9188000.0,0
36700.0,19,4.38,2467000.0,0
72300.0,22,3.74,5270000.0,0
17500.0,12,4.1,6368000.0,0
13400.0,13,6.2,1424000.0,0
42400.0,15,3.72,1433000.0,0
52400.0,19,2.15,2677000.0,0
20700.0,8,1.86,1424000.0,0
6000.0,15,8.24,1424000.0,0
145400.0,19,6.61,1424000.0,0
99000.0,16,0.97,5115000.0,0
27900.0,13,2.27,2568000.0,0
274500.0,15,1.82,44917000.0,0
1032000.0,19,5.27,20040000.0,0
72800.0,20,0.93,4713000.0,0
74000.0,10,1102.64,2516000.0,0
210100.0,9,4.73,8108000.0,0
5300.0,18,3.18,1424000.0,0
30400.0,19,2.99,6027000.0,0
856800.0,9,4.09,12671000.0,0
3500.0,19,4.21,1424000.0,0
73600.0,14,6.89,1424000.0,0
3300.0,17,6.01,1424000.0,0
5500.0,20,2.6,1424000.0,0
26100.0,19,2.59,2467000.0,0
25600.0,20,2.25,4090000.0,0
24900.0,16,3.7,2571000.0,0
3100.0,14,8.98,1424000.0,0
29000.0,14,4.36,2549000.0,0
8400.0,16,2.91,1424000.0,0
7900.0,13,4.97,1643000.0,0
16000.0,17,1.75,1424000.0,0
23900.0,23,4.34,1587000.0,0
106200.0,18,1.88,3868000.0,0
143900.0,19,4.2,5054000.0,0
9400.0,21,9.65,5272000.0,0
88500.0,22,2.95,10430000.0,0
173900.0,7,12.24,3332000.0,0
7700.0,21,5.14,1430000.0,0
104100.0,7,1.11,10808000.0,0
256100.0,9,5.86,3608000.0,0
16600.0,9,3.77,1825000.0,0
208800.0,9,0.95,3811000.0,0
230600.0,11,1.38,20583000.0,0
272600.0,21,1.7,6197000.0,0
182700.0,21,7.12,9640000.0,0
3000.0,20,5.63,1426000.0,0
22200.0,21,1.78,1576000.0,0
235200.0,19,2.7,8742000.0,0
38100.0,13,5.36,10028000.0,0
4400.0,8,8.77,1902000.0,0
22000.0,10,2.43,3947000.0,0
3200.0,0,4.69,2163000.0,0
20300.0,20,8.39,1813000.0,0
12400.0,21,2.97,1424000.0,0
56200.0,17,3.66,2076000.0,0
11900.0,13,3.2,1424000.0,0
28900.0,10,1.01,1424000.0,0
50600.0,20,4.04,13810000.0,0
7500.0,12,110.88,1424000.0,0
45600.0,17,4.2,10915000.0,0
11700.0,15,1.76,5409000.0,0
24900.0,17,17.2,1834000.0,0
28400.0,12,3.31,1727000.0,0
52500.0,20,2.09,1856000.0,0
6100.0,11,2.66,2132000.0,0
7100.0,11,7.34,3255000.0,0
45700.0,14,13.28,1424000.0,0
29700.0,23,5.68,6712000.0,0
1801300.0,3,152.26,4177000.0,1
100900.0,9,88.98,6027000.0,0
32000.0,19,2.61,1424000.0,0
202100.0,22,3.28,12164000.0,0
15100.0,11,1.8,2154000.0,0
6200.0,12,1.14,1538000.0,0
18700.0,18,14.6,2443000.0,0
226100.0,21,1.34,3841000.0,0
20100.0,12,6.19,1424000.0,0
10200.0,14,5.88,1424000.0,0
11600.0,11,3.58,1424000.0,0
56500.0,14,1.81,1424000.0,0
263400.0,22,2.84,8060000.0,0
112500.0,18,114.62,4359000.0,0
111500.0,10,5.89,7484000.0,0
1165100.0,10,6.15,10396000.0,0
3200.0,14,10.04,1424000.0,0
138100.0,11,4.24,7464000.0,0
48600.0,9,0.61,1424000.0,0
730000.0,19,9.78,1424000.0,0
23400.0,19,2.13,1424000.0,0
33900.0,0,1.87,2554000.0,0
22200.0,15,0.85,3755000.0,0
14300.0,16,1.34,4109000.0,0
170000.0,16,3.95,5984000.0,0
360400.0,21,1.57,15722000.0,0
36600.0,20,1.77,1424000.0,0
22700.0,18,3.24,1424000.0,0
61100.0,16,2.14,10109000.0,0
76900.0,16,1.6,4168000.0,0
505100.0,14,6.9,10379000.0,0
63200.0,18,11.71,2611000.0,0
248200.0,20,12.6,2110000.0,0
100600.0,18,4.5,17276000.0,0
89100.0,12,120.92,1724000.0,0
109400.0,16,1.95,2347000.0,0
7800.0,12,3.4,1613000.0,0
11300.0,14,7.81,1424000.0,0
20900.0,14,7.32,2172000.0,0
30900.0,7,7.69,1424000.0,0
20900.0,17,4.41,2301000.0,0
75100.0,11,1.43,2112000.0,0
25600.0,21,12.77,1713000.0,0
29500.0,16,3.2,5465000.0,0
16852200.0,2,290.7,7159000.0,1
72100.0,14,44.62,7844000.0,0
39500.0,12,0.91,2436000.0,0
18000.0,9,17.18,1424000.0,0
3700.0,9,3.03,2235000.0,0
9000.0,16,2.49,1424000.0,0
43800.0,21,4.65,2222000.0,1
12500.0,9,0.65,1424000.0,0
10700.0,23,4.29,3548000.0,0
13700.0,9,1.94,1424000.0,0
47900.0,20,17.53,3428000.0,0
85600.0,6,0.77,2838000.0,0
174500.0,9,5.48,6034000.0,0
3900.0,19,9.19,2585000.0,0
1881800.0,10,6.05,2674000.0,0
22200.0,8,34.81,1424000.0,0
31300.0,12,4.39,12091000.0,0
29300.0,17,3.6,4231000.0,0
8900.0,10,14.77,3577000.0,0
9600.0,17,1.26,3030000.0,0
125100.0,18,5.58,5513000.0,0
30600.0,19,1.48,1424000.0,0
6700.0,19,9.64,5019000.0,0
87700.0,18,10.28,4959000.0,0
13400.0,23,3.89,1424000.0,0
14000.0,17,15.26,1424000.0,0
13000.0,8,6.2,1940000.0,0
2100.0,22,4.53,1424000.0,0
8800.0,10,1.79,2571000.0,0
26800.0,9,0.97,3346000.0,0
38800.0,12,3.92,2131000.0,0
38300.0,15,5.03,2888000.0,0
180100.0,15,6.26,1991000.0,0
111000.0,21,3.89,22459000.0,0
8722400.0,14,14.84,7329000.0,0
1900.0,23,15.91,1424000.0,0
60100.0,11,0.83,3160000.0,0
97100.0,14,9.5,2770000.0,0
851400.0,3,16.25,3776000.0,1
21800.0,16,2.79,5526000.0,0
259400.0,20,31.6,11491000.0,0
7800.0,19,12.48,1887000.0,0
27500.0,22,11.43,1825000.0,0
108500.0,17,26.59,3152000.0,0
136200.0,20,1.16,9176000.0,0
56100.0,11,4.38,4868000.0,0
72700.0,12,9.85,1890000.0,0
72100.0,13,0.58,1424000.0,0
24700.0,10,6.65,4891000.0,0
455900.0,9,2.16,4360000.0,0
207500.0,6,10.29,4842000.0,0
7100.0,22,1.51,1660000.0,0
104300.0,21,2.62,2698000.0,0
3900.0,20,0.61,1643000.0,0
20100.0,9,25.48,1705000.0,0
207200.0,21,14.84,14363000.0,0
81200.0,16,2.67,2124000.0,0
18700.0,12,10.75,1424000.0,0
12700.0,11,6.91,1424000.0,0
14900.0,21,7.15,2050000.0,0
62600.0,19,1.41,3288000.0,0
36800.0,18,7.91,10166000.0,0
371200.0,23,2.08,17272000.0,0
130500.0,11,1.41,1424000.0,0
2700.0,18,0.76,1424000.0,0
149000.0,14,3.92,7135000.0,0
15900.0,9,7.37,2239000.0,0
13300.0,10,1.29,2063000.0,0
64800.0,18,1.95,7074000.0,0
10100.0,19,4.32,2230000.0,0
15000.0,13,1.5,6062000.0,0
112200.0,11,145.78,3398000.0,0
79800.0,11,2.6,14363000.0,0
30700.0,1,10.88,4424000.0,0
116400.0,12,7.45,4335000.0,0
1800.0,12,1.91,1424000.0,0
16700.0,16,3.0,3555000.0,0
305900.0,21,10.58,3106000.0,0
63500.0,14,1.01,13390000.0,0
26200.0,9,13.58,3555000.0,0
50200.0,18,10.04,5552000.0,0
69600.0,8,9.44,1991000.0,0
200700.0,21,1.5,4577000.0,0
23300.0,9,3.05,3545000.0,0
24600.0,6,26.45,1424000.0,0
3713900.0,6,291.09,5115000.0,1
10600.0,10,1.99,1643000.0,0
168900.0,13,2.33,9987000.0,0
59000.0,21,8.76,2866000.0,0
54100.0,19,2.29,3612000.0,0
172300.0,17,11.6,7435000.0,0
51000.0,9,4.0,4467000.0,0
13900.0,20,0.88,1877000.0,0
21800.0,5,2.74,1951000.0,0
194700.0,22,5.29,5290000.0,0
276800.0,11,2.25,6919000.0,0
58100.0,17,5.16,1628000.0,0
2900.0,12,31.14,1424000.0,0
31300.0,20,2.86,4477000.0,0
94800.0,15,4.77,8904000.0,0
14500.0,7,5.04,2009000.0,0
17000.0,16,0.98,3121000.0,0
5600.0,10,736.36,1424000.0,0
194300.0,17,2.74,4347000.0,0
37600.0,13,5.26,3384000.0,0
230200.0,12,2.35,6294000.0,0
9800.0,23,96.94,1596000.0,0
359500.0,21,1.99,6147000.0,0
673000.0,10,6.29,11309000.0,0
32800.0,9,13.04,7639000.0,0
184900.0,14,1.57,2732000.0,0
166200.0,17,2.55,4638000.0,0
27800.0,18,5.81,9470000.0,0
13400.0,10,271.78,1816000.0,1
23800.0,20,2.28,12769000.0,0
36100.0,19,4.0,1424000.0,0
192700.0,19,11.62,4068000.0,0
17000.0,9,2.74,1951000.0,0
128200.0,18,4.38,2418000.0,0
23100.0,20,6.07,1424000.0,0
73800.0,22,28.51,11349000.0,0
4200.0,11,37.76,1424000.0,0
117600.0,19,12.42,2511000.0,0
12400.0,19,75.84,2991000.0,0
182400.0,6,1.45,9625000.0,0
5400.0,4,11.47,1424000.0,0
34200.0,11,1.58,8803000.0,0
1400.0,12,1.3,1424000.0,0
522000.0,19,1.86,11746000.0,0
66800.0,11,10.88,3720000.0,0
85800.0,16,5.05,5005000.0,0
13100.0,18,3.68,5115000.0,0
53000.0,12,5.58,4911000.0,0
62300.0,15,2.98,5125000.0,0
56900.0,11,8.6,1424000.0,0
13000.0,20,6.23,1882000.0,0
71900.0,19,3.88,2649000.0,0
74000.0,11,2.43,1424000.0,0
11100.0,9,3.95,1520000.0,0
44500.0,17,800.41,1630000.0,0
115500.0,19,1.39,20040000.0,0
101400.0,20,7.49,6603000.0,0
4100.0,21,2.06,1424000.0,0
85100.0,0,1.88,5559000.0,0
15200.0,10,3.43,3447000.0,0
201600.0,9,8.9,5469000.0,0
30700.0,10,1.41,1689000.0,0
22900.0,17,4.94,1424000.0,0
58400.0,7,4.26,1496000.0,0
43700.0,16,2.13,4167000.0,0
13600.0,21,6.72,3193000.0,0
105700.0,15,9.2,5093000.0,0
32000.0,21,2.57,1424000.0,0
13200.0,10,126.06,3099000.0,0
2200.0,15,2.57,1424000.0,0
21600.0,9,2.14,1984000.0,0
5542400.0,12,8.47,9432000.0,0
71300.0,11,0.9,8113000.0,0
20100.0,9,1.36,1446000.0,0
37600.0,9,4.92,1798000.0,0
4500.0,14,6.83,2862000.0,0
488000.0,15,4.49,7916000.0,0
16000.0,11,1.23,1722000.0,0
63700.0,19,6.6,12210000.0,0
65800.0,11,10.33,2030000.0,0
113800.0,17,5.72,16397000.0,0
27100.0,21,134.74,1424000.0,0
47400.0,18,3.75,2796000.0,0
92700.0,16,1.25,2246000.0,0
5400.0,11,8.57,1424000.0,0
76400.0,20,5.35,1745000.0,0
26200.0,13,9.83,2205000.0,0
10300.0,14,12.01,2270000.0,0
19500.0,15,1.95,1424000.0,0
34900.0,13,1.23,6153000.0,0
254400.0,13,2.04,1424000.0,0
111100.0,10,5.97,9358000.0,0
9400.0,8,22.4,3240000.0,0
4700.0,12,0.86,1424000.0,0
9600.0,20,17.07,3577000.0,0
169700.0,19,2.33,9548000.0,0
61400.0,21,0.9,24777000.0,0
8300.0,21,1.01,5488000.0,0
59800.0,12,36.55,5845000.0,0
15700.0,12,8.43,1890000.0,0
18000.0,14,4.29,3455000.0,0
95500.0,8,1.56,2741000.0,0
49500.0,17,2.3,2541000.0,0
593000.0,12,116.75,12919000.0,0
14600.0,12,1.33,1863000.0,0
26500.0,20,3.41,1652000.0,0
166100.0,18,1.45,5244000.0,0
8900.0,7,3.79,1569000.0,0
322100.0,20,2.59,19503000.0,0
59300.0,8,7.29,5728000.0,0
44700.0,16,6.31,4875000.0,0
27000.0,15,2.03,6153000.0,0
32000.0,12,1.25,7925000.0,0
251400.0,18,1.35,12220000.0,0
246100.0,13,13.82,12091000.0,0
27900.0,15,10.29,1997000.0,0
10500.0,18,14.18,2439000.0,0
51200.0,13,2.9,1424000.0,0
6100.0,9,0.98,10468000.0,0
28700.0,17,1.21,6380000.0,0
8500.0,7,1.54,1424000.0,0
56300.0,17,3.12,4597000.0,0
344800.0,14,1.74,3399000.0,0
237700.0,17,3.46,12349000.0,0
32400.0,12,117.95,1424000.0,0
12300.0,22,3.02,1424000.0,0
78200.0,15,10.15,1693000.0,0
19900.0,21,56.36,1832000.0,0
2770100.0,22,27.93,13121000.0,1
4017100.0,9,7.84,5488000.0,0
47100.0,21,12.74,2024000.0,0
66600.0,10,4.39,7932000.0,0
40300.0,11,2.64,4478000.0,0
20300.0,17,12.1,1424000.0,0
68600.0,9,6.26,1616000.0,0
18274100.0,16,200.13,8251000.0,1
11900.0,12,48.51,5559000.0,0
107400.0,11,3.97,7511000.0,0
145800.0,21,6.09,7380000.0,0
34100.0,12,3.56,4109000.0,0
352200.0,11,2.23,6213000.0,0
77100.0,14,6.01,8754000.0,0
32800.0,12,8.64,1424000.0,0
75500.0,12,5.38,1456000.0,0
151700.0,9,5.53,6178000.0,0
17400.0,8,16.84,1612000.0,0
140600.0,22,0.97,2878000.0,0
326700.0,20,8.01,4669000.0,0
24600.0,12,6.09,7794000.0,0
66200.0,14,5.04,3012000.0,0
40100.0,8,12.13,1424000.0,0
46500.0,10,0.59,3229000.0,0
200600.0,21,1.16,1664000.0,0
60900.0,13,4.35,1488000.0,0
110700.0,13,215.76,4233000.0,0
49700.0,0,0.46,4256000.0,0
66300.0,10,33.04,5953000.0,0
15800.0,19,14.15,1978000.0,0
506500.0,23,76.02,3254000.0,1
169500.0,16,5.47,11330000.0,0
109700.0,14,3.22,5270000.0,0
36500.0,12,115.56,4067000.0,0
28600.0,8,1.9,5416000.0,0
84500.0,22,3.42,2556000.0,0
40900.0,8,26.72,2862000.0,0
56200.0,9,117.98,2175000.0,0
12300.0,10,3.26,1852000.0,0
16800.0,18,132.11,2207000.0,0
53100.0,13,6.45,2257000.0,0
42200.0,1,37.01,2154000.0,0
159400.0,9,3.56,4841000.0,0
49200.0,17,19.82,2684000.0,0
79200.0,14,1.11,4010000.0,0
104800.0,19,5.45,1424000.0,0
251400.0,21,7.88,1424000.0,1
9700.0,17,5.66,5015000.0,0
133900.0,21,3.39,18363000.0,0
36800.0,10,16.58,7141000.0,0
32400.0,11,13.75,3517000.0,0
30500.0,19,13.55,1572000.0,0
186200.0,20,2.42,2838000.0,0
3300.0,12,0.8,1720000.0,0
12200.0,1,5.85,2678000.0,0
95900.0,0,3.18,7038000.0,0
40500.0,23,72.72,4166000.0,0
63300.0,20,2.11,3299000.0,0
1481800.0,16,2.64,3290000.0,1
17600.0,11,2.96,4707000.0,0
23500.0,23,3.49,2205000.0,0
213400.0,15,3.82,10922000.0,0
7500.0,8,3.12,2755000.0,0
16300.0,9,5.66,4252000.0,0
593800.0,17,6.6,1762000.0,0
32400.0,17,7.4,3097000.0,0
45000.0,20,88.22,2392000.0,0
882000.0,7,2.32,10076000.0,0
21700.0,14,2.64,3170000.0,0
28300.0,21,55.96,1587000.0,0
36500.0,22,2.53,2128000.0,0
8100.0,18,1.6,2154000.0,0
25300.0,18,1.73,1424000.0,0
3600.0,17,2.02,2381000.0,0
187900.0,11,1.58,16654000.0,0
39000.0,19,1436.81,3000000.0,0
9500.0,14,3.91,3152000.0,0
14300.0,16,8.46,1904000.0,0
39000.0,18,60.99,5222000.0,0
2400.0,20,7.57,1589000.0,0
11000.0,9,8.88,1424000.0,0
93700.0,13,5.25,7232000.0,0
15200.0,16,6.68,2409000.0,0
6800.0,8,6.65,1905000.0,0
49200.0,18,7.33,7894000.0,0
14900.0,13,19.27,2233000.0,0
9300.0,12,2.25,1424000.0,0
21400.0,15,0.47,4464000.0,0
3800.0,21,0.26,1424000.0,0
10366600.0,5,298.36,8108000.0,1
42100.0,9,5.52,2512000.0,0
5200.0,18,2.06,1424000.0,0
12600.0,16,4.49,2656000.0,0
3900.0,17,14.77,1424000.0,0
12200.0,15,1.95,3330000.0,0
69900.0,18,19.41,8230000.0,0
160300.0,15,6.65,3656000.0,0
17500.0,19,2.72,5057000.0,0
2242700.0,16,7.97,2467000.0,0
168500.0,22,2.27,10571000.0,0
111600.0,12,5.44,9245000.0,0
16600.0,13,89.12,4605000.0,0
62300.0,19,4.58,1687000.0,0
51600.0,18,1.17,4265000.0,0
15000.0,8,3.07,3555000.0,0
32800.0,18,21.27,3402000.0,0
90100.0,18,4.95,2736000.0,0
14900.0,20,7.09,1618000.0,0
28300.0,13,21.87,1424000.0,0
52300.0,10,1.88,1424000.0,0
39900.0,17,14.76,4829000.0,0
24000.0,11,8.13,3928000.0,0
8100.0,20,6.82,1424000.0,0
5400.0,9,7.42,4009000.0,0
13200.0,17,108.5,7074000.0,0
417300.0,18,19.35,4868000.0,1
2700.0,19,3.93,1424000.0,0
126400.0,16,5.98,2983000.0,0
771900.0,21,219.0,1424000.0,1
50100.0,20,2.35,2748000.0,0
25300.0,21,4.1,1424000.0,0
368200.0,17,1.51,4918000.0,0
43500.0,19,1.09,1424000.0,0
10000.0,9,1.25,1424000.0,0
8900.0,12,1.59,1424000.0,0
9700.0,16,3.71,2803000.0,0
184000.0,20,0.76,4320000.0,0
188000.0,21,3.03,7380000.0,0
10500.0,21,8.52,5102000.0,0
15300.0,13,1.58,9038000.0,0
96700.0,11,17.59,9296000.0,0
42900.0,15,9.01,2765000.0,0
23300.0,21,8.4,3384000.0,0
73000.0,22,4.07,8904000.0,0
12100.0,10,3.37,4290000.0,0
244600.0,16,12.16,45589000.0,0
298600.0,17,4.7,5022000.0,0
28400.0,13,79.82,5181000.0,0
15400.0,19,3.99,1424000.0,0
83500.0,7,5.03,2921000.0,0
89800.0,20,5.89,4016000.0,0
53300.0,7,4.1,1550000.0,0
95700.0,21,2.1,1693000.0,0
76400.0,23,102.51,2281000.0,0
16600.0,14,4.68,1855000.0,0
18200.0,19,3.18,2875000.0,0
89500.0,9,2.79,8118000.0,0
39000.0,14,2.35,17276000.0,0
49200.0,15,2.68,11349000.0,0
64100.0,14,0.94,1569000.0,0
878300.0,11,2.18,10166000.0,0
14600.0,11,3.46,2890000.0,0
156000.0,16,3.18,31871000.0,0
30500.0,20,4.43,3080000.0,0
134400.0,21,9.19,14777000.0,0
10400.0,14,2.47,1816000.0,0
16800.0,20,2.26,1693000.0,0
30400.0,10,4.02,2492000.0,0
10300.0,10,6.79,2180000.0,0
11600.0,20,1046.38,2620000.0,0
65500.0,16,3.5,5695000.0,0
47400.0,11,122.65,4186000.0,0
380300.0,9,10.78,11330000.0,0
10300.0,11,8.03,1950000.0,0
70800.0,10,6.29,1756000.0,0
30300.0,11,6.35,2445000.0,0
29100.0,21,0.87,2032000.0,0
56700.0,15,4.19,6919000.0,0
6200.0,12,103.19,1497000.0,0
36900.0,8,1.18,1424000.0,0
37600.0,19,1.95,9338000.0,0
2100.0,12,134.87,4743000.0,0
467500.0,1,10.62,9670000.0,0
39700.0,13,1.73,2763000.0,0
13100.0,14,3.25,2392000.0,0
33800.0,16,5.35,9552000.0,0
184800.0,23,1.4,11621000.0,0
28500.0,9,2.57,2770000.0,0
2664500.0,2,830.62,1424000.0,1
46600.0,19,2.86,1424000.0,0
160600.0,18,10.6,7795000.0,0
1441700.0,15,4.19,10750000.0,0
10100.0,10,4.06,1424000.0,0
96500.0,6,7.8,10368000.0,0
23700.0,15,0.88,5510000.0,0
35500.0,16,1216.97,7743000.0,0
17500.0,17,8.48,1424000.0,0
2400.0,11,2.14,1687000.0,0
14800.0,18,1.61,1424000.0,0
18500.0,11,3.47,2232000.0,0
66100.0,10,3.18,3985000.0,0
112300.0,23,130.33,5991000.0,0
37700.0,20,2.54,2917000.0,0
18400.0,13,2.78,2678000.0,0
55600.0,21,4.21,2232000.0,0
8900.0,0,3.5,1722000.0,0
13600.0,12,11.98,1424000.0,0
15700.0,22,1.22,2189000.0,0
84700.0,21,55.25,5279000.0,0
2657300.0,13,92.19,1424000.0,1
1385700.0,9,1.33,10368000.0,0
15800.0,2,4.19,5887000.0,0
116200.0,6,6.68,2778000.0,0
56700.0,16,2.67,4029000.0,0
3500.0,15,6.66,1424000.0,0
2000.0,21,2.2,1424000.0,0
5935400.0,13,5.79,5938000.0,0
11500.0,15,17.54,1424000.0,0
43900.0,20,75.39,4464000.0,0
7300.0,23,9.76,1424000.0,0
86500.0,17,8.91,7104000.0,0
14700.0,12,1.35,2109000.0,0
44600.0,17,7.72,1424000.0,0
22100.0,20,12.77,1424000.0,0
43400.0,11,6.75,2591000.0,0
34300.0,15,1.29,2656000.0,0
113700.0,17,16.15,7411000.0,0
18934600.0,5,68.64,32736000.0,1
50900.0,15,2.06,6303000.0,0
51400.0,17,16.51,1424000.0,0
16700.0,14,1.46,2474000.0,0
123500.0,13,73.54,11340000.0,0
26300.0,0,2.82,1424000.0,0
165500.0,13,12.89,1424000.0,0
20000.0,18,5.37,1424000.0,0
391700.0,16,7.27,12021000.0,0
78300.0,12,3.78,8390000.0,0
29400.0,23,1.69,3801000.0,0
37500.0,13,2.23,4597000.0,0
4800.0,19,7.14,1994000.0,0
54900.0,12,4.11,1424000.0,0
186900.0,19,3.31,6373000.0,0
110500.0,7,16.13,2605000.0,0
71100.0,12,4.17,12671000.0,0
3100.0,12,10.82,1424000.0,0
2000.0,12,7.28,1424000.0,0
156100.0,18,4.98,4974000.0,0
1124600.0,16,13.67,3496000.0,0
19400.0,17,2.14,4026000.0,0
245500.0,12,4.31,7464000.0,0
4400.0,12,5.53,2764000.0,0
90300.0,9,7.84,2180000.0,0
80500.0,22,1.48,6699000.0,0
114500.0,19,6.39,12913000.0,0
35200.0,15,6.04,11496000.0,0
109200.0,15,5.4,4539000.0,0
37500.0,10,1.24,1967000.0,0
51900.0,9,38.42,2611000.0,0
21700.0,8,2.09,7319000.0,0
23400.0,23,4.04,3367000.0,0
82700.0,22,2.56,6147000.0,0
98500.0,13,0.19,11194000.0,0
105400.0,16,0.7,5602000.0,0
161700.0,16,1.33,6560000.0,0
16200.0,10,1.0,2079000.0,0
39100.0,22,5.11,1495000.0,0
5700.0,9,2.64,1424000.0,0
32300.0,21,1122.46,1424000.0,0
53900.0,9,8.75,3123000.0,0
55200.0,11,4.77,2875000.0,0
76200.0,19,31.65,4005000.0,0
41500.0,15,3.68,5035000.0,0
10300.0,12,6.91,4501000.0,0
25200.0,19,8.16,3088000.0,0
41400.0,23,18.64,1509000.0,0
291500.0,22,6.18,14661000.0,0
23200.0,10,5.2,4467000.0,0
14300.0,16,3.76,2917000.0,0
22600.0,14,2.1,1424000.0,0
14200.0,12,4.37,1424000.0,0
26400.0,18,3.52,4756000.0,0
33900.0,13,21.37,2591000.0,0
24300.0,7,7.06,4974000.0,0
40500.0,17,2.97,1713000.0,0
83100.0,12,5.84,6240000.0,0
19500.0,21,17.25,2862000.0,0
36900.0,14,2.67,1743000.0,0
180800.0,14,2.93,4760000.0,0
144900.0,19,16.75,5911000.0,0
219400.0,20,306.68,6337000.0,0
61500.0,11,5.38,1424000.0,0
233100.0,9,6.36,7690000.0,0
27100.0,23,9.93,1804000.0,0
323200.0,12,2.91,5016000.0,0
194600.0,12,7.5,7794000.0,0
156700.0,8,101.8,3346000.0,0
25000.0,11,11.96,1424000.0,0
95100.0,12,10.16,1424000.0,0
21400.0,10,3.59,1424000.0,0
8600.0,9,17.71,1424000.0,0
189300.0,18,5.82,4918000.0,0
12200.0,21,385.41,28616000.0,1
60000.0,13,2.65,3641000.0,0
37600.0,19,1.62,5982000.0,0
38700.0,9,1.62,3280000.0,0
25400.0,9,1.77,3294000.0,0
19200.0,9,11.88,1424000.0,0
27000.0,21,2.1,3225000.0,0
26700.0,16,15.19,3627000.0,0
29800.0,15,9.23,2592000.0,0
13600.0,13,12.17,2465000.0,0
27600.0,17,11.57,4728000.0,0
13200.0,14,1.35,6303000.0,0
364600.0,19,0.66,6027000.0,0
128400.0,6,13.63,5181000.0,0
656800.0,20,1.45,9981000.0,0
17800.0,15,7.74,2997000.0,0
66600.0,14,2.55,3268000.0,0
88400.0,10,3.41,1424000.0,0
8500.0,12,9.03,1424000.0,0
40916700.0,4,90.45,19503000.0,1
28100.0,15,5.64,1424000.0,0
15400.0,17,3.03,1424000.0,0
180400.0,16,9.78,2924000.0,0
79800.0,8,2.61,29117000.0,0
51500.0,12,1.91,7752000.0,0
21500.0,9,1.76,2421000.0,0
29000.0,19,9.79,3057000.0,0
59300.0,15,391.62,3538000.0,0
26600.0,15,448.49,1674000.0,0
7800.0,14,11.68,1806000.0,0
17100.0,19,12.15,3438000.0,0
119100.0,19,120.37,7818000.0,0
19800.0,16,15.52,5019000.0,0
7200.0,18,37.85,4879000.0,0
25900.0,15,8.07,3406000.0,0
51300.0,20,1467.84,1424000.0,0
72200.0,20,9.38,2229000.0,0
28600.0,12,2.72,7961000.0,0
69800.0,15,6.22,4430000.0,0
45100.0,11,0.64,1424000.0,0
33200.0,9,2.68,1919000.0,0
10700.0,23,3.43,1720000.0,0
80800.0,18,1.56,1781000.0,0
41800.0,16,9.43,1469000.0,0
2700.0,12,17.46,1424000.0,0
11400.0,23,19.82,1424000.0,0
49200.0,22,1.56,3359000.0,0
37000.0,10,2.16,1425000.0,0
16400.0,10,3.52,2870000.0,0
55100.0,14,5.21,1490000.0,0
159300.0,8,1.16,6070000.0,0
13000.0,11,4.65,1424000.0,0
224600.0,19,1.19,7135000.0,0
509300.0,2,10.34,1424000.0,1
8700.0,16,7.74,3044000.0,0
31100.0,11,4.02,4417000.0,0
17100.0,18,7.18,3879000.0,0
181300.0,12,7.65,7538000.0,0
20300.0,18,0.62,2639000.0,0
37900.0,21,5.09,2848000.0,0
17100.0,14,9.48,2392000.0,0
9000.0,12,61.41,1424000.0,0
11800.0,8,2.83,1424000.0,0
27300.0,15,2.37,1424000.0,0
196000.0,9,1.45,6085000.0,0
21100.0,12,4.57,3452000.0,0
140000.0,21,41.94,6538000.0,0
29200.0,8,4.46,1424000.0,0
35900.0,9,1.76,2528000.0,0
28800.0,3,3.66,8230000.0,0
14100.0,11,722.02,1424000.0,0
2600.0,19,5.59,1424000.0,0
198200.0,5,133.05,18199000.0,0
16800.0,7,1.38,3044000.0,0
28200.0,10,19.88,4109000.0,0
244300.0,16,1.55,9740000.0,0
30800.0,13,14.51,2306000.0,0
71900.0,13,2.67,4296000.0,0
124000.0,12,18.64,5220000.0,0
40600.0,16,503.7,1424000.0,0
63900.0,21,1.17,7024000.0,0
13700.0,7,20.07,1424000.0,0
75800.0,19,6.45,4066000.0,0
68100.0,20,8.32,4817000.0,0
5288200.0,16,1.31,8307000.0,0
14000.0,21,2.52,2233000.0,0
7671700.0,15,9.2,13582000.0,0
132600.0,13,2.97,5462000.0,0
10300.0,12,15.11,5614000.0,0
17000.0,19,2.27,1836000.0,0
92200.0,9,3.45,7293000.0,0
50000.0,17,1.27,10442000.0,0
54200.0,17,2.07,2467000.0,0
5412400.0,11,92.22,8214000.0,1
18300.0,6,3.52,1855000.0,0
27000.0,17,2.43,1424000.0,0
14300.0,14,1.36,1884000.0,0
6500.0,17,11.44,1759000.0,0
8900.0,21,4.18,2104000.0,0
17700.0,6,9.64,1886000.0,0
60600.0,8,1.95,5817000.0,0
31000.0,19,98.56,4977000.0,0
288800.0,15,10.22,3359000.0,0
47800.0,10,4.94,4921000.0,0
19600.0,19,0.71,3676000.0,0
234200.0,19,5.9,4071000.0,0
370200.0,17,1.89,28736000.0,0
22500.0,22,1.69,2777000.0,0
11700.0,20,74.8,2168000.0,0
19700.0,11,10.15,2736000.0,0
36900.0,8,6.87,1424000.0,0
6200.0,6,9.97,1424000.0,0
29600.0,17,7.05,2815000.0,0
43000.0,14,7.64,7411000.0,0
22400.0,13,2.0,4744000.0,0
6100.0,13,4.2,3557000.0,0
21600.0,15,10.7,1424000.0,0
72700.0,14,4.97,4918000.0,0
81700.0,22,1.72,7394000.0,0
126500.0,10,9.91,10068000.0,0
1700.0,12,3.76,1424000.0,0
14000.0,17,3.49,1424000.0,0
17600.0,20,1.14,2764000.0,0
16900.0,10,4.02,1937000.0,0
69800.0,17,3.27,5641000.0,0
50300.0,17,6.44,1672000.0,0
17200.0,14,3.28,5850000.0,0
7600.0,10,10.25,3965000.0,0
34300.0,12,2.59,2182000.0,0
31400.0,20,1.67,4046000.0,0
585600.0,9,2.62,17706000.0,0
53900.0,16,20.18,5476000.0,0
39100.0,12,1.95,1424000.0,0
2075600.0,16,2.92,4693000.0,0
106300.0,13,1.53,1424000.0,0
116700.0,13,6.26,7458000.0,0
145000.0,15,6.52,2418000.0,0
59100.0,6,0.99,3224000.0,0
42200.0,9,3.25,4959000.0,0
39800.0,10,2.28,1424000.0,0
73600.0,11,1.12,1896000.0,0
294100.0,3,7.42,1424000.0,1
100700.0,15,9.87,1424000.0,0
14500.0,0,8.05,2033000.0,0
26500.0,11,7.39,3236000.0,0
11400.0,23,1.73,1424000.0,0
14700.0,10,6.1,3266000.0,0
32200.0,19,8.16,3346000.0,0
32400.0,21,10.32,1831000.0,0
32300.0,16,9.84,1424000.0,0
157500.0,17,8.34,12434000.0,0
11600.0,14,19.11,2177000.0,0
27300.0,20,1.32,3308000.0,1
69200.0,21,0.59,2744000.0,0
205100.0,9,3.55,7994000.0,0
2292800.0,3,1084.55,1470000.0,1
70200.0,10,8.42,1471000.0,0
25100.0,21,9.79,1569000.0,0
105200.0,14,3.62,14603000.0,0
40100.0,12,2.27,4046000.0,0
200100.0,11,145.41,2972000.0,0
36800.0,8,0.52,2877000.0,0
18800.0,10,5.96,2736000.0,0
17900.0,14,547.57,1424000.0,0
8000.0,23,65.57,1424000.0,0
3800.0,8,7.89,1424000.0,0
29700.0,12,9.34,4636000.0,0
42200.0,17,8.44,5093000.0,0
24300.0,12,0.83,1424000.0,0
135100.0,13,1.2,2480000.0,0
106700.0,8,3.37,3091000.0,0
26700.0,19,5.02,3402000.0,0
135800.0,16,14.81,1628000.0,0
19000.0,20,33.29,1424000.0,0
36700.0,19,6.85,1424000.0,0
41800.0,7,3.9,3870000.0,0
39800.0,18,8.39,5140000.0,0
29200.0,20,12.02,1600000.0,0
21300.0,8,6.02,1514000.0,0
21100.0,10,0.79,2387000.0,0
52700.0,17,7.69,1424000.0,0
74600.0,16,5.85,4539000.0,0
29600.0,17,80.2,2591000.0,0
17600.0,13,125.9,2241000.0,0
11400.0,20,7.58,1424000.0,0
15500.0,20,0.95,2302000.0,0
74600.0,17,3.99,2942000.0,0
200300.0,9,6.65,11615000.0,0
729500.0,17,19.26,1727000.0,1
13300.0,13,26.03,1689000.0,0
116600.0,11,0.93,4773000.0,0
54400.0,11,1.76,4607000.0,0
38500.0,20,3.48,1978000.0,0
278900.0,17,13.21,20636000.0,0
8200.0,17,3.88,2177000.0,0
4400.0,15,3.16,2577000.0,0
60100.0,7,5.75,1424000.0,0
95500.0,23,4.11,5641000.0,0
9400.0,11,3.69,1590000.0,0
3100.0,23,1.12,1832000.0,0
8500.0,20,2.26,1470000.0,0
167300.0,17,7.72,6069000.0,0
141200.0,9,4.33,1648000.0,0
156900.0,11,1.44,17107000.0,0
51600.0,15,1.74,2423000.0,0
51600.0,16,5.28,2409000.0,0
9200.0,17,2.22,1424000.0,0
23300.0,12,3.13,1647000.0,0
136200.0,12,6.76,26494000.0,0
76100.0,11,7.93,9176000.0,0
11300.0,12,2.13,1424000.0,0
54900.0,14,18.25,2347000.0,0
3300.0,15,4.3,2769000.0,0
36100.0,10,317.79,3887000.0,0
151400.0,15,113.29,4256000.0,0
101100.0,6,26.88,5802000.0,0
86600.0,13,3.3,1424000.0,0
189100.0,19,19.7,5728000.0,0
3800.0,16,4.68,2079000.0,0
14700.0,17,1318.47,3302000.0,0
36600.0,9,2.68,1424000.0,0
18000.0,7,5.05,1424000.0,0
46200.0,16,5.34,3084000.0,0
22500.0,20,3.6,2604000.0,0
455500.0,19,6.5,38629000.0,0
29100.0,15,2.32,3584000.0,0
1400.0,18,17.77,1821000.0,0
4100.0,2,2.27,2494000.0,0
265300.0,11,7.5,9879000.0,0
6400.0,13,2.65,1573000.0,0
291700.0,20,1.19,4034000.0,0
218500.0,8,1.4,2568000.0,0
348800.0,16,0.84,7511000.0,0
22600.0,9,1.52,5965000.0,0
22300.0,5,4.79,1424000.0,0
540100.0,18,6.33,7215000.0,0
244000.0,19,2.06,20583000.0,0
25300.0,13,2.3,1490000.0,0
280300.0,0,10.57,1466000.0,1
79400.0,20,1.67,10224000.0,0
2800.0,9,4.35,1424000.0,0
22800.0,9,1.45,1905000.0,0
33400.0,13,4.16,3209000.0,0
1874700.0,15,5.62,9040000.0,0
17600.0,15,4.76,1424000.0,0
774200.0,12,3.74,9640000.0,0
128600.0,16,3.72,5435000.0,0
441100.0,12,2.01,17995000.0,0
5300.0,13,5.85,1424000.0,0
16300.0,17,2.64,3131000.0,0
35400.0,13,3.36,2678000.0,0
16000.0,23,3.79,3334000.0,0
68100.0,20,1.49,8679000.0,0
2040000.0,14,6.38,1808000.0,0
185100.0,4,8.74,2096000.0,0
16700.0,14,936.61,2372000.0,0
19500.0,12,3.06,2026000.0,0
12800.0,17,1.75,2122000.0,0
151700.0,9,6.01,23268000.0,0
29600.0,18,4.1,13738000.0,0
62100.0,12,0.95,2219000.0,0
2700.0,10,1.07,1424000.0,0
67100.0,9,2.07,15436000.0,0
37300.0,17,2.36,1463000.0,0
161800.0,19,957.16,5597000.0,0
36300.0,21,2.72,1424000.0,0
6200.0,10,2.5,2184000.0,0
112300.0,7,7.91,1424000.0,0
50900.0,20,6.64,4817000.0,0
28500.0,19,29.53,1424000.0,0
294300.0,0,368.32,4879000.0,0
147700.0,15,9.75,10028000.0,0
9400.0,15,1.47,1424000.0,0
5600.0,18,15.91,1424000.0,0
47100.0,10,0.57,1424000.0,0
322700.0,20,8.09,1424000.0,0
16800.0,18,5.52,2654000.0,0
66200.0,9,8.63,11029000.0,0
113000.0,14,8.73,5982000.0,0
50200.0,14,70.34,2418000.0,0
64300.0,19,4.14,1584000.0,0
137000.0,8,8.31,6506000.0,0
368600.0,15,11.59,10273000.0,0
12000.0,18,2.65,7078000.0,0
102700.0,16,3.27,2670000.0,0
138100.0,19,4.34,4050000.0,0
112800.0,14,2.57,4882000.0,0
40100.0,21,87.15,1424000.0,0
40000.0,19,1.84,1976000.0,0
11600.0,17,16.09,1424000.0,0
4200.0,16,4.31,4804000.0,0
34600.0,13,8.72,3555000.0,0
134400.0,16,0.39,1424000.0,0
1985000.0,15,3.74,3870000.0,0
16000.0,16,4.43,2727000.0,0
7500.0,22,4.43,2053000.0,0
33000.0,19,17.67,1424000.0,0
51900.0,22,1.28,1424000.0,0
177200.0,16,6.12,6175000.0,0
32500.0,14,21.93,4773000.0,0
257100.0,14,3.54,6989000.0,0
38900.0,10,4.93,2326000.0,0
5900.0,6,2.87,1424000.0,0
5400.0,5,1.97,1719000.0,0
288800.0,15,3.2,6807000.0,0
133200.0,21,1.69,5982000.0,0
15300.0,12,3.43,1424000.0,0
18200.0,16,10.04,4012000.0,0
15000.0,6,617.84,3080000.0,0
92200.0,13,1.18,4265000.0,0
50500.0,7,10.08,5582000.0,0
5500.0,19,3.98,1424000.0,0
17200.0,5,3.66,4744000.0,0
195800.0,17,5.15,10750000.0,0
2834400.0,5,1220.81,1919000.0,1
97600.0,7,2.96,2000000.0,0
163400.0,12,4.25,3787000.0,0
808000.0,16,138.73,8370000.0,0
73000.0,19,0.81,5646000.0,0
18800.0,11,31.57,2048000.0,0
32400.0,20,0.56,1424000.0,0
62300.0,18,4.41,3033000.0,0
5600.0,9,1.55,1424000.0,0
20100.0,19,0.63,1757000.0,0
8300.0,12,2.21,1593000.0,0
21900.0,11,2.48,2750000.0,0
49100.0,8,8.36,9271000.0,0
1055400.0,0,94.95,7215000.0,0
219500.0,19,9.24,5991000.0,0
51300.0,8,3.08,1424000.0,0
46500.0,21,1.71,3761000.0,0
51100.0,13,6.3,7702000.0,0
9500.0,6,5.38,1589000.0,0
3800.0,15,6.05,1476000.0,0
9800.0,12,5.99,3561000.0,0
62500.0,12,2.31,4448000.0,0
17900.0,11,9.37,1424000.0,0
20400.0,17,0.62,5794000.0,0
40700.0,9,8.15,4605000.0,0
51900.0,10,3.66,2881000.0,0
282500.0,9,7.05,6175000.0,0
208500.0,13,0.35,5659000.0,0
112000.0,21,6.87,7794000.0,0
105100.0,15,46.34,3824000.0,0
128300.0,6,146.36,7795000.0,0
32600.0,11,1.25,1994000.0,0
38900.0,17,6.55,2222000.0,0
16700.0,10,249.28,7845000.0,1
20000.0,17,4.21,2757000.0,0
71200.0,22,5.45,3750000.0,0
153700.0,10,1.56,8214000.0,0
573700.0,21,2.38,9271000.0,0
97500.0,12,76.78,8428000.0,0
106800.0,9,3.72,7099000.0,0
6700.0,14,2.05,1424000.0,0
26900.0,13,18.0,1936000.0,0
44300.0,23,3.36,1424000.0,0
11100.0,9,4.52,2204000.0,0
8300.0,19,12.38,1456000.0,0
20500.0,12,129.07,3123000.0,0
6000.0,8,4.17,1961000.0,0
12000.0,10,2.06,1424000.0,0
9800.0,9,1.61,4163000.0,0
41800.0,10,3.73,4636000.0,0
6000.0,11,1.31,1424000.0,0
5500.0,14,67.76,2740000.0,0
131100.0,10,1.64,7932000.0,0
8600.0,17,4.01,2401000.0,0
65400.0,9,0.59,2920000.0,0
66200.0,23,0.65,1926000.0,0
313300.0,10,22.75,5638000.0,0
61300.0,12,6.67,1643000.0,0
61000.0,22,37.91,2445000.0,0
320200.0,20,14.6,10379000.0,0
195200.0,13,15.39,5794000.0,0
195600.0,21,745.26,17995000.0,0
59100.0,10,8.7,3924000.0,0
36800.0,17,6.83,3154000.0,1
12400.0,15,3.18,1424000.0,0
11000.0,14,36.18,2026000.0,0
13600.0,20,2.44,1424000.0,0
107800.0,12,2.69,15551000.0,0
5324300.0,5,141.32,3865000.0,1
9800.0,17,1.35,1424000.0,0
51300.0,12,9.85,1424000.0,0
68100.0,8,18.2,1424000.0,0
74600.0,11,5.03,1712000.0,0
16100.0,15,2.43,6690000.0,0
624700.0,10,49.5,1424000.0,1
70100.0,20,1043.96,4050000.0,0
12100.0,17,7.45,1424000.0,0
8300.0,21,2.02,1647000.0,0
1310900.0,7,230.62,1424000.0,1
77100.0,22,2.11,3823000.0,0
16200.0,13,5.73,5394000.0,0
59100.0,13,2.32,6770000.0,0
1100.0,7,1.27,1424000.0,0
34800.0,10,7.99,3964000.0,0
12700.0,12,65.37,1495000.0,0
100600.0,20,136.79,1858000.0,0
12400.0,23,13.82,1821000.0,0
21600.0,10,7.68,1645000.0,0
15600.0,21,5.48,2113000.0,0
455100.0,8,3.48,4270000.0,0
37500.0,12,2.99,2653000.0,0
91700.0,15,22.62,11201000.0,0
19700.0,2,2.6,1602000.0,0
98200.0,15,1.46,2032000.0,0
2072900.0,16,13.2,2569000.0,0
36700.0,17,878.3,8904000.0,0
11700.0,1,0.38,1887000.0,0
33600.0,21,7.48,1900000.0,0
22100.0,11,0.9,1810000.0,0
13000.0,13,5.11,1424000.0,0
22000.0,12,3.18,1705000.0,0
14700.0,19,5.57,1577000.0,0
5400.0,9,5.27,1734000.0,0
32300.0,17,1.7,6433000.0,0
19600.0,10,2.23,1424000.0,0
51100.0,21,1.33,2351000.0,0
44700.0,12,7.06,10891000.0,0
36900.0,21,1.71,1424000.0,0
18400.0,12,5.88,9178000.0,0
66600.0,12,5.41,3120000.0,0
9900.0,17,4.41,3044000.0,0
7200.0,18,12.42,1424000.0,0
37600.0,15,26.59,1424000.0,0
47500.0,16,2.7,3877000.0,0
184400.0,12,125.95,2982000.0,0
11900.0,13,4.96,4169000.0,0
173800.0,23,7.9,10207000.0,0
52800.0,10,0.74,7232000.0,0
340800.0,19,1.75,13121000.0,0
535000.0,9,2.28,13121000.0,0
47000.0,9,7.86,6177000.0,0
32400.0,14,2.96,1424000.0,0
78600.0,16,36.76,3625000.0,0
67500.0,13,1.81,4460000.0,0
32400.0,12,4.36,1781000.0,0
42500.0,20,38.57,7875000.0,0
133900.0,7,10.36,12437000.0,0
175600.0,20,0.96,1995000.0,0
6500.0,14,1.71,2107000.0,0
307500.0,22,10.27,8307000.0,0
52000.0,16,60.74,7023000.0,0
5700.0,22,16.08,2598000.0,0
33800.0,13,20.96,3091000.0,0
13800.0,15,2.65,5384000.0,0
75600.0,15,0.75,3064000.0,0
55400.0,11,20.49,2810000.0,0
25700.0,12,9.24,1504000.0,0
164800.0,22,6.69,4374000.0,0
40700.0,11,32.57,10028000.0,0
40200.0,21,8.54,1424000.0,0
20700.0,23,1.29,7232000.0,0
152700.0,15,7.63,15722000.0,0
128500.0,8,1.34,3175000.0,0
14600.0,20,6.43,1424000.0,0
12000.0,14,14.0,1565000.0,0
117100.0,15,1.12,3822000.0,0
9000.0,21,13.34,3619000.0,0
139900.0,6,10.94,7500000.0,0
136200.0,13,1.28,2763000.0,0
207200.0,18,3.64,24525000.0,0
21500.0,11,6.98,4029000.0,0
62200.0,16,2.2,1424000.0,0
57400.0,20,4.68,6034000.0,0
84400.0,19,12.51,6966000.0,0
17700.0,19,3.17,1424000.0,0
13600.0,16,5.04,1919000.0,0
31600.0,11,1.63,5015000.0,0
161400.0,17,6.22,2838000.0,0
36400.0,13,2.05,1424000.0,0
78800.0,18,13.69,6977000.0,0
670500.0,12,2.86,2888000.0,0
49700.0,11,1.96,6807000.0,0
77000.0,20,2.34,11621000.0,0
18200.0,8,1.3,6955000.0,0
48900.0,20,1.36,1768000.0,0
73000.0,12,1.63,1424000.0,0
43100.0,12,28.63,3726000.0,0
21500.0,10,2.87,1424000.0,0
20900.0,20,5.63,3229000.0,0
11200.0,11,0.57,1424000.0,0
162600.0,16,12.05,6738000.0,0
46900.0,19,0.36,3294000.0,0
17200.0,16,1.3,3155000.0,0
59700.0,19,4.06,2000000.0,0
43800.0,21,4.3,5131000.0,0
194600.0,12,2.06,4582000.0,0
14400.0,15,0.31,2994000.0,0
52500.0,20,13.45,4564000.0,0
32700.0,13,1.33,2910000.0,0
51800.0,18,1.8,3175000.0,0
93300.0,17,5.02,5794000.0,0
16400.0,22,1.91,1424000.0,0
4700.0,19,1.59,1950000.0,0
13600.0,19,1.21,3606000.0,0
87800.0,19,19.14,4026000.0,0
3300.0,18,8.02,2103000.0,0
2200.0,12,4.17,1424000.0,0
2800.0,15,7.72,1745000.0,0
4700.0,4,9.69,1909000.0,0
69200.0,19,0.83,5085000.0,0
149400.0,21,5.65,3633000.0,0
109300.0,13,3.58,6084000.0,0
38800.0,11,2.09,3224000.0,0
35100.0,7,9.73,3271000.0,0
163500.0,12,1.55,7443000.0,0
5100.0,22,3.17,3334000.0,0
18100.0,17,1.3,1424000.0,0
6000.0,14,1.21,3868000.0,0
9200.0,20,16.23,3753000.0,0
98900.0,18,4.88,5416000.0,0
5000.0,14,1.82,1424000.0,0
19100.0,21,0.74,1433000.0,0
24100.0,12,55.24,2347000.0,0
48400.0,0,4.5,3641000.0,0
268000.0,14,3.32,5220000.0,1
14200.0,10,6.54,1424000.0,0
9200.0,18,10.21,1424000.0,0
161100.0,11,3.07,11746000.0,0
25800.0,17,10.13,3104000.0,0
34100.0,13,8.75,3297000.0,0
24500.0,21,3.12,1424000.0,0
333900.0,17,4.91,9311000.0,0
129400.0,23,7.2,1424000.0,0
31100.0,8,60.79,1424000.0,0
30700.0,15,1.81,4270000.0,0
13000.0,1,4.81,2961000.0,0
15300.0,13,4.13,8206000.0,0
20800.0,7,29.87,1824000.0,0
596100.0,18,6.8,17311000.0,0
41800.0,17,3.84,1424000.0,0
39400.0,23,87.76,4911000.0,0
13600.0,17,0.85,1961000.0,0
15400.0,9,2.89,1424000.0,0
23700.0,13,6.06,2839000.0,0
9400.0,16,0.93,3442000.0,0
97100.0,19,4.51,3937000.0,0
76300.0,7,2.62,2924000.0,0
72200.0,21,5.79,4308000.0,0
69200.0,23,3.86,5155000.0,0
10200.0,10,3.97,1424000.0,0
40700.0,16,4.38,3360000.0,0
11000.0,16,2.86,2425000.0,0
544500.0,18,10.25,11615000.0,0
480500.0,12,5.46,9929000.0,0
28800.0,20,53.38,5036000.0,0
127700.0,13,1.19,3252000.0,0
64400.0,10,6.83,1810000.0,0
277500.0,10,5.16,3229000.0,0
372100.0,16,5.63,6492000.0,0
24300.0,16,4.2,4875000.0,0
97800.0,20,2.03,5495000.0,0
384500.0,14,2.78,6796000.0,0
18300.0,13,12.24,5019000.0,0
71500.0,19,2.75,2688000.0,0
40539500.0,12,600.14,24054000.0,1
35800.0,8,0.94,5744000.0,0
13300.0,19,1.27,6021000.0,0
77800.0,18,2.72,2678000.0,0
150600.0,14,5.59,2634000.0,0
16600.0,10,81.56,1567000.0,0
23300.0,19,1.63,2281000.0,0
12700.0,10,3.98,1719000.0,0
23800.0,11,3.54,1712000.0,0
13000.0,14,11.51,1673000.0,0
14000.0,1,595.08,1424000.0,1
23900.0,10,4.35,5888000.0,0
23500.0,20,9.16,3558000.0,0
29100.0,16,4.21,3255000.0,0
25000.0,22,3.54,5346000.0,0
160100.0,12,249.0,3727000.0,0
175300.0,20,3.79,5375000.0,0
6400.0,19,4.04,1424000.0,0
38700.0,19,1.73,1424000.0,0
118500.0,8,26.65,3305000.0,0
68700.0,9,1.64,10224000.0,0
43500.0,6,4.8,2763000.0,0
323400.0,14,5.38,5225000.0,0
42500.0,12,1.27,2053000.0,0
49700.0,10,4.54,7340000.0,0
118300.0,20,2.89,6315000.0,0
11400.0,21,1.51,1424000.0,0
100000.0,16,8.36,6580000.0,0
220400.0,10,1.4,9916000.0,0
14200.0,7,3.15,3577000.0,0
15400.0,14,5.49,1795000.0,0
14700.0,0,2.75,5559000.0,0
196300.0,14,5.65,14494000.0,0
5800.0,19,1.02,1800000.0,0
218200.0,20,1.49,7944000.0,0
2600.0,15,1.85,1480000.0,0
17000.0,22,131.64,1808000.0,0
65800.0,7,3.82,3442000.0,0
285200.0,13,6.47,4254000.0,0
149900.0,16,0.62,5538000.0,0
24100.0,12,4.77,2656000.0,0
51400.0,14,1.85,5102000.0,0
49500.0,23,2.85,2571000.0,0
83500.0,13,0.47,4532000.0,0
17300.0,10,96.56,4016000.0,0
28400.0,18,0.84,1424000.0,0
29700.0,9,3.32,1781000.0,0
15100.0,9,9.45,3865000.0,0
8400.0,12,13.67,4071000.0,0
3000.0,3,5.57,1424000.0,0
8300.0,12,0.45,2079000.0,0
15400.0,9,5.47,1424000.0,0
11900.0,17,10.34,3746000.0,0
35100.0,13,16.21,2961000.0,0
25300.0,18,0.75,3010000.0,0
490700.0,10,0.82,21886000.0,0
101900.0,20,0.87,1424000.0,0
26500.0,19,2.04,1641000.0,0
33700.0,13,1.46,6699000.0,0
214000.0,17,6.07,27751000.0,0
48200.0,17,1.83,3969000.0,0
34000.0,18,4.8,4526000.0,0
67200.0,21,11.23,8428000.0,0
105200.0,10,18.57,16944000.0,0
42700.0,17,2.75,1490000.0,0
3200.0,11,2.35,1424000.0,0
1656500.0,12,15.82,1424000.0,0
12200.0,22,2.29,1426000.0,0
24300.0,9,1.35,2641000.0,0
16700.0,16,1.79,2182000.0,0
112000.0,9,5.42,6812000.0,0
12100.0,16,1.93,1975000.0,0
26600.0,17,1.16,1424000.0,0
20900.0,17,2.28,1896000.0,0
6000.0,12,109.82,2569000.0,0
14200.0,13,1.99,1424000.0,0
20900.0,3,13.82,3210000.0,0
22000.0,9,20.14,1424000.0,0
10100.0,18,8.82,1424000.0,0
7500.0,13,12.41,1424000.0,0
67500.0,19,3.35,5057000.0,0
2394500.0,10,37.24,39212000.0,0
34100.0,22,1.91,1532000.0,0
2020500.0,21,5.7,12769000.0,0
152100.0,18,3.84,8142000.0,0
131700.0,13,5.19,3545000.0,0
145000.0,7,6.15,10592000.0,0
315200.0,8,92.33,15211000.0,0
379300.0,0,21.31,6423000.0,0
217600.0,13,7.52,32926000.0,0
63900.0,22,3.2,11560000.0,0
101900.0,1,4.56,31871000.0,0
53800.0,20,1.84,6952000.0,0
27100.0,15,4.92,2955000.0,0
520100.0,18,7.3,11426000.0,0
73100.0,8,0.61,3129000.0,0
172700.0,11,21.54,3750000.0,0
28800.0,12,85.29,3077000.0,0
17500.0,20,10.63,1655000.0,0
3062100.0,16,4.9,3847000.0,0
202300.0,13,2.13,3517000.0,0
17400.0,11,8.46,4424000.0,0
62000.0,5,14.55,3633000.0,0
24900.0,11,0.48,2690000.0,0
32400.0,5,2.56,1855000.0,0
37600.0,19,3.82,4320000.0,0
56800.0,13,0.94,5982000.0,0
4600.0,19,105.66,1424000.0,0
12600.0,22,3.01,1497000.0,0
45800.0,17,1.13,4846000.0,0
98700.0,10,3.41,4760000.0,0
27200.0,11,9.8,3684000.0,0
1630300.0,17,506.06,1424000.0,1
103100.0,7,1.72,8742000.0,0
150500.0,16,5.84,6175000.0,0
50200.0,11,3.72,5155000.0,0
33600.0,15,1.48,5942000.0,0
33900.0,17,2.2,3030000.0,0
86000.0,17,2.62,2033000.0,0
24900.0,12,106.7,1896000.0,0
25300.0,21,100.82,1590000.0,0
68800.0,18,1.49,10847000.0,0
797400.0,7,4.49,14817000.0,0
167100.0,15,7.77,7865000.0,0
200800.0,18,1.33,13810000.0,0
56000.0,19,7.07,4535000.0,0
188800.0,20,3.36,7812000.0,0
6800.0,22,11.49,3305000.0,0
9500.0,8,0.9,1424000.0,0
83700.0,18,5.18,3731000.0,0
19000.0,19,1.03,1424000.0,0
5600.0,3,797.84,3080000.0,0
47700.0,16,2.73,1424000.0,0
130700.0,21,25.0,10417000.0,0
55000.0,16,6.0,12210000.0,0
19800.0,15,16.94,4912000.0,0
75300.0,9,5.34,7459000.0,0
277600.0,7,19.85,11951000.0,0
92200.0,22,5.63,4636000.0,0
299100.0,12,2.93,4360000.0,0
24200.0,15,129.79,2944000.0,0
48600.0,23,2.96,2232000.0,0
263200.0,22,1.96,8952000.0,0
9400.0,17,8.78,2068000.0,0
4500.0,9,1.68,2589000.0,0
36900.0,12,0.54,12349000.0,0
22000.0,7,7.07,7340000.0,0
23300.0,9,5.41,3992000.0,0
24000.0,20,137.85,3254000.0,0
142800.0,10,1181.51,5060000.0,0
298100.0,8,3.53,9040000.0,0
6200.0,13,1.4,1612000.0,0
152300.0,4,0.94,6025000.0,0
23700.0,7,3.84,1424000.0,0
36300.0,18,26.01,3386000.0,0
111000.0,12,1.71,2443000.0,0
13800.0,18,1.56,2656000.0,0
20800.0,13,3.64,1424000.0,0
37600.0,12,7.06,2233000.0,0
12200.0,11,4.65,5496000.0,0
166900.0,16,6.37,4116000.0,0
31000.0,15,1.23,1909000.0,0
83600.0,15,1.77,3807000.0,0
115800.0,18,1.97,6433000.0,0
3900.0,22,268.82,1424000.0,1
16400.0,12,137.26,1857000.0,0
8000.0,12,2.85,2403000.0,0
76900.0,17,21.02,5410000.0,0
44600.0,2,0.85,1424000.0,0
19200.0,10,11.08,2984000.0,0
113900.0,8,2.81,7538000.0,0
41200.0,6,1.08,2546000.0,0
39900.0,21,5.09,6349000.0,0
159100.0,9,5.8,1705000.0,0
54000.0,22,3.39,3663000.0,0
31500.0,15,46.61,3295000.0,0
20100.0,12,0.74,1424000.0,0
3100.0,8,1.17,2339000.0,0
17900.0,18,2.12,2994000.0,0
642900.0,13,5.08,2622000.0,0
12800.0,19,4.6,4166000.0,0
9000.0,11,3.22,1424000.0,0
197100.0,16,14.86,4945000.0,0
224700.0,14,18.72,2881000.0,0
69300.0,13,1.64,9895000.0,0
7400.0,9,5.15,3731000.0,0
202000.0,19,12.94,3867000.0,0
54600.0,21,1.62,5270000.0,0
30800.0,6,0.61,2481000.0,0
7300.0,17,2.58,3630000.0,0
34800.0,20,2.13,4066000.0,0
25300.0,16,2.45,1424000.0,0
54200.0,12,0.56,7401000.0,0
94100.0,17,3.4,15618000.0,0
5400.0,14,2.5,1424000.0,0
45500.0,14,1.3,2135000.0,0
468000.0,19,13.27,52608000.0,0
1526200.0,16,12.23,3254000.0,1
16900.0,20,106.46,3725000.0,0
359800.0,7,2.77,4184000.0,0
21600.0,14,2.54,1424000.0,0
81800.0,14,5.41,4727000.0,0
81300.0,10,8.68,11397000.0,0
35100.0,13,3.48,1424000.0,0
337100.0,10,53.18,3540000.0,0
306700.0,20,3.8,10912000.0,0
6300.0,18,1.93,1424000.0,0
235700.0,11,22.25,3190000.0,0
92400.0,19,6.02,3889000.0,0
10800.0,15,1.62,1650000.0,0
49600.0,1,7.77,4028000.0,0
140800.0,15,2.12,6889000.0,0
27100.0,20,0.7,3243000.0,0
2794400.0,12,3.55,14761000.0,0
15700.0,11,4.74,6175000.0,0
108600.0,19,4.17,12021000.0,0
98400.0,16,2.98,9826000.0,0
53100.0,9,6.03,3616000.0,0
33100.0,13,2.44,3346000.0,0
62200.0,20,1.62,5855000.0,0
228300.0,18,4.2,14363000.0,0
8100.0,18,2.21,1424000.0,0
20600.0,23,0.43,1424000.0,0
3300.0,10,7.2,2268000.0,0
31300.0,22,10.74,12432000.0,0
88900.0,12,2.92,1809000.0,0
333700.0,18,0.78,8968000.0,0
20700.0,22,9.38,7099000.0,0
65900.0,22,4.46,3070000.0,0
9300.0,21,2.91,2494000.0,0
211600.0,11,7.78,2620000.0,0
181600.0,19,13.27,7794000.0,0
11000.0,11,60.34,1424000.0,0
160400.0,8,2.92,5244000.0,0
256700.0,18,1.48,6455000.0,0
219900.0,10,3.91,13353000.0,0
237500.0,18,1.7,3091000.0,0
51900.0,12,1.16,4347000.0,0
51700.0,22,17.26,32736000.0,0
13700.0,18,1.24,1965000.0,0
27000.0,19,55.43,2406000.0,0
22600.0,12,18.55,1424000.0,0
45600.0,8,95.01,1523000.0,0
12800.0,19,6.13,1424000.0,0
16600.0,20,30.41,4175000.0,0
39900.0,18,2.26,5102000.0,0
81000.0,10,1.76,2619000.0,0
16100.0,11,3.29,1424000.0,0
7900.0,21,2.29,1798000.0,0
10100.0,7,5.52,1424000.0,0
326400.0,21,4.92,3759000.0,0
77000.0,12,1.62,5985000.0,0
195400.0,11,1.97,8853000.0,0
5600.0,17,9.94,2337000.0,0
53900.0,22,5.35,4970000.0,0
75800.0,18,6.15,2009000.0,0
1000.0,22,1.92,1424000.0,0
21100.0,8,30.86,1424000.0,0
324800.0,15,9.37,1957000.0,0
88300.0,15,21.63,51331000.0,0
9600.0,13,6.75,2052000.0,0
453600.0,6,9.02,4760000.0,0
24800.0,19,3.38,1712000.0,0
192700.0,12,4.64,3963000.0,0
24500.0,20,3.33,3295000.0,0
81500.0,13,10.6,1424000.0,1
12900.0,23,14.51,1424000.0,0
3000.0,8,5.32,1674000.0,0
6000.0,11,12.47,1424000.0,0
178300.0,15,3.25,2988000.0,0
10600.0,12,4.6,3294000.0,0
73500.0,10,214.97,4804000.0,0
26400.0,14,10.15,9083000.0,0
118000.0,11,89.04,3099000.0,0
7000.0,23,15.34,2076000.0,0
24900.0,8,2.22,1424000.0,0
16700.0,20,3.01,3886000.0,0
14400.0,16,8.3,2572000.0,0
110200.0,21,1.17,3554000.0,0
21300.0,21,79.71,1844000.0,0
24500.0,22,23.67,4499000.0,0
36100.0,20,1.1,3799000.0,0
30000.0,1,3.88,6807000.0,0
17100.0,12,56.08,1931000.0,0
33800.0,9,3.56,1424000.0,0
46900.0,18,2.56,1523000.0,0
21800.0,16,4.59,4958000.0,0
25200.0,14,26.8,1490000.0,0
59700.0,19,4.65,1493000.0,0
31700.0,17,4.35,1424000.0,0
204500.0,19,87.82,16397000.0,0
30000.0,10,5.43,5290000.0,0
127000.0,18,1.36,1424000.0,0
156100.0,14,3.5,8927000.0,0
6900.0,19,8.08,1687000.0,0
97500.0,13,3.31,1424000.0,0
81300.0,16,86.69,3753000.0,0
22800.0,12,10.71,7440000.0,0
69100.0,18,15.94,1585000.0,0
950100.0,0,947.27,3698000.0,0
11200.0,18,34.12,4829000.0,0
64500.0,15,1.86,1424000.0,0
50400.0,18,2.24,1558000.0,0
23200.0,19,6.47,2589000.0,0
16300.0,13,5.0,5375000.0,0
29700.0,13,3.3,4360000.0,0
62000.0,10,8.07,4539000.0,0
153200.0,21,7.42,4016000.0,0
111000.0,17,4.19,7380000.0,0
41200.0,20,3.93,1424000.0,0
144300.0,12,4.03,11426000.0,0
24700.0,18,0.79,3937000.0,0
5100.0,17,5.72,3841000.0,0
719400.0,20,0.88,9734000.0,0
22500.0,21,2.38,2131000.0,0
25700.0,23,1.0,1424000.0,0
108600.0,16,5.5,2589000.0,0
79300.0,20,9.51,10068000.0,0
18000.0,15,4.36,1536000.0,0
57500.0,20,3.73,1424000.0,0
6400.0,18,3.77,1428000.0,0
10700.0,14,1.0,6738000.0,0
56800.0,10,2.19,4184000.0,0
17000.0,17,46.76,2108000.0,0
356300.0,6,4.87,13390000.0,0
198800.0,20,1.0,6808000.0,0
18300.0,16,4.76,3641000.0,0
132600.0,9,14.6,6213000.0,0
33900.0,10,14.27,4241000.0,0
42000.0,14,5.48,2110000.0,0
25700.0,15,5.39,1433000.0,0
25800.0,23,3.29,3452000.0,0
67500.0,15,4.38,5058000.0,0
50800.0,19,1.93,11368000.0,0
8800.0,21,1.09,1424000.0,0
36500.0,20,3.47,2048000.0,0
189400.0,7,1.36,4846000.0,0
10500.0,13,1.22,1825000.0,0
207300.0,12,5.99,11491000.0,0
12100.0,10,17.79,5181000.0,0
33900.0,18,5.66,12053000.0,0
10600.0,17,4.58,1544000.0,0
17500.0,16,7.18,8721000.0,0
5700.0,12,0.84,2315000.0,0
5100.0,0,5.67,1424000.0,0
7900.0,14,9.16,1424000.0,0
21300.0,8,5.93,1424000.0,0
470700.0,21,4.41,45589000.0,0
79100.0,10,2.3,8055000.0,0
75300.0,7,8.49,3545000.0,0
15900.0,9,9.63,1471000.0,0
11300.0,13,4.08,1424000.0,0
80000.0,22,4.18,4268000.0,0
14700.0,19,2.24,2922000.0,0
1500.0,19,6.03,1424000.0,0
225900.0,14,7.64,1424000.0,0
14000.0,12,2.62,4360000.0,0
26000.0,16,7.2,2222000.0,0
8000.0,22,22.82,3254000.0,0
32400.0,11,4.0,6580000.0,0
52700.0,9,3.33,2401000.0,0
196700.0,10,30.25,15228000.0,0
15200.0,20,254.03,2089000.0,0
691800.0,13,9.0,4936000.0,0
469900.0,21,3.91,12913000.0,0
18800.0,14,3.48,1424000.0,0
7100.0,17,2.66,1424000.0,0
99000.0,15,0.78,1424000.0,0
34400.0,6,4.04,2571000.0,0
67600.0,10,2.5,1852000.0,0
24000.0,7,3.44,1424000.0,0
2000.0,11,7.22,1424000.0,0
126000.0,14,1.08,4192000.0,0
354800.0,12,3.84,9124000.0,0
17800.0,17,4.95,9296000.0,0
44900.0,21,50.43,4355000.0,0
396200.0,17,10.31,5056000.0,0
63200.0,20,26.56,2522000.0,0
15300.0,10,5.87,1459000.0,0
443600.0,20,2.16,15667000.0,0
8400.0,19,5.89,1806000.0,0
174900.0,10,0.78,2689000.0,0
16200.0,18,6.55,6623000.0,0
67700.0,10,5.93,1424000.0,0
24100.0,19,10.02,1424000.0,0
4200.0,16,6.2,1569000.0,0
4500.0,15,7.36,3143000.0,0
5200.0,6,5.54,2281000.0,0
13500.0,20,3.62,1424000.0,0
32500.0,16,1.69,6294000.0,0
52800.0,15,1.23,5035000.0,0
36100.0,20,21.21,1474000.0,0
86000.0,22,0.61,4456000.0,0
7300.0,17,5.78,1424000.0,0
36600.0,11,31.28,1850000.0,0
195800.0,12,6.63,7844000.0,0
191600.0,12,1.96,3828000.0,0
19600.0,1,818.95,2591000.0,1
6100.0,21,4.98,3376000.0,0
15200.0,12,2.94,2541000.0,0
23700.0,15,9.15,1635000.0,0
10300.0,14,33.31,5399000.0,0
2778100.0,19,8.88,3676000.0,0
35200.0,10,4.06,1684000.0,0
117000.0,19,2.49,1742000.0,0
120900.0,15,8.12,3057000.0,0
25400.0,8,1.47,2670000.0,0
60600.0,21,3.07,3129000.0,0
315700.0,9,21.65,84975000.0,0
24900.0,16,11.73,1605000.0,0
113600.0,20,1.75,6147000.0,0
30200.0,8,134.06,1856000.0,0
127700.0,21,4.1,1424000.0,0
84800.0,20,4.51,12021000.0,0
111600.0,16,2.93,2298000.0,0
16000.0,16,4.76,1688000.0,0
106300.0,2,5.49,10396000.0,0
3700.0,13,2.53,4630000.0,0
50800.0,20,2.66,2732000.0,0
66000.0,9,18.4,1424000.0,0
12800.0,10,3.17,1495000.0,0
24500.0,14,3.76,1717000.0,0
57900.0,13,14.65,1490000.0,0
34200.0,12,11.21,1424000.0,0
329900.0,17,1.72,16972000.0,0
21400.0,18,32.41,9432000.0,0
50300.0,13,6.74,18272000.0,0
45200.0,12,15.13,3603000.0,0
206500.0,8,0.89,84975000.0,0
6400.0,17,6.22,1424000.0,0
54200.0,23,7.78,1971000.0,0
4600.0,14,2.26,1424000.0,0
52000.0,15,2.04,1779000.0,0
219600.0,19,4.57,3700000.0,0
361100.0,18,3.17,9764000.0,0
50700.0,20,86.92,8952000.0,0
28200.0,23,1.63,2942000.0,0
45300.0,10,3.34,5621000.0,0
61800.0,15,1206.91,5523000.0,0
64500.0,14,4.53,1680000.0,0
56800.0,19,20.0,1424000.0,0
210700.0,9,78.25,3971000.0,0
191400.0,6,10.22,11826000.0,0
10500.0,12,1.24,2207000.0,0
10400.0,4,113.14,1424000.0,0
6400.0,10,3.7,2504000.0,0
101200.0,19,1.78,2589000.0,0
31100.0,11,2.91,3384000.0,0
631600.0,18,21.58,30578000.0,0
4500.0,19,2.23,1439000.0,0
128600.0,14,3.81,1957000.0,0
26300.0,18,8.35,2498000.0,0
306000.0,20,2.17,7386000.0,0
330100.0,5,102.6,4718000.0,0
61000.0,15,8.23,4974000.0,0
93800.0,7,2.79,1587000.0,0
115400.0,15,1.74,8672000.0,0
296400.0,19,9.72,6812000.0,0
17000.0,22,2.72,1424000.0,0
29600.0,13,4.08,7151000.0,0
39600.0,9,4.65,2777000.0,0
39500.0,14,0.84,1516000.0,0
23600.0,19,2.63,1724000.0,0
32800.0,13,6.27,3969000.0,0
25800.0,9,9.38,1727000.0,0
10400.0,13,1.02,1424000.0,0
597200.0,11,4.9,1424000.0,0
40700.0,9,6.1,3294000.0,0
8500.0,23,4.9,1523000.0,0
200500.0,20,8.36,1424000.0,0
765700.0,13,5.18,22459000.0,0
20700.0,12,4.61,4501000.0,0
10700.0,22,1.48,5057000.0,0
68300.0,5,0.75,11330000.0,0
5800.0,14,3.5,3006000.0,0
28500.0,12,1.31,7792000.0,0
55600.0,1,36.47,5221000.0,0
103300.0,20,21.29,4754000.0,0
36100.0,12,4.61,3542000.0,0
122300.0,10,2.25,3210000.0,0
90500.0,21,19.55,4970000.0,0
577600.0,11,1.48,20040000.0,0
24100.0,16,15.83,1424000.0,0
63700.0,10,4.12,10808000.0,0
104400.0,14,2.83,5462000.0,0
308800.0,12,11.9,7552000.0,0
938800.0,12,4.9,1890000.0,0
20400.0,18,4.89,1424000.0,0
21100.0,15,6.78,1456000.0,0
47700.0,21,12.35,6808000.0,0
80800.0,15,1.75,4056000.0,0
7900.0,22,1.94,1911000.0,0
47500.0,11,5.27,1795000.0,0
15400.0,9,11.51,1994000.0,0
4732800.0,0,354.91,2026000.0,1
27200.0,17,7.54,3948000.0,0
30500.0,15,23.31,3064000.0,0
10000.0,11,3.61,2984000.0,0
52600.0,13,1.17,1424000.0,0
82300.0,9,6.15,5225000.0,0
66300.0,20,6.08,4265000.0,0
8800.0,18,2.95,1424000.0,0
102700.0,21,2.02,9271000.0,0
49100.0,10,0.82,6343000.0,0
6000.0,11,10.68,1721000.0,0
28200.0,16,1.54,2418000.0,0
11100.0,12,0.79,9283000.0,0
89600.0,10,2.46,1554000.0,0
27800.0,10,302.44,2639000.0,0
52100.0,10,3.33,3753000.0,0
291000.0,17,3.33,11330000.0,0
10600.0,20,0.87,1424000.0,0
355300.0,20,1.83,14761000.0,0
92300.0,20,403.03,17818000.0,0
23600.0,17,1.96,2779000.0,0
12100.0,10,6.49,1424000.0,0
52100.0,9,8.38,3787000.0,0
11200.0,9,2.09,1424000.0,0
35300.0,23,1.12,5054000.0,0
136900.0,21,1.24,11522000.0,0
28300.0,16,1.98,8460000.0,0
267700.0,7,21.93,3558000.0,0
7100.0,14,1.2,1716000.0,0
10200.0,16,44.96,2740000.0,0
118400.0,12,5.11,2325000.0,0
153500.0,13,5.34,3498000.0,0
56400.0,2,3.41,3106000.0,0
355400.0,16,2.38,9178000.0,0
37900.0,14,0.37,4416000.0,0
101200.0,13,4.74,7704000.0,0
114700.0,19,3.41,3616000.0,0
185300.0,13,5.04,7443000.0,0
478300.0,16,2.85,5003000.0,0
114300.0,13,3.89,4744000.0,0
280600.0,16,59.96,39212000.0,0
9900.0,9,844.6,5189000.0,0
41900.0,10,18.63,2585000.0,0
38600.0,14,18.97,5764000.0,0
929800.0,20,14.44,7792000.0,0
415700.0,12,7.57,4347000.0,0
98100.0,11,5.13,6315000.0,0
52900.0,19,32.63,4743000.0,0
12500.0,12,11.74,1749000.0,0
67700.0,22,7.59,5222000.0,0
5500.0,13,3.58,1424000.0,0
62900.0,15,10.82,1797000.0,0
162500.0,10,1.58,17706000.0,0
32700.0,14,12.0,1424000.0,0
74000.0,18,2.43,1424000.0,0
4600.0,23,1.73,1495000.0,0
6200.0,15,19.24,1424000.0,0
46400.0,17,17.15,3141000.0,0
68300.0,11,2.99,1424000.0,0
31600.0,18,1.87,2917000.0,0
69300.0,8,1.79,12053000.0,0
404500.0,16,4.39,4646000.0,0
18100.0,13,34.63,1559000.0,0
18200.0,14,7.61,1749000.0,0
18000.0,22,14.11,11822000.0,0
32500.0,21,4.7,2156000.0,0
129400.0,21,618.39,3554000.0,0
25700.0,10,4.53,1424000.0,0
316700.0,19,54.56,29117000.0,0
13100.0,20,2.3,3725000.0,0
37500.0,19,3.19,1424000.0,0
12900.0,12,2.75,1424000.0,0
23000.0,15,3.16,6070000.0,0
31100.0,21,1.67,1531000.0,0
16900.0,10,11.81,1834000.0,0
209700.0,16,4.79,10571000.0,0
107800.0,10,9.11,1424000.0,0
66200.0,16,18.1,3718000.0,0
34400.0,3,3.4,5527000.0,0
8100.0,8,4.5,1719000.0,0
14600.0,3,5.23,1424000.0,0
716500.0,15,4.4,2876000.0,0
9900.0,13,105.45,2848000.0,0
66500.0,11,5.77,5982000.0,0
35500.0,19,1216.97,2137000.0,0
63600.0,12,6.03,7875000.0,0
280300.0,22,0.69,52608000.0,0
156400.0,19,3.48,4383000.0,0
72100.0,12,14.24,4005000.0,0
45900.0,16,9.85,1424000.0,0
48000.0,23,7.16,1529000.0,0
17200.0,16,2.75,5326000.0,0
114400.0,19,0.58,10915000.0,0
6000.0,19,6.97,1424000.0,0
71600.0,14,13.25,3726000.0,0
5500.0,21,5.66,3308000.0,0
114600.0,20,6.96,7270000.0,0
309300.0,22,45.98,3225000.0,0
69500.0,18,16.34,2944000.0,0
21700.0,12,0.98,3175000.0,0
84400.0,20,2.91,10847000.0,0
34000.0,11,4.52,4009000.0,0
800600.0,11,32.03,5991000.0,0
23300.0,21,21.65,4817000.0,0
41600.0,10,12.13,3367000.0,0
23500.0,12,30.2,5354000.0,0
62300.0,7,1.13,3107000.0,0
177800.0,19,1.31,9930000.0,0
355300.0,12,8.14,3452000.0,0
61100.0,22,2.54,6380000.0,0
57200.0,13,5.25,3107000.0,0
255500.0,10,1.63,26494000.0,0
33100.0,14,5.24,2301000.0,0
298300.0,9,0.8,7811000.0,0
65100.0,11,12.62,2481000.0,0
36100.0,12,8.52,4331000.0,0
9500.0,16,7.04,1424000.0,0
89500.0,16,9.71,1424000.0,0
14500.0,10,5.2,1808000.0,0
51600.0,15,3.23,4455000.0,0
58600.0,18,5.58,4109000.0,0
112300.0,13,11.15,11368000.0,0
59600.0,18,109.03,1882000.0,0
1600.0,16,6.23,1433000.0,0
54100.0,12,1.7,2232000.0,0
175200.0,21,3.04,15963000.0,0
22400.0,10,9.91,3630000.0,0
7800.0,10,244.07,4499000.0,1
18800.0,11,13.83,1424000.0,0
265900.0,0,15.47,14916000.0,0
24700.0,18,1.84,1809000.0,0
34800.0,14,4.93,4743000.0,0
5100.0,8,7.49,1424000.0,0
20900.0,6,1.19,4046000.0,0
37400.0,15,4.82,7459000.0,0
77500.0,21,1.54,5035000.0,0
116700.0,0,3.59,3388000.0,0
15000.0,10,2596.11,1424000.0,1
51300.0,18,4.19,5244000.0,0
54100.0,10,104.34,11029000.0,0
864400.0,16,6.84,16297000.0,0
23300.0,12,1.33,1424000.0,0
437800.0,14,6.28,8852000.0,0
12600.0,17,2.0,2403000.0,0
16600.0,20,3.43,3099000.0,0
12600.0,20,8.87,1424000.0,0
1158800.0,21,8.94,10207000.0,0
28700.0,13,2.08,1424000.0,0
2021000.0,17,1.45,3143000.0,0
54900.0,6,11.39,5374000.0,0
54200.0,8,6.29,2087000.0,0
35200.0,17,1.14,1559000.0,0
37600.0,16,5.27,5389000.0,0
63000.0,9,90.8,5638000.0,0
13400.0,6,2.21,1424000.0,0
31600.0,19,8.7,1844000.0,0
39800.0,8,5.42,4646000.0,0
6800.0,13,1.22,1689000.0,0
7700.0,17,5.71,1559000.0,0
18500.0,12,1.76,3947000.0,0
19800.0,17,5.67,1672000.0,0
22600.0,8,3.85,3638000.0,0
98700.0,23,2.97,9879000.0,0
13900.0,22,7.6,5221000.0,0
8700.0,19,205.78,3294000.0,1
4500.0,21,1.61,6492000.0,0
140300.0,19,2.81,10935000.0,0
450900.0,10,2.07,4311000.0,0
2700.0,0,0.92,1424000.0,0
28700.0,12,14.28,3800000.0,0
11400.0,10,9.47,1424000.0,0
110600.0,21,2.34,1428000.0,0
33500.0,19,27.79,5602000.0,0
70900.0,17,2.76,3800000.0,0
27500.0,9,7.16,1863000.0,0
10400.0,7,3.79,2405000.0,0
24000.0,8,10.04,4521000.0,0
19700.0,12,124.77,3210000.0,0
3400.0,16,20.16,1424000.0,0
26000.0,11,2.18,1424000.0,0
2555700.0,21,3.26,31871000.0,0
115100.0,9,1.58,4355000.0,0
12000.0,14,1.45,1424000.0,0
104600.0,17,4.79,8511000.0,0
12600.0,16,0.89,1424000.0,0
9800.0,13,8.8,4933000.0,0
793100.0,19,4.48,5855000.0,0
13700.0,9,1.95,3545000.0,0
18000.0,13,6.69,3534000.0,0
25700.0,13,17.26,2026000.0,0
122400.0,8,0.45,3638000.0,0
69600.0,20,0.88,2480000.0,0
4200.0,8,2.9,3034000.0,0
11900.0,17,10.4,3054000.0,0
40000.0,6,1.39,5222000.0,0
7600.0,16,2.58,1424000.0,0
174900.0,16,2.99,8742000.0,0
176200.0,19,1.75,3985000.0,0
23200.0,21,3.83,1856000.0,0
129100.0,18,11.23,2778000.0,0
123700.0,20,6.45,2848000.0,0
17200.0,10,26.6,4241000.0,0
38800.0,10,4.42,4707000.0,0
59700.0,18,0.45,2745000.0,1
14900.0,21,1291.12,11560000.0,0
100900.0,14,1.93,10366000.0,0
20800.0,16,2.55,1424000.0,0
80600.0,11,11.63,4704000.0,0
31100.0,10,0.69,7200000.0,0
22400.0,17,913.23,1747000.0,0
13200.0,14,4.49,9666000.0,0
8900.0,13,3.07,3985000.0,0
130000.0,20,109.55,4707000.0,0
237900.0,18,2.5,12919000.0,0
75600.0,14,4.02,4155000.0,0
117100.0,17,6.83,6672000.0,0
176400.0,19,4.19,9296000.0,0
23300.0,21,4.08,6160000.0,0
33500.0,18,6.29,1424000.0,0
28800.0,18,635.15,5405000.0,0
31400.0,19,4.68,6603000.0,0
31000.0,12,0.75,3030000.0,0
29500.0,12,4.36,1759000.0,0
585900.0,12,5.05,24054000.0,0
64300.0,8,4.73,3174000.0,0
6200.0,22,30.34,3268000.0,0
88100.0,18,4.16,3013000.0,0
17100.0,7,41.8,3746000.0,0
11600.0,22,1.24,2591000.0,0
7400.0,12,10.5,1424000.0,0
125300.0,21,0.51,6494000.0,0
35900.0,12,6.61,3122000.0,0
83300.0,20,1.18,14067000.0,0
14400.0,14,2.17,1424000.0,0
16300.0,11,2.2,3489000.0,0
66600.0,0,10.28,5855000.0,0
365700.0,15,1.79,24777000.0,0
37000.0,13,24.54,2662000.0,0
87200.0,18,15.41,2818000.0,0
26900.0,13,3.41,4464000.0,0
30300.0,12,7.41,1424000.0,0
6300.0,18,2.84,1424000.0,0
328600.0,1,0.93,8285000.0,0
64000.0,20,9.02,1424000.0,0
57800.0,16,18.52,2881000.0,0
68800.0,20,8.28,3104000.0,0
132100.0,12,4.58,6268000.0,0
18200.0,13,2.01,4628000.0,0
93100.0,9,9.3,7159000.0,0
169500.0,17,2.07,8721000.0,0
10300.0,9,4.17,2818000.0,0
51700.0,0,3.88,3893000.0,0
49300.0,15,7.16,2678000.0,0
41000.0,19,4.49,4029000.0,0
149400.0,18,19.49,2656000.0,0
9900.0,10,29.44,4176000.0,0
10500.0,17,3.41,3630000.0,0
1315900.0,20,12.57,2875000.0,1
19200.0,21,13.05,1424000.0,0
17900.0,10,23.74,1424000.0,0
202200.0,10,2.33,14761000.0,0
21500.0,13,8.02,3054000.0,0
29600.0,15,12.36,3054000.0,0
618800.0,20,7.68,9126000.0,0
14700.0,12,27.94,3630000.0,0
58400.0,8,3.1,2645000.0,0
33800.0,18,46.12,1554000.0,0
14100.0,18,36.3,2544000.0,0
66400.0,13,12.9,1424000.0,0
125100.0,20,53.73,5579000.0,0
4009200.0,15,7.15,4375000.0,0
6100.0,19,4.7,1424000.0,0
19200.0,20,7.64,1884000.0,0
7800.0,20,1.62,3302000.0,0
9100.0,16,0.93,2750000.0,0
26300.0,19,5.18,2013000.0,0
8200.0,16,1.07,1424000.0,0
20200.0,22,38.86,2641000.0,0
50800.0,12,3.74,6483000.0,0
14800.0,14,6.13,1424000.0,0
180700.0,12,1.51,1424000.0,0
68800.0,12,6.68,5588000.0,0
47000.0,19,1.79,7916000.0,0
46300.0,11,6.43,1424000.0,0
38900.0,19,1.53,1424000.0,0
11700.0,16,0.89,1424000.0,0
91700.0,9,0.87,1652000.0,0
16900.0,12,1.75,1424000.0,0
195600.0,17,2.29,4265000.0,0
17600.0,12,12.19,1674000.0,0
2700.0,15,3.4,1424000.0,0
22000.0,11,133.58,1804000.0,0
213400.0,14,0.97,6042000.0,0
27000.0,17,7.95,2281000.0,0
404800.0,11,1.24,22459000.0,0
41800.0,13,2.64,3332000.0,0
81900.0,9,13.58,2125000.0,0
78500.0,18,2.54,6803000.0,0
119000.0,0,3.75,2108000.0,0
23200.0,17,3.23,2386000.0,0
93100.0,9,4.0,3445000.0,0
2677400.0,2,335.42,1480000.0,1
15900.0,9,14.4,4895000.0,0
23200.0,11,3.72,1424000.0,0
237000.0,14,4.26,7944000.0,0
4000.0,18,3.03,3811000.0,0
52500.0,10,738.62,1424000.0,0
8600.0,7,6.66,1424000.0,0
3800.0,11,13.52,1424000.0,0
161400.0,14,92.52,2678000.0,0
72200.0,17,6.18,7411000.0,0
46500.0,21,3.02,3091000.0,0
24300.0,13,111.25,7792000.0,0
10700.0,13,8.99,2689000.0,0
105900.0,14,1.78,2549000.0,0
281700.0,14,10.83,9895000.0,0
46000.0,22,11.16,1902000.0,0
139800.0,8,5.74,3893000.0,0
208800.0,18,6.21,15553000.0,0
119900.0,21,11.34,10166000.0,0
138700.0,9,1.99,3517000.0,0
25100.0,18,2.33,4624000.0,0
53600.0,14,2.4,1424000.0,0
22500.0,17,5.31,1424000.0,0
183100.0,19,21.74,5649000.0,0
179900.0,19,6.97,6976000.0,0
35300.0,13,7.19,4339000.0,0
146300.0,7,1.57,9348000.0,0
19700.0,23,13.07,2000000.0,0
99500.0,9,3.85,2172000.0,0
127100.0,20,106.84,7106000.0,0
152700.0,8,5.96,16544000.0,0
14700.0,14,0.69,1832000.0,0
90300.0,13,1.02,3594000.0,0
41600.0,13,1.97,4320000.0,0
256600.0,21,2.59,3904000.0,0
1500.0,17,2.73,4582000.0,0
45400.0,12,2.55,4343000.0,0
244200.0,13,0.54,3656000.0,0
8100.0,9,89.49,2418000.0,0
20800.0,11,1.34,2955000.0,0
364500.0,9,2.89,1529000.0,0
8200.0,15,1.67,1424000.0,0
227800.0,15,2.5,10891000.0,0
19700.0,20,1.75,3006000.0,0
5400.0,17,0.35,2465000.0,0
425000.0,12,6.97,1424000.0,0
26100.0,6,51.33,4350000.0,0
12700.0,16,2.62,1424000.0,0
51600.0,18,8.07,15450000.0,0
535200.0,17,4.71,7078000.0,0
63100.0,18,1.08,5949000.0,0
69700.0,11,2.91,3561000.0,0
31400.0,15,13.37,9245000.0,0
22300.0,12,105.92,1585000.0,0
74500.0,0,6.17,3676000.0,0
84300.0,13,4.01,8968000.0,0
213700.0,12,4.78,3361000.0,0
135000.0,23,4.7,16972000.0,0
37600.0,8,1.04,4136000.0,0
137600.0,17,1.89,5163000.0,0
56200.0,17,1.8,4176000.0,0
6400.0,11,3.9,2921000.0,0
38200.0,9,5.25,2347000.0,0
20400.0,11,10.46,1424000.0,0
12700.0,11,2.8,1424000.0,0
19000.0,7,4.19,1937000.0,0
579100.0,0,104.8,1808000.0,1
525000.0,10,5.5,9826000.0,0
80000.0,20,6.19,14363000.0,0
38300.0,19,7.04,1424000.0,0
282600.0,19,7.81,4192000.0,0
16700.0,21,4.53,1612000.0,0
7800.0,14,3.9,2087000.0,0
52900.0,13,1.56,2933000.0,0
91500.0,16,6.23,2942000.0,0
806600.0,23,21.55,1424000.0,1
325900.0,10,0.81,32926000.0,0
22700.0,4,2.31,6294000.0,0
13800.0,7,5.36,7262000.0,0
132200.0,11,2.23,7380000.0,0
71400.0,10,5.93,5926000.0,0
6700200.0,19,3.71,5942000.0,0
2200.0,16,22.11,1424000.0,0
17400.0,9,702.6,2130000.0,1
21400.0,17,11.52,5191000.0,0
26100.0,21,1.63,2689000.0,0
20200.0,19,3.7,1424000.0,0
45000.0,21,3.07,3266000.0,0
66500.0,9,130.63,2131000.0,0
22500.0,19,2.96,2401000.0,0
15200.0,17,1.24,1756000.0,0
220500.0,18,5.49,15762000.0,0
23700.0,20,9.88,2609000.0,0
71100.0,18,2.66,1424000.0,0
10600.0,22,3.04,1424000.0,0
78000.0,8,5.37,5057000.0,0
152600.0,20,2.19,24525000.0,0
233200.0,8,2.3,31871000.0,0
79800.0,7,33.63,2885000.0,0
9600.0,13,1.64,1424000.0,0
66800.0,9,3.05,2750000.0,0
22900.0,18,5.97,2660000.0,0
39500.0,16,3.45,2803000.0,0
294000.0,22,39.2,31871000.0,0
39000.0,14,63.83,3753000.0,0
13600.0,22,2.29,3200000.0,0
56300.0,18,2.83,1424000.0,0
85500.0,18,6.13,3033000.0,0
17800.0,13,89.93,1759000.0,0
73400.0,11,35.43,5510000.0,0
4100.0,16,0.65,1459000.0,0
23100.0,6,8.08,1424000.0,0
12900.0,18,2.28,4075000.0,0
52300.0,12,118.26,1806000.0,0
23300.0,8,0.64,1424000.0,0
189800.0,11,7.71,3010000.0,0
55400.0,14,4.19,5763000.0,0
22700.0,20,4.81,2692000.0,0
41500.0,16,2.37,2107000.0,0
21000.0,22,5.56,3509000.0,0
14900.0,20,9.04,2757000.0,0
4800.0,12,2.76,3034000.0,0
32400.0,19,1.01,3594000.0,0
6000.0,20,9.05,2704000.0,0
359300.0,22,2.65,5552000.0,0
62900.0,13,17.03,6070000.0,0
48600.0,9,2.22,4005000.0,0
73200.0,17,11.24,7386000.0,0
8600.0,7,86.53,1745000.0,0
530500.0,8,3.59,15722000.0,0
59300.0,9,99.21,8094000.0,0
58800.0,16,4.17,12210000.0,0
20000.0,21,6.95,1853000.0,0
28400.0,5,4.16,1852000.0,0
54500.0,11,109.39,3067000.0,0
33700.0,19,1.72,4628000.0,0
58500.0,9,5.48,1424000.0,0
26600.0,16,2.06,2550000.0,0
258700.0,0,1.49,7440000.0,0
60500.0,21,30.72,3013000.0,0
10400.0,13,8.04,1424000.0,0
28300.0,10,4.92,3175000.0,0
19200.0,21,1.96,2479000.0,0
114400.0,17,2.79,4192000.0,0
40400.0,16,3.95,1471000.0,0
8600.0,18,4.3,1424000.0,0
72400.0,21,1.88,2572000.0,0
6600.0,18,4.72,1424000.0,0
13900.0,19,5.54,1919000.0,0
7100.0,12,6.46,8206000.0,0
192200.0,18,1.9,8108000.0,0
24400.0,17,2.64,1424000.0,0
18400.0,10,4.96,1424000.0,0
175600.0,12,2.79,12458000.0,0
7100.0,12,1.34,1424000.0,0
17500.0,19,0.94,5659000.0,0
739700.0,13,3.26,5397000.0,0
99500.0,11,3.56,1424000.0,0
14300.0,15,5.73,1707000.0,0
253400.0,22,2.96,3937000.0,0
57400.0,9,23.59,5629000.0,0
80400.0,18,276.28,2983000.0,0
67300.0,21,3.49,2543000.0,0
50300.0,11,1.75,3084000.0,0
7500.0,19,2.61,1722000.0,0
33000.0,19,112.2,4947000.0,0
126800.0,11,6.72,1424000.0,0
239200.0,12,4.94,6203000.0,0
41000.0,12,3.35,5849000.0,0
17900.0,21,13.67,1516000.0,0
165000.0,16,5.28,3913000.0,0
21300.0,5,11.56,2526000.0,0
277800.0,7,2.66,13738000.0,0
72600.0,13,4.74,1911000.0,0
11700.0,8,106.99,3106000.0,0
19100.0,10,43.67,3193000.0,0
18400.0,13,9.33,1968000.0,0
32500.0,10,2.87,3641000.0,0
150400.0,22,3.8,3099000.0,0
16700.0,10,3.95,2205000.0,0
395100.0,21,10.21,4499000.0,0
115000.0,22,9.19,3904000.0,0
16700.0,10,4.84,9987000.0,0
174000.0,12,26.26,1459000.0,0
206700.0,22,1.36,5057000.0,0
119100.0,11,0.75,10996000.0,0
825900.0,14,14.97,29117000.0,0
301800.0,19,1.36,2736000.0,0
36200.0,10,21.81,1424000.0,0
170100.0,9,4.47,7704000.0,0
38700.0,16,1.18,2818000.0,0
95000.0,10,1.34,1800000.0,0
2812900.0,12,16.64,5468000.0,1
371700.0,9,1.01,6940000.0,0
38500.0,8,2.91,2429000.0,0
36400.0,13,5.78,2128000.0,0
23000.0,6,3.9,1424000.0,0
34800.0,18,143.24,2009000.0,0
29800.0,18,2.19,3102000.0,0
50000.0,21,5.12,3565000.0,0
46700.0,19,4.08,7752000.0,0
33700.0,16,3.72,10442000.0,0
151400.0,8,8.04,8571000.0,0
260300.0,13,2.19,2257000.0,0
17000.0,17,1.32,4136000.0,0
79400.0,18,4.49,8230000.0,0
10100.0,20,4.41,1424000.0,0
71100.0,17,3.41,5513000.0,0
20900.0,15,2.5,2386000.0,0
36100.0,13,5.67,1424000.0,0
36700.0,21,59.93,1424000.0,0
70900.0,11,7.85,8904000.0,0
44900.0,13,2.99,3123000.0,0
111100.0,22,7.72,10723000.0,0
193300.0,14,4.11,5354000.0,0
114300.0,11,405.09,4538000.0,0
291600.0,20,116.7,5481000.0,0
8800.0,12,0.92,2131000.0,0
2900.0,14,11.7,1523000.0,0
147200.0,12,4.28,9124000.0,0
417200.0,13,2.24,5603000.0,0
2544100.0,0,1280.57,1424000.0,1
35500.0,17,2.49,1573000.0,0
35500.0,18,4.62,1856000.0,0
32400.0,17,6.1,5984000.0,0
33600.0,9,9.58,5005000.0,0
51500.0,7,9.61,6977000.0,0
1700.0,15,43.93,1424000.0,0
151600.0,10,7.41,5728000.0,0
27100.0,15,3.61,1424000.0,0
12800.0,13,9.9,1836000.0,0
44300.0,17,5.19,8272000.0,0
29300.0,8,7.89,3294000.0,0
176600.0,23,0.68,4120000.0,0
1695200.0,19,9.98,8434000.0,0
168600.0,9,12.11,4933000.0,0
176700.0,11,21.86,16972000.0,0
84100.0,12,0.95,1424000.0,0
85600.0,17,1.44,3445000.0,0
7845800.0,12,693.74,5435000.0,1
21500.0,18,1.81,9764000.0,0
23100.0,21,0.96,1424000.0,0
28000.0,14,23.52,5547000.0,0
29700.0,17,2.66,2494000.0,0
89800.0,17,1.06,4918000.0,0
2481600.0,4,280.39,1613000.0,1
347400.0,9,8.33,8206000.0,0
20100.0,17,5.08,1689000.0,0
15700.0,21,2.28,1877000.0,0
34700.0,17,8.64,2052000.0,0
7000.0,18,3.81,1516000.0,0
84700.0,20,1.88,5410000.0,0
18300.0,1,1.15,4603000.0,0
200300.0,14,11.32,7865000.0,0
104800.0,6,13.75,1424000.0,0
9323600.0,12,21.19,9826000.0,0
68000.0,19,5.88,1954000.0,0
81700.0,20,127.73,4416000.0,0
489300.0,10,4.75,10351000.0,0
12800.0,7,3.06,1630000.0,0
13600.0,22,32.03,1424000.0,0
110500.0,21,1.66,8180000.0,0
349600.0,17,3.66,20636000.0,0
9600.0,10,3.13,1865000.0,0
173400.0,11,2.65,6492000.0,0
282300.0,22,14.27,10808000.0,0
52000.0,17,6.49,4312000.0,0
65500.0,11,4.35,4464000.0,0
58900.0,0,5.26,4029000.0,0
830700.0,12,3.63,15551000.0,1
109900.0,19,4.35,4911000.0,0
279000.0,19,2.57,8853000.0,0
28700.0,20,2.56,1424000.0,0
122300.0,14,146.96,4768000.0,0
172000.0,13,6.15,10552000.0,0
285200.0,17,2.71,9470000.0,0
152500.0,18,0.55,3641000.0,0
12500.0,19,2.46,1858000.0,0
534000.0,4,6.56,10935000.0,0
41800.0,18,7.41,1582000.0,0
265200.0,5,3.86,12359000.0,0
100000.0,8,2.19,2511000.0,0
16800.0,17,3.82,1424000.0,0
106500.0,6,2.36,4186000.0,1
34400.0,17,1.3,5372000.0,0
46400.0,19,1.47,10192000.0,0
128800.0,14,1.75,1424000.0,0
24300.0,10,58.29,2688000.0,0
55500.0,10,8.06,3402000.0,0
106800.0,23,2.5,2169000.0,0
56000.0,19,103.02,3386000.0,0
246500.0,9,0.42,6202000.0,0
14600.0,16,3.81,1951000.0,0
73900.0,10,0.38,7928000.0,0
443800.0,12,1.96,14661000.0,0
120600.0,11,5.32,14777000.0,0
72500.0,13,17.19,3971000.0,0
13100.0,9,4.06,1424000.0,0
42100.0,23,24.06,1424000.0,0
10800.0,23,0.92,3283000.0,0
20100.0,18,5.26,4605000.0,0
92800.0,23,5.57,4496000.0,0
233900.0,9,115.97,4389000.0,0
2861600.0,13,3.84,2796000.0,0
13600.0,22,17.79,1680000.0,0
36200.0,9,3.22,1623000.0,0
19700.0,14,659.92,2877000.0,1
356200.0,21,1.1,7792000.0,0
449500.0,18,8.43,9987000.0,0
72300.0,10,16.4,2439000.0,0
45600.0,12,6.99,3877000.0,0
71400.0,9,4.84,9311000.0,0
9000.0,7,1.31,2609000.0,0
25000.0,19,5.56,6492000.0,0
37000.0,21,2.04,3727000.0,0
30400.0,19,1.18,1865000.0,0
332600.0,10,1204.09,18199000.0,0
8200.0,19,18.47,1843000.0,0
46300.0,1,48.65,3822000.0,0
14300.0,16,7.38,1678000.0,0
9200.0,19,117.79,3504000.0,0
34800.0,9,5.67,3496000.0,0
17800.0,17,0.97,1424000.0,0
48000.0,6,6.35,3594000.0,0
10800.0,5,1.74,2032000.0,0
4100.0,12,2.69,2309000.0,0
13800.0,12,5.31,1424000.0,0
41200.0,9,2.75,7794000.0,0
13000.0,17,664.57,1424000.0,0
32700.0,19,14.53,1569000.0,0
24500.0,17,3.15,5375000.0,0
4700.0,20,9.14,1424000.0,0
6300.0,21,11.7,1806000.0,0
121600.0,15,0.93,6989000.0,0
208900.0,20,4.53,3787000.0,0
206600.0,15,7.26,3871000.0,0
8800.0,12,11.47,2059000.0,0
34400.0,22,1.85,4684000.0,0
39400.0,7,1.47,1424000.0,0
25300.0,22,10.56,1424000.0,0
49700.0,15,8.43,2099000.0,0
46000.0,14,904.69,4770000.0,0
160700.0,20,4.98,2180000.0,0
127800.0,21,15.14,4176000.0,0
11700.0,17,8.28,2358000.0,0
50200.0,15,3.75,2401000.0,0
84000.0,19,2.86,3337000.0,0
82200.0,21,134.35,3969000.0,0
118800.0,12,2.34,4981000.0,0
49300.0,15,0.87,7812000.0,0
77700.0,16,0.67,4239000.0,0
77200.0,16,8.83,2568000.0,0
60100.0,14,4.27,3545000.0,0
10400.0,11,22.87,1540000.0,0
69600.0,14,1.9,1424000.0,0
47600.0,17,1.8,6623000.0,0
4200.0,17,13.38,1701000.0,0
4800.0,16,3.23,1424000.0,0
189600.0,14,2.64,10430000.0,0
11700.0,19,20.63,3336000.0,0
27000.0,14,0.84,1424000.0,0
121700.0,14,75.67,8230000.0,0
31100.0,14,7.88,3971000.0,0
260400.0,18,4.29,6034000.0,0
12300.0,10,5.74,4184000.0,0
305700.0,13,18.11,10279000.0,0
30100.0,20,6.34,1742000.0,0
283800.0,17,5.44,5559000.0,0
32900.0,16,7.53,4188000.0,0
135700.0,22,0.67,5991000.0,0
7000.0,16,6.86,2026000.0,0
29600.0,15,7.72,1424000.0,0
14600.0,8,5.62,1424000.0,0
1008800.0,0,4.08,13266000.0,0
48900.0,10,2.44,1719000.0,0
297200.0,22,0.43,7099000.0,0
100400.0,18,127.77,5902000.0,0
10100.0,8,1.75,3596000.0,0
6300.0,16,32.01,1424000.0,0
22300.0,13,3.5,6034000.0,0
16000.0,20,1.51,2591000.0,0
2060000.0,21,2.29,4582000.0,0
20200.0,23,6.9,1919000.0,0
9600.0,18,5.61,2381000.0,0
63100.0,13,45.25,3406000.0,0
275900.0,20,1.74,4646000.0,0
38500.0,13,7.57,2071000.0,0
5800.0,15,4.4,1424000.0,0
55400.0,22,97.48,1753000.0,0
112700.0,10,7.06,24390000.0,0
57800.0,15,87.8,7078000.0,0
35700.0,10,1.1,1582000.0,0
159900.0,11,1.33,4774000.0,0
181800.0,19,2.59,3676000.0,0
10900.0,17,21.5,2443000.0,0
10100.0,18,1.54,1533000.0,0
18200.0,9,6.77,2592000.0,0
378100.0,10,5.83,8285000.0,0
3339700.0,10,6.52,4233000.0,0
89600.0,12,121.9,15623000.0,0
14500.0,17,3.06,1426000.0,0
251200.0,20,1.96,2079000.0,0
8800.0,10,132.97,1424000.0,0
156900.0,10,3.1,7616000.0,0
22900.0,18,0.88,7616000.0,0
90700.0,18,9.67,16972000.0,0
15500.0,12,133.19,1434000.0,0
21900.0,11,1.49,2228000.0,0
4600.0,8,2.23,1424000.0,0
40100.0,13,3.89,2288000.0,0
55700.0,14,28.35,3398000.0,0
74100.0,15,2.5,5484000.0,0
43400.0,18,6.29,1976000.0,0
18900.0,14,12.32,1676000.0,0
16000.0,7,2.11,1424000.0,0
66900.0,17,68.34,6399000.0,0
8100.0,23,1.31,1471000.0,0
21400.0,16,1.17,2568000.0,0
89500.0,22,7.51,3910000.0,0
7800.0,23,2.82,1424000.0,0
2900.0,17,2.97,4223000.0,0
58500.0,18,2.98,7219000.0,0
23600.0,13,22.79,2549000.0,0
264100.0,14,2.07,1602000.0,0
37900.0,9,12.74,6999000.0,0
118400.0,12,114.56,1937000.0,0
5200.0,16,133.78,3753000.0,0
113600.0,9,1.71,10935000.0,0
38600.0,19,7.61,6489000.0,0
169800.0,10,10.08,4882000.0,0
46100.0,14,79.52,2877000.0,0
20000.0,15,3.78,1585000.0,0
94400.0,20,7.6,6373000.0,0
7400.0,19,3.17,1611000.0,0
283200.0,12,3.81,5209000.0,0
6500.0,9,10.59,1808000.0,0
26100.0,17,678.99,4804000.0,0
1943300.0,9,16.14,3627000.0,1
25100.0,11,6.88,1424000.0,0
118900.0,17,13.89,10028000.0,0
202900.0,11,10.95,10592000.0,0
55000.0,18,15.25,7639000.0,0
55700.0,10,22.58,4235000.0,0
13700.0,7,4.22,11426000.0,0
52500.0,14,2.49,8711000.0,0
78600.0,14,6.27,9606000.0,0
22900.0,16,30.42,1424000.0,0
452600.0,14,10.79,30578000.0,0
32000.0,20,4.1,1424000.0,0
157500.0,9,7.4,2684000.0,0
16300.0,14,6.56,1968000.0,0
78600.0,13,1.94,10891000.0,0
73700.0,21,4.22,4895000.0,0
41600.0,14,22.17,3106000.0,0
16800.0,12,341.83,3361000.0,0
3400.0,14,134.07,1747000.0,0
390800.0,21,4.23,7588000.0,0
20700.0,21,0.8,3113000.0,0
53300.0,23,58.82,1590000.0,0
46500.0,17,4.08,7875000.0,0
24800.0,18,1.21,3924000.0,0
19800.0,20,1.09,3034000.0,0
139300.0,19,9.35,5016000.0,0
12200.0,11,6.35,1545000.0,0
58700.0,11,1.21,4770000.0,0
348500.0,10,5.55,15228000.0,0
86600.0,19,6.9,3077000.0,0
4898000.0,20,1890.51,4012000.0,1
157800.0,8,4.81,5845000.0,0
81200.0,14,5.52,1424000.0,0
8500.0,11,1.59,4136000.0,0
125600.0,18,11.66,8057000.0,0
277300.0,21,0.46,9390000.0,0
6400.0,14,0.92,2219000.0,0
70100.0,18,6.09,5965000.0,0
11600.0,14,8.97,1424000.0,0
11400.0,21,0.77,1884000.0,0
62700.0,22,7.97,1424000.0,0
8700.0,21,4.13,1424000.0,0
67500.0,15,27.82,1424000.0,0
76200.0,16,0.48,4693000.0,0
250700.0,21,4.52,5375000.0,0
28800.0,19,1.29,1424000.0,0
2680200.0,13,54.02,6430000.0,0
5200.0,21,6.04,1424000.0,0
18200.0,13,107.03,5476000.0,0
14300.0,18,2.65,4417000.0,0
49300.0,18,11.26,1687000.0,0
155500.0,10,15.93,4859000.0,0
26500.0,19,2.35,1424000.0,0
64300.0,11,89.63,3847000.0,0
44400.0,17,2.94,7865000.0,0
137900.0,15,3.07,9082000.0,0
130400.0,9,4.8,6025000.0,0
113900.0,8,11.1,10396000.0,0
89000.0,19,15.07,2369000.0,0
43300.0,11,11.96,1424000.0,0
65500.0,10,5.24,4417000.0,0
5100.0,12,65.63,3937000.0,0
107400.0,11,39.05,9821000.0,0
58300.0,13,4.65,2656000.0,0
5300.0,20,2.68,2189000.0,0
15100.0,10,0.83,1968000.0,0
799900.0,20,454.73,1424000.0,1
12700.0,7,240.21,1424000.0,1
32800.0,8,1.43,8206000.0,0
9600.0,13,25.19,1865000.0,0
38900.0,9,94.03,1544000.0,0
109200.0,10,2.69,2088000.0,0
72000.0,10,124.86,1716000.0,0
38900.0,11,3.18,2175000.0,0
5000.0,16,1.97,1664000.0,0
49900.0,19,4.76,4453000.0,0
56200.0,16,802.58,5102000.0,0
14300.0,13,883.17,1509000.0,0
19600.0,19,137.24,3175000.0,0
62000.0,17,4.06,1424000.0,0
74400.0,15,7.37,4604000.0,0
200500.0,16,4.71,3725000.0,0
60500.0,17,129.1,3971000.0,0
21200.0,13,134.65,1673000.0,0
71500.0,20,13.62,5949000.0,0
30000.0,16,1.26,8927000.0,0
56000.0,15,10.92,1835000.0,0
216200.0,8,83.24,6882000.0,0
62500.0,12,1.63,5638000.0,0
55400.0,19,1.25,15551000.0,0
28900.0,15,17.2,1514000.0,0
90500.0,15,1.54,1537000.0,0
56800.0,18,3.28,2855000.0,0
115500.0,20,13.98,8094000.0,0
1509900.0,16,3.15,1590000.0,0
12000.0,12,3.76,1432000.0,0
17700.0,19,2.34,4064000.0,0
9200.0,16,4.41,1424000.0,0
10700.0,15,3.82,1424000.0,0
36600.0,9,995.92,2687000.0,0
103800.0,10,7.32,4754000.0,0
87500.0,14,1.93,10368000.0,0
1209700.0,12,4.24,2888000.0,0
19600.0,16,1.78,1424000.0,0
244100.0,17,2.96,2933000.0,0
90700.0,20,0.9,11201000.0,0
33300.0,18,1.69,4258000.0,0
65000.0,7,7.56,3445000.0,0
3800.0,9,2.5,1967000.0,0
167900.0,16,14.67,2481000.0,0
20700.0,18,13.49,4582000.0,0
123500.0,19,475.51,2281000.0,0
13700.0,15,19.7,1504000.0,0
19600.0,13,74.17,3893000.0,0
16100.0,12,0.56,1856000.0,0
70000.0,18,1.31,3835000.0,0
646300.0,14,10.76,28620000.0,0
7900.0,19,6.31,2228000.0,0
50800.0,23,3.37,1424000.0,0
15900.0,11,1007.31,1424000.0,1
186200.0,13,6.72,7746000.0,0
16500.0,14,5.52,1424000.0,0
40600.0,11,1.06,8159000.0,0
85400.0,22,2.42,7794000.0,0
41300.0,23,13.88,5875000.0,0
274000.0,15,4.02,3799000.0,0
6631100.0,3,767.5,5840000.0,1
6400.0,17,1.71,4163000.0,0
29600.0,16,4.59,18155000.0,0
17700.0,10,2.84,1652000.0,0
47400.0,18,4.6,3337000.0,0
12400.0,19,3.4,3011000.0,0
15300.0,5,11.57,3050000.0,0
272600.0,17,8.76,9390000.0,0
28100.0,19,4.33,1424000.0,0
33700.0,16,1.57,5036000.0,0
68300.0,17,1.8,3091000.0,0
128100.0,22,7.15,5222000.0,0
35900.0,9,8.18,13763000.0,0
2500.0,20,31.98,3175000.0,0
18400.0,17,5.42,3334000.0,0
16200.0,17,2.45,4690000.0,0
16500.0,21,1.06,3834000.0,0
20200.0,11,5.35,2079000.0,0
26900.0,14,49.83,3496000.0,0
7700.0,10,2.45,3545000.0,0
5400.0,18,3.27,3050000.0,0
79800.0,11,3.29,4297000.0,0
480200.0,10,0.98,7792000.0,0
21800.0,12,2.19,2937000.0,0
12200.0,15,1.47,1886000.0,0
72000.0,10,5.34,7535000.0,0
540300.0,17,3.49,9670000.0,0
55600.0,9,3.46,3040000.0,0
63700.0,20,3.19,1623000.0,0
7800.0,17,5.11,1424000.0,0
163100.0,10,6.27,10366000.0,0
298800.0,12,4.1,6177000.0,0
25600.0,1,10.61,2271000.0,0
117500.0,17,0.29,15618000.0,0
11600.0,15,60.48,1424000.0,0
5200.0,21,133.39,1424000.0,0
313200.0,13,5.61,9930000.0,0
3603500.0,21,46.65,4756000.0,1
59200.0,10,3.94,1433000.0,0
24500.0,16,42.21,1424000.0,0
27500.0,11,2.87,6331000.0,0
621100.0,14,3.39,28736000.0,0
23700.0,19,4.5,2233000.0,0
166600.0,12,0.47,9740000.0,0
175600.0,18,8.0,9821000.0,0
679800.0,7,4.48,5416000.0,0
28900.0,18,18.71,4192000.0,0
10000.0,15,2.3,1759000.0,0
250300.0,17,4.96,4802000.0,0
18500.0,20,4.33,3834000.0,0
12800.0,9,5.36,4009000.0,0
63200.0,14,1.62,5465000.0,0
3200.0,12,10.03,1424000.0,0
6200.0,14,29.5,1424000.0,0
590000.0,9,1.17,12671000.0,0
29700.0,7,2.55,3057000.0,0
25600.0,20,4.69,10109000.0,0
38600.0,9,5.82,2048000.0,0
9900.0,20,10.15,1424000.0,0
281000.0,16,1.23,5949000.0,0
6300.0,15,225.38,2518000.0,0
51700.0,19,769.86,1424000.0,0
81600.0,17,6.94,3800000.0,0
65000.0,20,77.89,1471000.0,0
10000.0,18,58.37,1424000.0,0
24500.0,10,6.38,1424000.0,0
217700.0,20,1.41,4192000.0,0
25400.0,21,62.15,1424000.0,0
108100.0,10,0.87,1825000.0,0
9000.0,8,3.99,3006000.0,0
43000.0,8,2.97,6517000.0,0
9300.0,22,7.99,1569000.0,0
7200.0,12,3.8,1424000.0,0
36400.0,12,5.71,3050000.0,0
106100.0,17,3.25,5003000.0,0
26300.0,19,6.45,1424000.0,0
678800.0,13,8.19,1459000.0,0
67500.0,13,8.69,4891000.0,0
145700.0,10,32.24,7794000.0,0
20200.0,10,2.26,1430000.0,0
123900.0,18,2.25,5058000.0,0
41300.0,19,5.17,1424000.0,0
6100.0,13,4.14,3386000.0,0
36200.0,14,0.5,1424000.0,0
54900.0,12,0.92,6337000.0,0
137600.0,21,4.73,7795000.0,0
7900.0,22,16.6,2914000.0,0
4400.0,16,10.35,2241000.0,0
29100.0,10,3.05,6027000.0,0
122000.0,10,9.3,6916000.0,0
7600.0,16,2.24,1424000.0,0
14300.0,17,13.7,1719000.0,0
75900.0,8,660.68,1424000.0,0
28300.0,1,1.09,1424000.0,0
50400.0,10,81.57,9640000.0,0
154100.0,20,2.06,10396000.0,0
289400.0,21,2.55,8370000.0,0
17700.0,0,0.28,1938000.0,0
2100.0,15,1.58,1939000.0,0
742900.0,14,4.63,3656000.0,0
3000.0,20,3.39,1424000.0,0
11500.0,15,0.78,4672000.0,0
53900.0,10,18.72,3627000.0,0
43700.0,20,37.8,4630000.0,0
23000.0,5,13.11,2224000.0,0
16700.0,22,12.69,1424000.0,0
28000.0,9,0.66,1825000.0,0
147700.0,20,5.95,3540000.0,0
536200.0,17,2.2,17107000.0,0
18100.0,10,4.0,2622000.0,0
35100.0,16,104.75,1424000.0,0
45500.0,23,5.18,1424000.0,0
28000.0,21,19.34,3099000.0,0
630900.0,20,3.86,4719000.0,0
7600.0,17,4.44,1424000.0,0
19600.0,21,6.24,4008000.0,0
8700.0,10,4.62,2595000.0,0
118800.0,6,3.16,3209000.0,0
18400.0,22,0.65,2504000.0,0
27400.0,20,1.46,2997000.0,0
180400.0,12,1.82,4841000.0,0
12600.0,15,831.82,2750000.0,1
34200.0,12,4.23,2135000.0,0
2002300.0,10,5.74,15228000.0,0
5400.0,17,7.56,1424000.0,0
36800.0,7,52.85,1424000.0,0
10800.0,21,30.23,1424000.0,0
59400.0,22,1.21,2543000.0,0
302800.0,21,17.55,8307000.0,0
61000.0,12,3.02,2206000.0,0
188000.0,13,2.8,4330000.0,0
34400.0,14,134.51,4841000.0,0
102600.0,11,1166.28,5003000.0,0
28100.0,9,3.5,6315000.0,0
427900.0,17,19.47,16544000.0,0
748600.0,20,2.59,11532000.0,0
228700.0,19,2.16,5136000.0,0
71500.0,7,1.69,2228000.0,0
33900.0,18,3.13,5481000.0,0
503100.0,16,6.18,6380000.0,0
87400.0,8,3.72,1972000.0,0
48100.0,13,23.93,1554000.0,0
174700.0,12,96.03,5794000.0,0
155500.0,8,3.49,6069000.0,0
29700.0,15,3.46,5959000.0,0
31600.0,20,5.38,4331000.0,0
35100.0,13,3.47,2112000.0,0
29600.0,8,1.85,3910000.0,0
126900.0,13,2.75,9939000.0,0
14600.0,12,5.75,3865000.0,0
145000.0,11,55.14,5409000.0,0
103500.0,12,0.81,11615000.0,0
69400.0,22,1.5,3913000.0,0
36100.0,20,3.5,5479000.0,0
13400.0,8,6.68,1424000.0,0
5100.0,14,15.36,1424000.0,0
270700.0,16,89.58,12053000.0,0
71400.0,8,8.88,1628000.0,0
86400.0,22,3.7,1424000.0,0
235100.0,12,121.25,10267000.0,0
23000.0,18,3.73,8746000.0,0
17600.0,17,7.39,4677000.0,0
3651100.0,20,946.91,1909000.0,1
14900.0,10,2.39,3506000.0,0
45300.0,17,809.02,5290000.0,0
489000.0,16,2.5,12210000.0,0
272900.0,6,0.95,4311000.0,0
713300.0,21,3.17,11822000.0,0
11300.0,21,8.55,1424000.0,0
615800.0,14,3.46,6560000.0,0
103400.0,13,4.1,4831000.0,0
24200.0,5,1.28,1424000.0,0
26300.0,15,6.15,2800000.0,0
432000.0,7,7.59,7215000.0,0
24700.0,21,5.49,7925000.0,0
143600.0,9,3.38,2810000.0,0
4100.0,19,3.12,1545000.0,0
73000.0,19,1.93,5887000.0,0
65600.0,19,5.24,6062000.0,0
3300.0,14,17.52,1798000.0,0
18700.0,23,8.94,1480000.0,0
81700.0,14,2.51,6392000.0,0
66200.0,11,4.4,2677000.0,0
63200.0,19,1.59,8711000.0,0
50500.0,16,51.86,3013000.0,0
119300.0,9,31.09,5243000.0,0
94800.0,20,2.11,5771000.0,0
264200.0,20,2.4,1424000.0,0
75100.0,2,3.82,4607000.0,0
163900.0,19,3.48,4814000.0,0
2097900.0,5,318.91,1424000.0,1
158300.0,20,103.46,12210000.0,0
9700.0,19,2.38,2622000.0,0
91900.0,6,3.14,3558000.0,0
149100.0,9,1.87,2326000.0,0
81200.0,8,20.28,5102000.0,0
14000.0,15,1.95,6603000.0,0
493000.0,16,121.32,3887000.0,0
84800.0,14,3.41,3676000.0,0
24600.0,10,3.5,5621000.0,0
10300.0,15,10.97,1424000.0,0
37900.0,18,4.64,2286000.0,0
333800.0,7,9.79,6943000.0,0
10200.0,16,3.19,1648000.0,0
66100.0,19,10.29,1567000.0,0
38800.0,15,12.25,6690000.0,0
33400.0,10,9.01,1877000.0,0
21100.0,16,2.67,1424000.0,0
85900.0,12,6.58,6153000.0,0
64900.0,22,3.65,1424000.0,0
56300.0,19,8.58,3175000.0,0
11900.0,11,3.06,1424000.0,0
18800.0,20,5.12,2877000.0,0
68700.0,16,2.93,5057000.0,0
225700.0,15,3.79,1831000.0,0
204900.0,20,36.21,2512000.0,0
429500.0,19,3.12,8206000.0,0
17500.0,11,2.66,1424000.0,0
4100.0,10,2.87,1424000.0,0
39100.0,10,3.78,3236000.0,0
67900.0,15,1.65,4010000.0,0
14000.0,0,7.08,1701000.0,0
103400.0,20,4.53,12164000.0,0
27100.0,19,2.88,4728000.0,0
15000.0,15,3.51,4378000.0,0
5369600.0,13,2.68,6159000.0,0
980500.0,20,663.01,1896000.0,1
206800.0,11,1.54,4350000.0,0
54200.0,8,2.87,4628000.0,0
62400.0,22,4.44,3965000.0,0
28100.0,11,4.77,1424000.0,0
13600.0,17,3.48,1736000.0,0
1234200.0,20,321.44,1994000.0,1
672500.0,9,4.43,24777000.0,0
22000.0,11,103.19,3726000.0,0
41600.0,19,7.93,9626000.0,0
29700.0,10,6.09,1424000.0,0
11300.0,10,3.85,2265000.0,0
107800.0,22,5.48,2242000.0,0
19700.0,17,2.36,4012000.0,0
30200.0,16,3.32,3893000.0,0
101700.0,14,8.86,8634000.0,0
272300.0,11,7.72,7078000.0,0
20800.0,9,4.09,5044000.0,1
9400.0,14,10.07,1424000.0,0
13000.0,7,1.82,3155000.0,0
14100.0,15,3.97,1424000.0,0
982700.0,14,8.8,9981000.0,0
26600.0,16,42.28,2807000.0,0
6800.0,20,3.86,1430000.0,0
283000.0,13,6.52,15211000.0,0
38800.0,23,46.24,5568000.0,0
19600.0,14,29.09,2803000.0,0
1225400.0,17,11.78,1424000.0,0
11800.0,19,5.08,1424000.0,0
8400.0,12,0.62,2917000.0,0
14000.0,16,3.86,1424000.0,0
44600.0,9,865.3,1810000.0,0
40600.0,12,1.43,6712000.0,0
572700.0,17,2.15,35151000.0,0
28400.0,13,18.46,3802000.0,0
94900.0,19,2.28,3878000.0,0
216000.0,18,6.45,2910000.0,0
88300.0,23,3.51,3255000.0,0
6800.0,14,2.96,1424000.0,0
13700.0,6,1.1,2321000.0,0
144500.0,13,2.05,5462000.0,0
163900.0,12,1.4,15532000.0,0
5300.0,3,7.88,2228000.0,0
120200.0,21,6.64,6916000.0,0
12000.0,10,1.86,1424000.0,0
321300.0,9,5.08,44917000.0,0
64800.0,18,2.03,4918000.0,0
79100.0,12,6.89,1424000.0,0
251700.0,20,1.19,44438000.0,0
1000.0,17,46.34,1424000.0,0
9000.0,20,40.67,1540000.0,0
820400.0,12,4.96,15667000.0,0
67600.0,10,11.65,4432000.0,0
3200.0,17,12.98,2365000.0,0
44100.0,21,2.98,16778000.0,0
8900.0,7,5.79,1424000.0,0
45200.0,13,1.23,1424000.0,0
892400.0,18,7.92,5044000.0,0
106300.0,10,18.0,9626000.0,0
86700.0,21,2.95,1424000.0,0
22600.0,14,7.76,5619000.0,0
32100.0,13,10.38,3334000.0,0
9700.0,18,5.41,1424000.0,0
175700.0,12,6.65,2741000.0,0
412500.0,21,5.42,1424000.0,0
51100.0,15,3.12,3209000.0,0
413700.0,20,2.94,7023000.0,0
28900.0,12,1.94,1808000.0,0
1302400.0,4,245.36,1424000.0,1
23700.0,16,2.45,2924000.0,0
17600.0,13,8.04,1424000.0,0
3500.0,21,3.65,1477000.0,0
17500.0,12,7.97,1624000.0,0
68100.0,1,2.87,2816000.0,0
7600.0,8,1.3,2163000.0,0
77100.0,13,30.26,4804000.0,0
271200.0,10,1480.5,14067000.0,0
148900.0,12,4.62,5764000.0,0
46500.0,19,2.13,8206000.0,0
126900.0,11,4.02,4034000.0,0
76000.0,15,4.04,5552000.0,0
56700.0,16,2.37,10068000.0,0
6900.0,17,1.95,1647000.0,0
2600.0,0,6.74,1424000.0,0
46400.0,13,1.84,3619000.0,0
44900.0,9,3.57,1424000.0,0
341800.0,10,3.51,5513000.0,0
32700.0,9,38.74,3057000.0,0
4933400.0,3,29.2,2369000.0,1
7900.0,21,4.28,6517000.0,0
127900.0,21,1.83,4256000.0,0
223000.0,6,10.73,4233000.0,0
28400.0,14,2.26,7865000.0,0
14400.0,18,14.73,2022000.0,0
10200.0,16,4.94,1424000.0,0
225000.0,17,8.42,13390000.0,0
199300.0,18,5.48,8285000.0,0
20200.0,9,144.6,1424000.0,0
13200.0,11,3.25,1940000.0,0
73900.0,22,4.52,4917000.0,0
53800.0,14,27.36,1902000.0,0
142100.0,19,2.11,1765000.0,0
110600.0,20,2.79,9470000.0,0
69800.0,19,6.28,5818000.0,0
44100.0,22,128.3,1424000.0,0
23400.0,19,1.93,2423000.0,0
9600.0,16,0.93,3802000.0,0
626700.0,9,8.9,1424000.0,0
64300.0,13,7.14,1520000.0,0
36400.0,11,68.27,2862000.0,0
70400.0,16,4.29,1795000.0,0
39600.0,15,4.39,1724000.0,0
6500.0,12,1.26,1424000.0,0
37800.0,21,0.73,3106000.0,0
1500.0,0,4.82,1426000.0,0
14000.0,16,2.24,2353000.0,0
1127100.0,19,2.95,3090000.0,0
215000.0,5,2.77,6349000.0,0
86000.0,18,6.2,5303000.0,1
44000.0,12,1.83,2883000.0,0
8400.0,16,564.84,4247000.0,1
1012800.0,10,2.63,15551000.0,0
52600.0,9,0.47,9127000.0,0
37700.0,14,1.51,4677000.0,0
1400.0,18,1.51,4311000.0,0
20900.0,13,2.42,3757000.0,0
91400.0,13,110.88,10351000.0,0
10200.0,20,7.12,1886000.0,0
76500.0,19,37.31,4184000.0,0
6200.0,12,4.78,1424000.0,0
21700.0,15,1.58,3240000.0,0
34600.0,12,1.56,2917000.0,0
34300.0,13,1.9,1424000.0,0
46500.0,13,2.42,2760000.0,0
976900.0,18,2.44,3545000.0,0
65200.0,12,2.76,4008000.0,0
2700.0,12,6.48,1736000.0,0
191300.0,16,0.81,5222000.0,0
22600.0,18,33.34,6603000.0,0
19000.0,20,1.63,4804000.0,0
216100.0,22,2.63,11670000.0,0
21000.0,14,0.98,6110000.0,0
18200.0,22,8.44,2238000.0,0
11000.0,15,49.23,1456000.0,0
114400.0,19,3.62,2800000.0,0
21100.0,17,15.32,1424000.0,0
57600.0,11,5.2,2078000.0,0
6900.0,23,4.21,1961000.0,0
38200.0,13,7.05,8159000.0,0
22200.0,17,2.97,1424000.0,0
67200.0,22,1.42,3893000.0,0
40300.0,18,1.57,2744000.0,0
52300.0,11,2.17,1424000.0,0
13600.0,19,6.99,10750000.0,0
58300.0,23,4.9,3807000.0,0
16700.0,13,3.74,3256000.0,0
14400.0,21,3.75,5033000.0,0
5000.0,17,2.01,1961000.0,0
61500.0,23,5.26,3010000.0,0
57400.0,18,5.93,4605000.0,0
76800.0,18,1.66,3256000.0,0
24000.0,21,18.45,2684000.0,0
48400.0,18,5.6,11560000.0,0
172800.0,2,73.32,5136000.0,0
193800.0,18,0.95,6062000.0,0
5400.0,12,2.67,1424000.0,0
32600.0,11,1.27,1761000.0,0
9900.0,14,1.56,1424000.0,0
28300.0,22,3.93,6107000.0,0
3000.0,18,25.02,1424000.0,0
19900.0,15,1.44,4564000.0,0
75300.0,16,1.53,8511000.0,0
24900.0,19,11.31,1424000.0,0
236100.0,19,1.63,12827000.0,0
147500.0,10,1.19,1424000.0,0
45500.0,19,7.14,1424000.0,0
42300.0,8,11.99,2026000.0,0
14600.0,20,413.77,7230000.0,1
68600.0,8,4.28,2778000.0,0
33500.0,0,3.87,5603000.0,0
120000.0,19,75.48,7680000.0,0
9700.0,13,0.93,3759000.0,0
230800.0,19,2.08,2068000.0,0
21900.0,22,4.99,3800000.0,0
400100.0,18,12.52,3971000.0,0
163800.0,21,10.96,3268000.0,0
11700.0,19,8.63,3308000.0,0
32700.0,17,5.61,3205000.0,0
57800.0,12,6.49,1424000.0,0
11400.0,12,8.4,3544000.0,0
22200.0,16,2.52,1424000.0,0
33900.0,20,1.41,3969000.0,0
39200.0,11,1.67,19503000.0,0
53800.0,10,1.87,5721000.0,0
6735200.0,14,10.08,6490000.0,0
141500.0,9,0.56,8331000.0,0
13000.0,12,53.08,3283000.0,0
8700.0,9,42.9,3070000.0,0
10900.0,16,418.08,3948000.0,1
58000.0,11,2.48,5568000.0,0
40700.0,23,1.96,1798000.0,0
54200.0,16,2.82,2796000.0,0
183600.0,14,3.28,5513000.0,0
21100.0,12,2.67,1424000.0,0
95400.0,6,8.23,9040000.0,0
8500.0,15,1.7,1424000.0,0
208800.0,12,1.83,6455000.0,0
6100.0,13,5.94,1536000.0,0
9500.0,18,7.93,3489000.0,0
44100.0,22,3.46,1480000.0,0
24800.0,12,2.54,3210000.0,0
3200.0,20,59.64,2078000.0,0
46700.0,14,3.75,4846000.0,0
26500.0,19,3.43,1825000.0,0
40600.0,10,1.43,1424000.0,0
127700.0,15,3.86,5279000.0,0
39600.0,16,55.99,2748000.0,0
9300.0,12,13.25,1551000.0,0
149200.0,12,5.79,2445000.0,0
12700.0,7,12.94,1514000.0,0
25500.0,13,8.64,1424000.0,0
70700.0,14,7.97,4153000.0,0
106300.0,18,2.53,5695000.0,0
7800.0,18,8.66,1647000.0,0
94600.0,14,6.05,16972000.0,0
75900.0,9,9.3,1643000.0,0
51300.0,13,9.3,5950000.0,0
18300.0,8,0.99,3193000.0,0
194700.0,12,16.32,2322000.0,0
59600.0,17,8.09,3890000.0,0
14200.0,10,5.71,1424000.0,0
53600.0,10,1.71,3561000.0,0
63300.0,9,2.56,5221000.0,0
614200.0,14,3.73,5472000.0,0
38400.0,14,1.57,5071000.0,0
13100.0,20,9.83,2875000.0,0
246700.0,12,6.02,11397000.0,0
54900.0,15,1.04,6343000.0,0
4789100.0,16,2.29,4538000.0,0
87300.0,19,0.55,5547000.0,0
12700.0,10,5.98,1900000.0,0
226000.0,14,78.7,9916000.0,0
152500.0,16,14.37,3455000.0,0
39000.0,12,11.86,6533000.0,0
3283300.0,1,111.13,1687000.0,1
13000.0,12,682.14,3638000.0,0
26800.0,15,8.9,4296000.0,0
7300.0,15,59.39,1424000.0,0
33700.0,1,4.7,2495000.0,0
13100.0,17,4.97,1687000.0,0
12600.0,18,146.42,1424000.0,0
19200.0,10,4.76,1717000.0,0
57700.0,14,4.25,9625000.0,0
10300.0,18,2.86,1424000.0,0
84800.0,1,9.45,9613000.0,0
46700.0,15,1.08,2765000.0,0
98700.0,11,3.75,3577000.0,0
20300.0,17,111.41,5221000.0,0
367100.0,17,2.21,10380000.0,0
37500.0,13,6.23,1424000.0,0
214700.0,15,33.94,2689000.0,0
11200.0,2,36.58,2110000.0,0
73300.0,14,9.81,5949000.0,0
408500.0,19,5.91,15998000.0,0
20200.0,19,12.05,2695000.0,0
2500.0,10,1.29,1847000.0,0
36600.0,9,2.51,3036000.0,0
51500.0,7,4.81,4159000.0,0
17200.0,18,2.34,2921000.0,0
87800.0,10,24.68,8331000.0,0
14200.0,20,4.73,1424000.0,0
6100.0,10,17.32,1424000.0,0
12300.0,17,8.2,2096000.0,0
9900.0,15,7.77,2180000.0,0
40600.0,10,2.95,5326000.0,0
24000.0,9,872.38,1424000.0,0
94600.0,18,1111.71,2975000.0,0
39600.0,20,7.79,11194000.0,0
9200.0,20,66.38,2000000.0,0
76000.0,21,2.57,2168000.0,0
28300.0,12,121.5,5984000.0,0
53400.0,21,93.18,1424000.0,0
60500.0,22,2.0,5837000.0,0
5100.0,21,12.71,1424000.0,0
47600.0,10,2.04,3064000.0,0
106500.0,12,10.23,5695000.0,0
61700.0,8,3.62,2479000.0,0
50600.0,22,6.48,3297000.0,0
8600.0,15,0.92,1424000.0,0
130100.0,15,2.86,6807000.0,0
42400.0,18,8.67,5405000.0,0
2300.0,20,6.26,1712000.0,0
105000.0,20,1.52,6303000.0,0
49500.0,19,7.15,1424000.0,0
122000.0,14,1.13,5614000.0,0
12600.0,20,3.69,2128000.0,0
18900.0,14,3.52,1424000.0,0
162600.0,15,1.98,5547000.0,0
63600.0,20,67.59,8753000.0,0
60500.0,18,1.98,1847000.0,0
176000.0,19,1.27,5646000.0,0
33900.0,10,1.84,1424000.0,0
48800.0,6,1.4,3517000.0,0
162700.0,22,2.35,1424000.0,1
73700.0,16,3.53,10192000.0,0
401600.0,13,10.03,8206000.0,0
8772200.0,23,45.04,5399000.0,1
141700.0,8,2.47,4467000.0,0
17100.0,11,5.83,4186000.0,0
16600.0,23,146.3,1519000.0,0
24700.0,15,25.9,4907000.0,0
71700.0,23,3.6,1797000.0,0
24600.0,12,5.71,3064000.0,0
1000.0,13,14.95,1424000.0,0
34900.0,15,2.01,2250000.0,0
79000.0,8,0.91,4588000.0,0
26200.0,9,1.29,1648000.0,0
27300.0,16,8.64,3080000.0,0
16300.0,13,3.56,1853000.0,0
27300.0,12,109.59,2021000.0,0
7400.0,14,68.63,6450000.0,0
22300.0,14,0.99,2861000.0,0
154700.0,20,4.49,5338000.0,0
172500.0,12,0.63,17311000.0,0
18900.0,15,1.96,4034000.0,0
39200.0,14,2.79,10401000.0,0
23100.0,16,2.95,1424000.0,0
55200.0,20,0.12,6812000.0,0
3114500.0,11,6.12,4945000.0,0
123900.0,17,57.96,1857000.0,0
271200.0,5,7.88,7738000.0,0
428500.0,16,5.15,5472000.0,0
14700.0,16,6.2,4402000.0,0
68400.0,11,3.41,2322000.0,0
28000.0,12,9.89,3263000.0,0
60900.0,20,1.47,5850000.0,0
274800.0,18,1.72,4404000.0,0
14800.0,19,1.13,2756000.0,0
37800.0,11,114.78,1424000.0,0
10200.0,8,0.99,5372000.0,0
111900.0,12,5.59,2575000.0,0
31600.0,12,8.75,1825000.0,0
72800.0,14,15.19,5603000.0,0
3033900.0,5,152.5,1684000.0,1
34100.0,12,13.28,15532000.0,0
4300.0,15,1.35,1424000.0,0
30200.0,12,7.58,1734000.0,0
47100.0,12,7.25,3036000.0,0
53900.0,18,2.38,5405000.0,0
8800.0,13,9.81,1424000.0,0
15100.0,21,4.0,2948000.0,0
12300.0,11,858.06,1424000.0,0
55200.0,14,8.04,5405000.0,0
375200.0,17,4.53,3558000.0,0
25800.0,13,2.94,2492000.0,0
384000.0,19,1.46,12288000.0,0
9200.0,6,1.88,1608000.0,0
17200.0,19,3.4,2736000.0,0
12600.0,21,13.52,2511000.0,0
41800.0,12,12.15,1939000.0,0
59600.0,18,4.89,3627000.0,0
44700.0,12,2.72,5135000.0,0
117100.0,20,7.0,10430000.0,0
24400.0,8,4.89,1424000.0,0
35300.0,12,5.43,2112000.0,0
66000.0,16,3.58,4607000.0,0
97100.0,7,3.69,6129000.0,0
612300.0,20,2.9,4163000.0,0
12400.0,9,3.95,1424000.0,0
23200.0,21,6.09,3316000.0,0
20300.0,17,1.3,2639000.0,0
26900.0,14,7.21,2492000.0,0
29500.0,9,2.31,4297000.0,0
3400.0,16,3.92,1424000.0,0
4100.0,17,14.16,1424000.0,0
20100.0,3,7.61,5527000.0,0
675500.0,18,55.23,2132000.0,1
7000.0,7,12.52,2465000.0,0
43600.0,22,2.26,11349000.0,0
11400.0,22,3.46,1994000.0,0
5000.0,21,4.85,2325000.0,0
43200.0,20,116.36,5745000.0,0
5700.0,12,5.56,4831000.0,0
70300.0,9,4.97,2219000.0,0
180200.0,12,4.97,11496000.0,0
664400.0,18,45.69,7335000.0,0
28300.0,10,2.78,1424000.0,0
662000.0,14,42.72,1877000.0,1
103500.0,18,2.66,2168000.0,0
4462200.0,18,3.77,4496000.0,0
34100.0,18,1.15,2674000.0,0
44900.0,13,7.98,4193000.0,0
11300.0,15,2.99,6919000.0,0
281300.0,11,4.49,7944000.0,0
38000.0,16,10.98,4331000.0,0
25500.0,18,2.89,2423000.0,0
16100.0,16,2.44,1538000.0,0
13900.0,17,9.54,1424000.0,0
51000.0,20,7.7,1424000.0,0
193300.0,12,2.02,3555000.0,0
113500.0,21,5.34,5389000.0,0
13000.0,16,2.52,1424000.0,0
373500.0,21,2.7,6085000.0,0
49300.0,11,1.97,2078000.0,0
27600.0,10,86.33,2656000.0,0
28700.0,5,5.46,8057000.0,0
220200.0,6,1.37,9764000.0,0
68800.0,13,0.82,1424000.0,0
48800.0,15,100.49,1835000.0,0
136500.0,12,7.42,6221000.0,0
32900.0,9,4.31,2078000.0,0
15800.0,15,7.41,1643000.0,0
318100.0,16,7.22,1937000.0,0
9900.0,12,1.62,1533000.0,0
1269200.0,17,3.72,6869000.0,0
266200.0,13,7.05,6380000.0,0
374100.0,11,0.87,5093000.0,0
19700.0,11,23.5,2970000.0,0
3200.0,21,9.86,2306000.0,0
207400.0,19,5.12,7208000.0,0
37000.0,7,5.58,4448000.0,0
171800.0,9,0.82,2910000.0,0
9100.0,15,3.05,2187000.0,0
18400.0,19,2.02,1678000.0,0
127400.0,14,0.64,12081000.0,0
228600.0,12,6.06,7844000.0,0
26300.0,14,1.53,3438000.0,0
65200.0,9,3.14,4347000.0,0
40800.0,13,4.08,1424000.0,0
89000.0,17,5.13,14595000.0,0
61000.0,14,1.38,6110000.0,0
29700.0,11,2.61,5926000.0,0
35400.0,20,1.53,3193000.0,0
14100.0,20,7.17,1424000.0,0
45500.0,21,2.9,4075000.0,0
38100.0,11,3.1,2059000.0,0
150700.0,18,2.13,5649000.0,0
47400.0,11,5.17,2246000.0,0
24900.0,8,141.08,4743000.0,0
79500.0,14,109.16,10207000.0,0
13000.0,9,5.93,2100000.0,0
8900.0,20,3.77,7069000.0,0
47800.0,10,1.62,6882000.0,0
36200.0,19,140.01,4669000.0,0
56800.0,11,7.7,6803000.0,0
55700.0,19,2.52,1520000.0,0
145300.0,16,6.01,5850000.0,0
2451300.0,2,133.77,1490000.0,1
10400.0,11,40.96,1424000.0,0
93900.0,19,11.34,1424000.0,0
634600.0,15,1.34,8894000.0,0
160100.0,10,9.24,3461000.0,0
122800.0,13,3.93,3455000.0,0
3300.0,14,0.62,1490000.0,0
68600.0,17,1.59,7690000.0,0
18500.0,14,5.3,1662000.0,0
80000.0,21,3.81,5763000.0,0
82000.0,1,2.85,1424000.0,0
39200.0,17,2.59,2760000.0,0
158700.0,21,10.1,6919000.0,0
185400.0,21,143.95,3897000.0,0
31000.0,18,2.47,3648000.0,0
48500.0,21,2.58,2594000.0,0
8600.0,16,3.24,1424000.0,0
14700.0,21,3.17,1424000.0,0
19100.0,12,0.48,4008000.0,0
41200.0,21,1.74,1424000.0,0
12600.0,13,2.6,2883000.0,0
35200.0,9,2.01,2948000.0,0
13700.0,20,5.51,2556000.0,0
5800.0,17,18.77,2821000.0,0
126200.0,14,4.48,13444000.0,0
538900.0,13,1.45,9716000.0,0
6600.0,10,1171.07,2878000.0,0
9900.0,10,6.2,1424000.0,0
175900.0,10,0.62,3302000.0,0
22600.0,16,4.81,3985000.0,0
14700.0,7,2.04,2298000.0,0
16700.0,16,3.22,2262000.0,0
9600.0,21,4.39,3205000.0,0
95100.0,8,7.95,13121000.0,0
31000.0,14,6.2,7106000.0,0
33500.0,7,18.29,1554000.0,0
55500.0,12,1.57,2000000.0,0
30100.0,17,2.47,1424000.0,0
335600.0,16,7.17,14603000.0,0
176700.0,18,8.21,14595000.0,0
31300.0,12,3.84,8753000.0,0
67600.0,14,2.22,3566000.0,0
97000.0,11,12.96,3635000.0,0
120500.0,12,17.63,11951000.0,0
8900.0,19,15.59,2079000.0,0
17000.0,15,10.65,8390000.0,0
13600.0,13,14.95,5526000.0,0
40600.0,14,13.75,6343000.0,0
105900.0,16,2.19,10273000.0,0
78000.0,17,1.79,6960000.0,0
26700.0,19,74.23,2278000.0,0
74000.0,7,0.5,3799000.0,0
2458800.0,19,4.99,8042000.0,0
171800.0,16,14.29,2522000.0,0
680800.0,18,9.9,5346000.0,0
72200.0,16,1.36,2961000.0,0
148700.0,20,1114.1,3210000.0,0
236100.0,8,54.58,8511000.0,0
36000.0,20,1.52,6796000.0,0
6100.0,8,4.07,1855000.0,0
34600.0,19,3.61,3452000.0,0
53100.0,11,35.15,2933000.0,0
24500.0,18,13.1,2910000.0,0
236800.0,11,9.51,4056000.0,0
134200.0,19,6.5,4638000.0,0
34400.0,16,4.89,3000000.0,0
20400.0,16,6.81,3240000.0,0
7900.0,12,3.27,1424000.0,0
14900.0,15,48.28,1424000.0,0
18300.0,12,9.93,6489000.0,0
30000.0,11,35.25,2649000.0,0
5900.0,14,25.37,1424000.0,0
116800.0,17,0.87,12919000.0,0
48700.0,21,1029.03,1994000.0,0
232500.0,17,1.33,2649000.0,0
97900.0,8,5.65,4577000.0,0
118300.0,14,3.33,3757000.0,0
165500.0,18,1.9,6812000.0,0
91000.0,19,5.04,1994000.0,0
88600.0,17,17.58,13930000.0,0
66000.0,14,2.21,6812000.0,0
481500.0,11,5.95,6690000.0,0
52900.0,20,2.45,4624000.0,0
110300.0,19,6.96,4752000.0,0
772600.0,8,105.26,12220000.0,0
28500.0,23,3.7,1696000.0,0
25100.0,17,2.25,1900000.0,0
35900.0,14,1.43,2678000.0,0
15200.0,2,5.41,2123000.0,0
211000.0,9,7.15,2760000.0,0
102500.0,9,2.79,10627000.0,0
16000.0,16,104.56,1687000.0,0
50100.0,9,2.73,16809000.0,0
44900.0,16,101.09,2109000.0,0
18000.0,7,0.9,4959000.0,0
4400.0,9,2.36,1424000.0,0
133600.0,20,2.53,4186000.0,0
32600.0,11,1.24,5444000.0,0
111800.0,15,4.63,4208000.0,0
31000.0,9,1.3,4477000.0,0
72400.0,11,5.56,7230000.0,0
344100.0,9,0.72,17818000.0,0
46400.0,20,6.72,2796000.0,0
150600.0,22,7.07,2717000.0,0
325300.0,12,8.58,2337000.0,0
366100.0,11,9.37,5399000.0,0
180500.0,18,4.88,3750000.0,0
91800.0,16,11.94,6999000.0,0
8600.0,21,6.22,1424000.0,0
37900.0,8,73.27,3971000.0,0
94600.0,14,9.2,1424000.0,0
20300.0,22,5.09,1896000.0,0
22300.0,12,4.68,1687000.0,0
59200.0,22,14.01,4184000.0,0
35300.0,15,19.16,2347000.0,0
48400.0,13,1.82,1809000.0,0
46000.0,17,147.29,6025000.0,0
44300.0,22,6.54,1825000.0,0
11600.0,20,87.69,2298000.0,0
118500.0,12,5.94,32736000.0,0
10400.0,19,10.42,4424000.0,0
92100.0,19,2.04,5056000.0,0
97400.0,16,2.48,4907000.0,0
23300.0,16,4.79,1424000.0,0
7900.0,19,11.39,1424000.0,0
11400.0,22,15.35,1858000.0,0
7900.0,15,3.85,3545000.0,0
8500.0,11,1.01,2270000.0,0
23800.0,13,2.18,1459000.0,0
27300.0,12,16.39,3985000.0,0
66600.0,9,7.73,10379000.0,0
22100.0,14,8.03,3971000.0,0
24900.0,19,9.8,2124000.0,0
18300.0,22,1.43,2302000.0,0
37200.0,13,0.74,1424000.0,0
35400.0,8,18.72,1424000.0,0
11900.0,11,6.46,1424000.0,0
73900.0,7,8.42,3334000.0,0
60800.0,19,59.08,4347000.0,0
21400.0,19,5.71,3283000.0,0
31200.0,11,31.95,3300000.0,0
17100.0,9,0.32,1424000.0,0
16700.0,16,7.76,4075000.0,0
45200.0,13,4.45,11349000.0,0
4800.0,20,2.6,1424000.0,0
95000.0,20,3.01,1424000.0,0
24600.0,12,44.46,1424000.0,1
55300.0,22,10.67,3005000.0,0
30000.0,14,10.1,3308000.0,0
27900.0,20,10.53,6972000.0,0
35600.0,16,1.67,2099000.0,0
33600.0,16,1.66,6580000.0,0
2746800.0,13,2.12,3274000.0,0
32800.0,16,4.82,2076000.0,0
133300.0,13,1.23,6729000.0,0
35000.0,19,1.57,5270000.0,0
45200.0,19,9.48,1471000.0,0
58300.0,13,6.59,1806000.0,0
70000.0,6,25.26,3641000.0,0
9900.0,13,260.33,1424000.0,0
32300.0,13,6.57,8679000.0,0
918400.0,16,5.44,8979000.0,0
55500.0,4,5.0,6827000.0,0
75800.0,20,794.89,1424000.0,0
17600.0,17,76.88,2353000.0,0
2011400.0,17,7.66,3152000.0,0
24500.0,19,3.44,4368000.0,0
31400.0,19,27.0,4539000.0,0
29700.0,18,1.8,2298000.0,0
267600.0,11,3.54,9178000.0,0
43300.0,18,3.47,3612000.0,0
20100.0,8,2.15,3461000.0,0
2304400.0,1,21.32,6430000.0,1
9300.0,12,6.62,1424000.0,0
139800.0,13,2.76,6489000.0,0
177700.0,9,6.26,3928000.0,0
32000.0,11,5.95,3776000.0,0
24200.0,21,1.75,2232000.0,0
46900.0,2,1.32,2107000.0,0
52500.0,19,3.02,7738000.0,0
23200.0,20,1.58,3438000.0,0
835700.0,11,13.72,1643000.0,0
39600.0,7,1.67,2550000.0,0
45200.0,11,3.33,13353000.0,0
11600.0,9,4.35,4499000.0,0
202200.0,13,1.37,6343000.0,0
10700.0,19,6.36,1698000.0,0
6000.0,16,81.7,2050000.0,0
107800.0,15,57.84,1554000.0,0
46000.0,17,4.89,2504000.0,0
79600.0,16,24.87,2168000.0,0
512900.0,12,1.48,9652000.0,0
67700.0,18,5.11,8803000.0,0
119800.0,23,2.79,5163000.0,0
30800.0,12,3.77,1424000.0,0
325100.0,21,3.53,6940000.0,0
71500.0,15,1.52,3897000.0,0
91600.0,8,1.56,3288000.0,0
91800.0,0,1.84,9930000.0,0
81700.0,2,4.62,3965000.0,0
15000.0,15,3.27,1662000.0,0
5500.0,20,3.99,2569000.0,0
19100.0,22,1.26,2479000.0,0
126600.0,17,1.18,4193000.0,0
521300.0,13,90.01,9432000.0,0
91900.0,12,15.59,3542000.0,0
95800.0,19,3.03,3594000.0,0
1208100.0,18,8.34,3746000.0,0
5932200.0,5,646.65,3034000.0,1
2723200.0,18,2.27,4804000.0,0
17000.0,20,10.57,2917000.0,0
28200.0,8,1.66,3254000.0,0
34400.0,10,8.56,1424000.0,0
40500.0,11,1.5,1972000.0,0
8700.0,2,5.03,1424000.0,0
55600.0,7,6.04,7845000.0,0
49200.0,14,2.56,3608000.0,0
47500.0,11,2.49,1529000.0,0
299000.0,8,693.38,3770000.0,0
88600.0,11,52.32,2110000.0,0
81000.0,16,3.22,5845000.0,0
34900.0,11,2.25,7443000.0,0
44200.0,7,3.45,10076000.0,0
23700.0,14,3.01,1424000.0,0
15800.0,15,144.35,2844000.0,0
4300.0,18,4.9,2135000.0,0
37300.0,16,94.4,10109000.0,0
1369300.0,1,9.78,2331000.0,1
4400.0,20,10.92,1674000.0,0
9100.0,12,1015.4,1466000.0,0
12700.0,16,12.14,1424000.0,0
41100.0,8,9.01,1424000.0,0
47700.0,15,3.28,9176000.0,0
32900.0,15,8.59,3886000.0,0
20100.0,11,14.32,7230000.0,0
13900.0,9,3.93,1424000.0,0
22800.0,14,5.17,1424000.0,0
8700.0,14,0.87,1424000.0,0
28100.0,12,3.31,2100000.0,0
21400.0,18,15.21,3406000.0,0
6600.0,19,15.19,1424000.0,0
58800.0,12,4.53,2512000.0,0
193800.0,17,3.29,6178000.0,0
392400.0,16,0.94,6160000.0,0
13100.0,22,9.27,10078000.0,0
223600.0,0,0.39,10279000.0,0
12100.0,9,73.0,1424000.0,0
159200.0,17,54.04,6011000.0,0
30200.0,21,0.48,5005000.0,0
48200.0,13,6.24,2792000.0,0
9600.0,14,1.14,2670000.0,0
34300.0,19,6.26,4176000.0,0
9700.0,23,5.31,1634000.0,0
35100.0,13,142.0,2306000.0,0
73300.0,10,4.03,6977000.0,0
255400.0,12,21.67,4875000.0,0
52300.0,13,143.33,6882000.0,0
5200.0,6,7.45,1424000.0,0
6000.0,18,2.39,1424000.0,0
6300.0,16,11.32,1424000.0,0
17700.0,21,3.25,5216000.0,0
11800.0,14,1.2,3646000.0,0
18100.0,21,4.73,1424000.0,0
23900.0,14,2.83,2270000.0,0
15700.0,16,2.34,1424000.0,0
13000.0,19,101.8,1424000.0,0
15300.0,12,4.3,2351000.0,0
120800.0,7,2.6,12081000.0,0
20500.0,18,6.25,1891000.0,0
18200.0,12,1.12,3033000.0,0
126400.0,11,77.06,4010000.0,0
101400.0,14,19.56,6349000.0,0
13700.0,0,4.29,1678000.0,1
16500.0,10,3.31,1424000.0,0
70200.0,12,783.63,3584000.0,0
138600.0,17,4.32,2235000.0,0
14600.0,21,67.77,4981000.0,0
68300.0,17,8.44,8711000.0,0
17100.0,19,61.75,3445000.0,0
68100.0,23,18.86,5058000.0,0
36600.0,22,11.78,1976000.0,0
29100.0,17,0.42,1424000.0,0
18900.0,16,107.17,1877000.0,0
24300.0,16,20.04,3558000.0,0
20200.0,6,14.92,5140000.0,0
112400.0,8,3.45,13582000.0,0
8000.0,9,6.58,2358000.0,0
35200.0,18,6.43,7961000.0,0
6100.0,14,4.0,1424000.0,0
58800.0,11,1.95,7894000.0,0
37900.0,10,2.64,2549000.0,0
30100.0,13,1.25,1424000.0,0
16800.0,21,10.09,2219000.0,0
28400.0,18,3.3,2369000.0,0
48100.0,20,3.43,1886000.0,0
48900.0,21,2.22,2078000.0,0
25700.0,13,137.94,4192000.0,0
18600.0,10,1.82,1424000.0,0
55100.0,23,6.66,6919000.0,0
281000.0,21,2.79,10915000.0,0
25800.0,15,18.43,1424000.0,0
14500.0,19,59.58,1424000.0,0
410000.0,11,35.86,3034000.0,0
7600.0,9,12.76,1850000.0,0
11700.0,21,9.16,1424000.0,0
5900.0,15,18.86,1707000.0,0
30400.0,18,26.91,4177000.0,0
8100.0,16,83.98,1743000.0,0
75200.0,18,1.77,3376000.0,0
5000.0,22,2.2,5789000.0,0
48100.0,14,2.29,4911000.0,0
103700.0,15,1.38,4153000.0,0
5400.0,16,3.59,2568000.0,0
9100.0,9,2.58,2241000.0,0
9700.0,6,6.72,1808000.0,0
3700.0,20,2.76,1424000.0,0
18700.0,16,1.33,3596000.0,0
15000.0,12,2.5,2914000.0,0
150500.0,15,3.33,5959000.0,0
196300.0,12,13.65,6483000.0,0
3600.0,8,346.26,3835000.0,1
15300.0,8,10.96,1531000.0,0
28500.0,11,1.82,3107000.0,0
69000.0,19,2.15,1900000.0,0
517000.0,17,4.06,8746000.0,0
38500.0,12,0.81,5375000.0,0
111800.0,12,8.39,17706000.0,0
287800.0,20,3.49,1424000.0,1
366100.0,16,3.28,12258000.0,0
355600.0,15,3.97,12422000.0,0
87600.0,13,3.89,7690000.0,0
38600.0,10,4.19,1424000.0,0
7900.0,11,3.7,1466000.0,0
1161300.0,10,4.31,15722000.0,0
20600.0,14,6.56,1424000.0,0
14500.0,12,10.0,1424000.0,0
37500.0,8,2.11,4846000.0,0
57600.0,19,1.18,2278000.0,0
39200.0,14,1.38,1470000.0,0
168800.0,19,1.16,10442000.0,0
59000.0,13,4.79,2944000.0,0
14400.0,14,3.53,4802000.0,0
57000.0,17,5.65,1424000.0,0
173000.0,19,25.55,5949000.0,0
48600.0,17,1.98,7865000.0,0
129400.0,19,1.07,4933000.0,0
40000.0,8,7.88,4389000.0,0
41100.0,12,8.54,1760000.0,0
31300.0,16,1.85,4672000.0,0
15200.0,13,4.9,1424000.0,0
695400.0,19,3.0,11201000.0,0
24600.0,22,4.71,1424000.0,0
187100.0,1,2.75,3384000.0,0
80400.0,18,2.89,8776000.0,0
549100.0,16,6.07,1662000.0,0
108500.0,8,3.82,4001000.0,0
45800.0,18,7.11,1641000.0,0
28800.0,9,4.76,4254000.0,0
19000.0,15,4.13,3102000.0,0
18600.0,22,5.03,1424000.0,0
5200.0,10,3.58,1971000.0,0
22200.0,10,6.51,2591000.0,0
198700.0,12,26.83,1721000.0,0
14500.0,9,5.68,1424000.0,0
18400.0,19,1.58,1424000.0,0
59000.0,16,2.78,2629000.0,0
27500.0,10,4.49,1749000.0,0
19400.0,21,298.67,12359000.0,1
67900.0,8,891.06,1424000.0,0
29600.0,17,9.45,1519000.0,0
59100.0,20,52.6,5484000.0,0
75100.0,19,3.43,3090000.0,0
112900.0,16,5.14,3236000.0,0
26800.0,20,3.23,1810000.0,0
58300.0,12,7.26,4069000.0,0
46200.0,7,7.67,1424000.0,0
11000.0,9,1.89,1931000.0,0
24300.0,22,11.49,6423000.0,0
36400.0,18,8.7,3937000.0,0
30700.0,17,3.27,3288000.0,0
15300.0,17,3.99,12913000.0,0
47700.0,12,2.36,8927000.0,0
11400.0,10,5.98,1680000.0,0
58800.0,19,4.58,5484000.0,0
91700.0,10,6.72,3554000.0,0
129100.0,20,1.53,3868000.0,0
21100.0,16,4.26,2052000.0,0
18600.0,14,4.24,3006000.0,0
45700.0,12,0.67,4460000.0,0
288800.0,14,2.62,8307000.0,0
240500.0,16,2.19,7038000.0,0
5100.0,19,2.99,1664000.0,0
137000.0,19,1.18,11615000.0,0
17900.0,18,5.64,3104000.0,0
86300.0,0,1.62,8711000.0,0
99300.0,12,2.55,35151000.0,0
85200.0,10,7.91,4335000.0,0
102500.0,15,3.41,4835000.0,0
3500.0,22,2.02,1433000.0,0
42100.0,19,1.06,1781000.0,0
24000.0,8,4.33,4374000.0,0
134800.0,16,1.17,12434000.0,0
56400.0,7,2.24,6492000.0,0
154600.0,20,0.62,1424000.0,0
54700.0,6,17.4,6603000.0,0
26700.0,8,2.21,1424000.0,0
65400.0,18,4.18,2815000.0,0
111600.0,16,8.12,7023000.0,0
2235400.0,12,17.68,1902000.0,0
394500.0,9,24.59,24525000.0,0
12800.0,17,3.79,4046000.0,0
105900.0,11,4.12,6489000.0,0
69900.0,12,2.83,4543000.0,0
24100.0,20,3.66,1466000.0,0
388000.0,12,94.01,21886000.0,0
1985300.0,0,128.2,1424000.0,1
52200.0,8,3.55,1424000.0,0
53800.0,20,1206.56,3805000.0,0
84500.0,16,67.37,2475000.0,0
15800.0,7,6.31,2629000.0,0
97100.0,15,2.38,7752000.0,0
180100.0,13,12.52,2516000.0,0
94700.0,7,0.46,2233000.0,0
92300.0,15,2.34,5960000.0,0
11800.0,15,1.64,3608000.0,0
6100.0,10,7.94,1424000.0,0
3200.0,8,8.43,1424000.0,0
58800.0,6,3.7,5602000.0,0
90400.0,12,838.65,2347000.0,0
2877100.0,18,7.39,3733000.0,0
8200.0,20,3.04,2387000.0,0
15200.0,18,5.73,4917000.0,0
57000.0,15,0.86,2870000.0,0
45900.0,17,2.0,1424000.0,0
554900.0,10,1.68,1424000.0,0
64700.0,20,2.8,2110000.0,0
9600.0,8,1.55,1424000.0,0
79500.0,13,4.09,4415000.0,0
612900.0,18,11.04,51331000.0,0
3000.0,12,11.03,3937000.0,0
21100.0,13,894.11,4539000.0,0
63300.0,14,3.33,4343000.0,0
544800.0,13,5.59,1713000.0,0
14100.0,20,2.81,2242000.0,0
96100.0,17,2.43,2330000.0,0
19200.0,7,3.54,2781000.0,0
21300.0,22,5.0,2983000.0,0
70900.0,19,9.04,7894000.0,0
11100.0,21,18.13,8634000.0,0
53700.0,11,2.67,7794000.0,0
85000.0,9,9.89,4752000.0,0
11900.0,15,10.22,2177000.0,0
94600.0,22,1.47,3428000.0,0
32700.0,17,15.79,2418000.0,0
37100.0,7,1.02,1424000.0,0
7000.0,18,1.54,1424000.0,0
445900.0,4,5.13,4335000.0,0
35800.0,19,7.24,4193000.0,0
408600.0,12,6.08,10028000.0,0
13200.0,20,9.98,1424000.0,0
112100.0,13,1.75,1569000.0,0
23100.0,18,9.76,2241000.0,0
106800.0,18,5.06,4754000.0,0
8200.0,11,6.41,1616000.0,0
22100.0,17,2.72,1577000.0,0
24200.0,21,9.9,7161000.0,0
130800.0,9,2.15,1424000.0,0
154900.0,20,3.54,10808000.0,0
56600.0,19,5.73,4770000.0,0
115900.0,15,456.38,1664000.0,0
28500.0,18,1.05,2246000.0,0
306400.0,15,14.98,11201000.0,0
528600.0,22,9.06,7459000.0,0
96500.0,11,43.12,7223000.0,0
129400.0,16,11.07,6037000.0,0
38500.0,20,20.76,2591000.0,0
20200.0,10,2.47,3509000.0,0
94500.0,22,26.95,3438000.0,0
58100.0,14,8.66,1612000.0,0
50800.0,14,1.95,4630000.0,0
3500.0,16,6.15,1424000.0,0
190800.0,16,16.2,5457000.0,0
34800.0,12,113.82,1424000.0,0
30800.0,8,2.72,1424000.0,0
30300.0,16,47.23,4166000.0,0
17400.0,18,21.21,1836000.0,0
99600.0,20,2.44,5473000.0,0
158300.0,12,4.72,11822000.0,0
27300.0,13,0.94,1985000.0,0
27600.0,9,16.9,7961000.0,0
20300.0,14,3.18,4804000.0,0
175000.0,9,3.33,6037000.0,0
434100.0,10,5.31,7319000.0,0
44900.0,20,0.96,1749000.0,0
572900.0,5,37.7,6560000.0,0
73700.0,16,131.95,1836000.0,0
63100.0,18,4.32,5375000.0,0
128400.0,16,1.49,3034000.0,0
15000.0,20,4.15,3402000.0,0
25500.0,12,72.39,5850000.0,0
42800.0,20,2.83,3099000.0,0
46600.0,11,1.95,3761000.0,0
17900.0,15,2.43,1424000.0,0
310000.0,17,4.07,8255000.0,0
47500.0,21,23.9,10068000.0,0
49600.0,9,2.13,5033000.0,0
150600.0,15,1.9,4868000.0,0
264800.0,14,3.52,1902000.0,0
137500.0,19,14.98,7262000.0,0
156500.0,16,5.54,3666000.0,0
32200.0,17,5.72,2385000.0,0
9300.0,21,264.83,1997000.0,1
1529600.0,10,1.12,20583000.0,0
47200.0,20,8.06,1424000.0,0
21800.0,13,3.47,1832000.0,0
8700.0,19,3.88,1424000.0,0
18800.0,17,1.47,1424000.0,0
330000.0,16,17.37,6159000.0,0
107000.0,17,0.55,3538000.0,0
210900.0,19,3.6,11822000.0,0
124900.0,15,2.09,3263000.0,0
69600.0,4,2.27,14577000.0,0
67400.0,23,4.96,5849000.0,0
27600.0,19,25.45,1721000.0,0
41500.0,9,1.99,3871000.0,0
96100.0,18,2.73,1424000.0,0
114100.0,11,12.71,7208000.0,0
17200.0,18,2.47,2110000.0,0
22400.0,17,3.5,1752000.0,0
130100.0,21,148.85,2347000.0,0
10300.0,17,3.71,1424000.0,0
318100.0,9,21.91,6940000.0,0
22500.0,20,9.77,2984000.0,0
57900.0,15,6.35,5547000.0,0
8000.0,10,1112.86,1424000.0,0
93000.0,15,2.64,6062000.0,0
355000.0,19,6.9,8472000.0,0
16100.0,9,2.84,1424000.0,0
30200.0,10,6.01,1470000.0,0
53200.0,19,6.76,5510000.0,0
36000.0,17,5.82,2748000.0,0
217000.0,8,2.04,1940000.0,0
45400.0,14,2.96,9058000.0,0
28000.0,13,20.85,2698000.0,0
48500.0,22,3.82,5695000.0,0
71500.0,16,120.95,1424000.0,0
394200.0,8,5.7,8118000.0,0
38800.0,17,2.81,3013000.0,0
36800.0,19,5.74,2895000.0,0
17300.0,16,9.05,2984000.0,0
36200.0,17,5.87,3439000.0,0
9800.0,20,16.05,4012000.0,0
50800.0,13,1.83,1641000.0,0
23600.0,20,5.33,3032000.0,0
112600.0,13,2.41,3097000.0,0
49400.0,5,13.1,4945000.0,0
77400.0,11,3.97,3289000.0,0
185600.0,16,2.14,6268000.0,0
3800.0,6,4.41,1424000.0,0
36700.0,5,1.95,1424000.0,0
124000.0,18,2.63,5746000.0,0
199800.0,15,3.77,9640000.0,0
13500.0,21,11.45,5850000.0,0
22500.0,10,7.12,4167000.0,0
8100.0,20,1.15,1424000.0,0
21300.0,21,14.79,1424000.0,0
70500.0,13,1.46,4958000.0,0
11700.0,19,5.05,1424000.0,0
81300.0,0,4.11,2078000.0,0
89300.0,10,2.51,9311000.0,0
68800.0,13,1.53,2182000.0,0
28400.0,16,1.15,3334000.0,0
979000.0,14,4.15,4588000.0,0
22400.0,12,18.53,1424000.0,0
47200.0,13,1.38,2278000.0,0
29200.0,0,7.18,1424000.0,0
19400.0,13,4.28,2177000.0,0
65500.0,18,1.73,5479000.0,0
337700.0,14,6.89,6431000.0,0
5400.0,23,5.18,2972000.0,0
231400.0,20,14.9,5465000.0,0
42400.0,7,10.52,3256000.0,0
2500.0,6,3.46,1424000.0,0
68300.0,19,21.9,2337000.0,0
43100.0,17,5.55,8460000.0,0
145900.0,10,5.09,13121000.0,0
138500.0,22,1.63,6989000.0,0
29600.0,21,14.42,3301000.0,0
51700.0,9,0.88,6297000.0,0
2646300.0,10,2.66,5484000.0,0
35200.0,11,3.5,4029000.0,0
110700.0,20,2.62,6943000.0,0
116900.0,21,3.29,8272000.0,0
40800.0,19,4.72,1424000.0,0
17600.0,13,1.85,2765000.0,0
38400.0,19,1.66,5180000.0,0
1167300.0,14,6.21,1424000.0,0
194200.0,14,90.76,6160000.0,0
192200.0,11,3.81,5209000.0,0
97600.0,18,1.17,3067000.0,0
25300.0,6,117.55,1424000.0,0
43500.0,13,5.68,3489000.0,0
21800.0,12,4.28,1509000.0,0
86500.0,14,3.64,5473000.0,0
62800.0,10,2.64,2528000.0,0
12900.0,8,9.05,1424000.0,0
38600.0,17,4.35,3266000.0,0
10600.0,10,1.54,1856000.0,0
442900.0,20,3.75,21886000.0,0
7700.0,22,98.07,1424000.0,0
220900.0,19,1.78,3116000.0,0
79700.0,13,4.48,6976000.0,0
74800.0,9,2.56,2189000.0,0
99800.0,19,3.92,5162000.0,0
207200.0,10,2.68,5016000.0,0
32300.0,6,1.98,3726000.0,0
12800.0,12,3.29,1558000.0,0
223100.0,7,3.06,11201000.0,0
23400.0,14,56.02,4603000.0,0
44300.0,1,4.33,3606000.0,0
41900.0,8,2.81,2265000.0,0
18900.0,1,238.19,9390000.0,0
24200.0,12,4.61,3295000.0,0
28500.0,20,2.15,1713000.0,0
68600.0,17,3.31,3106000.0,0
51500.0,12,7.67,5056000.0,0
26300.0,18,9.38,4464000.0,0
7550800.0,3,709.05,5807000.0,1
85900.0,13,5.55,2653000.0,0
55200.0,17,52.15,3367000.0,0
38900.0,10,7.92,4193000.0,0
37700.0,13,5.98,3032000.0,0
39800.0,10,5.05,6827000.0,0
93400.0,1,106.33,9188000.0,0
20900.0,10,3.25,3256000.0,0
64500.0,8,1.73,2808000.0,0
78800.0,10,1.54,3247000.0,0
130500.0,15,1.83,4436000.0,0
57100.0,16,1.84,3102000.0,0
83700.0,18,3.16,3282000.0,0
36700.0,12,8.79,5375000.0,0
37900.0,14,2.35,4026000.0,0
13400.0,13,2.1,1424000.0,0
57300.0,17,104.86,3807000.0,0
19800.0,14,4.61,3753000.0,0
132400.0,11,0.87,3641000.0,0
8600.0,17,12.81,6605000.0,0
58600.0,16,3.61,2445000.0,0
47000.0,11,3.24,3205000.0,0
167700.0,17,9.77,10342000.0,0
8000.0,16,2.26,1587000.0,0
634600.0,18,5.8,7742000.0,0
47000.0,18,2.35,3302000.0,0
88700.0,8,2.89,4163000.0,0
19700.0,16,0.71,5272000.0,0
32700.0,22,3.48,3886000.0,0
7800.0,9,1.31,1424000.0,0
13600.0,23,39.0,1424000.0,0
74700.0,14,66.38,7122000.0,0
5800.0,12,17.58,2116000.0,0
37700.0,18,12.56,2660000.0,0
45200.0,13,1.61,2690000.0,0
130400.0,21,1.14,5244000.0,0
72000.0,11,6.1,4804000.0,0
2800.0,7,0.99,1994000.0,0
45000.0,12,5.31,2989000.0,0
24300.0,10,2.31,1424000.0,0
24500.0,8,4.35,2074000.0,0
781800.0,11,1.38,17272000.0,0
398500.0,11,9.49,4231000.0,1
341700.0,16,6.48,8460000.0,0
149400.0,19,110.15,8688000.0,0
52100.0,22,1.78,1424000.0,0
266600.0,12,7.97,5057000.0,0
1878300.0,11,9.91,52608000.0,0
100700.0,21,4.94,3971000.0,0
47300.0,19,3.36,5221000.0,0
33100.0,11,7.5,1424000.0,0
75300.0,11,4.76,5300000.0,0
61300.0,18,2.68,5764000.0,0
863700.0,1,52.68,8057000.0,1
17100.0,11,6.46,1424000.0,0
36900.0,20,1.73,3337000.0,0
188600.0,16,52.35,9058000.0,0
5000.0,21,89.42,1424000.0,0
217300.0,19,1.72,4535000.0,0
110700.0,20,4.8,4335000.0,0
5700.0,15,1.9,2235000.0,0
20000.0,21,4.31,2123000.0,0
14300.0,11,0.58,1809000.0,0
58000.0,19,3.08,2528000.0,0
271500.0,20,0.49,11962000.0,0
3900.0,14,14.18,1424000.0,0
61000.0,17,1.71,5270000.0,0
96900.0,17,1.85,7215000.0,0
35800.0,13,3.48,1612000.0,0
28900.0,13,92.85,1976000.0,0
22600.0,20,10.02,4208000.0,0
58300.0,13,19.86,1736000.0,0
64600.0,9,10.14,2372000.0,0
1000.0,10,6.48,2103000.0,0
90400.0,0,1.73,5076000.0,0
38600.0,20,6.7,2257000.0,0
12600.0,17,1.0,1684000.0,0
70100.0,13,0.98,4793000.0,0
38100.0,9,2.61,2840000.0,0
55600.0,19,1368.58,10379000.0,0
29200.0,16,4.31,8776000.0,0
2243500.0,16,6.26,5641000.0,0
20400.0,16,1.07,3064000.0,0
107500.0,11,109.8,7622000.0,0
77700.0,8,1.61,6506000.0,0
38000.0,11,10.09,2639000.0,0
11300.0,12,2.32,3746000.0,0
14200.0,10,4.19,3200000.0,0
33400.0,10,0.27,1466000.0,0
13700.0,15,1.86,2861000.0,0
730400.0,17,8.92,6129000.0,0
15300.0,17,5.16,3625000.0,0
11300.0,12,2.3,1424000.0,0
63200.0,17,4.8,8852000.0,0
36300.0,16,4.48,1713000.0,0
14900.0,10,7.68,2938000.0,0
10500.0,18,2.97,1424000.0,0
33200.0,20,6.32,3928000.0,0
80200.0,17,3.49,3122000.0,0
76000.0,17,0.52,4532000.0,0
6800.0,17,3.04,1424000.0,0
5700.0,23,2.5,4638000.0,0
39500.0,19,6.25,4311000.0,0
30500.0,19,3.63,10380000.0,0
8200.0,16,7.03,1424000.0,0
14500.0,9,2.47,1424000.0,0
10100.0,17,2.0,2405000.0,0
93700.0,11,5.4,5745000.0,0
10300.0,11,5.18,2622000.0,0
16700.0,8,3.83,1424000.0,0
48900.0,15,1.7,2093000.0,0
4400.0,15,243.83,2741000.0,1
64600.0,20,1.76,10366000.0,0
55800.0,18,5.65,2808000.0,0
16200.0,9,7.43,1424000.0,0
107500.0,15,9.51,4728000.0,0
92900.0,18,3.87,5950000.0,0
41500.0,10,19.44,5646000.0,0
11900.0,9,22.31,3337000.0,0
3900.0,21,2.24,1424000.0,0
202900.0,17,7.78,10252000.0,0
49500.0,16,119.14,1554000.0,0
11800.0,16,4.66,1743000.0,0
10400.0,17,11.84,3639000.0,0
13000.0,14,4.14,3225000.0,0
16700.0,19,1.53,3452000.0,0
20600.0,12,8.77,2754000.0,0
43700.0,12,8.3,3806000.0,0
212500.0,9,0.63,5579000.0,0
50300.0,7,3.89,1424000.0,0
1061600.0,20,461.05,1424000.0,1
48500.0,12,2.22,1424000.0,0
202100.0,20,7.13,18199000.0,0
70300.0,2,4.45,4374000.0,0
9200.0,9,4.78,1424000.0,0
45700.0,8,6.12,3538000.0,0
54200.0,10,7.33,2802000.0,0
15700.0,23,1.32,5394000.0,0
50900.0,17,0.71,3179000.0,0
4600.0,15,2.88,1853000.0,0
96900.0,20,2.51,3619000.0,0
20400.0,14,9.02,1424000.0,0
326100.0,22,4.82,5649000.0,0
22300.0,9,4.97,2381000.0,0
17900.0,12,7.3,2270000.0,0
152600.0,19,0.88,2750000.0,0
13200.0,15,2.87,3297000.0,0
16600.0,9,6.93,1514000.0,0
425200.0,14,9.53,4241000.0,0
7300.0,12,1.22,1424000.0,0
72500.0,10,566.23,6025000.0,0
53400.0,19,3.43,1424000.0,0
638300.0,15,4.26,9652000.0,0
58900.0,15,12.96,3858000.0,0
62400.0,12,11.15,1891000.0,0
89300.0,6,5.88,10267000.0,0
272200.0,17,2.2,10351000.0,0
49800.0,15,16.96,1424000.0,0
1137500.0,16,7.16,24390000.0,0
49000.0,15,4.41,7151000.0,0
114000.0,13,1.07,4530000.0,0
29900.0,19,3.64,5279000.0,0
358500.0,6,1.14,5897000.0,0
77500.0,15,1.14,3003000.0,0
344900.0,18,2.47,8746000.0,0
58000.0,19,6.48,3006000.0,0
18800.0,13,5.33,3757000.0,0
77800.0,18,5.4,12422000.0,0
4750900.0,13,8.87,5457000.0,0
28000.0,15,2.25,2481000.0,0
307200.0,8,5.44,13244000.0,0
119500.0,14,1.36,2777000.0,0
32600.0,12,3.8,2532000.0,0
50700.0,21,5.47,2169000.0,0
40300.0,16,13.7,3822000.0,0
112300.0,11,3.26,3847000.0,0
127100.0,0,2.29,9296000.0,0
78500.0,14,16.28,2278000.0,0
120300.0,16,2.09,4718000.0,0
451700.0,21,1.54,6027000.0,0
65100.0,9,2.29,2914000.0,0
345300.0,20,8.2,4744000.0,0
113200.0,20,17.61,4432000.0,0
489900.0,16,1.8,14777000.0,0
8900.0,20,124.33,1424000.0,0
49900.0,8,2.3,2270000.0,0
57100.0,16,1.65,3367000.0,0
81000.0,22,2.49,22570000.0,0
4900.0,14,10.35,1589000.0,0
52400.0,19,1.86,3725000.0,0
8700.0,7,5.43,1424000.0,0
31300.0,13,1.91,2177000.0,0
29500.0,19,2.59,1424000.0,0
811300.0,8,9.84,10273000.0,0
9500.0,7,0.88,1719000.0,0
15600.0,10,3.09,1672000.0,0
10200.0,10,2.72,1424000.0,0
21100.0,12,5.95,1424000.0,0
59600.0,12,4.37,2027000.0,0
22100.0,23,547.75,1761000.0,0
116000.0,16,12.28,4252000.0,0
36200.0,18,0.67,10078000.0,0
101600.0,9,1.26,1424000.0,0
88300.0,16,3.39,1655000.0,0
27700.0,20,1.51,3800000.0,0
162200.0,6,2.46,1424000.0,0
851400.0,13,0.63,6455000.0,0
6400.0,19,58.18,1424000.0,0
3600.0,18,45.86,1459000.0,0
16100.0,21,1.19,2131000.0,0
23200.0,19,2.78,1676000.0,0
20900.0,21,47.69,3020000.0,0
57000.0,9,67.16,3577000.0,0
73800.0,19,1.78,5220000.0,0
8600.0,17,39.51,1433000.0,0
201800.0,17,4.44,9012000.0,0
76300.0,21,134.17,7746000.0,0
36400.0,8,9.44,5579000.0,0
24100.0,15,27.09,3746000.0,0
40400.0,17,4.4,3359000.0,0
275200.0,20,11.1,21886000.0,0
39900.0,20,3.23,3504000.0,0
13300.0,0,7.82,5523000.0,0
19600.0,20,6.95,2792000.0,0
174500.0,19,21.81,3913000.0,0
643400.0,12,2.27,10273000.0,0
24100.0,10,21.62,1424000.0,0
8400.0,15,108.61,2572000.0,0
22800.0,12,4.78,2594000.0,0
14300.0,6,1.75,1424000.0,0
108400.0,11,111.81,3003000.0,0
128800.0,6,1.39,8113000.0,0
5300.0,15,1.73,3648000.0,0
152600.0,10,2.75,6234000.0,0
21700.0,15,2.04,2257000.0,0
34900.0,13,18.67,1951000.0,0
28841500.0,14,551.06,14603000.0,1
15500.0,19,102.41,2000000.0,0
86300.0,16,522.46,1519000.0,0
224500.0,17,2.21,5279000.0,0
30400.0,11,0.72,2347000.0,0
38100.0,23,11.55,5582000.0,0
20800.0,12,3.97,1424000.0,0
192500.0,9,129.63,6234000.0,0
68800.0,17,10.49,1424000.0,0
282100.0,18,133.22,8904000.0,0
6100.0,16,1.99,1424000.0,0
83500.0,21,2.81,7099000.0,0
33900.0,11,11.7,2862000.0,0
57900.0,23,3.63,4817000.0,0
26800.0,18,9.52,4155000.0,0
159200.0,13,11.73,11426000.0,0
23900.0,21,13.91,1424000.0,0
277600.0,23,2.6,4297000.0,0
353900.0,12,0.65,11621000.0,0
75100.0,17,4.43,4116000.0,0
19900.0,18,1.53,3847000.0,0
42300.0,16,3.38,2604000.0,0
47300.0,12,112.23,2321000.0,0
153000.0,21,5.56,13353000.0,0
5600.0,0,2.93,1424000.0,0
44100.0,13,90.88,1424000.0,0
123600.0,19,82.37,4832000.0,0
12700.0,22,1.99,1695000.0,0
186200.0,18,3.6,9283000.0,0
97500.0,19,3.24,5462000.0,0
128300.0,11,13.79,2498000.0,0
54200.0,10,11.32,5221000.0,0
82900.0,21,2.97,2498000.0,0
74400.0,19,8.45,8009000.0,0
21100.0,17,14.53,7622000.0,0
13500.0,17,10.44,1424000.0,0
21700.0,13,1.33,6343000.0,0
4600.0,0,112.89,3175000.0,1
145800.0,11,1.84,1832000.0,0
45300.0,8,82.18,2257000.0,0
485100.0,15,2.84,10592000.0,0
39000.0,13,13.14,6380000.0,0
24300.0,6,79.41,2241000.0,0
30300.0,21,1.62,1852000.0,0
80000.0,10,0.85,2881000.0,0
6400.0,17,4.11,1544000.0,0
16000.0,14,0.51,1563000.0,0
58700.0,18,1.28,3870000.0,0
31100.0,7,9.9,3641000.0,0
7500.0,8,4.4,1434000.0,0
12200.0,14,4.16,2670000.0,0
98100.0,5,29.19,4744000.0,0
515900.0,19,3.86,15450000.0,0
42400.0,16,4.72,4290000.0,0
96900.0,21,5.78,7223000.0,0
85100.0,15,121.15,5102000.0,0
105600.0,8,5.1,1424000.0,0
196200.0,9,2.79,1806000.0,0
42400.0,8,18.11,3891000.0,0
25900.0,17,7.04,4453000.0,0
80500.0,14,141.48,1698000.0,0
6400.0,9,874.52,1424000.0,1
9200.0,10,0.68,1424000.0,0
35400.0,18,4.59,3143000.0,0
121900.0,13,2.48,10864000.0,0
31500.0,17,2.76,1972000.0,0
338500.0,12,3.04,8979000.0,0
40400.0,5,6.84,3746000.0,0
18800.0,17,11.4,1424000.0,0
13300.0,16,1.72,13266000.0,0
87700.0,14,2.81,3663000.0,0
74900.0,0,5.02,7135000.0,0
5700.0,8,2.81,3565000.0,0
34100.0,14,33.12,2156000.0,0
13500.0,6,3.69,3319000.0,0
6600.0,20,7.81,1424000.0,0
17700.0,11,10.41,4760000.0,0
259000.0,12,7.42,14913000.0,0
335700.0,14,1.99,84975000.0,0
235400.0,8,8.56,8894000.0,0
194700.0,20,66.27,3131000.0,0
294100.0,7,45.53,6812000.0,0
96000.0,12,2.11,3893000.0,0
26200.0,7,3.76,2270000.0,0
24900.0,12,6.36,4432000.0,0
176000.0,13,2.13,5221000.0,0
13700.0,12,51.57,1514000.0,0
429500.0,18,2.49,10379000.0,0
436700.0,19,4.11,4253000.0,0
6100.0,20,3.56,5598000.0,0
13500.0,10,6.05,2792000.0,0
17900.0,17,6.2,2182000.0,0
25700.0,20,7.07,1424000.0,0
14500.0,10,1.77,1424000.0,0
145400.0,18,11.86,3506000.0,0
132100.0,15,118.33,9390000.0,0
116900.0,10,1.59,8230000.0,0
2269200.0,17,6.1,4665000.0,0
259900.0,18,2.94,12489000.0,0
66500.0,13,1.7,12210000.0,0
11500.0,12,15.68,1424000.0,0
26800.0,17,1.08,1424000.0,0
3800.0,19,144.52,1567000.0,0
72800.0,12,6.46,11330000.0,0
8200.0,14,3.61,2078000.0,0
36400.0,10,9.52,3442000.0,0
38300.0,10,21.38,7916000.0,0
149400.0,12,1.19,9821000.0,0
10500.0,8,2.62,2230000.0,0
181300.0,11,7.4,1504000.0,0
38700.0,19,8.21,2480000.0,0
17700.0,8,4.15,1424000.0,0
120500.0,17,4.67,3107000.0,0
56300.0,13,37.51,1660000.0,0
53700.0,17,5.0,2575000.0,0
44400.0,18,5.16,3461000.0,0
38900.0,12,0.7,1424000.0,0
13700.0,23,10.11,2684000.0,0
14400.0,14,1.41,2071000.0,0
4600.0,11,1.94,2890000.0,0
32500.0,19,0.72,1808000.0,0
3000.0,9,8.0,1945000.0,0
126300.0,19,4.06,5057000.0,0
121500.0,13,10.77,6807000.0,0
109700.0,16,2.52,1605000.0,0
69100.0,20,10.42,5300000.0,0
3300.0,13,58.04,3214000.0,0
98800.0,13,6.18,3523000.0,0
19300.0,19,1.85,1994000.0,0
27400.0,16,66.6,4530000.0,0
80000.0,13,1.44,3200000.0,0
34500.0,20,9.85,2632000.0,0
6300.0,17,15.8,3091000.0,0
59300.0,9,1.05,7961000.0,0
344900.0,14,428.36,8753000.0,0
86700.0,11,1.67,1424000.0,0
5800.0,16,3.75,4064000.0,0
30200.0,19,1.15,1424000.0,0
599200.0,12,0.63,10068000.0,0
6100.0,17,5.03,3770000.0,0
93000.0,12,11.44,3011000.0,0
6500.0,12,3.0,1424000.0,0
50600.0,10,2.99,3913000.0,0
19200.0,19,1.87,2482000.0,0
154500.0,20,3.66,3010000.0,0
82900.0,16,1.31,1643000.0,0
8100.0,21,5.23,2465000.0,0
225300.0,14,3.65,6812000.0,0
165600.0,12,4.15,7475000.0,0
206300.0,14,3.95,3013000.0,0
4500.0,13,5.78,1520000.0,0
12500.0,12,1.62,1424000.0,0
24200.0,16,3.4,1424000.0,0
4100.0,10,3.99,2653000.0,0
3078600.0,0,538.14,3033000.0,1
102500.0,16,0.59,2620000.0,0
63500.0,22,7.53,1424000.0,0
51700.0,22,1.5,1424000.0,0
18500.0,13,3.59,2619000.0,0
199300.0,9,5.26,3452000.0,0
111400.0,9,73.86,2087000.0,0
14600.0,14,4.58,11560000.0,0
291500.0,21,704.22,9821000.0,0
34400.0,18,99.06,2945000.0,0
12500.0,16,2.95,1424000.0,0
388200.0,14,4.17,7961000.0,0
38900.0,19,122.67,1424000.0,0
16500.0,12,17.99,2059000.0,0
19700.0,10,2.52,2779000.0,0
206900.0,18,7.77,8214000.0,0
334700.0,20,3.18,9640000.0,0
673200.0,16,1.87,10311000.0,0
4800.0,9,8.03,1424000.0,0
25800.0,18,5.66,2802000.0,0
9100.0,20,2.32,1816000.0,0
140600.0,18,0.96,8634000.0,0
120700.0,18,9.77,7219000.0,0
243600.0,18,4.55,11194000.0,0
45300.0,7,14.36,11621000.0,0
17200.0,23,4.94,2760000.0,0
18000.0,16,5.74,2736000.0,0
6100.0,14,7.57,1424000.0,0
12300.0,12,58.68,1424000.0,0
54800.0,14,4.62,1896000.0,0
1276700.0,18,3.0,8721000.0,0
1918200.0,18,5.81,14888000.0,0
81500.0,19,7.3,4630000.0,0
102800.0,9,2.61,6955000.0,0
5300.0,18,11.47,1424000.0,0
87100.0,18,11.9,1504000.0,0
117500.0,18,23.86,3319000.0,0
15000.0,20,5.84,2885000.0,0
359000.0,13,5.87,7262000.0,0
953300.0,7,1.21,35151000.0,0
144500.0,15,2.87,14661000.0,0
4300.0,12,23.89,2465000.0,0
102800.0,13,7.11,3676000.0,0
15500.0,11,58.5,3406000.0,0
14300.0,8,84.17,2337000.0,0
7500.0,22,8.09,3577000.0,0
66800.0,19,1.42,1424000.0,0
104900.0,13,9.21,9124000.0,0
64800.0,16,3.94,12293000.0,0
17200.0,23,0.56,1643000.0,0
51600.0,21,2.22,5203000.0,0
55500.0,19,1.47,4752000.0,0
26100.0,18,0.9,3594000.0,0
78400.0,17,19.27,2927000.0,0
14200.0,14,2.97,5614000.0,0
1363400.0,23,1.96,9188000.0,0
11600.0,22,29.08,1424000.0,0
19700.0,19,60.59,3828000.0,0
26300.0,8,4.09,1424000.0,0
18900.0,8,12.62,5130000.0,0
54500.0,21,2.09,3005000.0,0
12600.0,9,1.17,1424000.0,0
43100.0,11,1.28,1896000.0,0
16800.0,8,2.04,2769000.0,0
36700.0,22,28.23,8894000.0,0
12300.0,11,37.96,1424000.0,0
55400.0,8,3.11,1969000.0,0
4400.0,17,5.24,1424000.0,0
13200.0,19,1.46,2569000.0,0
25400.0,21,5.84,8094000.0,0
51000.0,17,142.54,3545000.0,0
111200.0,15,1.74,12432000.0,0
23400.0,14,2.61,5603000.0,0
11000.0,15,3.26,4235000.0,0
7700.0,20,2.0,1424000.0,0
39000.0,19,1.73,2059000.0,0
6700.0,13,7.11,2063000.0,0
35000.0,8,3.9,4649000.0,0
38500.0,15,5.95,1618000.0,0
53100.0,10,2.56,2039000.0,0
17200.0,7,65.62,1424000.0,0
51900.0,17,25.98,2315000.0,0
19600.0,9,19.69,1424000.0,0
14300.0,16,3.05,6079000.0,0
9000.0,13,1.89,1424000.0,0
75200.0,15,2.05,5290000.0,0
11300.0,19,8.88,1424000.0,0
30500.0,18,3.82,2439000.0,0
57300.0,21,3.48,2306000.0,0
350600.0,18,31.06,6916000.0,0
62100.0,8,0.92,5375000.0,0
28900.0,18,0.91,6174000.0,0
98700.0,19,2.08,5840000.0,0
158000.0,2,1.47,3236000.0,0
14200.0,17,3.64,2180000.0,0
120300.0,18,2.68,3684000.0,0
27000.0,19,9.59,2156000.0,0
47300.0,18,6.6,1476000.0,0
362500.0,17,43.47,2163000.0,1
467100.0,13,1.52,56726000.0,0
114500.0,15,4.03,6762000.0,0
111100.0,14,5.28,3646000.0,0
32000.0,16,7.56,8032000.0,0
85800.0,14,12.01,10417000.0,0
226300.0,16,22.25,2168000.0,0
3640600.0,19,3804.9,2089000.0,1
28400.0,12,99.84,2656000.0,0
53800.0,23,4.23,5374000.0,0
3500.0,17,3.86,2135000.0,0
15600.0,15,8.79,1951000.0,0
132200.0,18,7.01,7927000.0,0
11400.0,8,2.65,1424000.0,0
41200.0,13,3.24,1424000.0,0
57500.0,13,1106.55,5559000.0,0
9300.0,9,4.08,2645000.0,0
14900.0,23,9.05,1424000.0,0
487100.0,4,4.15,8509000.0,0
105200.0,10,61.79,9740000.0,0
106100.0,12,1.66,3210000.0,0
208400.0,15,0.87,5763000.0,0
20600.0,12,0.71,1618000.0,0
73800.0,0,3.38,5125000.0,0
5200.0,13,107.7,1424000.0,0
1105400.0,14,1.48,10417000.0,0
31500.0,20,26.7,6253000.0,0
112800.0,20,1.05,7484000.0,0
14300.0,14,4.85,5130000.0,0
29600.0,13,5.78,1550000.0,0
24900.0,14,4.0,1424000.0,0
94200.0,17,131.14,3240000.0,0
18400.0,6,2.27,1424000.0,0
83100.0,12,5.34,11330000.0,0
25600.0,15,64.75,7023000.0,0
5600.0,13,2.86,1424000.0,0
16100.0,16,2.05,8927000.0,0
5400.0,0,83.16,1424000.0,0
44200.0,9,5.45,2052000.0,0
50100.0,20,1.95,1424000.0,0
10000.0,6,11.68,1424000.0,0
4200.0,15,3.16,4499000.0,0
82700.0,21,5.25,5698000.0,0
27700.0,11,7.24,3050000.0,0
10000.0,13,4.41,3106000.0,0
24400.0,15,3.72,2436000.0,0
97800.0,16,1.19,5807000.0,0
39900.0,21,3.08,9895000.0,0
8800.0,20,6.15,1424000.0,0
182300.0,19,6.12,8255000.0,0
68600.0,9,3.71,4008000.0,0
10700.0,22,408.26,1424000.0,1
34000.0,19,0.86,2719000.0,0
8900.0,19,0.59,2241000.0,0
103300.0,18,5.8,10864000.0,0
6762500.0,10,1178.94,3129000.0,1
72800.0,23,9.92,5938000.0,0
20300.0,18,3.43,1424000.0,0
47900.0,18,2.27,3868000.0,0
160800.0,19,3.94,9625000.0,0
53700.0,14,11.41,6357000.0,0
55800.0,11,11.21,2585000.0,0
27500.0,12,43.26,1459000.0,0
21300.0,10,107.65,6084000.0,0
11300.0,19,1.7,3005000.0,0
48300.0,13,2.85,1938000.0,0
160700.0,17,8.87,1424000.0,0
105900.0,1,5.73,3924000.0,0
10900.0,9,4.83,1424000.0,0
151100.0,20,73.94,15618000.0,0
14200.0,16,2.1,1722000.0,0
19100.0,14,294.21,6066000.0,1
106800.0,17,7.45,4605000.0,0
175200.0,19,3.05,12164000.0,0
61100.0,21,1.3,5559000.0,0
67100.0,15,13.24,1424000.0,0
37500.0,18,5.18,4335000.0,0
24500.0,14,364.44,2756000.0,0
21100.0,11,1.72,1765000.0,0
12100.0,15,80.51,3283000.0,0
10200.0,16,1.69,2838000.0,0
28200.0,8,1.63,1424000.0,0
5800.0,21,1.34,1693000.0,0
15900.0,11,1.05,3558000.0,0
573100.0,11,0.48,6343000.0,0
26600.0,17,8.44,5646000.0,0
198400.0,10,3.75,2755000.0,0
89100.0,8,3.65,3332000.0,0
2000.0,21,1.47,3802000.0,0
8600.0,9,4.61,1424000.0,0
25500.0,16,5.53,3540000.0,0
7300.0,12,3.7,1424000.0,0
238400.0,14,11.56,6107000.0,0
118400.0,14,1.99,4846000.0,0
9000.0,13,10.83,2740000.0,0
98700.0,17,3.23,4506000.0,0
62400.0,10,0.43,4375000.0,0
346300.0,21,4.75,13444000.0,0
37600.0,13,3.91,1600000.0,0
15100.0,14,3.58,4539000.0,0
40600.0,12,2.31,1424000.0,0
58600.0,18,10.09,4821000.0,0
359900.0,19,1.02,7464000.0,0
20000.0,17,1.35,2656000.0,0
54100.0,8,2.34,1975000.0,0
55200.0,15,2.36,1493000.0,0
79000.0,19,4.6,12258000.0,0
51600.0,11,9.96,3746000.0,0
5700.0,18,2.04,4345000.0,0
73200.0,15,2.15,2039000.0,0
272100.0,18,121.83,13244000.0,0
928600.0,10,7.66,15998000.0,0
30200.0,17,36.82,4907000.0,0
51500.0,17,14.6,6331000.0,0
81100.0,21,3.02,4063000.0,0
203500.0,15,2.32,3160000.0,0
9700.0,18,0.58,1424000.0,0
104400.0,10,2.0,2013000.0,0
281200.0,15,6.07,5484000.0,0
59600.0,13,3.12,4350000.0,0
49200.0,21,54.67,3077000.0,0
21200.0,20,71.8,2021000.0,0
156500.0,17,5.31,11516000.0,0
4400.0,15,0.75,4713000.0,0
18200.0,17,6.05,3175000.0,0
31800.0,18,0.62,2760000.0,0
39900.0,21,8.8,3635000.0,0
272800.0,22,0.96,24303000.0,0
35600.0,14,5.24,3160000.0,0
46900.0,7,3.56,1424000.0,0
416600.0,8,5.87,7925000.0,0
18300.0,9,318.54,6162000.0,0
17100.0,21,2.61,4075000.0,0
142300.0,20,24.26,3421000.0,0
42500.0,22,6.73,7208000.0,0
3700.0,19,3.15,2866000.0,0
9100.0,2,94.44,3627000.0,0
33400.0,16,17.88,2184000.0,0
148500.0,15,37.66,1573000.0,0
24300.0,14,3.49,1424000.0,0
5600.0,14,4.13,1424000.0,0
47700.0,19,1.62,1910000.0,0
536400.0,23,22.69,2684000.0,1
63300.0,8,2.38,14595000.0,0
14100.0,21,3.79,2821000.0,0
141200.0,12,3.98,2330000.0,0
45100.0,10,27.82,12081000.0,0
43900.0,18,1.36,1457000.0,0
63500.0,13,1.02,1939000.0,0
122100.0,8,8.14,10166000.0,0
36400.0,16,1.45,1424000.0,0
8100.0,7,9.72,2641000.0,0
64300.0,9,1.6,4756000.0,0
4000.0,17,4.93,2732000.0,0
36300.0,18,1.25,5209000.0,0
158800.0,20,7.92,4416000.0,0
56400.0,14,15.76,3107000.0,0
10300.0,17,0.31,1616000.0,0
91000.0,18,1.28,12671000.0,0
437900.0,7,63.59,10015000.0,0
119100.0,11,1.89,3005000.0,0
36500.0,11,2.12,1424000.0,0
4000.0,17,8.55,1765000.0,0
9900.0,21,2.41,1887000.0,0
85700.0,13,1.3,1749000.0,0
224900.0,11,18.81,3155000.0,0
14100.0,14,1.42,2381000.0,0
68500.0,12,32.24,2219000.0,0
10800.0,16,1.02,9670000.0,0
1118700.0,14,2.3,1424000.0,0
2163000.0,12,4.38,6955000.0,0
206600.0,13,7.26,6716000.0,0
279300.0,22,590.48,13444000.0,0
57800.0,15,0.89,3848000.0,0
3100.0,19,1.96,1779000.0,0
49400.0,17,0.77,11516000.0,0
38800.0,17,13.34,1424000.0,0
38000.0,18,6.29,2465000.0,0
23500.0,9,3.74,1887000.0,0
45000.0,1,1.64,1424000.0,0
558900.0,6,14.91,17818000.0,0
13400.0,18,1.39,1424000.0,0
30200.0,19,4.46,3032000.0,0
6800.0,18,1.31,2861000.0,0
23400.0,9,4.26,3910000.0,0
108400.0,10,13.68,6882000.0,0
88500.0,21,39.94,4347000.0,0
105900.0,10,4.76,6294000.0,0
66000.0,15,82.73,3080000.0,0
514900.0,23,6.86,9734000.0,0
66900.0,21,10.09,7994000.0,0
30300.0,13,4.66,3254000.0,0
54500.0,16,1.18,1877000.0,0
64500.0,12,3.31,10507000.0,0
45000.0,22,31.54,3205000.0,0
178900.0,9,2.73,6712000.0,0
58500.0,6,4.25,3676000.0,0
53500.0,10,65.62,6762000.0,0
2000.0,10,5.82,1424000.0,0
17200.0,18,8.71,2189000.0,0
4679500.0,11,4.2,5368000.0,0
169800.0,13,6.79,21386000.0,0
131300.0,10,3.54,8711000.0,0
9300.0,19,17.01,2222000.0,0
93400.0,13,18.33,2288000.0,0
15600.0,16,2.04,1424000.0,0
33900.0,17,6.73,5410000.0,0
93200.0,11,0.66,7122000.0,0
172400.0,3,2.73,8057000.0,0
36700.0,18,3.83,5135000.0,0
656900.0,10,4.38,6027000.0,0
9100.0,14,0.88,1424000.0,0
237300.0,9,2.6,9879000.0,0
27800.0,15,6.43,6440000.0,0
70600.0,23,9.55,2975000.0,0
78900.0,10,9.42,3447000.0,0
3000.0,20,8.93,1853000.0,0
99800.0,19,134.78,5638000.0,0
53200.0,13,3.03,1428000.0,0
102300.0,18,20.38,15762000.0,0
27800.0,4,1.62,2429000.0,0
33500.0,18,1.97,1470000.0,0
148400.0,13,2.11,7738000.0,0
30700.0,20,2.84,1524000.0,0
48500.0,14,2.49,4506000.0,0
340500.0,17,29.4,11297000.0,0
320700.0,6,6.85,1887000.0,0
6900.0,17,86.87,2398000.0,0
43400.0,12,2.86,1424000.0,0
12400.0,12,4.71,4453000.0,0
10700.0,16,5.94,3134000.0,0
7200.0,16,17.48,1424000.0,0
27700.0,12,59.72,3496000.0,0
33200.0,16,1.47,1424000.0,0
12500.0,8,0.5,7161000.0,0
221000.0,14,4.42,1759000.0,0
21700.0,11,2.31,4330000.0,0
160500.0,7,3.0,1424000.0,0
96100.0,16,137.83,4247000.0,0
24200.0,12,3.09,7894000.0,0
22161500.0,1,321.85,25299000.0,1
13700.0,13,12.96,2306000.0,0
8400.0,8,3.1,2224000.0,0
163600.0,19,8.86,1424000.0,0
15500.0,20,5.83,1424000.0,0
12500.0,15,8.73,1660000.0,0
4300.0,13,11.65,1424000.0,0
4500.0,18,2.39,1424000.0,0
29800.0,20,2.26,1424000.0,0
56900.0,13,3.13,2866000.0,0
83400.0,12,4.22,4945000.0,0
59800.0,10,9.87,1847000.0,0
34300.0,13,11.42,1967000.0,0
42800.0,6,3.2,1424000.0,0
42700.0,13,1.2,1896000.0,0
47000.0,16,3.83,3727000.0,0
49400.0,14,21.84,2594000.0,0
324600.0,8,29.45,9764000.0,0
16200.0,8,5.31,1424000.0,0
4795100.0,16,2.79,6919000.0,0
26300.0,18,10.63,1696000.0,0
54100.0,15,4.39,2805000.0,0
12600.0,8,6.73,5472000.0,0
13200.0,13,4.1,1424000.0,0
76100.0,18,0.52,3224000.0,0
32400.0,7,10.05,10028000.0,0
29500.0,9,53.49,1424000.0,0
35800.0,20,8.41,1727000.0,0
103500.0,17,112.17,4116000.0,0
3800.0,23,1.49,2207000.0,0
226300.0,11,1.35,5568000.0,0
69900.0,19,5.31,2838000.0,0
52300.0,11,6.22,5629000.0,0
25800.0,14,1.0,3800000.0,0
94700.0,17,533.89,5057000.0,0
30600.0,18,5.23,3565000.0,0
35900.0,11,7.02,4223000.0,0
22900.0,18,137.85,1832000.0,0
27900.0,17,4.28,4875000.0,0
18800.0,6,3.38,1424000.0,0
13500.0,9,38.9,3334000.0,0
11100.0,9,4.95,3064000.0,0
41000.0,13,0.92,5646000.0,0
67300.0,8,4.24,4921000.0,0
68600.0,10,0.77,4955000.0,0
67800.0,17,1.17,3684000.0,0
51400.0,20,5.81,2688000.0,0
93200.0,22,2.21,3032000.0,0
36300.0,19,3.44,1616000.0,0
67200.0,22,134.28,7159000.0,0
37200.0,7,97.63,5279000.0,0
49400.0,15,3.43,1936000.0,0
34800.0,18,3.33,3121000.0,0
108000.0,6,0.74,7459000.0,0
37700.0,17,1.99,1424000.0,0
2600.0,21,6.43,1891000.0,0
45900.0,20,301.48,5887000.0,0
53400.0,12,4.42,7215000.0,0
77000.0,17,25.5,6603000.0,0
130500.0,18,6.36,6315000.0,0
19700.0,16,4.42,3824000.0,0
259100.0,10,10.69,3561000.0,0
164500.0,2,1.38,1684000.0,0
43200.0,12,4.82,2518000.0,0
170400.0,20,2.3,5649000.0,0
354500.0,12,11.99,3646000.0,0
55200.0,1,2.16,1424000.0,0
24000.0,11,469.67,4389000.0,0
71900.0,11,3.13,5695000.0,0
98700.0,15,2.25,4846000.0,0
44000.0,22,2.25,1477000.0,0
17500.0,14,1.29,1687000.0,0
23900.0,12,6.44,2469000.0,0
19000.0,23,2.2,3971000.0,0
1608900.0,9,2.8,7928000.0,0
156700.0,17,27.23,5875000.0,0
310900.0,17,37.55,51331000.0,0
37400.0,9,16.47,3225000.0,0
47600.0,13,15.91,1825000.0,0
28600.0,7,3.69,2678000.0,0
61900.0,13,4.94,2135000.0,0
74800.0,20,1.51,1761000.0,0
33400.0,20,1.9,2568000.0,0
31900.0,11,1.91,1957000.0,0
77500.0,16,15.23,1424000.0,0
11700.0,16,1.37,2270000.0,0
106800.0,16,14.71,35151000.0,0
185700.0,7,4.19,12437000.0,0
1071200.0,8,6.49,6316000.0,0
25200.0,18,6.92,5746000.0,0
101400.0,16,2.66,7200000.0,0
209100.0,20,0.91,8852000.0,0
51800.0,22,2.74,6331000.0,0
73800.0,10,9.55,14494000.0,0
39400.0,11,1.85,4649000.0,0
15500.0,20,14.33,1424000.0,0
106300.0,19,4.89,24054000.0,0
42800.0,9,925.77,6808000.0,0
9000.0,23,10.34,1424000.0,0
2200.0,12,5.06,2027000.0,0
47400.0,12,1.06,10028000.0,0
31000.0,21,5.42,3648000.0,0
18100.0,16,5.09,1424000.0,0
14800.0,17,7.78,2763000.0,0
23400.0,14,4.32,2518000.0,0
25100.0,12,2.65,2595000.0,0
4900.0,18,1.24,3725000.0,0
51600.0,9,4.02,1919000.0,0
14000.0,19,7.4,1919000.0,0
13600.0,11,13.33,1424000.0,0
30400.0,13,2.21,1788000.0,0
244100.0,10,2.53,12422000.0,0
9600.0,19,4.07,1424000.0,0
240600.0,7,32.47,7371000.0,0
42200.0,21,2.79,1424000.0,0
254900.0,10,1.7,2393000.0,0
6800.0,0,0.96,1424000.0,0
33200.0,18,18.02,1495000.0,0
83000.0,13,3.77,5845000.0,0
313000.0,6,0.5,12432000.0,0
47300.0,2,6.06,4974000.0,0
30800.0,12,5.34,2917000.0,0
106800.0,15,5.43,6877000.0,0
127400.0,11,4.78,1795000.0,0
17800.0,8,13.5,5942000.0,0
45200.0,14,1.57,1652000.0,0
43700.0,17,5.93,3294000.0,0
93800.0,15,3.1,1424000.0,0
104500.0,7,5.25,7078000.0,0
84700.0,8,8.48,12923000.0,0
9700.0,11,4.96,3937000.0,0
151600.0,13,4.75,2403000.0,0
51200.0,17,1.25,7371000.0,0
430900.0,11,18.34,12258000.0,0
160500.0,20,72.23,7293000.0,0
4895600.0,9,8.3,6021000.0,0
16700.0,17,1.03,2670000.0,0
6500.0,15,222.0,1424000.0,0
6100.0,21,0.69,1424000.0,0
82600.0,8,106.55,4455000.0,0
28600.0,14,8.71,1611000.0,0
9500.0,10,0.99,3612000.0,0
33200.0,11,0.97,1430000.0,0
14600.0,8,8.19,2013000.0,0
7800.0,6,948.43,1424000.0,0
20200.0,9,7.85,2982000.0,0
17800.0,14,9.36,5368000.0,0
30800.0,16,4.34,1605000.0,0
19800.0,12,2.13,4424000.0,0
41900.0,13,5.61,5397000.0,0
25600.0,22,2.49,2875000.0,0
1007800.0,1,13.7,16944000.0,0
93300.0,8,1.03,4646000.0,0
121100.0,5,6.2,5015000.0,0
59800.0,19,10.38,1424000.0,0
120500.0,21,0.78,3904000.0,0
9700.0,20,1.3,1424000.0,0
39300.0,19,2.49,6069000.0,0
15700.0,12,76.34,1424000.0,0
37500.0,18,4.06,4526000.0,0
313000.0,14,116.89,25299000.0,0
1218300.0,10,4.3,11670000.0,0
80400.0,21,1.5,1424000.0,0
123100.0,10,0.92,7161000.0,0
27400.0,14,6.03,2405000.0,0
18900.0,14,1.78,2024000.0,0
14200.0,21,1.72,1877000.0,0
110700.0,11,92.93,3504000.0,0
1779000.0,19,1.17,14913000.0,0
29600.0,20,2.09,6021000.0,0
15700.0,19,8.55,1937000.0,0
137900.0,7,13.09,5462000.0,0
21400.0,22,1.78,1424000.0,0
50000.0,14,2.42,15998000.0,0
1700.0,0,4.56,1424000.0,0
48300.0,12,9.02,1424000.0,0
24600.0,14,4.6,5732000.0,0
2000.0,21,8.61,1911000.0,0
110200.0,13,14.5,3445000.0,0
29400.0,7,3.32,18272000.0,0
12900.0,17,14.44,3759000.0,0
34900.0,12,2.35,2443000.0,0
370100.0,12,50.22,45589000.0,0
49600.0,13,5.39,4842000.0,0
32900.0,22,141.46,5579000.0,0
77400.0,10,1.62,5036000.0,0
7600.0,12,3.11,1624000.0,0
89500.0,15,8.83,5476000.0,0
171800.0,19,12.58,19503000.0,0
204500.0,11,4.65,2736000.0,0
339800.0,7,0.23,3805000.0,0
30000.0,22,6.1,4208000.0,0
52200.0,19,1.64,1466000.0,0
13300.0,17,1.95,1972000.0,0
35200.0,15,2.41,1950000.0,0
71600.0,19,2.78,3887000.0,0
298300.0,13,5.78,20636000.0,0
56300.0,15,16.54,2760000.0,0
48000.0,16,10.58,1853000.0,0
1700.0,20,4.81,2719000.0,0
27100.0,15,1.07,5359000.0,0
45200.0,10,2.86,5397000.0,0
25600.0,19,4.77,2690000.0,0
20500.0,13,20.08,1544000.0,0
9300.0,10,29.03,1648000.0,0
18700.0,7,18.67,2910000.0,0
26800.0,22,7.61,1424000.0,0
78800.0,19,10.9,4630000.0,0
40000.0,12,0.84,2961000.0,0
70900.0,19,4.01,1543000.0,0
104300.0,20,5.99,6955000.0,0
28146900.0,11,5319.48,13027000.0,1
130300.0,17,7.47,6989000.0,0
81400.0,21,2.86,3907000.0,0
313900.0,20,5.86,4604000.0,0
7268800.0,17,559.84,6803000.0,1
7900.0,16,11.2,1456000.0,0
45100.0,19,7.16,1806000.0,0
38500.0,23,84.63,2353000.0,0
95200.0,17,113.64,8390000.0,0
30100.0,20,0.7,2013000.0,0
79000.0,0,5.15,2870000.0,0
93800.0,23,7.96,6842000.0,0
16800.0,13,3.39,2541000.0,0
55300.0,23,2.64,3064000.0,0
13400.0,19,5.38,1424000.0,0
94500.0,20,3.61,3603000.0,0
166100.0,11,54.89,6025000.0,0
44700.0,17,9.38,1687000.0,0
3800.0,15,4.35,1424000.0,0
15672800.0,9,6.74,24303000.0,0
76700.0,19,5.48,4821000.0,0
77600.0,10,0.98,4959000.0,0
318600.0,16,0.49,2000000.0,0
16600.0,8,3.29,2000000.0,0
50900.0,18,0.77,1798000.0,0
56600.0,17,7.91,1887000.0,0
59900.0,12,5.47,4347000.0,0
25300.0,12,4.7,4254000.0,0
21600.0,10,5.57,1747000.0,0
11100.0,9,2.06,1424000.0,0
4700.0,10,7.83,2337000.0,0
15900.0,7,6.52,1424000.0,0
33100.0,20,2.87,5950000.0,0
33800.0,14,7.83,1424000.0,0
124000.0,19,3.1,6177000.0,0
74500.0,6,4.9,2026000.0,0
33300.0,17,8.12,3205000.0,0
159000.0,14,2.11,2270000.0,0
8200.0,22,1064.44,3003000.0,1
48300.0,12,4.91,1424000.0,0
57400.0,19,3.17,3099000.0,0
107900.0,19,145.42,9271000.0,0
90000.0,21,2.46,5462000.0,0
33000.0,8,6.98,4429000.0,0
117800.0,22,3.15,9987000.0,0
78300.0,17,1.9,3334000.0,0
18100.0,19,3.46,2687000.0,0
77700.0,12,8.16,9981000.0,0
64700.0,6,1.09,4247000.0,0
1101700.0,13,2.92,2233000.0,0
18200.0,12,2.99,2347000.0,0
79600.0,12,1.86,2033000.0,0
17100.0,22,126.11,2034000.0,0
15500.0,19,8.55,2187000.0,0
49000.0,13,4.98,9249000.0,0
16500.0,11,10.11,2627000.0,0
25000.0,12,3.68,1745000.0,0
150800.0,8,12.32,2096000.0,0
41100.0,6,14.82,1748000.0,0
50400.0,12,4.35,3461000.0,0
38000.0,17,0.9,7074000.0,0
69800.0,16,3.0,1461000.0,0
47800.0,10,2.53,2876000.0,0
41900.0,19,2.86,1424000.0,0
12500.0,9,2.8,1984000.0,0
7800.0,19,5.1,3731000.0,0
19300.0,4,1375.5,1424000.0,1
46600.0,10,13.1,3282000.0,0
191900.0,19,0.62,9082000.0,0
5200.0,23,2.58,2286000.0,0
65300.0,9,90.6,6940000.0,0
639600.0,19,0.96,5129000.0,0
186900.0,20,0.89,16972000.0,0
1176400.0,20,4.09,17276000.0,0
20400.0,12,3.06,1424000.0,0
573700.0,13,6.75,7458000.0,0
16000.0,6,3.22,2347000.0,0
11100.0,8,1.72,1424000.0,0
168600.0,6,1.04,1753000.0,0
12700.0,8,5.91,3302000.0,0
4610900.0,14,3.98,6268000.0,0
50800.0,17,1.87,10401000.0,0
11900.0,2,4.2,1877000.0,0
50500.0,21,10.19,6240000.0,0
55700.0,12,34.23,6236000.0,0
4100.0,7,1.72,2232000.0,0
16100.0,19,4.28,3316000.0,0
77300.0,9,2.41,2706000.0,0
49500.0,13,865.44,2698000.0,0
29800.0,15,14.19,1808000.0,0
172100.0,20,17.17,4073000.0,0
32900.0,9,4.99,6807000.0,0
15700.0,13,0.68,1424000.0,0
21600.0,20,3.76,1641000.0,0
259500.0,21,2.73,6162000.0,0
590700.0,20,4.6,4159000.0,0
92900.0,13,7.91,4010000.0,0
4500.0,17,13.48,2821000.0,0
8600.0,10,5.36,1509000.0,0
361400.0,9,4.94,1424000.0,0
20000.0,21,46.13,5614000.0,0
46500.0,16,60.15,4375000.0,0
22200.0,9,2.92,2194000.0,0
356900.0,6,1.52,10078000.0,0
19400.0,18,4.38,3155000.0,0
66100.0,8,0.87,5888000.0,0
67500.0,13,8.3,7297000.0,0
120400.0,13,6.68,6939000.0,0
64800.0,17,3.57,3947000.0,0
100200.0,16,72.3,1424000.0,0
33100.0,10,2.47,2257000.0,0
10200.0,15,3.1,5125000.0,0
27900.0,12,3.23,1424000.0,0
31800.0,7,1.34,1978000.0,0
74400.0,10,2.15,8746000.0,0
139500.0,18,2.36,7371000.0,0
156400.0,8,10.27,4297000.0,0
59200.0,8,1.2,6316000.0,0
8400.0,15,3.04,2235000.0,0
122600.0,13,5.67,2386000.0,0
27900.0,22,4.59,1765000.0,0
18200.0,18,1033.19,2337000.0,0
33300.0,20,14.57,2087000.0,0
4400.0,7,7.66,1524000.0,0
113700.0,20,7.03,7795000.0,0
3700.0,11,2.97,1630000.0,0
140000.0,16,4.59,8142000.0,0
2400.0,15,1061.97,1531000.0,0
125500.0,17,3.26,4432000.0,0
12000.0,21,3.76,3509000.0,0
31000.0,17,3.37,11410000.0,0
19300.0,15,10.77,2982000.0,0
145100.0,23,11.67,5603000.0,0
10500.0,22,7.31,1424000.0,0
131200.0,19,2.85,5559000.0,0
99900.0,7,3.24,10379000.0,0
693200.0,10,8.57,10015000.0,0
17400.0,10,2.5,1424000.0,0
78300.0,15,30.82,4707000.0,0
163600.0,13,2.01,6857000.0,0
97500.0,12,3.68,8180000.0,0
22000.0,13,2.23,1424000.0,0
17500.0,10,2.18,1424000.0,0
57500.0,18,2.14,2639000.0,0
40000.0,18,472.5,2239000.0,0
210300.0,16,5.88,10267000.0,0
24100.0,14,4.09,2592000.0,0
360800.0,20,3.49,6297000.0,0
1187300.0,16,5.14,1707000.0,0
54600.0,16,6.54,7894000.0,0
19900.0,19,11.21,1424000.0,0
90800.0,21,8.48,5479000.0,1
24100.0,17,3.59,1641000.0,0
5000.0,1,6.7,2027000.0,0
139600.0,15,1.51,12422000.0,0
11600.0,11,6.47,1716000.0,0
32100.0,11,28.28,10078000.0,0
27900.0,22,1.18,1800000.0,0
39200.0,9,6.62,16944000.0,0
49600.0,11,0.91,1724000.0,0
70400.0,20,3.85,1545000.0,0
8400.0,19,12.32,1424000.0,0
44000.0,10,7.12,9311000.0,0
35600.0,13,3.16,3091000.0,0
34800.0,2,1.5,1424000.0,0
27600.0,14,1.53,1424000.0,0
38500.0,16,3.09,1424000.0,0
22000.0,6,11.07,1424000.0,0
18500.0,23,4.29,10442000.0,0
50300.0,9,5.33,3359000.0,0
248100.0,11,37.0,14067000.0,0
12500.0,14,1.2,1623000.0,0
8941600.0,10,7.4,22570000.0,0
69000.0,12,3.81,3676000.0,0
71800.0,12,29.46,7270000.0,0
4700.0,2,180.44,11951000.0,1
13500.0,8,12.82,5911000.0,0
32900.0,23,2.69,2997000.0,0
180700.0,17,4.47,6512000.0,0
37500.0,19,7.59,5027000.0,0
618600.0,11,12.86,6940000.0,0
32700.0,12,1.41,3972000.0,0
15800.0,0,2.01,3012000.0,0
30600.0,11,39.58,4359000.0,0
98400.0,16,11.82,8672000.0,0
5600.0,11,2.24,2286000.0,0
108100.0,17,5.34,2796000.0,0
6600.0,10,7.6,3406000.0,0
71600.0,7,1.38,4223000.0,0
16800.0,15,19.73,3205000.0,0
15100.0,21,2.78,1806000.0,0
24400.0,18,3.72,5303000.0,0
22500.0,20,14.3,2059000.0,0
280500.0,9,7.41,1424000.0,0
29100.0,23,5.3,1424000.0,0
14000.0,7,4.67,3090000.0,0
17600.0,9,6.65,1424000.0,0
247400.0,20,2.67,4383000.0,0
57400.0,19,42.74,1424000.0,0
13700.0,18,5.14,1424000.0,0
17300.0,18,1.13,6076000.0,0
41100.0,15,19.31,3676000.0,0
63800.0,14,2.24,6494000.0,0
92200.0,17,0.28,2071000.0,0
44000.0,12,17.13,6177000.0,0
10100.0,16,22.84,1719000.0,0
9800.0,13,0.92,2997000.0,0
146300.0,12,7.33,3557000.0,0
1500.0,9,4.35,1424000.0,0
140500.0,7,2.44,1806000.0,0
21600.0,12,7.85,1424000.0,0
35300.0,16,4.14,2495000.0,0
104500.0,23,4.73,7435000.0,0
38400.0,20,2.96,1532000.0,0
67200.0,10,8.24,3889000.0,0
50600.0,21,1.59,10166000.0,0
79200.0,22,0.87,6234000.0,0
35100.0,19,2.64,2325000.0,0
186800.0,8,0.76,2816000.0,0
19300.0,12,1.3,3646000.0,0
38000.0,11,7.46,2684000.0,0
59800.0,20,4.36,15998000.0,0
11500.0,9,5.99,1937000.0,0
9500.0,3,1.21,1558000.0,0
19000.0,19,2.37,3344000.0,0
23500.0,12,34.41,1424000.0,0
104400.0,20,5.61,4690000.0,0
57000.0,12,61.88,2604000.0,0
76700.0,14,13.72,2877000.0,0
26200.0,9,3.39,1495000.0,0
70900.0,11,7.33,5372000.0,0
138200.0,9,1.49,3106000.0,0
134700.0,21,5.5,9754000.0,0
11600.0,21,1.61,2013000.0,0
154100.0,19,2.63,14577000.0,0
17600.0,17,1.16,2760000.0,0
6800.0,21,17.74,1424000.0,0
345600.0,8,4.58,3664000.0,0
561300.0,14,9.51,5887000.0,0
193600.0,6,11.32,7484000.0,0
21900.0,14,7.22,4597000.0,0
27400.0,8,34.17,1424000.0,0
36100.0,15,1.01,3122000.0,0
27900.0,19,3.09,1424000.0,0
106100.0,10,2.86,6034000.0,0
68900.0,13,2.02,8434000.0,0
26900.0,13,1.02,1520000.0,0
85900.0,8,1.76,3666000.0,0
2800.0,10,2.45,2937000.0,0
10200.0,22,1.36,2803000.0,0
10900.0,20,842.24,2572000.0,0
47300.0,10,13.68,1678000.0,0
376400.0,13,2.9,10366000.0,0
7159600.0,13,8.23,8214000.0,0
12100.0,21,1.27,1877000.0,0
30000.0,17,14.43,9245000.0,0
714700.0,21,0.73,44917000.0,0
34400.0,13,8.83,5659000.0,0
76600.0,13,3.53,1424000.0,0
43100.0,17,0.89,4974000.0,0
172000.0,18,2.59,5840000.0,0
26500.0,21,11.87,11410000.0,0
19400.0,11,4.09,1424000.0,0
26300.0,11,12.25,1853000.0,0
5400.0,12,4.84,1424000.0,0
210200.0,2,3.51,18155000.0,0
268600.0,11,5.1,16397000.0,0
71300.0,18,2.73,4499000.0,0
9700.0,13,52.27,1611000.0,0
246200.0,11,0.52,5203000.0,0
14900.0,21,2.34,2792000.0,0
2800.0,11,10.1,1602000.0,0
30400.0,14,1.99,3805000.0,0
5400.0,10,2.87,1424000.0,0
3944300.0,15,5.72,4071000.0,0
181300.0,18,5.15,5416000.0,0
136000.0,8,2.92,15211000.0,0
110400.0,14,3.9,2781000.0,0
1800.0,9,0.62,3336000.0,0
12200.0,10,0.97,2365000.0,0
29000.0,9,1.87,3091000.0,0
11100.0,7,5.7,3282000.0,0
14200.0,22,135.65,4069000.0,0
51300.0,9,78.55,5162000.0,0
99100.0,17,1.56,10368000.0,0
76000.0,8,3.21,11822000.0,0
3400.0,19,11.55,1424000.0,0
24900.0,21,2.41,2235000.0,0
17300.0,19,2.78,3573000.0,0
4726600.0,14,9.61,4013000.0,0
16800.0,20,4.06,1459000.0,0
239700.0,20,1.27,21386000.0,0
34000.0,12,443.56,4760000.0,0
34800.0,22,10.36,1424000.0,0
19600.0,1,2.36,3252000.0,0
143700.0,9,2.77,5388000.0,0
795600.0,18,3.91,4460000.0,0
178000.0,17,5.33,2322000.0,0
78300.0,18,2.13,7159000.0,0
28800.0,0,2.18,3455000.0,0
7800.0,11,14.62,1424000.0,0
13100.0,10,11.88,2745000.0,0
5100.0,20,3.22,3718000.0,0
228000.0,11,9.09,2727000.0,0
35800.0,19,11.25,4217000.0,0
201000.0,2,6.9,5221000.0,0
40300.0,13,1.66,1424000.0,0
73500.0,16,1.74,1940000.0,0
309000.0,7,7.75,9640000.0,0
481400.0,10,49.82,21386000.0,0
347300.0,19,32.3,4223000.0,0
49400.0,12,5.33,7208000.0,0
272900.0,13,2.38,7812000.0,0
26900.0,12,3.16,2881000.0,0
41400.0,19,3.44,1424000.0,0
96200.0,22,30.52,2365000.0,0
22500.0,13,5.15,1424000.0,0
82500.0,19,5.89,4543000.0,0
359800.0,19,3.23,10207000.0,0
22300.0,13,19.77,4713000.0,0
23700.0,13,1497.7,4404000.0,0
83900.0,19,2.08,12827000.0,0
29500.0,14,7.5,1424000.0,0
58500.0,9,4.23,7931000.0,0
85800.0,16,10.57,1424000.0,0
44900.0,3,14.82,6069000.0,0
371400.0,20,2.29,3887000.0,0
75200.0,12,9.14,12458000.0,0
67100.0,17,7.51,1424000.0,0
18800.0,18,1.12,4875000.0,0
48700.0,16,0.51,4535000.0,0
62900.0,13,1.7,2436000.0,0
50200.0,13,4.57,1424000.0,0
377400.0,7,3.78,6423000.0,0
16300.0,22,3.08,1884000.0,0
202500.0,19,1.15,9734000.0,0
116100.0,10,2.44,4933000.0,0
5600.0,9,2.53,1835000.0,0
36500.0,17,1.19,1424000.0,0
8400.0,22,1.11,1761000.0,0
59000.0,13,2.34,6303000.0,0
297500.0,18,1.8,2763000.0,0
8300.0,19,9.57,1424000.0,0
38000.0,8,3.91,2443000.0,0
24500.0,9,1.63,2938000.0,0
17700.0,17,11.23,1731000.0,0
23000.0,8,10.07,4588000.0,0
67100.0,9,5.17,2796000.0,0
6300.0,14,63.57,1424000.0,0
508800.0,19,8.8,5479000.0,0
33600.0,19,60.54,4006000.0,0
284000.0,19,3.78,4604000.0,0
51600.0,22,0.58,6916000.0,0
66900.0,17,1.68,1937000.0,0
9000.0,16,2.22,1688000.0,0
22000.0,22,18.32,5163000.0,0
287300.0,21,9.76,11962000.0,0
30500.0,18,148.77,1722000.0,0
38700.0,9,53.45,9826000.0,0
6600.0,18,40.41,3971000.0,0
34900.0,21,4.2,1424000.0,0
33600.0,19,127.28,5163000.0,0
439200.0,5,5.53,10922000.0,0
32700.0,20,1.48,3947000.0,0
131100.0,19,9.46,28736000.0,0
197200.0,16,5.47,9245000.0,0
35600.0,21,11.23,5840000.0,0
13100.0,20,107.05,2122000.0,0
64700.0,18,15.8,2961000.0,0
7600.0,9,4.05,2079000.0,0
32300.0,15,4.03,2347000.0,0
371000.0,14,14.02,2917000.0,0
67600.0,6,0.76,5579000.0,0
4700.0,11,2.08,1424000.0,0
59400.0,14,2.62,3963000.0,0
37500.0,14,1.59,3553000.0,0
24300.0,17,1209.93,2262000.0,0
36600.0,13,1.98,8272000.0,0
32100.0,10,1.17,7443000.0,0
18300.0,12,27.58,3123000.0,0
4200.0,14,18.02,1424000.0,0
32300.0,20,2.32,1997000.0,0
76500.0,10,15.26,8390000.0,0
31700.0,12,5.86,4974000.0,0
5700.0,21,45.3,2088000.0,0
9700.0,12,11.03,1424000.0,0
31800.0,17,0.56,5621000.0,0
11900.0,13,1.58,7368000.0,0
16300.0,15,3.0,1910000.0,0
63100.0,10,3.81,1424000.0,0
12100.0,15,9.57,3666000.0,0
75700.0,14,6.72,2407000.0,0
10600.0,13,13.67,3947000.0,0
74100.0,17,3.39,1424000.0,0
10200.0,19,989.24,2970000.0,0
34000.0,15,1.52,5794000.0,0
60300.0,14,2.89,5272000.0,0
457200.0,12,2.72,11426000.0,0
29400.0,17,13.41,1424000.0,0
45900.0,13,4.68,3295000.0,0
117200.0,17,9.34,7752000.0,0
6600.0,19,1.51,1424000.0,0
44000.0,17,0.85,2885000.0,0
30000.0,12,6.33,3641000.0,0
91800.0,19,7.58,1753000.0,0
21100.0,16,8.99,3573000.0,0
34000.0,15,63.58,2810000.0,0
8200.0,16,7.91,1882000.0,0
4900.0,0,14.33,2629000.0,0
6100.0,18,5.42,1424000.0,0
825100.0,5,2.09,9652000.0,0
110000.0,19,12.04,1424000.0,0
10600.0,18,8.11,2840000.0,0
246900.0,22,110.94,4175000.0,0
19400.0,19,1.21,1424000.0,0
81700.0,13,2.47,7386000.0,0
93300.0,7,3.14,7746000.0,0
27000.0,10,1.9,5457000.0,0
158700.0,21,1.13,8370000.0,0
57600.0,6,6.01,4577000.0,0
19800.0,7,3.82,2079000.0,0
2078300.0,18,11.21,84975000.0,0
1097800.0,17,2.16,1424000.0,0
55800.0,21,2.13,1424000.0,0
14300.0,14,5.82,7069000.0,0
273000.0,14,1.63,12081000.0,0
20400.0,18,3.74,12829000.0,0
30700.0,17,143.63,1424000.0,0
33500.0,15,2.2,2805000.0,0
4600.0,21,27.97,1424000.0,0
32300.0,16,101.47,3455000.0,0
346000.0,21,1.88,13284000.0,0
34600.0,13,35.56,10209000.0,0
8400.0,12,2.75,1424000.0,0
41100.0,17,5.14,1424000.0,0
17900.0,15,20.12,4006000.0,0
64700.0,20,2.05,1424000.0,0
42900.0,19,1.86,2494000.0,0
2083700.0,22,4.33,27751000.0,0
4300.0,2,1.89,1424000.0,0
5000.0,18,8.43,3102000.0,0
138100.0,13,14.02,10028000.0,0
102400.0,18,8.58,2445000.0,0
28100.0,10,4.33,1424000.0,0
260100.0,19,1.73,4432000.0,0
11100.0,7,109.63,3386000.0,0
10500.0,9,2.5,2870000.0,0
49100.0,20,6.32,2222000.0,0
17300.0,7,9.22,4368000.0,0
68600.0,20,12.92,6159000.0,0
942500.0,18,2.18,7459000.0,0
32100.0,21,1.29,1424000.0,0
34800.0,17,2.94,2401000.0,0
273800.0,20,3.92,5602000.0,0
127400.0,20,3.62,6882000.0,0
228800.0,21,52.24,1424000.0,1
41600.0,21,2.15,1424000.0,0
24500.0,13,1.28,3603000.0,0
35500.0,18,2.53,1424000.0,0
116300.0,20,44.64,5559000.0,0
29300.0,15,3.52,1698000.0,0
21100.0,19,0.39,2030000.0,0
31700.0,14,3.69,2876000.0,0
213200.0,9,74.97,12913000.0,0
21100.0,16,7.06,2347000.0,0
138800.0,20,1275.52,5513000.0,0
92100.0,21,7.67,6770000.0,0
225000.0,20,4.25,7230000.0,0
10100.0,18,0.69,2287000.0,0
46100.0,21,18.15,1877000.0,0
54000.0,13,5.27,1645000.0,0
76700.0,10,4.12,4649000.0,0
2317500.0,0,28.44,4774000.0,1
6700.0,15,2.34,1424000.0,0
152800.0,10,60.53,17311000.0,0
10900.0,9,1.9,1991000.0,0
41600.0,9,9.47,4008000.0,0
37700.0,20,3.05,3122000.0,0
125800.0,12,7.24,1424000.0,0
1689300.0,11,18.32,14577000.0,0
38200.0,18,8.09,3280000.0,0
58800.0,16,3.7,6034000.0,0
42700.0,19,11.94,10912000.0,0
17900.0,22,0.61,3034000.0,0
146600.0,19,4.22,4974000.0,0
24100.0,20,6.95,3334000.0,0
13700.0,7,5.9,4933000.0,0
9500.0,8,4.26,2268000.0,0
404600.0,19,7.22,11029000.0,0
1468000.0,19,8.64,15553000.0,0
137600.0,14,1.83,6440000.0,0
230600.0,21,69.75,6827000.0,0
7700.0,14,17.43,1590000.0,0
12800.0,17,3.12,1424000.0,0
15900.0,11,10.02,1424000.0,0
9300.0,11,8.06,1424000.0,0
67300.0,19,7.5,1459000.0,0
12200.0,12,1.29,1424000.0,0
6600.0,16,3.26,3506000.0,0
42000.0,17,9.45,4974000.0,0
152400.0,21,5.97,6268000.0,0
442200.0,11,1.86,11822000.0,0
153600.0,15,1.52,15211000.0,0
37000.0,19,7.19,7293000.0,0
67800.0,19,9.46,3006000.0,0
23300.0,8,1.57,1847000.0,0
108200.0,15,7.3,8853000.0,0
780100.0,9,3.91,12190000.0,0
32100.0,12,4.6,4066000.0,0
11200.0,7,1371.53,2315000.0,0
43300.0,11,4.65,1972000.0,0
113500.0,16,3.22,16654000.0,0
71800.0,14,4.29,3757000.0,0
12900.0,14,6.28,1424000.0,0
199900.0,10,930.6,5290000.0,0
235400.0,20,2.57,5085000.0,0
38700.0,21,9.57,1424000.0,0
5000.0,22,0.29,2684000.0,0
133700.0,14,13.27,5203000.0,0
63700.0,16,8.88,1424000.0,0
10500.0,10,7.58,1424000.0,0
24500.0,15,0.75,1424000.0,0
72600.0,9,5.38,1648000.0,0
26100.0,8,6.67,4239000.0,0
165100.0,10,11.88,12220000.0,0
20000.0,19,7.61,2678000.0,0
24100.0,18,2.52,11340000.0,0
31500.0,12,4.78,8159000.0,0
98600.0,19,0.84,3847000.0,0
19700.0,15,8.07,3334000.0,0
13400.0,0,20.67,1424000.0,0
100000.0,12,4.31,2818000.0,0
9400.0,21,1.09,3726000.0,0
15800.0,14,1.66,1976000.0,0
64000.0,11,3.86,9734000.0,0
22900.0,11,1.11,3538000.0,0
133700.0,23,1.67,5180000.0,0
290800.0,11,6.15,8672000.0,0
410200.0,22,610.19,10209000.0,0
12800.0,13,9.86,1424000.0,0
94400.0,13,8.07,7639000.0,0
53300.0,21,4.43,3937000.0,0
16600.0,19,26.42,3676000.0,0
34100.0,22,12.68,5598000.0,0
89300.0,8,6.03,3965000.0,0
186100.0,9,2.43,2372000.0,0
20600.0,17,7.36,3663000.0,0
239400.0,15,0.73,5394000.0,0
29400.0,11,5.83,3034000.0,0
8600.0,12,4.46,2315000.0,0
49300.0,12,0.53,2781000.0,0
373400.0,8,15.22,1424000.0,0
33300.0,14,12.32,1696000.0,0
1900.0,21,3.39,1424000.0,0
19300.0,18,0.56,1424000.0,0
11200.0,16,1.25,8979000.0,0
7100.0,8,8.74,3005000.0,0
6600.0,16,1.16,3106000.0,0
44100.0,8,2.54,6392000.0,0
68300.0,13,2.84,3290000.0,0
5000.0,0,133.91,1424000.0,1
267300.0,17,1.3,7380000.0,0
17200.0,14,2.4,1424000.0,0
1500.0,11,1.54,1967000.0,0
1931000.0,15,1.73,25299000.0,0
78900.0,1,8.69,4455000.0,0
238600.0,16,3.35,7917000.0,0
14500.0,23,1.25,2088000.0,0
68100.0,19,63.55,4868000.0,0
79900.0,18,1.9,5481000.0,0
179100.0,21,2.56,1424000.0,0
2700.0,15,3.34,1424000.0,0
16700.0,19,1.59,8852000.0,0
85600.0,12,0.86,4582000.0,0
83100.0,12,118.64,26494000.0,0
110200.0,16,2.18,29117000.0,0
15700.0,17,1.85,2639000.0,0
41800.0,22,0.71,4506000.0,0
67800.0,16,7.34,6268000.0,0
60800.0,21,10.06,1424000.0,0
38600.0,20,3.95,2230000.0,0
7900.0,18,1.01,1424000.0,0
15700.0,16,2.69,1459000.0,0
109300.0,21,2.15,11201000.0,0
19000.0,12,8.61,1713000.0,0
71100.0,21,1.14,3439000.0,0
5200.0,20,1.17,1432000.0,0
61200.0,20,6.89,3107000.0,0
12800.0,20,7.29,1695000.0,0
46900.0,21,5.71,2516000.0,0
932300.0,15,4.32,5033000.0,1
11200.0,14,1.54,2175000.0,0
3100.0,10,5.79,1490000.0,0
16900.0,16,1.5,6808000.0,0
225900.0,8,10.34,5484000.0,0
38800.0,6,4.92,3377000.0,0
141900.0,1,8.28,10028000.0,0
21300.0,22,91.9,5131000.0,0
27700.0,22,3.09,1672000.0,0
40500.0,8,1.14,3847000.0,0
29900.0,14,3.74,1978000.0,0
789100.0,12,6.47,12671000.0,0
115000.0,21,3.4,4629000.0,0
91300.0,18,1.42,3050000.0,0
52800.0,20,4.93,8968000.0,0
630000.0,20,6.82,15998000.0,0
24661200.0,14,2.88,28616000.0,0
103300.0,18,19.11,1424000.0,0
177600.0,15,1.19,4719000.0,0
76600.0,12,1.78,1424000.0,0
13854100.0,11,1.8,23618000.0,0
18200.0,15,15.92,4672000.0,0
10200.0,8,8.45,1424000.0,0
15900.0,22,120.41,1660000.0,0
498100.0,10,4.16,5163000.0,0
70400.0,13,12.3,1957000.0,0
80600.0,11,5.47,14603000.0,0
64200.0,16,3.4,3619000.0,0
88600.0,12,14.2,4768000.0,0
11800.0,8,6.33,3801000.0,0
12800.0,11,5.03,1424000.0,0
6000.0,18,39.64,2656000.0,0
5700.0,8,3.38,1424000.0,0
12300.0,15,1343.28,1582000.0,0
50400.0,9,5.65,2532000.0,0
2900.0,16,7.86,3641000.0,0
54000.0,15,5.43,1424000.0,0
158600.0,12,1.69,3034000.0,0
6600.0,18,4.97,1896000.0,0
101300.0,17,47.5,10442000.0,0
221700.0,17,1.89,6580000.0,0
47600.0,20,6.28,2063000.0,0
25100.0,9,3.28,2241000.0,0
9900.0,19,2.8,1424000.0,0
18000.0,12,314.02,1424000.0,0
28200.0,9,5.23,3548000.0,0
20200.0,0,0.41,1424000.0,0
91400.0,19,21.24,2205000.0,0
22700.0,18,83.41,1630000.0,0
19794800.0,12,3.6,22459000.0,0
29000.0,18,7.08,7464000.0,0
316100.0,9,2.98,43430000.0,0
46100.0,10,6.91,3099000.0,0
82800.0,11,3.22,5054000.0,0
27100.0,16,4.9,1424000.0,0
57800.0,14,1.8,1698000.0,0
60100.0,13,13.37,5468000.0,0
11700.0,18,1.86,1424000.0,0
25500.0,16,2.01,6999000.0,0
10300.0,18,0.78,2516000.0,0
525000.0,15,11.75,1808000.0,1
34100.0,10,1.82,1660000.0,0
363000.0,10,1.39,8009000.0,0
5500.0,22,10.46,1424000.0,0
15300.0,18,5.95,3887000.0,0
141800.0,9,0.9,8499000.0,0
15500.0,7,7.7,1673000.0,0
65800.0,20,0.43,5279000.0,0
10000.0,2,7.97,1424000.0,0
6400.0,18,4.02,1752000.0,0
5000.0,17,115.53,4056000.0,0
22800.0,19,8.83,5887000.0,0
12200.0,18,1.39,3627000.0,0
366500.0,18,1264.43,2662000.0,0
123600.0,12,2.25,1459000.0,0
23200.0,20,0.85,2232000.0,0
37400.0,23,3.82,2100000.0,0
36400.0,12,5.1,1424000.0,0
56500.0,6,3.99,4940000.0,0
66300.0,12,1.82,1969000.0,0
228400.0,12,135.23,4331000.0,0
5316900.0,12,2.82,5384000.0,0
17900.0,12,5.59,1643000.0,0
61400.0,9,1.42,9821000.0,0
88200.0,9,0.76,8754000.0,0
1941500.0,11,142.43,2750000.0,1
27800.0,14,11.69,1424000.0,0
48700.0,9,2.13,1991000.0,0
127600.0,23,6.71,2387000.0,0
85300.0,10,11.39,2000000.0,0
196800.0,11,4.8,4254000.0,0
21400.0,19,7.86,1945000.0,0
14000.0,4,9.81,2604000.0,0
8100.0,7,23.55,1968000.0,0
127900.0,15,7.11,7845000.0,0
48000.0,14,3.69,5855000.0,0
19900.0,19,4.21,5603000.0,0
164400.0,22,1.08,10192000.0,0
12100.0,10,5.98,1424000.0,0
94100.0,14,8.52,5794000.0,0
75900.0,9,3.96,9670000.0,0
54200.0,16,3.62,3828000.0,0
106400.0,17,0.79,5375000.0,0
34700.0,17,4.3,1664000.0,0
26200.0,16,3.38,1490000.0,0
233600.0,11,4.05,19060000.0,0
26300.0,13,6.94,8968000.0,0
41200.0,5,7.75,7794000.0,0
153500.0,6,4.3,1821000.0,0
42400.0,15,4.15,4256000.0,0
19600.0,11,31.38,8272000.0,0
528900.0,21,59.4,1424000.0,1
81100.0,18,0.84,5303000.0,0
119100.0,17,3.48,6213000.0,0
91100.0,21,1.61,8251000.0,0
25900.0,15,0.66,1424000.0,0
40900.0,13,15.02,3746000.0,0
132600.0,6,5.38,2585000.0,0
31000.0,23,8.31,3361000.0,0
22200.0,16,31.85,1424000.0,0
2500.0,16,1.01,1614000.0,0
224500.0,20,13.29,5394000.0,0
192500.0,9,3.33,18965000.0,0
18100.0,17,2.38,2322000.0,0
268800.0,20,2.59,10417000.0,0
53400.0,16,0.86,2423000.0,0
44400.0,11,2.31,8991000.0,0
26700.0,17,4.08,2039000.0,0
18500.0,17,76.69,6796000.0,0
15400.0,11,10.41,1884000.0,0
119700.0,23,0.91,1618000.0,0
25100.0,20,62.37,1424000.0,0
14000.0,9,2.28,1424000.0,0
60800.0,22,2.89,4375000.0,0
150000.0,11,0.85,6202000.0,0
6500.0,12,10.18,4417000.0,0
29900.0,13,2.68,5375000.0,0
1361100.0,17,8.61,7511000.0,0
42000.0,22,16.38,4432000.0,0
5600.0,21,6.4,1424000.0,0
3900.0,15,4.37,3034000.0,0
65400.0,21,17.18,1424000.0,0
87800.0,16,3.28,3725000.0,0
217100.0,15,1.81,24054000.0,0
15100.0,13,93.99,8672000.0,0
5600.0,8,5.86,1424000.0,0
44100.0,19,7.03,1424000.0,0
51100.0,16,5.78,2021000.0,0
70000.0,20,12.58,8968000.0,0
17800.0,19,5.85,1543000.0,0
213500.0,19,109.23,3489000.0,0
12900.0,0,3.43,1424000.0,0
60000.0,11,2.46,3271000.0,0
19500.0,11,4.76,1693000.0,0
21800.0,19,9.59,4940000.0,0
11300.0,18,1.62,1612000.0,0
15400.0,9,11.6,2257000.0,0
25100.0,16,4.97,2656000.0,0
35900.0,11,4.38,4526000.0,0
22100.0,17,4.53,6955000.0,0
20700.0,20,2.21,1938000.0,0
56200.0,20,6.92,1424000.0,0
143800.0,14,1.29,15963000.0,0
26300.0,10,2.75,1630000.0,0
19800.0,19,5.75,1424000.0,0
68800.0,10,1.34,1424000.0,0
64000.0,6,2.27,1424000.0,0
67700.0,13,3.91,1424000.0,0
356500.0,11,18.81,1424000.0,0
46800.0,23,1.21,2653000.0,0
33000.0,7,2.14,2270000.0,0
81500.0,18,4.08,10351000.0,0
237200.0,10,3.46,7894000.0,0
7200.0,7,1.26,3489000.0,0
19600.0,12,1.12,1612000.0,0
45900.0,13,0.51,3336000.0,0
48200.0,13,33.02,1424000.0,0
30600.0,17,1.8,3120000.0,0
198900.0,9,8.06,1957000.0,0
361800.0,13,0.32,5435000.0,0
457700.0,14,6.48,11340000.0,0
38400.0,17,3.91,4192000.0,0
465200.0,14,2.52,15335000.0,0
20700.0,14,4.12,1424000.0,0
26300.0,16,2.09,5244000.0,0
249900.0,14,4.34,3625000.0,0
29600.0,13,9.14,1994000.0,0
12300.0,13,2.25,6506000.0,0
227600.0,13,4.4,14595000.0,0
260500.0,7,11.65,4940000.0,0
19200.0,14,20.57,4624000.0,0
70200.0,6,3.47,8634000.0,0
91600.0,15,4.05,14817000.0,0
2200.0,8,3.8,1424000.0,0
9300.0,21,18.09,1424000.0,0
44400.0,18,3.88,3160000.0,0
74600.0,18,1.09,3243000.0,0
18700.0,12,4.12,3558000.0,0
44700.0,10,1.63,7319000.0,0
64100.0,16,3.05,4186000.0,0
64100.0,15,3.15,1584000.0,0
46400.0,20,1.53,1850000.0,0
624500.0,10,4.75,13284000.0,0
82200.0,8,119.56,3720000.0,0
179300.0,14,2.36,6494000.0,0
10900.0,23,4.28,2589000.0,0
51700.0,16,9.37,5501000.0,0
13800.0,17,3.18,7511000.0,0
300100.0,15,9.66,13390000.0,0
3368500.0,21,16.42,39212000.0,0
16400.0,18,7.86,3332000.0,0
4600.0,12,4.7,1727000.0,1
179000.0,12,5.27,9821000.0,0
32000.0,18,4.5,2088000.0,0
4490700.0,13,4.04,10207000.0,0
87900.0,21,1134.84,1806000.0,0
45800.0,21,1.72,4067000.0,0
1790400.0,7,1.45,10847000.0,0
38900.0,21,15.16,2518000.0,0
75000.0,18,8.18,5985000.0,0
23800.0,20,3.29,3316000.0,0
40800.0,18,1.08,1424000.0,0
24100.0,3,0.87,1424000.0,0
26000.0,8,21.89,6213000.0,0
29000.0,15,451.51,1424000.0,0
240800.0,10,0.99,10267000.0,0
40200.0,9,4.33,7159000.0,0
29100.0,10,8.81,3663000.0,0
12300.0,13,4.35,1424000.0,0
30500.0,16,3.01,2632000.0,0
13500.0,15,0.32,1569000.0,0
42400.0,21,1.34,5209000.0,0
28700.0,12,82.68,4241000.0,0
209000.0,8,10.71,6066000.0,0
192100.0,20,4.69,3594000.0,0
144000.0,22,2.23,4109000.0,0
103800.0,19,4.91,6240000.0,0
56100.0,12,2.47,1585000.0,0
57800.0,7,1.83,2706000.0,0
73100.0,12,6.2,6506000.0,0
32800.0,17,10.0,1811000.0,0
246700.0,14,9.38,8746000.0,0
12500.0,19,140.27,1975000.0,0
127600.0,13,3.07,4073000.0,0
2859100.0,18,2.07,3438000.0,0
10300.0,8,2.8,2026000.0,0
702300.0,19,6.34,1424000.0,1
34800.0,13,422.78,2983000.0,0
250600.0,15,4.99,4233000.0,0
35000.0,18,6.74,2592000.0,0
48800.0,16,11.63,3558000.0,0
86600.0,15,8.74,8109000.0,0
41500.0,21,9.86,1424000.0,0
40400.0,15,11.15,5982000.0,0
21200.0,18,19.68,4241000.0,0
41100.0,9,8.9,3630000.0,0
15400.0,21,0.41,1424000.0,0
29100.0,5,5.27,2280000.0,0
60100.0,19,2.05,2754000.0,0
341100.0,8,5.65,15618000.0,0
24600.0,8,1.18,1424000.0,0
331200.0,1,3.92,9613000.0,0
245400.0,16,9.02,7141000.0,0
117200.0,13,33.81,1424000.0,0
1351400.0,19,3.78,15762000.0,0
7900.0,22,34.88,1724000.0,0
1706400.0,14,4.95,17706000.0,1
136700.0,14,2.68,3316000.0,0
5700.0,10,7.4,3726000.0,0
33000.0,19,4.02,1748000.0,0
76000.0,9,3.72,8042000.0,0
6600.0,19,1109.44,2512000.0,0
123300.0,18,3.48,3334000.0,0
77000.0,16,2.92,5216000.0,0
171000.0,14,3.36,5763000.0,0
29900.0,17,10.83,4506000.0,0
122200.0,15,1.74,3305000.0,0
11100.0,11,29.5,2810000.0,0
53900.0,13,15.52,8206000.0,0
36400.0,22,3.74,3656000.0,0
12400.0,18,2.04,1572000.0,0
27300.0,17,2.01,5926000.0,0
8300.0,23,3.2,1424000.0,0
23500.0,14,1.76,2059000.0,0
19800.0,15,16.38,4693000.0,0
22200.0,20,1.55,2032000.0,0
25300.0,8,1.32,3152000.0,0
86700.0,14,73.0,8272000.0,0
6800.0,17,1.74,3174000.0,0
67500.0,17,4.99,6066000.0,0
13000.0,19,1.46,1573000.0,0
8400.0,8,3.67,2410000.0,0
328900.0,13,138.57,9249000.0,0
527600.0,21,2.49,6174000.0,0
6900.0,18,1.33,2802000.0,0
107100.0,9,4.98,7371000.0,0
41000.0,20,3.0,2838000.0,0
10600.0,12,0.82,1424000.0,0
3800.0,17,3.91,2469000.0,0
32100.0,7,7.9,1424000.0,0
11600.0,13,4.31,1721000.0,0
61800.0,19,15.18,3759000.0,0
47400.0,17,0.69,3295000.0,0
393200.0,22,99.15,7110000.0,0
10100.0,13,1.09,4536000.0,0
95300.0,20,1.91,7794000.0,0
18200.0,12,1.14,1748000.0,0
131600.0,20,0.98,4846000.0,0
25600.0,14,4.42,1424000.0,0
5000.0,9,1.27,1972000.0,0
1626100.0,0,82.61,3594000.0,1
374100.0,21,2.04,24054000.0,0
24000.0,13,7.56,1608000.0,0
2500.0,14,1.21,1424000.0,0
71900.0,12,7.25,3297000.0,0
49800.0,0,11.81,4436000.0,0
375700.0,9,2.79,3891000.0,0
795100.0,9,4.57,3151000.0,0
1512500.0,13,4.13,1877000.0,0
32600.0,21,3.18,3886000.0,0
26300.0,19,9.56,3102000.0,0
21800.0,13,1.34,3577000.0,0
12700.0,21,20.4,3959000.0,0
54000.0,15,727.49,3337000.0,0
13400.0,22,9.67,1488000.0,0
528900.0,19,3.49,7484000.0,0
21500.0,19,0.59,3937000.0,0
23300.0,0,2.11,1424000.0,0
44400.0,8,1.63,5649000.0,0
12087800.0,6,1561.76,7435000.0,1
63200.0,14,9.26,2627000.0,0
32800.0,16,7.01,2740000.0,0
113700.0,8,2.53,5181000.0,0
64300.0,21,990.63,12349000.0,0
82700.0,20,9.41,1756000.0,0
110300.0,9,9.89,3121000.0,0
60000.0,16,39.88,1647000.0,0
29200.0,9,4.84,1424000.0,0
2223100.0,17,6.96,3044000.0,0
11800.0,16,1.65,1779000.0,0
80200.0,9,1.23,1424000.0,0
186300.0,16,13.25,5058000.0,0
5800.0,19,1.72,4603000.0,0
12600.0,17,1.5,1424000.0,0
18200.0,13,2.15,2920000.0,0
4600.0,13,7.17,1424000.0,0
60600.0,21,4.29,1605000.0,0
67000.0,17,5.06,5902000.0,0
247100.0,11,73.74,9895000.0,0
14600.0,14,4.68,1424000.0,0
370200.0,17,13.02,5375000.0,0
29600.0,19,5.16,1424000.0,0
54400.0,16,2.86,1424000.0,0
39600.0,6,7.27,1972000.0,0
1226800.0,16,2.81,20100000.0,0
46900.0,13,1.98,2418000.0,0
124400.0,17,51.83,5093000.0,0
43700.0,6,1.74,2123000.0,0
19200.0,12,5.52,1424000.0,0
41600.0,20,5.9,3054000.0,0
718000.0,9,6.26,22459000.0,0
23100.0,12,19.62,1731000.0,0
32500.0,6,1.98,2326000.0,0
313500.0,13,6.96,44438000.0,0
14300.0,22,73.55,1424000.0,0
9000.0,19,3.92,1424000.0,0
19000.0,16,6.82,2760000.0,0
34100.0,10,40.98,3573000.0,0
8700.0,13,12.38,1624000.0,0
33300.0,9,1.14,5960000.0,0
13500.0,18,61.98,1424000.0,0
2500.0,13,9.48,1424000.0,0
38900.0,16,3.52,2876000.0,0
230600.0,20,1.86,2513000.0,0
19300.0,21,4.29,2238000.0,0
299900.0,18,1.23,10380000.0,0
1774500.0,9,7.34,1972000.0,0
181500.0,11,2.6,5897000.0,0
4439600.0,10,11.86,3871000.0,0
1013900.0,18,2.57,2970000.0,0
45700.0,18,84.61,2972000.0,0
34700.0,11,1258.67,2717000.0,0
30300.0,20,4.64,6234000.0,0
1008300.0,17,9.92,22838000.0,0
80300.0,21,28.05,12081000.0,0
120700.0,13,713.07,4012000.0,0
182400.0,2,1.65,3947000.0,0
24800.0,8,1.64,4607000.0,0
52300.0,22,3.31,1856000.0,0
522300.0,19,28.32,17818000.0,0
3500.0,12,12.61,6712000.0,0
25400.0,15,28.11,3623000.0,0
60300.0,20,3.53,3337000.0,0
26400.0,10,99.89,5902000.0,0
152400.0,16,2.74,4375000.0,0
195200.0,17,8.04,1424000.0,0
133000.0,14,404.75,2436000.0,0
132300.0,12,1.97,2577000.0,0
34900.0,21,1.37,1424000.0,0
347800.0,9,7.35,9981000.0,0
47600.0,19,3.39,1424000.0,0
3800.0,18,28.94,1972000.0,0
31200.0,14,4.23,3240000.0,0
310900.0,12,4.02,4343000.0,0
26700.0,20,2.32,2695000.0,0
10700.0,0,2.01,3367000.0,0
907500.0,10,1.49,16972000.0,0
17900.0,17,121.11,1424000.0,0
93400.0,10,4.47,10207000.0,0
113800.0,18,3.99,8159000.0,0
20100.0,17,4.05,5397000.0,0
4600.0,2,3.39,1424000.0,0
384300.0,19,9.14,11194000.0,0
26100.0,9,2.28,1424000.0,0
38000.0,10,125.88,29117000.0,0
33100.0,18,19.38,1424000.0,0
34600.0,16,2.59,2337000.0,0
43800.0,17,2.36,1424000.0,0
59500.0,10,9.09,9666000.0,0
16700.0,19,0.96,1647000.0,0
167900.0,13,32.53,3565000.0,0
80300.0,15,19.12,4455000.0,0
7900.0,7,4.44,1424000.0,0
12100.0,9,4.68,1424000.0,0
873800.0,13,2.39,3544000.0,0
81700.0,10,3.66,5220000.0,0
16900.0,19,1.76,1424000.0,0
16900.0,10,67.55,1662000.0,0
80400.0,16,14.45,4268000.0,0
90700.0,10,9.17,9548000.0,0
68500.0,13,145.08,2146000.0,0
13500.0,10,143.75,1424000.0,0
371500.0,12,0.76,13582000.0,0
11000.0,7,3.85,1424000.0,0
30300.0,9,8.46,1424000.0,0
37500.0,13,1.25,1424000.0,0
64800.0,16,18.99,9271000.0,0
72400.0,7,7.05,3175000.0,0
14400.0,11,4.79,3299000.0,0
29200.0,13,3.09,6240000.0,0
108600.0,10,14.89,3104000.0,0
29500.0,23,87.05,3442000.0,0
80200.0,21,2.06,4846000.0,0
40600.0,14,4.01,17995000.0,0
32800.0,8,4.19,1424000.0,0
1364600.0,19,5.79,9548000.0,0
2300.0,11,104.91,4075000.0,1
493400.0,16,2.88,2609000.0,0
49000.0,10,42.68,4768000.0,0
5400.0,16,3.14,1424000.0,0
709300.0,18,2.36,12923000.0,0
58600.0,18,18.6,4638000.0,0
102300.0,15,1.83,5140000.0,0
178500.0,17,2.86,3062000.0,0
54500.0,20,3.77,1550000.0,0
122900.0,14,0.56,5129000.0,0
14600.0,19,9.94,1567000.0,0
273700.0,19,4.82,5476000.0,0
6800.0,16,2.01,1424000.0,0
17500.0,13,6.46,2541000.0,0
43700.0,21,1.25,4535000.0,0
34000.0,17,1.58,3558000.0,0
5100.0,19,0.78,1424000.0,0
21100.0,17,3.13,3104000.0,0
4200.0,15,69.67,5031000.0,0
24400.0,7,42.58,4016000.0,0
144900.0,19,1.22,5579000.0,0
53300.0,13,3.97,5817000.0,0
35200.0,10,3.55,1673000.0,0
55200.0,11,2.38,1424000.0,0
3150300.0,20,311.79,1493000.0,1
112200.0,9,11.79,11496000.0,0
10900.0,14,1.96,1945000.0,0
243500.0,17,5.09,3088000.0,0
94500.0,12,5.23,7443000.0,0
67400.0,21,94.77,26035000.0,0
105800.0,17,4.06,14888000.0,0
449200.0,20,3.91,19060000.0,0
147000.0,16,4.35,5794000.0,0
9100.0,18,5.3,1424000.0,0
60300.0,21,4.6,17311000.0,0
42900.0,13,9.74,13930000.0,0
32300.0,13,0.9,1742000.0,0
170600.0,19,4.64,7886000.0,0
42100.0,6,13.15,2322000.0,0
6000.0,8,109.81,2000000.0,0
56000.0,20,4.54,3558000.0,0
54300.0,17,1.78,3870000.0,0
128100.0,9,30.22,1855000.0,0
118700.0,14,1.72,4022000.0,0
20800.0,10,64.71,1424000.0,0
195800.0,19,1.6,5837000.0,0
130000.0,19,5.68,4804000.0,0
3200.0,17,23.99,3807000.0,0
37500.0,8,3.02,2325000.0,0
45000.0,17,2.69,1424000.0,0
16000.0,21,14.44,1424000.0,0
9700.0,13,5.34,4005000.0,0
32900.0,9,17.33,2146000.0,0
68900.0,16,0.65,3033000.0,0
43600.0,20,3.57,4013000.0,0
109300.0,20,2.73,5140000.0,0
28000.0,17,1.61,5746000.0,0
8600.0,23,1420.65,8331000.0,1
27400.0,9,1340.31,2219000.0,0
16000.0,6,8.82,3924000.0,0
142300.0,18,2.11,18965000.0,0
44400.0,14,2.51,5279000.0,0
6200.0,22,9.19,5926000.0,0
39600.0,18,11.73,1905000.0,0
67300.0,14,5.67,11397000.0,0
20600.0,12,4.08,5027000.0,0
10900.0,17,1.32,3666000.0,0
11500.0,10,0.87,1424000.0,0
489000.0,11,2.61,12827000.0,0
224200.0,11,10.95,6966000.0,0
200700.0,12,4.13,15711000.0,0
23300.0,14,71.1,1836000.0,0
38900.0,12,0.53,1765000.0,0
32800.0,13,0.66,1424000.0,0
5200.0,12,94.17,2012000.0,0
388500.0,21,12.98,2697000.0,0
22866800.0,10,367.36,18214000.0,1
29800.0,12,5.19,4297000.0,0
108300.0,21,3.58,8113000.0,0
83000.0,15,1.27,6331000.0,0
4300.0,11,0.79,2306000.0,0
112700.0,19,9.05,2792000.0,0
8900.0,17,1.43,1424000.0,0
551100.0,8,5.78,9895000.0,0
10700.0,11,16.43,1647000.0,0
13700.0,10,9.51,1424000.0,0
76000.0,21,17.27,7875000.0,0
1057900.0,14,2.14,3834000.0,0
30400.0,12,1.72,1424000.0,0
33100.0,15,7.77,3992000.0,0
199700.0,11,7.33,5279000.0,0
36100.0,13,1.4,2347000.0,0
52200.0,19,64.92,7484000.0,0
49000.0,13,1.91,3385000.0,0
6600.0,17,2.9,5093000.0,0
16700.0,23,7.25,8904000.0,0
55700.0,12,119.52,4538000.0,0
31300.0,17,4.41,1424000.0,0
52400.0,13,9.31,5462000.0,0
59600.0,9,1.79,3054000.0,0
26500.0,15,141.71,1424000.0,0
143500.0,13,6.51,4378000.0,0
88600.0,13,6.27,6175000.0,0
293500.0,8,1.78,1424000.0,0
5900.0,17,2.85,1424000.0,0
781500.0,3,49.72,2097000.0,1
2155400.0,16,2.85,7511000.0,0
28300.0,11,4.08,6827000.0,0
29700.0,23,101.86,1567000.0,0
185700.0,12,3.23,3787000.0,0
367200.0,8,29.64,10571000.0,0
52600.0,9,2.8,2241000.0,0
64900.0,8,9.5,6675000.0,0
12700.0,11,27.91,2479000.0,0
9600.0,23,5.63,1424000.0,0
144800.0,23,0.86,5850000.0,0
21900.0,9,3.26,3210000.0,0
35600.0,20,8.27,1424000.0,0
37000.0,10,9.86,1424000.0,0
43900.0,17,8.94,14888000.0,0
170300.0,18,65.01,4335000.0,0
4977900.0,12,7.64,6175000.0,0
58100.0,18,3.35,2808000.0,0
44300.0,9,10.01,8057000.0,0
2700.0,8,2.43,1424000.0,0
30900.0,11,8.59,1424000.0,0
18100.0,9,3.89,1984000.0,0
2399100.0,17,32.11,6976000.0,0
63400.0,10,125.36,12053000.0,0
64000.0,12,8.24,14661000.0,0
168700.0,12,4.46,2386000.0,0
29700.0,14,46.31,2862000.0,0
51900.0,17,1.54,15963000.0,0
315700.0,0,13.6,7707000.0,0
46700.0,18,1.23,1424000.0,0
176000.0,6,9.44,3003000.0,0
18600.0,11,2.45,2128000.0,0
11100.0,17,6.53,2571000.0,0
115500.0,18,5.64,5764000.0,0
19900.0,9,4.02,3619000.0,0
11100.0,12,7.58,1424000.0,0
15100.0,17,2.18,1589000.0,0
44100.0,7,15.07,1734000.0,0
1800.0,16,79.52,1424000.0,0
136200.0,21,3.68,9826000.0,0
20800.0,12,72.04,2516000.0,0
320700.0,17,20.89,11837000.0,0
158900.0,18,0.87,5190000.0,0
290200.0,9,13.74,8255000.0,0
14400.0,6,15.85,5182000.0,0
2537500.0,4,10.36,5346000.0,1
13900.0,20,1.58,4252000.0,0
41500.0,18,3.74,1424000.0,0
67000.0,23,1.46,5054000.0,0
4700.0,20,4.53,1529000.0,0
6600.0,10,12.97,2467000.0,0
120100.0,18,0.97,4432000.0,0
18300.0,12,9.03,3057000.0,0
33700.0,23,3.84,2409000.0,0
16300.0,9,2.55,2706000.0,0
23000.0,19,0.77,14494000.0,0
24400.0,13,5.95,1939000.0,0
38200.0,14,5.57,12258000.0,0
104800.0,10,8.45,4598000.0,0
15400.0,13,1.83,1545000.0,0
157200.0,15,21.08,3247000.0,0
70800.0,17,3.83,1716000.0,0
70000.0,20,1.17,4979000.0,0
46300.0,14,7.26,1972000.0,0
2373600.0,13,6.75,7680000.0,0
85200.0,15,1.81,5523000.0,0
49000.0,14,8.9,4607000.0,0
67300.0,12,5.0,11916000.0,0
117400.0,19,3.16,9124000.0,0
88300.0,19,4.29,4955000.0,0
39100.0,20,6.96,3608000.0,0
31900.0,20,2.17,4063000.0,0
10400.0,20,4.97,5746000.0,0
57900.0,11,2.95,2745000.0,0
7000.0,22,64.19,1424000.0,0
33600.0,9,24.64,4290000.0,0
9900.0,19,9.71,2410000.0,0
6800.0,15,7.9,1424000.0,0
13400.0,11,2.19,5614000.0,0
4800.0,16,3.12,1424000.0,0
10800.0,17,0.24,2238000.0,0
10600.0,19,2.91,1529000.0,0
17000.0,10,6.86,3534000.0,0
4700.0,7,15.17,1648000.0,0
82700.0,7,23.53,6716000.0,0
425300.0,21,111.34,17107000.0,0
103200.0,20,3.28,17897000.0,0
5600.0,13,22.17,2050000.0,0
14400.0,16,1.98,8838000.0,0
12300.0,9,28.4,2781000.0,0
9700.0,17,5.44,1424000.0,0
16200.0,19,2.04,1976000.0,0
23900.0,8,3.52,3377000.0,0
3900.0,21,4.43,1968000.0,0
14300.0,13,14.69,2053000.0,0
200700.0,19,58.88,3445000.0,0
16100.0,22,24.53,2924000.0,0
104700.0,10,22.34,5244000.0,0
21700.0,17,3.16,5978000.0,0
29300.0,6,116.69,4159000.0,0
145000.0,10,32.92,5789000.0,0
4500.0,18,2.68,1424000.0,0
48800.0,14,1.32,2994000.0,0
18600.0,18,8.71,2876000.0,0
6500.0,18,12.03,4064000.0,0
63600.0,15,2.6,3377000.0,0
1232800.0,18,3.52,11916000.0,0
59600.0,10,3.15,2944000.0,0
12900.0,13,10.76,1424000.0,0
88600.0,14,1.75,3011000.0,0
60200.0,9,1.56,1652000.0,0
14300.0,16,1.59,1424000.0,0
13500.0,7,2.88,3388000.0,0
18100.0,14,9.84,5125000.0,0
64400.0,18,8.74,23268000.0,0
37200.0,15,1.27,2050000.0,0
19200.0,23,4.88,1424000.0,0
164500.0,19,7.24,6203000.0,0
39300.0,19,3.05,22570000.0,0
163300.0,18,7.45,14229000.0,0
10100.0,9,9.87,2232000.0,0
175300.0,16,1.52,6174000.0,0
253300.0,21,9.39,6062000.0,0
172700.0,13,14.73,17706000.0,0
32200.0,9,3.07,2298000.0,0
132600.0,23,5.5,5582000.0,0
823500.0,17,24.58,8214000.0,0
12200.0,13,0.84,4821000.0,0
1077500.0,1,3.95,1945000.0,1
15800.0,11,2.08,3880000.0,0
62900.0,22,6.04,12021000.0,0
4800.0,10,5.64,2146000.0,0
20300.0,11,108.23,1424000.0,0
38800.0,20,5.76,3718000.0,0
151800.0,11,1.38,4166000.0,0
10400.0,13,7.69,8272000.0,0
48300.0,9,8.65,4176000.0,0
177300.0,19,3.58,16325000.0,0
855600.0,12,3.0,4449000.0,0
12000.0,6,0.9,1910000.0,0
3068600.0,14,15.9,2810000.0,0
62000.0,12,4.25,6812000.0,0
33700.0,18,17.38,3280000.0,0
12900.0,19,89.28,1919000.0,0
284400.0,14,51.91,12489000.0,0
21400.0,17,1.74,1538000.0,0
106300.0,11,89.78,2569000.0,0
124600.0,14,1.37,4665000.0,0
21700.0,15,5.08,2815000.0,0
25200.0,7,15.51,4375000.0,0
76100.0,15,5.0,4597000.0,0
36200.0,20,4.35,1687000.0,0
4533800.0,15,13.56,4977000.0,0
87000.0,9,146.69,9548000.0,0
10600.0,19,1.93,1424000.0,0
33000.0,16,4.09,4958000.0,0
75800.0,21,1.63,4480000.0,0
189200.0,11,2.32,3225000.0,0
43400.0,14,4.11,2104000.0,0
18200.0,18,3.12,1424000.0,0
35800.0,7,5.26,4208000.0,0
903800.0,11,53.18,1746000.0,1
68800.0,18,2.82,1424000.0,0
62400.0,16,2.42,12425000.0,0
14600.0,13,0.8,1650000.0,0
80200.0,19,1.74,12293000.0,0
57500.0,17,83.02,9348000.0,0
311900.0,20,2.95,24777000.0,0
8300.0,18,10.9,1602000.0,0
183100.0,10,1.61,2205000.0,0
24600.0,20,7.94,2674000.0,0
34300.0,8,5.05,2754000.0,0
5100.0,18,10.93,1424000.0,0
116100.0,16,2.73,3297000.0,0
22100.0,19,7.76,1490000.0,0
10800.0,22,9.74,1424000.0,0
121000.0,17,88.18,6162000.0,0
10500.0,17,5.98,2053000.0,0
40700.0,10,5.3,7925000.0,0
416800.0,19,3.7,8803000.0,0
66700.0,12,74.34,5410000.0,0
15400.0,13,0.5,6027000.0,0
47600.0,15,9.91,4188000.0,0
16000.0,21,3.4,3388000.0,0
559900.0,8,21.61,1759000.0,1
318000.0,8,1.46,7994000.0,0
146600.0,20,3.78,3050000.0,0
25700.0,16,7.09,1424000.0,0
194400.0,12,3.15,5526000.0,0
110600.0,20,87.99,4603000.0,0
107000.0,9,2.48,12091000.0,0
23900.0,7,10.52,1424000.0,0
17200.0,18,23.26,2605000.0,0
99400.0,13,5.86,2732000.0,0
13700.0,19,5.88,4012000.0,0
116500.0,11,4.25,10192000.0,0
671700.0,20,353.25,1841000.0,1
13400.0,19,1.01,1630000.0,0
104200.0,19,3.53,5501000.0,0
6100.0,13,1.14,1836000.0,0
128000.0,18,1.78,3154000.0,0
15400.0,16,1.72,2495000.0,0
31600.0,20,7.94,3229000.0,0
49100.0,17,81.71,2744000.0,0
9500.0,19,2.36,2107000.0,0
24100.0,21,2.46,3006000.0,0
22500.0,20,2.78,3330000.0,0
6700.0,9,3.23,1430000.0,0
41500.0,8,6.65,2933000.0,0
161900.0,21,1158.26,5818000.0,0
24400.0,12,6.85,2052000.0,0
6644200.0,16,2.1,7380000.0,0
265800.0,21,18.11,6699000.0,0
67200.0,10,75.11,7464000.0,0
61500.0,13,2.73,5527000.0,0
39300.0,18,3.91,1424000.0,0
89400.0,13,11.56,4415000.0,0
2046100.0,13,6.86,3959000.0,0
39200.0,15,1.86,3289000.0,0
24900.0,17,5.64,3761000.0,0
40800.0,14,0.97,5641000.0,0
50800.0,8,6.89,4669000.0,1
33100.0,15,3.09,5272000.0,0
3100.0,20,8.51,3948000.0,0
52800.0,19,2.98,5559000.0,0
157000.0,16,2.91,3910000.0,0
39700.0,20,27.56,2232000.0,0
13900.0,19,20.62,2764000.0,0
9000.0,23,4.4,2051000.0,0
36400.0,10,5.82,8370000.0,0
37100.0,14,39.55,4636000.0,0
75000.0,17,10.16,2130000.0,0
145000.0,22,17.11,3006000.0,0
13300.0,12,3.31,2128000.0,0
19000.0,20,1.32,1910000.0,0
115200.0,18,0.36,6253000.0,0
68400.0,18,12.34,2030000.0,0
29500.0,7,5.07,8109000.0,0
100800.0,15,5.03,9606000.0,0
56100.0,10,2.05,5794000.0,0
14300.0,15,4.45,1788000.0,0
132100.0,18,88.59,1424000.0,0
349800.0,14,6.06,3641000.0,0
33600.0,21,3.58,5279000.0,0
357400.0,12,8.07,4719000.0,0
16000.0,18,1.22,2246000.0,0
12800.0,13,4.85,2948000.0,0
32600.0,12,4.6,1536000.0,0
12100.0,12,1.82,1747000.0,0
43500.0,14,2.62,1424000.0,0
21700.0,7,1.95,1424000.0,0
20100.0,7,1.1,1424000.0,0
5000.0,15,96.61,1424000.0,0
353800.0,9,5.27,8979000.0,0
23500.0,10,32.74,3088000.0,0
98200.0,18,3.09,4383000.0,0
30200.0,13,9.74,3746000.0,0
18400.0,8,6.3,5985000.0,0
36500.0,10,8.67,2116000.0,0
163200.0,17,8.74,4774000.0,0
2600.0,18,1.22,1424000.0,0
33700.0,17,14.48,2627000.0,0
166600.0,14,1.87,3319000.0,0
30500.0,16,4.73,9981000.0,0
12900.0,10,3.76,2154000.0,0
423200.0,20,82.69,5911000.0,0
269500.0,13,3.12,9740000.0,0
20300.0,13,4.75,3030000.0,0
23400.0,1,2.3,1724000.0,0
66800.0,11,1.85,4265000.0,0
9000.0,19,6.93,1424000.0,0
11500.0,21,5.21,1968000.0,0
48000.0,6,11.85,11962000.0,0
81700.0,13,3.31,5985000.0,0
306000.0,12,8.57,12434000.0,0
73300.0,15,1.87,4375000.0,0
495400.0,12,2.77,12359000.0,0
263900.0,9,14.46,4075000.0,0
7800.0,8,29.06,2053000.0,0
105700.0,14,116.38,1707000.0,0
210100.0,20,6.87,4064000.0,0
19600.0,20,2.63,4331000.0,0
63000.0,20,1.97,5582000.0,0
11900.0,21,0.66,4290000.0,0
19500.0,11,2.23,2128000.0,0
12500.0,13,17.59,1424000.0,0
10500.0,11,5.44,3011000.0,0
51200.0,15,8.07,5416000.0,0
19600.0,13,9.22,4347000.0,0
60700.0,13,125.11,2885000.0,0
92300.0,11,1.0,4672000.0,0
41300.0,21,111.06,5244000.0,0
178400.0,10,1.45,10068000.0,0
94700.0,15,13.73,5949000.0,0
9200.0,21,9.62,1716000.0,0
158600.0,20,7.53,13244000.0,0
26300.0,10,7.17,5189000.0,0
181500.0,13,1.56,6042000.0,0
229700.0,17,2.8,14156000.0,0
40600.0,10,2.52,1424000.0,0
18100.0,12,2.55,2423000.0,0
103800.0,9,2.69,4404000.0,0
20000.0,13,42.87,2876000.0,0
57000.0,16,2.5,4628000.0,0
46300.0,11,4.25,1424000.0,0
114700.0,13,6.45,5526000.0,0
22900.0,10,1.67,1428000.0,0
33700.0,18,2.61,2656000.0,0
10700.0,16,2.37,2337000.0,0
287300.0,15,5.78,5926000.0,0
43800.0,16,2.07,3121000.0,0
27200.0,15,7.13,2184000.0,0
25200.0,13,0.38,1424000.0,0
23000.0,13,10.6,2975000.0,0
2700.0,10,5.59,1424000.0,0
146700.0,8,3.5,2875000.0,0
140200.0,15,2.33,6253000.0,0
45400.0,17,209.72,12425000.0,0
57600.0,12,7.99,9040000.0,0
30500.0,9,5.11,2577000.0,0
63200.0,15,7.24,1424000.0,0
7800.0,12,1.54,2219000.0,0
125100.0,19,7.67,3249000.0,0
4400.0,18,1.83,1664000.0,0
47300.0,8,16.47,5076000.0,0
17700.0,8,5.8,2418000.0,0
12300.0,15,10.29,2803000.0,0
147100.0,11,1.49,6560000.0,0
9600.0,22,5.83,2870000.0,0
14600.0,16,3.62,3143000.0,0
39100.0,9,40.11,3360000.0,0
176600.0,8,5.35,3603000.0,0
59100.0,13,4.25,1424000.0,0
20500.0,13,1.47,1559000.0,0
30200.0,20,3.69,1740000.0,0
40300.0,12,2.0,1563000.0,0
12100.0,13,1.67,2983000.0,0
237300.0,19,1.15,2803000.0,0
6200.0,15,11.07,1710000.0,0
8500.0,11,0.86,1424000.0,0
343500.0,21,22.62,17995000.0,0
9300.0,7,1155.55,2528000.0,0
87500.0,16,3.16,9613000.0,0
5300.0,8,8.87,1480000.0,0
20300.0,11,1.08,1936000.0,0
46300.0,7,4.93,6303000.0,0
7800.0,9,6.81,1424000.0,0
206300.0,9,88.03,2895000.0,0
13600.0,19,9.66,1424000.0,0
64400.0,21,2.7,2474000.0,0
43600.0,10,0.44,4859000.0,0
16200.0,10,5.27,1424000.0,0
30500.0,21,10.62,6062000.0,0
84900.0,12,3.09,1424000.0,0
21200.0,18,682.34,1853000.0,0
283200.0,17,1.29,5950000.0,0
731600.0,11,24.06,2591000.0,0
34300.0,10,8.16,4690000.0,0
86600.0,18,5.87,6213000.0,0
6500.0,16,2.4,1424000.0,0
17200.0,22,6.46,2732000.0,0
10600.0,10,1.55,4974000.0,0
20200.0,20,1.35,1852000.0,0
239500.0,9,4.22,2870000.0,0
93500.0,16,1.19,4496000.0,0
67300.0,20,1.48,3663000.0,0
31100.0,20,110.29,1424000.0,0
43000.0,12,2.06,1480000.0,0
38700.0,5,11.25,1514000.0,0
16400.0,13,3.52,1424000.0,0
125900.0,20,13.34,3750000.0,0
149500.0,22,6.86,2592000.0,0
1327300.0,0,627.93,3877000.0,1
4400.0,9,8.08,3663000.0,0
21700.0,15,98.28,6337000.0,0
65300.0,20,4.74,4577000.0,0
26500.0,22,4.82,1424000.0,0
270300.0,17,7.83,3573000.0,0
73900.0,17,4.21,3822000.0,0
93200.0,16,1.67,4636000.0,0
16200.0,10,2.61,2087000.0,0
92400.0,9,25.98,5190000.0,0
8500.0,14,2.94,1852000.0,0
34900.0,15,1.69,3557000.0,0
28600.0,8,6.5,8042000.0,0
34700.0,0,1.62,2690000.0,0
16900.0,11,0.71,1463000.0,0
29200.0,20,107.99,4814000.0,0
25500.0,16,27.01,1926000.0,0
63400.0,19,3.24,1424000.0,0
65600.0,17,4.73,6605000.0,0
53100.0,12,19.52,2890000.0,0
5900.0,10,3.75,1424000.0,0
19800.0,8,1.74,1523000.0,0
141200.0,11,1.9,11962000.0,0
187500.0,16,882.73,4247000.0,0
22500.0,18,9.03,1424000.0,0
35800.0,7,24.48,3841000.0,0
149300.0,16,1.35,3746000.0,0
15200.0,13,1251.1,6560000.0,0
12600.0,10,146.75,2156000.0,0
108500.0,15,1.32,8927000.0,0
19300.0,12,11.32,2598000.0,0
69700.0,17,1.65,9358000.0,0
54000.0,16,9.36,7038000.0,0
55500.0,7,8.13,3558000.0,0
9700.0,20,9.76,3266000.0,0
20100.0,19,227.53,5978000.0,0
92600.0,18,3.53,3399000.0,0
42600.0,14,12.9,3240000.0,0
6000.0,12,628.68,2386000.0,0
35800.0,19,0.69,2257000.0,0
92600.0,12,1.16,2445000.0,0
66100.0,13,4.48,1424000.0,0
20700.0,22,2.29,3386000.0,0
70200.0,17,10.5,2750000.0,0
25800.0,11,14.98,2369000.0,0
32200.0,17,3.69,1424000.0,0
52000.0,20,1.28,1424000.0,0
71500.0,17,14.34,1673000.0,0
14600.0,19,6.97,1424000.0,0
29300.0,18,2.71,3131000.0,0
66500.0,20,3.52,9933000.0,0
9500.0,15,2.1,1993000.0,0
144700.0,12,1.23,4026000.0,0
173900.0,8,13.47,2605000.0,0
21000.0,13,42.07,1424000.0,0
13100.0,16,2.41,4345000.0,0
66700.0,9,1.79,1533000.0,0
27700.0,18,0.54,2516000.0,0
180000.0,16,2.43,15963000.0,0
126200.0,18,16.59,8206000.0,0
88500.0,9,51.91,5991000.0,0
27000.0,20,16.57,2921000.0,0
30800.0,22,4.2,3489000.0,0
61400.0,9,8.83,5375000.0,0
2389300.0,15,8.05,3070000.0,0
11700.0,12,13.76,1909000.0,0
13300.0,9,34.04,5022000.0,0
385900.0,20,1.74,9127000.0,0
107400.0,18,1004.48,4752000.0,0
21900.0,19,7.61,1976000.0,0
117700.0,13,1.94,5732000.0,0
67800.0,6,1.67,1424000.0,0
27000.0,12,4.28,2698000.0,0
60900.0,9,7.7,4684000.0,0
284000.0,20,16.9,6129000.0,0
16900.0,18,5.5,1424000.0,0
19200.0,13,14.31,2620000.0,0
107000.0,15,30.49,15762000.0,0
70700.0,11,8.0,9548000.0,0
42100.0,20,4.26,3494000.0,0
62600.0,18,2.73,10267000.0,0
12800.0,10,13.21,1424000.0,0
498400.0,16,5.53,16778000.0,0
84400.0,15,1.27,17995000.0,0
30400.0,12,13.71,6605000.0,0
729000.0,10,17.84,1461000.0,1
50200.0,11,2.68,2848000.0,0
15100.0,19,9.67,2632000.0,0
53000.0,5,4.14,4050000.0,0
14400.0,21,1230.1,1424000.0,0
38400.0,0,2.27,1424000.0,0
108200.0,9,2.98,6197000.0,0
13400.0,21,7.15,3558000.0,0
109100.0,17,3.53,6919000.0,0
96800.0,18,4.65,6357000.0,0
32300.0,11,6.53,11349000.0,0
301100.0,14,1.9,35151000.0,0
12200.0,7,2.37,1424000.0,0
39000.0,18,1.45,2910000.0,0
58900.0,13,4.99,1424000.0,0
13700.0,13,1.84,1684000.0,0
125800.0,20,6.93,6955000.0,0
5100.0,17,5.12,4241000.0,0
76900.0,19,5.18,1424000.0,0
3600.0,8,8.69,1424000.0,0
3900.0,9,46.35,4355000.0,0
56200.0,12,7.69,2511000.0,0
2900.0,21,1.8,1424000.0,0
129400.0,6,56.35,7665000.0,0
36200.0,20,7.44,4355000.0,0
56800.0,9,5.09,1727000.0,0
9100.0,14,12.11,6079000.0,0
153700.0,11,4.96,6240000.0,0
17400.0,14,9.99,1424000.0,0
6600.0,12,47.3,2844000.0,0
78300.0,12,2.29,6560000.0,0
54400.0,16,1.72,2591000.0,0
79900.0,15,6.11,1459000.0,0
48500.0,15,5.03,1424000.0,0
25200.0,22,146.7,1652000.0,0
31200.0,15,4.15,1424000.0,0
92600.0,18,1.43,5818000.0,0
15400.0,16,6.84,1424000.0,0
95700.0,10,100.93,3633000.0,0
14400.0,21,6.42,1424000.0,0
20800.0,17,2.64,6869000.0,0
18600.0,11,0.44,3384000.0,0
5700.0,13,0.93,9613000.0,0
83700.0,2,7.66,1424000.0,0
90500.0,16,12.04,12258000.0,0
90400.0,17,2.34,2229000.0,0
8200.0,20,3.58,1424000.0,0
3600.0,22,11.85,2096000.0,0
34800.0,18,8.36,1424000.0,0
39500.0,12,3.98,2131000.0,0
15200.0,10,1.62,2265000.0,0
64600.0,11,7.88,7368000.0,0
45500.0,18,1451.56,2298000.0,0
254600.0,20,4.83,6202000.0,0
49600.0,13,134.67,11670000.0,0
12200.0,17,2.06,1424000.0,0
31100.0,9,5.61,2805000.0,0
11400.0,15,105.65,1424000.0,0
1689200.0,18,7.2,1424000.0,0
46200.0,13,6.93,8803000.0,0
885800.0,19,1.55,3152000.0,0
20600.0,23,2.11,2301000.0,0
29900.0,9,3.55,5902000.0,0
4502300.0,9,49.06,13121000.0,1
36600.0,9,4.28,2816000.0,0
362600.0,18,0.88,12359000.0,0
93300.0,19,8.67,1424000.0,0
29000.0,12,5.78,4175000.0,0
20100.0,17,7.87,2222000.0,0
6500.0,8,7.04,1424000.0,0
7900.0,10,8.91,2169000.0,0
9400.0,12,2.83,1650000.0,0
97400.0,10,2.63,4068000.0,0
94700.0,6,7.96,2429000.0,0
40100.0,0,8.75,2796000.0,0
33800.0,16,31.88,5140000.0,0
57100.0,13,5.67,11491000.0,0
6500.0,23,147.41,4933000.0,0
7900.0,11,0.96,3190000.0,0
19800.0,11,2.43,1424000.0,0
17100.0,11,126.39,2187000.0,0
160500.0,16,2.81,9821000.0,0
25100.0,0,4.95,1424000.0,0
28800.0,23,5.43,5399000.0,0
95400.0,13,6.15,1424000.0,0
50800.0,18,2.89,1424000.0,0
48500.0,10,1.37,1424000.0,0
10900.0,15,14.8,6236000.0,0
62800.0,10,18.2,6025000.0,0
44200.0,19,11.85,1434000.0,0
47100.0,17,2.11,4209000.0,0
81900.0,13,2.83,4564000.0,0
30700.0,12,4.68,4684000.0,0
197800.0,8,6.87,4455000.0,0
9600.0,22,2.02,4200000.0,0
8900.0,12,97.45,4208000.0,0
142200.0,19,972.03,4335000.0,0
436900.0,15,4.61,14074000.0,0
23600.0,15,1.16,2275000.0,0
17000.0,13,10.88,1459000.0,0
3600.0,9,13.16,1424000.0,0
62500.0,18,23.17,3725000.0,0
41200.0,20,3.55,4177000.0,0
13800.0,13,1.76,2275000.0,0
83400.0,13,2.6,3406000.0,0
928000.0,9,37.72,9929000.0,0
25800.0,21,7.25,3835000.0,0
23000.0,3,95.44,1424000.0,0
134100.0,12,22.09,3302000.0,0
212300.0,11,2.17,2099000.0,0
1009400.0,23,4.71,5949000.0,0
29700.0,16,133.2,1991000.0,0
477700.0,16,10.32,20040000.0,0
34500.0,1,2.56,7845000.0,0
31300.0,21,1.78,2881000.0,0
76000.0,10,2.94,6803000.0,0
218100.0,20,1.7,7033000.0,0
30500.0,20,3.4,3099000.0,0
7200.0,11,1.26,3010000.0,0
12100.0,14,6.22,1765000.0,0
3400.0,10,34.0,1424000.0,0
4500.0,16,11.64,2589000.0,0
63700.0,12,4.41,2168000.0,0
27100.0,16,2.65,2656000.0,0
67700.0,12,4.96,3438000.0,0
27900.0,18,20.59,10351000.0,0
17100.0,20,4.75,5984000.0,0
36500.0,12,6.11,2807000.0,0
69200.0,12,8.34,4535000.0,0
26900.0,1,2.06,3398000.0,0
237200.0,22,4.26,10468000.0,0
26400.0,17,3.02,1596000.0,0
188000.0,19,2.28,4835000.0,0
20900.0,13,1.12,1968000.0,0
133100.0,15,28.34,1424000.0,0
129500.0,16,2.36,2146000.0,0
5100.0,12,1.45,3174000.0,0
14400.0,19,9.06,2372000.0,0
63200.0,12,6.59,3959000.0,0
33900.0,15,5.39,1424000.0,0
70200.0,15,1.24,6011000.0,0
10300.0,20,128.4,1630000.0,0
3400.0,12,2.86,1424000.0,0
15300.0,8,101.61,1720000.0,0
22600.0,13,30.57,3064000.0,0
60600.0,15,25.82,1424000.0,0
180900.0,15,1.15,7230000.0,0
31500.0,11,3.23,1806000.0,0
8449300.0,22,538.68,3554000.0,1
721700.0,18,0.62,30578000.0,0
65400.0,13,5.54,8968000.0,0
24000.0,21,3.93,1424000.0,0
12200.0,21,2.85,1495000.0,0
32500.0,15,49.55,1424000.0,0
10000.0,20,7.12,2948000.0,0
23700.0,12,0.7,2241000.0,0
28900.0,21,139.75,1424000.0,0
72100.0,12,7.76,3290000.0,0
6000.0,19,60.01,1424000.0,0
12900.0,19,3.37,2674000.0,0
127100.0,8,12.36,8390000.0,0
35700.0,20,10.3,10915000.0,0
24900.0,14,6.87,2128000.0,0
156700.0,20,4.17,10015000.0,0
32200.0,18,5.73,1424000.0,0
116100.0,19,7.16,11194000.0,0
11900.0,20,3.65,5837000.0,0
15800.0,20,5.24,2232000.0,0
39900.0,21,7.39,16325000.0,0
14200.0,7,20.99,7200000.0,0
6300.0,10,5.1,2017000.0,0
45800.0,10,4.27,3928000.0,0
63900.0,13,5.89,20040000.0,0
34700.0,17,2.61,1424000.0,0
34200.0,18,0.8,3619000.0,0
13300.0,14,1.25,3761000.0,0
16300.0,20,8.73,2504000.0,0
289400.0,10,22.8,4177000.0,0
7600.0,11,88.25,1969000.0,0
674800.0,18,4.6,2523000.0,1
27300.0,18,134.3,1602000.0,0
63700.0,12,2.8,7818000.0,0
17100.0,12,7.81,5036000.0,0
210800.0,22,3.86,12376000.0,0
341000.0,8,8.82,5022000.0,0
242000.0,19,1.54,5949000.0,0
96000.0,15,16.36,2326000.0,0
16100.0,14,0.57,2948000.0,0
2600.0,12,4.01,1825000.0,0
22600.0,6,6.97,1741000.0,0
37800.0,18,3.56,1645000.0,0
14500.0,12,30.14,1424000.0,0
25600.0,9,7.4,5016000.0,0
6500.0,20,9.05,1424000.0,0
15600.0,12,1.83,1993000.0,0
21200.0,9,10.52,1800000.0,0
6500.0,10,5.53,3402000.0,0
35500.0,7,7.34,2808000.0,0
18000.0,19,10.77,4432000.0,0
538200.0,11,0.44,8180000.0,0
7100.0,18,11.43,1863000.0,0
40800.0,16,6.8,3077000.0,0
27700.0,8,5.99,3359000.0,0
109000.0,9,48.25,4868000.0,0
18100.0,21,4.58,1456000.0,0
98600.0,13,9.12,2706000.0,0
8800.0,13,2.68,1424000.0,0
112500.0,11,3.7,4209000.0,0
21700.0,17,3.75,5338000.0,0
20100.0,12,3.39,4010000.0,0
23400.0,6,5.04,1808000.0,0
20800.0,6,13.16,3155000.0,0
84500.0,11,4.49,5603000.0,0
237500.0,22,3.16,16809000.0,0
7400.0,12,1.31,1628000.0,0
3000.0,12,2.26,1424000.0,0
52000.0,11,114.86,2030000.0,0
8700.0,19,3.55,1424000.0,0
8500.0,11,4.27,1424000.0,0
19200.0,17,42.74,1424000.0,0
50000.0,9,80.95,1536000.0,0
11800.0,15,5.8,2137000.0,0
40800.0,12,85.08,10396000.0,0
30900.0,8,3.38,1749000.0,0
52600.0,10,9.32,1877000.0,0
30000.0,18,3.28,3200000.0,0
100800.0,10,10.62,1424000.0,0
566300.0,17,8.58,31871000.0,0
15700.0,2,4.43,2110000.0,0
5700.0,17,10.38,1743000.0,0
19600.0,10,1.49,1424000.0,0
9530100.0,2,1664.36,10627000.0,1
36200.0,10,13.15,1582000.0,0
263300.0,16,79.99,9358000.0,0
5800.0,18,1.87,1902000.0,0
993800.0,13,5.82,15228000.0,0
39400.0,7,2.27,3240000.0,0
54900.0,12,4.49,4296000.0,0
15200.0,23,11.03,4414000.0,0
76500.0,9,4.26,1424000.0,0
28500.0,14,86.57,4690000.0,0
185900.0,0,4.73,15711000.0,0
23800.0,17,2.48,2137000.0,0
22800.0,18,5.19,1424000.0,0
336100.0,17,4.58,7812000.0,0
38600.0,18,2.45,1424000.0,0
13800.0,8,2.38,1424000.0,0
42100.0,19,4.21,4389000.0,0
101800.0,20,31.43,16944000.0,0
98500.0,21,8.77,12827000.0,0
15100.0,23,4.29,1538000.0,0
9100.0,11,362.17,2168000.0,1
39100.0,8,3.27,1424000.0,0
21100.0,9,3.09,1424000.0,0
48400.0,19,97.02,4936000.0,0
15400.0,21,1.86,1424000.0,0
30500.0,14,11.48,2180000.0,0
6300.0,8,117.1,1825000.0,0
199000.0,7,2.26,1994000.0,0
24900.0,17,3.46,1652000.0,0
61900.0,10,0.99,4679000.0,0
33900.0,20,7.1,1813000.0,0
1006900.0,19,5.89,9534000.0,0
349700.0,13,7.07,5465000.0,0
38300.0,18,5.9,4859000.0,0
89300.0,17,26.48,3283000.0,0
39400.0,19,6.55,5014000.0,0
19200.0,18,12.29,12164000.0,0
121900.0,6,4.47,3639000.0,0
39700.0,19,3.73,2690000.0,0
46200.0,12,5.55,1424000.0,0
17900.0,17,3.06,3282000.0,0
140000.0,17,4.15,2260000.0,0
2900.0,8,16.4,1424000.0,0
20200.0,0,29.11,1424000.0,0
14900.0,13,4.0,1424000.0,0
44800.0,16,103.42,4448000.0,0
186300.0,23,4.95,3255000.0,0
19900.0,9,4.74,1424000.0,0
17400.0,12,1.68,3835000.0,0
114400.0,13,1.56,4875000.0,0
34300.0,17,4.74,4665000.0,0
23000.0,10,12.27,7122000.0,0
117400.0,5,4.9,2232000.0,0
28100.0,16,4.12,5044000.0,0
56900.0,19,0.9,4588000.0,0
87900.0,10,2.51,4646000.0,0
72000.0,14,32.68,2816000.0,0
54000.0,10,124.56,1779000.0,0
22900.0,10,0.81,4247000.0,0
14300.0,21,791.17,2351000.0,0
11100.0,11,1.6,1424000.0,1
37300.0,13,18.53,4921000.0,0
51500.0,22,5.7,1424000.0,0
177200.0,21,1.06,2549000.0,0
64800.0,20,2.28,5568000.0,0
2812200.0,4,183.81,2000000.0,1
40500.0,18,87.57,3447000.0,0
832700.0,17,10.13,12919000.0,0
15929900.0,15,10.62,20583000.0,0
42500.0,16,1.37,2051000.0,0
82600.0,15,10.39,2857000.0,0
4800.0,19,2.89,1424000.0,0
36700.0,10,6.65,2175000.0,0
149500.0,14,2.63,1585000.0,0
272700.0,21,2.52,3123000.0,0
283000.0,21,16.62,14777000.0,0
80000.0,8,1.3,9470000.0,0
13300.0,14,6.78,3554000.0,0
37900.0,22,5.48,4603000.0,0
5400.0,19,3.0,1424000.0,0
118600.0,13,5.53,5003000.0,0
430600.0,13,9.1,6506000.0,0
38200.0,19,2.21,4006000.0,0
26900.0,12,9.79,2910000.0,0
1236500.0,20,2.38,21886000.0,0
8300.0,8,1.38,4436000.0,0
88000.0,21,1.21,2053000.0,0
30800.0,13,5.75,2571000.0,0
265400.0,18,7.93,8880000.0,0
26600.0,11,1.88,1600000.0,0
5100.0,19,18.18,1608000.0,0
16800.0,12,0.91,2381000.0,0
65900.0,16,0.99,5629000.0,0
39200.0,15,12.7,6027000.0,0
58300.0,11,68.39,1577000.0,0
35600.0,19,3.03,4506000.0,0
138800.0,11,0.62,5057000.0,0
82100.0,19,1.24,1424000.0,0
106700.0,17,55.04,11410000.0,0
10900.0,18,710.63,1614000.0,0
467300.0,13,62.03,6021000.0,0
42100.0,17,3.06,1430000.0,0
37300.0,11,8.65,4078000.0,0
177700.0,0,7.61,2405000.0,0
23300.0,21,14.62,3155000.0,0
30600.0,16,1.36,5888000.0,0
26300.0,20,3.11,5005000.0,0
107300.0,12,1.99,4879000.0,0
63200.0,22,2.86,3225000.0,0
394500.0,1,112.15,2754000.0,1
76900.0,15,4.01,12081000.0,0
43300.0,16,3.26,1424000.0,0
48700.0,7,35.8,1424000.0,0
23100.0,4,1.69,2994000.0,0
164800.0,10,3.52,3822000.0,0
141700.0,9,2.04,5771000.0,0
10000.0,14,2.43,1424000.0,0
19500.0,10,14.37,1984000.0,0
35500.0,7,6.73,4607000.0,0
65000.0,13,6.39,1687000.0,0
26700.0,19,2.88,3097000.0,0
25600.0,19,0.3,1424000.0,0
2800.0,18,5.5,1424000.0,0
69200.0,12,2.15,1424000.0,0
18700.0,13,0.74,2595000.0,0
2800.0,16,94.7,1424000.0,0
12100.0,21,1.51,1536000.0,0
12700.0,15,2.36,1531000.0,0
3000.0,1,1083.85,5523000.0,1
28600.0,11,45.03,1424000.0,0
23800.0,14,6.66,10068000.0,0
47800.0,16,58.21,7069000.0,0
34200.0,20,16.63,2137000.0,0
43000.0,20,3.72,1611000.0,0
28200.0,23,50.01,5721000.0,0
15100.0,23,5.29,6147000.0,0
2700.0,18,109.88,1424000.0,0
158400.0,23,4.72,3067000.0,0
3100.0,10,4.71,1650000.0,0
41400.0,20,5.89,5802000.0,0
11700.0,12,5.37,2677000.0,0
907800.0,10,10.07,1426000.0,0
38400.0,0,1.85,3871000.0,0
15100.0,18,140.4,1424000.0,0
62200.0,12,6.75,3987000.0,0
2993700.0,11,427.72,1424000.0,1
43900.0,12,2.37,5279000.0,0
8000.0,19,1.15,2975000.0,0
50300.0,13,134.66,2232000.0,0
51900.0,15,1.42,1424000.0,0
99700.0,0,14.61,3755000.0,0
23700.0,19,10.81,2358000.0,0
20400.0,10,4.51,3141000.0,0
278200.0,20,0.92,4940000.0,0
95100.0,16,73.7,9625000.0,0
33000.0,20,12.28,6011000.0,0
147200.0,13,1.52,5926000.0,0
8300.0,13,1.09,4054000.0,0
7800.0,1,2.13,1976000.0,0
117900.0,16,0.73,5991000.0,0
35900.0,12,1.73,1424000.0,0
9000.0,16,31.78,4728000.0,0
51600.0,5,1126.43,3498000.0,0
38800.0,15,0.67,1994000.0,0
3200.0,12,2.29,1424000.0,0
89700.0,20,28.72,1853000.0,0
4400.0,19,2.21,1424000.0,0
194000.0,18,4.27,5745000.0,0
9000.0,15,2.41,1424000.0,0
63400.0,11,3.56,5597000.0,0
3500.0,6,1.39,1480000.0,0
8600.0,14,132.26,1424000.0,0
21900.0,18,2.15,4605000.0,0
24700.0,17,65.86,2878000.0,0
8000.0,16,3.85,6492000.0,0
18200.0,20,2.35,1424000.0,0
5200.0,18,3.17,1972000.0,0
184900.0,13,2.24,9058000.0,0
229400.0,17,4.68,4175000.0,0
63600.0,20,0.47,2078000.0,0
121500.0,15,0.55,5982000.0,0
8800.0,20,4.28,1424000.0,0
5800.0,12,12.87,3538000.0,0
10400.0,19,13.87,1424000.0,0
65000.0,8,4.32,2444000.0,0
83500.0,10,2.52,6538000.0,0
261900.0,12,146.61,4109000.0,0
8700.0,11,3.71,3097000.0,0
7200.0,15,10.62,2577000.0,0
188100.0,8,4.42,5845000.0,0
22000.0,14,4.54,3893000.0,0
12100.0,10,8.16,1424000.0,0
2800.0,18,10.35,1424000.0,0
113600.0,17,8.96,13444000.0,0
33700.0,13,6.02,6084000.0,0
420300.0,17,24.31,19060000.0,0
29500.0,20,3.22,1424000.0,0
11300.0,21,2.02,1424000.0,0
45300.0,20,2.06,3200000.0,0
93100.0,19,137.05,2989000.0,0
36400.0,19,2.01,2265000.0,0
61400.0,15,8.66,4977000.0,0
12200.0,13,9.31,4793000.0,0
240500.0,13,1.14,6294000.0,0
12100.0,18,28.92,1424000.0,0
41100.0,10,2.2,6070000.0,0
23900.0,18,35.44,2549000.0,0
1635800.0,9,2.73,4895000.0,0
7100.0,16,849.9,2741000.0,0
9300.0,15,5.91,2516000.0,0
72600.0,19,9.05,1424000.0,0
12700.0,6,8.67,2810000.0,0
9400.0,16,16.21,1424000.0,0
73000.0,14,10.36,5163000.0,0
6800.0,9,5.14,4050000.0,0
51400.0,8,1.18,2110000.0,0
8100.0,11,2.11,11615000.0,0
32900.0,10,1.96,5056000.0,0
41600.0,14,0.75,3399000.0,0
8700.0,17,1.63,3088000.0,0
126000.0,19,2.17,9652000.0,0
591800.0,16,2.69,14494000.0,0
31500.0,18,11.67,5744000.0,0
21300.0,21,13.4,4029000.0,0
453700.0,16,47.78,15228000.0,0
487200.0,18,13.11,4066000.0,0
62800.0,17,4.58,9083000.0,0
22000.0,11,4.28,3283000.0,0
53000.0,12,1.93,9126000.0,0
90100.0,8,14.15,2763000.0,0
99200.0,14,0.99,3746000.0,0
57000.0,18,7.75,15211000.0,0
24100.0,18,7.16,5093000.0,0
36000.0,8,9.04,7792000.0,0
75700.0,14,11.53,3835000.0,0
9500.0,19,0.82,1678000.0,0
171900.0,0,3.36,3151000.0,0
5900.0,23,1.7,1424000.0,0
1800.0,6,5.73,1424000.0,0
35800.0,13,1.79,2131000.0,0
56000.0,13,3.22,6803000.0,0
30400.0,14,2.52,3534000.0,0
47200.0,17,3.32,4136000.0,0
38300.0,21,1.87,2571000.0,0
11600.0,20,5.06,1424000.0,0
53700.0,18,0.52,4177000.0,0
49000.0,16,8.79,3890000.0,0
32200.0,5,22.9,3106000.0,0
27100.0,20,3.26,1424000.0,0
241800.0,17,7.07,2180000.0,0
20100.0,10,8.24,3091000.0,0
135100.0,7,5.19,4008000.0,0
105500.0,21,3.19,5135000.0,0
260700.0,16,4.17,14074000.0,0
43200.0,11,2.34,8688000.0,0
25900.0,7,11.04,3887000.0,0
18200.0,11,3.25,1424000.0,0
5891100.0,2,240.34,5897000.0,1
37700.0,15,1.85,3455000.0,0
205300.0,12,28.74,10259000.0,0
41100.0,13,2.17,4496000.0,0
39300.0,17,7.12,1957000.0,0
53900.0,14,12.44,8285000.0,0
56300.0,7,6.33,4933000.0,0
64800.0,19,3.24,6177000.0,0
25300.0,12,2.0,3870000.0,0
20300.0,8,0.78,4090000.0,0
53600.0,7,2.68,1426000.0,0
140100.0,11,13.54,6221000.0,0
63100.0,10,3.21,4209000.0,0
39200.0,9,1.99,2241000.0,0
11600.0,22,2.64,3635000.0,0
12300.0,10,3.15,1490000.0,0
41400.0,17,7.22,1847000.0,0
2100.0,20,1.81,1424000.0,0
137400.0,7,3.97,6976000.0,0
36400.0,21,13.5,3402000.0,0
301700.0,19,5.39,8679000.0,0
20700.0,18,2.66,2572000.0,0
8400.0,19,0.93,2692000.0,0
25900.0,23,1.09,5526000.0,0
35600.0,20,1.78,1424000.0,0
69500.0,10,4.7,2013000.0,0
3800.0,11,12.03,2369000.0,0
135800.0,6,10.1,5911000.0,0
119800.0,12,4.17,7927000.0,0
43900.0,11,7.19,18965000.0,0
25800.0,17,4.73,2353000.0,0
199800.0,6,2.02,4006000.0,0
43400.0,19,2.01,6025000.0,0
22900.0,8,110.12,1424000.0,0
167600.0,19,10.14,3573000.0,0
56600.0,15,5.02,1424000.0,0
23300.0,7,1.3,1424000.0,0
187700.0,13,2.87,3776000.0,0
24600.0,10,7.68,1424000.0,0
10000.0,10,15.18,1424000.0,0
115400.0,13,4.25,5481000.0,0
28800.0,22,1.14,1424000.0,0
37800.0,19,4.93,1424000.0,0
18600.0,11,5.35,1957000.0,0
17600.0,10,119.86,1424000.0,0
79800.0,8,107.22,7622000.0,0
6100.0,20,73.66,1424000.0,0
24300.0,21,1.22,2870000.0,0
351300.0,13,1.12,4607000.0,0
29200.0,19,10.39,1424000.0,0
31600.0,15,6.68,7707000.0,0
45700.0,13,2.89,2800000.0,0
13000.0,8,4.95,1424000.0,0
25000.0,10,1.53,2511000.0,0
21900.0,11,6.51,4312000.0,0
30800.0,13,1.74,1424000.0,1
67800.0,7,3.92,2523000.0,0
283900.0,18,1.31,9552000.0,0
46300.0,20,0.71,12376000.0,0
243800.0,13,14.41,8753000.0,0
31700.0,12,2.22,9652000.0,0
50000.0,9,2.4,1424000.0,0
32500.0,8,8.62,1424000.0,0
19600.0,19,95.79,3099000.0,0
10800.0,8,4.72,2219000.0,0
37900.0,13,2.48,2890000.0,0
126300.0,21,7.96,5598000.0,0
1250300.0,17,2.67,1424000.0,0
40700.0,15,3.37,2052000.0,0
78800.0,18,1.39,6807000.0,0
204500.0,11,2.38,5190000.0,0
32600.0,10,12.25,3268000.0,0
45600.0,12,3.94,4308000.0,0
12100.0,21,2.6,6430000.0,0
47000.0,10,6.57,1825000.0,0
22500.0,14,3.18,2848000.0,0
294600.0,14,4.17,5372000.0,0
227700.0,7,4.96,2848000.0,0
10400.0,19,6.49,1424000.0,0
13100.0,14,1.67,3388000.0,0
13400.0,16,1.26,4075000.0,0
188700.0,18,38.38,3907000.0,0
98300.0,9,144.84,18363000.0,0
7900.0,14,9.45,1655000.0,0
13500.0,17,3.9,1424000.0,0
35900.0,20,119.45,3718000.0,0
94300.0,13,10.68,9534000.0,0
82100.0,14,2.94,5897000.0,0
31800.0,14,2.29,1424000.0,0
44400.0,12,7.76,6107000.0,0
9200.0,14,4.6,2512000.0,0
54200.0,22,0.14,7069000.0,0
2300.0,18,3.29,1424000.0,0
34700.0,9,1.14,2324000.0,0
152600.0,17,20.74,2099000.0,0
13400.0,23,2.12,1424000.0,0
14000.0,11,4.0,5659000.0,0
173800.0,22,87.36,4368000.0,0
61100.0,17,2.55,8331000.0,0
48300.0,20,16.48,9271000.0,0
69600.0,15,1013.21,4063000.0,0
13000.0,19,9.47,3011000.0,0
66500.0,22,5.51,3964000.0,0
15100.0,12,4.83,2405000.0,0
34200.0,11,33.13,2585000.0,0
260300.0,19,61.1,13390000.0,0
121500.0,13,3.37,6483000.0,0
128300.0,19,2.3,22795000.0,0
135500.0,15,13.27,8159000.0,0
136500.0,17,139.54,4254000.0,0
9500.0,15,3.68,1424000.0,0
5118600.0,17,6.25,4629000.0,0
138200.0,8,3.88,9670000.0,0
22600.0,19,3.59,1648000.0,0
57800.0,13,8.81,7024000.0,0
102600.0,18,7.78,9982000.0,0
17700.0,21,4.93,3496000.0,0
184900.0,12,3.07,2233000.0,0
228400.0,22,8.52,2888000.0,0
13600.0,14,3.79,1424000.0,0
1545000.0,15,2.36,17897000.0,0
159300.0,18,0.73,7023000.0,0
75900.0,18,3.34,4895000.0,0
504600.0,8,0.88,26035000.0,0
215000.0,12,3.3,6605000.0,0
1113400.0,19,215.57,2229000.0,1
61000.0,8,1.63,1662000.0,0
41600.0,11,2.63,1882000.0,0
15400.0,6,2.34,1424000.0,0
12500.0,18,11.86,2426000.0,0
10700.0,21,3.83,2330000.0,0
9900.0,12,5.51,1664000.0,0
336500.0,6,1.49,7928000.0,0
309400.0,12,2.26,4034000.0,0
246400.0,19,3.93,24054000.0,0
21100.0,14,1.13,1424000.0,0
103800.0,20,2.6,3963000.0,0
21100.0,14,10.26,16544000.0,0
39100.0,16,6.61,1886000.0,0
101900.0,13,1.61,7484000.0,0
19100.0,21,2.33,1424000.0,0
11600.0,18,0.43,3155000.0,0
305200.0,19,18.73,3561000.0,0
110100.0,11,17.85,1705000.0,0
201800.0,12,10.32,9987000.0,0
48100.0,15,2.48,4109000.0,0
7200.0,15,1.87,2130000.0,0
186300.0,12,11.64,6174000.0,0
64900.0,11,1.0,8033000.0,0
86900.0,13,40.91,4607000.0,0
20500.0,12,9.48,1424000.0,0
28700.0,15,9.95,1424000.0,0
49900.0,20,3.36,1424000.0,0
5800.0,11,52.83,1424000.0,0
3500.0,16,9.71,1887000.0,0
20500.0,11,3.64,1749000.0,0
55700.0,21,7.16,8251000.0,0
12700.0,18,4.6,1424000.0,0
147900.0,12,585.52,3332000.0,0
42100.0,18,2.78,2677000.0,0
88000.0,19,3.38,2079000.0,0
83000.0,13,5.31,3558000.0,0
189400.0,12,2.94,2444000.0,0
84700.0,10,0.96,2063000.0,0
235000.0,16,6.8,2402000.0,0
22900.0,8,1.13,2358000.0,0
13300.0,6,3.63,1424000.0,0
797400.0,12,36.39,1981000.0,1
25900.0,8,3.18,3240000.0,0
98900.0,11,5.88,10468000.0,0
13900.0,11,5.33,1424000.0,0
42000.0,22,1.1,5469000.0,0
528900.0,18,9.84,1652000.0,0
10700.0,22,3.3,1424000.0,0
72500.0,16,19.04,1889000.0,0
540900.0,16,2.28,4804000.0,0
33000.0,6,0.58,8142000.0,0
22900.0,17,5.67,2948000.0,0
251400.0,14,0.35,2991000.0,0
12200.0,15,9.83,2168000.0,0
57000.0,11,5.73,1585000.0,0
76500.0,13,9.48,3627000.0,0
45300.0,8,7.0,2232000.0,0
7000.0,1,71.71,1424000.0,0
71700.0,16,62.42,6430000.0,0
25800.0,19,66.08,1424000.0,0
31300.0,22,23.18,1585000.0,0
486800.0,20,3.64,12422000.0,0
27900.0,13,2.71,3641000.0,0
41300.0,10,11.27,2732000.0,0
20900.0,22,7.23,1424000.0,0
71700.0,19,3.22,4090000.0,0
25100.0,14,1.02,1433000.0,0
121700.0,14,0.68,6303000.0,0
26600.0,20,3.09,6331000.0,0
9500.0,19,1.39,2306000.0,0
47800.0,10,3.75,1572000.0,0
50600.0,12,7.38,4831000.0,0
272200.0,17,2.65,6729000.0,0
8800.0,8,7.61,1424000.0,0
75300.0,19,5.01,1760000.0,0
63100.0,11,5.65,3759000.0,0
204000.0,12,4.94,1891000.0,0
2106300.0,9,8.77,15618000.0,0
98600.0,13,0.38,20040000.0,0
31000.0,10,9.0,5837000.0,0
70300.0,9,26.53,3890000.0,0
26600.0,17,2.94,1424000.0,0
1594500.0,17,1.6,1424000.0,0
47500.0,21,2.35,3461000.0,0
3400.0,19,1.24,1705000.0,0
42500.0,12,0.77,2051000.0,0
36900.0,10,11.86,3759000.0,0
1440600.0,17,30.9,2994000.0,1
63000.0,0,4.97,7411000.0,0
100300.0,10,1.45,3057000.0,0
22100.0,10,4.05,1424000.0,0
44400.0,21,1.85,5911000.0,0
41100.0,20,5.66,4649000.0,0
12000.0,15,3.48,1470000.0,0
55200.0,8,4.96,28620000.0,0
45000.0,21,104.68,1424000.0,0
27300.0,13,306.57,2748000.0,0
299100.0,13,728.84,5721000.0,0
34700.0,16,3.87,1424000.0,0
16693700.0,19,592.83,12458000.0,1
3800.0,17,2.76,1424000.0,0
37800.0,22,1.88,3006000.0,0
28500.0,14,8.02,1524000.0,0
19200.0,12,1160.84,1424000.0,0
211600.0,19,12.62,3718000.0,0
439300.0,12,3.65,15762000.0,0
124900.0,17,5.79,10078000.0,0
290500.0,14,1.2,2400000.0,0
324300.0,15,3.33,4532000.0,0
3800.0,13,3.49,1424000.0,0
164700.0,20,56.26,4109000.0,0
77200.0,20,14.12,8159000.0,0
47400.0,12,1.09,2032000.0,0
24400.0,19,18.51,4163000.0,0
61400.0,19,1.26,1424000.0,0
428100.0,10,4.82,18155000.0,0
53700.0,9,6.58,5375000.0,0
49000.0,20,32.5,1424000.0,0
11200.0,21,3.34,1424000.0,0
122100.0,19,5.95,2059000.0,0
123800.0,10,4.52,3972000.0,0
45600.0,21,4.18,6492000.0,0
98700.0,22,4.19,1424000.0,0
20800.0,19,1.9,5523000.0,0
37900.0,15,1.91,4343000.0,0
99800.0,11,3.15,2690000.0,0
3000.0,19,5.63,1424000.0,0
32300.0,11,1.99,1537000.0,0
196700.0,18,690.14,8118000.0,0
13500.0,20,9.03,1424000.0,0
65300.0,21,1.44,3566000.0,0
16200.0,10,8.16,1821000.0,0
9000.0,16,1.93,1424000.0,0
205300.0,12,6.39,7665000.0,0
75400.0,20,1.54,4169000.0,0
91200.0,12,0.41,5953000.0,0
24300.0,8,16.0,2778000.0,0
12900.0,14,1.03,1719000.0,0
11800.0,14,2.48,1634000.0,0
73200.0,10,2.82,1470000.0,0
4263700.0,7,454.09,3032000.0,1
14100.0,11,3.8,1424000.0,0
13300.0,12,4.87,3034000.0,0
13800.0,19,8.38,1904000.0,0
21500.0,12,3.11,4467000.0,0
23900.0,19,2.03,2235000.0,0
22500.0,17,2.46,1496000.0,0
808500.0,8,1.22,8142000.0,0
6200.0,20,6.13,1648000.0,0
10900.0,13,5.08,2781000.0,0
291900.0,21,7.41,1424000.0,1
202100.0,19,7.04,3104000.0,0
220400.0,10,1.04,5985000.0,0
56500.0,16,2.76,2241000.0,0
93000.0,13,1.9,4959000.0,0
531900.0,11,0.15,43430000.0,0
144700.0,19,104.73,10417000.0,0
6000.0,7,2.18,4684000.0,0
443200.0,17,22.09,6729000.0,0
26500.0,20,2.75,2877000.0,0
90800.0,16,0.62,2050000.0,0
195200.0,20,142.98,10750000.0,0
41600.0,18,2.37,4297000.0,0
19400.0,8,2.81,3947000.0,0
227500.0,8,2.29,5706000.0,0
425800.0,19,10.98,9358000.0,0
12600.0,21,3.42,1853000.0,0
118100.0,20,2.71,4804000.0,0
65300.0,16,2.6,5764000.0,0
20500.0,13,4.83,2398000.0,0
54000.0,21,2.02,4073000.0,0
9900.0,13,3.33,1424000.0,0
20000.0,17,6.31,4911000.0,0
18200.0,21,29.85,2627000.0,0
2900.0,9,1.7,2727000.0,0
47000.0,15,6.68,5297000.0,0
141600.0,0,0.76,4630000.0,0
37100.0,10,16.0,2351000.0,0
134400.0,8,7.35,14156000.0,0
491900.0,10,12.87,1424000.0,0
3200.0,2,1767.63,4008000.0,1
63000.0,13,1.33,1975000.0,0
17300.0,22,2.82,2103000.0,0
8900.0,13,3.19,1424000.0,0
25100.0,12,8.79,1424000.0,0
80700.0,20,87.62,8672000.0,0
49100.0,14,0.58,3106000.0,0
58200.0,13,8.58,3398000.0,0
87900.0,16,1.22,6431000.0,0
69400.0,12,3.05,4958000.0,0
42400.0,13,4.37,3210000.0,0
19200.0,14,14.91,2235000.0,0
29100.0,15,15.45,1967000.0,0
188300.0,15,3.42,7500000.0,0
449900.0,19,2.84,4167000.0,0
10000.0,19,2.07,1664000.0,0
111700.0,16,6.72,1424000.0,0
56200.0,11,3.65,1424000.0,0
19300.0,16,6.0,3428000.0,0
76200.0,14,1.24,1731000.0,0
69100.0,20,2.03,25299000.0,0
35300.0,12,2.56,2156000.0,0
25900.0,23,123.29,4268000.0,0
11000.0,12,3.3,1424000.0,0
15400.0,17,31.2,2688000.0,0
17400.0,18,9.79,1424000.0,0
99800.0,14,5.94,1424000.0,0
12000.0,11,7.91,1680000.0,0
4700.0,19,6.19,2961000.0,0
28800.0,12,2.27,3011000.0,0
70400.0,17,2.05,1424000.0,0
5500.0,10,3.84,1707000.0,0
36100.0,20,3.62,10342000.0,0
47300.0,13,0.82,8509000.0,0
32100.0,23,3.29,2116000.0,0
31000.0,20,9.6,5588000.0,0
275500.0,4,4.51,4638000.0,0
144900.0,15,10.28,5802000.0,0
124200.0,12,6.89,5840000.0,0
46800.0,13,3.98,10396000.0,0
27200.0,17,3.43,3606000.0,0
34600.0,22,5.47,6889000.0,0
65700.0,18,1.55,1424000.0,0
66600.0,11,19.29,1424000.0,0
9000.0,17,7.68,2528000.0,0
57000.0,19,9.83,5745000.0,0
15100.0,9,5.04,2337000.0,0
45900.0,19,2.01,4090000.0,0
391200.0,20,2.2,15963000.0,0
52500.0,12,5.01,4496000.0,0
33800.0,17,6.27,2948000.0,0
58200.0,16,3.98,4947000.0,0
151400.0,17,1.21,26494000.0,0
159200.0,6,2.7,4911000.0,0
22300.0,21,2.0,2232000.0,0
40800.0,16,13.91,2748000.0,0
10900.0,15,2.99,1424000.0,0
44300.0,20,1.44,6076000.0,0
33000.0,11,4.92,5326000.0,0
2400.0,10,2.07,1910000.0,0
127300.0,14,3.95,4477000.0,0
119200.0,18,8.94,8180000.0,0
81300.0,20,1.91,4478000.0,0
49800.0,19,0.83,2381000.0,0
105900.0,11,2.97,4715000.0,0
10900.0,11,0.66,1855000.0,0
18200.0,21,27.34,2549000.0,0
118200.0,22,47.07,9126000.0,0
1900.0,14,8.5,1424000.0,0
987000.0,9,2.18,29117000.0,0
76900.0,17,1.67,3594000.0,0
15800.0,15,3.5,3627000.0,0
17400.0,12,0.45,1877000.0,0
39400.0,20,6.78,4669000.0,0
108600.0,21,14.75,1981000.0,0
68600.0,1,13.94,9390000.0,0
85400.0,9,8.42,1424000.0,0
14000.0,17,0.82,2369000.0,0
269600.0,18,3.89,15722000.0,0
74400.0,6,13.18,2697000.0,0
37600.0,16,8.28,1612000.0,0
42800.0,21,141.54,1424000.0,0
17800.0,11,2.08,6430000.0,0
7000.0,17,18.05,2717000.0,0
31700.0,15,2.73,1424000.0,0
31500.0,10,748.8,3135000.0,0
17900.0,7,0.98,6159000.0,0
28700.0,18,5.92,1587000.0,0
4600.0,20,0.88,3548000.0,0
206600.0,17,110.55,9640000.0,0
21400.0,13,6.19,7200000.0,0
10000.0,16,2.86,1424000.0,0
20200.0,9,1.58,1424000.0,0
62100.0,19,1.87,3889000.0,0
9300.0,9,2.73,2598000.0,0
493800.0,10,3.34,4773000.0,0
320300.0,16,3.43,14562000.0,0
149300.0,20,5.61,4831000.0,0
41500.0,6,5.29,5597000.0,0
26100.0,15,1.81,2418000.0,0
1002300.0,21,21.04,2400000.0,0
52000.0,5,6.69,2861000.0,0
29200.0,9,7.25,18199000.0,0
36400.0,13,6.03,3386000.0,0
121700.0,22,1.1,14761000.0,0
48300.0,20,2.9,1684000.0,0
41200.0,12,90.06,4868000.0,0
2800.0,7,11.77,1424000.0,0
474200.0,21,0.73,4239000.0,0
159400.0,11,19.36,10430000.0,0
85400.0,12,8.21,1424000.0,0
46700.0,18,2.2,4693000.0,0
11900.0,11,1140.49,2068000.0,0
86400.0,15,8.39,8634000.0,0
122700.0,17,10.22,5495000.0,0
103200.0,21,2.03,4577000.0,0
47600.0,19,1.85,14761000.0,0
124600.0,15,5.19,3254000.0,0
57900.0,7,3.52,2861000.0,0
6500.0,9,1.58,1424000.0,0
25300.0,16,2.84,1424000.0,0
55100.0,19,1.1,8571000.0,0
22000.0,17,95.84,2997000.0,0
29500.0,21,20.58,4417000.0,0
9500.0,20,5.53,1727000.0,0
2800.0,15,872.04,9188000.0,1
52000.0,13,2.43,3603000.0,0
3300.0,19,12.21,2632000.0,0
11600.0,20,513.44,1424000.0,0
127900.0,8,6.83,24525000.0,0
58600.0,17,16.71,1424000.0,0
33800.0,19,3.35,1424000.0,0
15100.0,1,1.58,1424000.0,0
19700.0,17,3.98,3330000.0,0
25200.0,20,2.85,7484000.0,0
136000.0,11,9.23,1424000.0,0
89700.0,22,2.0,5182000.0,0
168800.0,18,4.92,2358000.0,0
29100.0,20,4.93,3104000.0,0
41900.0,22,65.68,4223000.0,0
151900.0,16,1.13,4304000.0,0
399200.0,13,3.24,7702000.0,0
109700.0,19,1.25,4882000.0,0
19300.0,8,14.35,2543000.0,0
10800.0,20,3.53,1424000.0,0
93500.0,17,291.23,10592000.0,0
295700.0,11,3.69,10380000.0,0
3700.0,19,2.8,1424000.0,0
57600.0,17,0.8,7894000.0,0
3800.0,8,14.82,1424000.0,0
39100.0,15,5.65,2480000.0,0
2376100.0,17,12.48,5484000.0,0
12372500.0,17,25.87,18187000.0,0
54700.0,16,3.64,3897000.0,0
3200.0,20,0.85,1424000.0,0
32200.0,20,1.71,3608000.0,0
87100.0,15,1.25,2605000.0,0
6200.0,8,19.56,3891000.0,0
414300.0,14,4.08,8060000.0,0
27500.0,20,5.62,2589000.0,0
198900.0,8,1.57,9188000.0,0
117100.0,10,1.8,5469000.0,0
65300.0,9,3.36,12434000.0,0
28600.0,7,3.97,3386000.0,0
44700.0,22,2.01,2920000.0,0
25000.0,11,9.52,2609000.0,0
199000.0,14,5.95,6037000.0,0
9800.0,15,38.54,1749000.0,0
96700.0,22,3.89,2840000.0,0
681400.0,9,5.45,1995000.0,0
717400.0,22,6.36,2088000.0,0
9100.0,17,5.9,3421000.0,0
12000.0,8,3.53,11368000.0,0
300700.0,12,4.13,2777000.0,0
32600.0,18,18.04,1731000.0,0
88500.0,13,5.9,10468000.0,0
153700.0,15,18.25,2078000.0,0
5200.0,21,7.95,1459000.0,0
25100.0,13,2.27,1424000.0,0
9400.0,22,5.93,1424000.0,0
137600.0,9,4.81,1687000.0,0
15100.0,8,11.5,1424000.0,0
7400.0,10,2.77,3102000.0,0
180900.0,10,3.54,11347000.0,0
23300.0,20,4.74,4124000.0,0
5300.0,13,8.02,1731000.0,0
279600.0,20,4.69,12081000.0,0
227700.0,8,4.18,11522000.0,0
24400.0,10,10.78,4774000.0,0
13100.0,5,11.39,1424000.0,0
430100.0,10,99.56,11746000.0,0
12000.0,7,19.48,1514000.0,0
7400.0,20,9.99,1424000.0,0
18400.0,20,0.71,1424000.0,0
13200.0,13,3.63,2997000.0,0
77500.0,18,22.95,4718000.0,0
87900.0,21,2.69,14562000.0,0
899300.0,10,2.79,1424000.0,0
84200.0,21,6.09,4064000.0,0
10300.0,23,20.47,1424000.0,0
31500.0,22,1.14,1432000.0,0
89500.0,7,95.7,2379000.0,0
565700.0,14,4.85,17897000.0,0
34900.0,16,10.23,1652000.0,0
173800.0,10,3.28,4842000.0,0
11600.0,20,4.91,1424000.0,0
3500.0,16,1.77,1424000.0,0
13600.0,13,1.85,1424000.0,0
14700.0,23,10.13,1749000.0,0
11000.0,11,4.94,1424000.0,0
33100.0,7,869.83,1554000.0,0
32800.0,11,1.12,1424000.0,0
45100.0,11,7.84,3811000.0,0
62100.0,16,6.19,12190000.0,0
31200.0,19,4.75,4192000.0,0
54200.0,21,88.56,1424000.0,0
114600.0,21,5.36,3121000.0,0
5300.0,19,113.61,1424000.0,0
77600.0,17,7.02,13390000.0,0
72100.0,12,3.77,2224000.0,0
70500.0,14,0.93,4768000.0,0
36000.0,12,10.63,5000000.0,0
38000.0,14,31.57,5457000.0,0
23400.0,20,4.07,1424000.0,0
63800.0,22,15.1,1509000.0,0
6600.0,18,5.04,1424000.0,0
80600.0,14,14.4,1424000.0,0
43400.0,6,1.15,3020000.0,0
18600.0,22,305.52,9666000.0,0
17300.0,9,8.58,1816000.0,0
598000.0,11,4.27,8390000.0,0
8044200.0,19,11.51,8370000.0,0
51200.0,21,1.71,3334000.0,0
33100.0,16,6.4,4066000.0,0
55100.0,15,1.42,2131000.0,0
32400.0,15,15.42,5568000.0,0
34000.0,18,3.09,2654000.0,0
63900.0,20,1392.07,4918000.0,0
13900.0,16,68.55,1978000.0,0
158100.0,22,14.39,26035000.0,0
28200.0,20,1.79,4389000.0,0
11900.0,10,12.9,1424000.0,0
111200.0,10,5.45,2763000.0,0
39100.0,15,3.93,6174000.0,0
10100.0,19,3.41,4535000.0,0
238800.0,12,4.13,3067000.0,0
103900.0,11,1.33,5374000.0,0
23000.0,13,1.39,5016000.0,0
114300.0,16,1.96,2802000.0,0
148600.0,7,2.62,8331000.0,0
38500.0,22,102.76,5732000.0,0
29000.0,11,2.77,1424000.0,0
17600.0,21,5.48,1424000.0,0
3600.0,20,51.69,2059000.0,0
13300.0,19,4.51,2810000.0,0
19900.0,18,2.13,3302000.0,0
46900.0,19,1.99,3308000.0,0
20000.0,12,2.76,4841000.0,0
12900.0,11,13.66,1495000.0,0
305800.0,15,2.03,12258000.0,0
33900.0,10,11.38,1994000.0,0
5200.0,17,0.89,1424000.0,0
9800.0,16,6.56,3527000.0,0
190300.0,20,20.64,12359000.0,0
81200.0,11,6.89,5985000.0,0
28100.0,11,2.98,1612000.0,0
14700.0,13,2.77,3471000.0,0
29100.0,19,2.97,8142000.0,0
26100.0,20,5.6,3359000.0,0
3900.0,13,1.74,2250000.0,0
35600.0,17,0.65,1424000.0,0
95300.0,11,4.95,5057000.0,0
4400.0,20,18.04,1736000.0,0
4900.0,23,19.87,1424000.0,0
215100.0,9,0.44,14562000.0,0
55300.0,17,6.06,7297000.0,0
111000.0,8,5.3,1424000.0,0
19000.0,12,12.43,2369000.0,0
68600.0,16,1.11,6483000.0,0
33900.0,23,1.39,4034000.0,0
70900.0,17,4.78,1757000.0,0
277400.0,7,7.18,8142000.0,0
16000.0,16,6.06,3534000.0,0
198800.0,10,4.55,6430000.0,0
21000.0,18,3.26,1514000.0,0
99100.0,12,9.18,1687000.0,0
152700.0,18,3.14,6538000.0,0
10700.0,11,1.0,3003000.0,0
353300.0,8,15.3,9606000.0,0
136100.0,16,2.81,3367000.0,0
335900.0,7,2.73,3577000.0,0
88100.0,19,14.84,1424000.0,0
2921000.0,18,192.65,2093000.0,1
12000.0,19,3.46,2350000.0,0
28200.0,21,10.37,1424000.0,0
17000.0,11,1.43,3676000.0,0
14700.0,9,3.2,1519000.0,0
221700.0,16,12.35,6672000.0,0
698000.0,13,2.88,17276000.0,0
103400.0,12,2.84,11410000.0,0
36800.0,18,9.99,2877000.0,0
16900.0,16,560.92,1424000.0,0
16300.0,11,7.55,3985000.0,0
277800.0,9,29.83,11029000.0,0
2300.0,18,5.86,3266000.0,0
124400.0,15,26.5,14562000.0,0
202000.0,19,1.1,16397000.0,0
27811000.0,5,496.61,14363000.0,1
28000.0,12,16.85,3725000.0,0
25800.0,13,10.02,2048000.0,0
18200.0,19,58.07,2268000.0,0
14700.0,22,4.9,5054000.0,0
58300.0,13,2.82,7811000.0,0
24900.0,13,36.05,1806000.0,0
7500.0,14,4.17,1424000.0,0
126900.0,15,5.3,10723000.0,0
278800.0,19,0.82,6960000.0,0
46200.0,12,2.9,1611000.0,0
31900.0,16,1.75,2917000.0,0
135800.0,12,11.68,6294000.0,0
127800.0,19,5.4,5399000.0,0
456400.0,15,0.71,4679000.0,0
50100.0,19,1.09,8285000.0,0
23600.0,13,6.39,2719000.0,0
82700.0,12,0.71,5510000.0,0
66700.0,12,2.3,1424000.0,0
28900.0,12,15.36,5136000.0,0
3290500.0,3,40.59,1424000.0,1
16600.0,11,19.34,2741000.0,0
57900.0,15,6.46,2154000.0,0
5000.0,13,463.76,1424000.0,0
34000.0,15,4.92,4177000.0,0
33600.0,15,3.74,1424000.0,0
263500.0,17,3.12,13810000.0,0
71700.0,19,2.72,6955000.0,0
40400.0,13,2.73,2275000.0,0
174200.0,18,23.42,1993000.0,0
79700.0,11,1.98,4193000.0,0
360200.0,18,2.36,5375000.0,0
72500.0,14,9.88,1806000.0,0
14500.0,21,136.89,2692000.0,0
162100.0,19,3.1,4432000.0,0
24300.0,18,2.03,2168000.0,0
9300.0,14,1.91,2187000.0,0
6700.0,15,1.56,1424000.0,0
9600.0,19,14.72,1664000.0,0
17500.0,12,7.0,3135000.0,0
95300.0,16,2.32,2233000.0,0
284800.0,12,107.14,11916000.0,0
488200.0,18,2.8,7680000.0,0
76600.0,7,1179.0,5015000.0,0
155300.0,20,7.44,3193000.0,0
7300.0,11,20.99,1424000.0,0
14800.0,17,24.75,2271000.0,0
352400.0,10,6.03,15618000.0,0
21100.0,13,5.58,1994000.0,0
19400.0,19,5.07,1612000.0,0
10500.0,11,0.66,1533000.0,0
31600.0,13,13.62,2369000.0,0
53900.0,8,0.96,6203000.0,0
161100.0,8,2.35,5949000.0,0
27900.0,13,1.37,1514000.0,0
12300.0,12,8.05,3893000.0,0
1555900.0,19,4.76,1490000.0,0
42200.0,12,2.59,3971000.0,0
15700.0,17,3.87,2888000.0,0
14100.0,14,4.73,1424000.0,0
28100.0,10,2.97,12359000.0,0
79600.0,23,8.17,6603000.0,0
76000.0,19,3.23,5559000.0,0
22700.0,20,5.84,3663000.0,0
96700.0,19,6.28,4392000.0,0
193600.0,19,3.79,3210000.0,0
128300.0,7,4.36,3591000.0,0
55500.0,21,3.64,1424000.0,0
108200.0,7,3.31,5162000.0,0
54900.0,23,2.57,1424000.0,0
127600.0,6,2.67,6450000.0,0
57100.0,15,3.01,1896000.0,0
370100.0,9,2.53,20583000.0,0
31500.0,13,9.09,1424000.0,0
273600.0,16,2.1,17276000.0,0
12400.0,16,131.94,1424000.0,0
28800.0,11,3.24,1727000.0,0
25600.0,8,1.73,2656000.0,0
116200.0,11,4.2,3971000.0,0
34400.0,11,5.81,2938000.0,0
25900.0,20,9.37,7371000.0,0
102100.0,18,1181.8,3175000.0,0
69400.0,11,1.12,3141000.0,0
107700.0,15,65.55,1424000.0,0
45200.0,18,2.99,4974000.0,0
43600.0,21,4.24,1647000.0,0
188800.0,10,3.45,4311000.0,0
13800.0,18,8.81,3438000.0,0
50100.0,20,8.74,2365000.0,0
4700.0,14,11.53,1618000.0,0
887800.0,16,6.33,3823000.0,0
19900.0,13,14.41,3152000.0,0
20500.0,13,4.34,1424000.0,0
49000.0,22,8.48,4760000.0,0
53000.0,23,2.23,3787000.0,0
56600.0,21,2.88,6716000.0,0
154900.0,14,1.3,4690000.0,0
154800.0,14,13.46,3099000.0,0
5900.0,23,2.3,1456000.0,0
53100.0,16,1.27,3034000.0,0
26300.0,16,19.34,2698000.0,0
17400.0,19,79.16,2309000.0,0
27000.0,20,10.52,2568000.0,0
79200.0,6,5.44,12091000.0,0
48500.0,15,12.3,3299000.0,0
112200.0,14,3.82,8009000.0,0
6400.0,13,12.25,1424000.0,0
1041000.0,10,1.3,3648000.0,0
33100.0,17,3.69,1772000.0,0
5251400.0,12,361.51,5978000.0,1
180500.0,15,3.95,4588000.0,0
50500.0,14,10.78,3336000.0,0
16700.0,7,1.29,1424000.0,0
86400.0,10,1.28,8390000.0,0
223900.0,20,3.38,7812000.0,0
381100.0,9,25.25,2235000.0,0
8600.0,13,1.25,1424000.0,0
71000.0,20,5.33,2684000.0,0
2800.0,0,0.92,1424000.0,0
194100.0,21,8.16,10224000.0,0
29200.0,10,1.52,8113000.0,0
30500.0,17,5.14,1678000.0,0
122000.0,21,16.72,6202000.0,0
1719100.0,18,4.26,11826000.0,0
12800.0,15,0.49,3971000.0,0
14400.0,17,11.21,1424000.0,0
829400.0,12,10.79,15623000.0,0
23500.0,10,1.75,14888000.0,0
14600.0,21,264.25,1424000.0,1
33900.0,13,17.56,2765000.0,0
17600.0,17,14.02,1428000.0,0
40500.0,19,1.31,2445000.0,0
98200.0,18,1078.32,6939000.0,0
85400.0,12,1.68,2807000.0,0
1149900.0,5,196.69,2132000.0,1
136400.0,10,6.0,2205000.0,0
216800.0,15,2.57,2268000.0,0
23700.0,10,7.62,1457000.0,0
243600.0,12,0.6,12913000.0,0
88900.0,14,5.95,2883000.0,0
42100.0,12,10.36,1424000.0,0
79600.0,15,2.57,3841000.0,0
18100.0,14,3.64,1968000.0,0
173100.0,18,72.32,2014000.0,0
21600.0,21,2.68,3224000.0,0
22300.0,17,35.8,4539000.0,0
8400.0,17,1.22,2235000.0,0
2800.0,23,3.37,1991000.0,0
2139600.0,15,11.01,3334000.0,0
91500.0,14,2.21,11916000.0,0
42800.0,9,21.19,2369000.0,0
78600.0,17,9.38,4449000.0,0
127000.0,7,0.63,3377000.0,0
27400.0,18,3.56,5279000.0,0
86500.0,16,3.5,12913000.0,0
55800.0,12,10.86,7894000.0,0
278800.0,18,5.03,13930000.0,0
8100.0,22,9.44,2690000.0,0
47600.0,18,7.22,2881000.0,0
68400.0,10,7.01,4308000.0,0
329400.0,12,4.23,21386000.0,0
32600.0,12,8.46,1424000.0,0
56300.0,9,2.77,2219000.0,0
112100.0,11,2.7,9895000.0,0
51000.0,21,1.68,1734000.0,0
10600.0,10,104.65,1424000.0,0
48900.0,23,1092.14,1424000.0,0
36500.0,13,4.3,1424000.0,0
13400.0,14,5.77,1459000.0,0
13000.0,8,4.26,1835000.0,0
7500.0,8,28.53,1652000.0,0
570200.0,17,3.59,6021000.0,0
48500.0,11,2.57,1994000.0,0
3592900.0,19,1.62,3461000.0,0
3938700.0,12,2.52,4253000.0,0
57400.0,10,6.52,2927000.0,0
27300.0,17,6.28,2445000.0,0
77600.0,8,8.47,2206000.0,0
56600.0,10,21.23,1424000.0,0
44900.0,17,4.46,2224000.0,0
64200.0,21,4.52,21886000.0,0
34600.0,13,3.35,3155000.0,0
65600.0,21,2.55,2641000.0,0
55600.0,10,25.91,4068000.0,0
118700.0,15,0.78,16831000.0,0
15800.0,15,2.46,2219000.0,0
17100.0,8,91.7,1424000.0,0
41500.0,19,1.17,2228000.0,0
115700.0,16,117.32,7875000.0,0
23800.0,9,29.48,2568000.0,0
25800.0,19,1232.58,1741000.0,0
82500.0,14,10.04,2697000.0,0
24200.0,9,8.86,4270000.0,0
61400.0,23,82.56,6842000.0,0
11100.0,15,1.78,2033000.0,0
107900.0,18,4.11,10915000.0,0
164700.0,0,21.67,7435000.0,0
31600.0,19,13.55,3726000.0,0
22600.0,18,4.1,3236000.0,0
15400.0,9,3.5,2875000.0,0
46700.0,19,1.37,1939000.0,0
47800.0,15,10.15,4832000.0,0
98600.0,23,3.33,9625000.0,0
248600.0,14,29.19,2421000.0,1
2700.0,18,1.27,1757000.0,0
151300.0,14,3.26,7104000.0,0
8200.0,17,1.28,2982000.0,0
16000.0,13,0.9,1424000.0,0
16700.0,8,2.85,3822000.0,0
2600.0,12,4.08,1424000.0,0
37500.0,19,2.76,4432000.0,0
37400.0,10,6.67,1476000.0,0
11400.0,12,3.16,3295000.0,0
843700.0,23,8.14,1424000.0,1
7400.0,17,33.36,2398000.0,0
580500.0,19,6.34,1424000.0,0
112300.0,8,10.46,2504000.0,0
85400.0,15,0.91,5597000.0,0
19800.0,18,1.48,1424000.0,0
35600.0,19,5.13,1424000.0,0
114400.0,9,3.57,3225000.0,0
225100.0,18,5.67,5191000.0,0
140900.0,9,1.17,1424000.0,0
305800.0,20,119.98,3720000.0,0
85500.0,11,3.03,5965000.0,0
39700.0,16,3.77,4268000.0,0
19400.0,9,3.46,2135000.0,0
18000.0,20,1.34,1618000.0,0
18400.0,20,140.92,2271000.0,0
7800.0,23,94.33,4136000.0,0
85400.0,7,6.03,5902000.0,0
137700.0,15,955.7,9126000.0,0
795300.0,20,3.77,14562000.0,0
282700.0,10,18.4,4177000.0,0
33000.0,22,5.01,3489000.0,0
6700.0,10,5.19,3965000.0,0
18700.0,18,9.4,3088000.0,0
36400.0,14,7.99,3746000.0,0
41800.0,14,6.85,1616000.0,0
105300.0,12,4.97,5472000.0,0
6400.0,6,0.34,1471000.0,0
21600.0,8,21.06,3948000.0,0
28400.0,14,2.97,4521000.0,0
19700.0,0,4.72,1877000.0,0
34700.0,5,16.36,1424000.0,0
7300.0,18,12.54,1687000.0,0
33800.0,11,7.34,6147000.0,0
22100.0,11,5.83,1424000.0,0
13000.0,19,33.96,2910000.0,0
51900.0,13,8.61,2504000.0,0
522200.0,1,311.96,4947000.0,0
39500.0,19,9.22,1509000.0,0
87200.0,10,1.34,4368000.0,0
89500.0,1,3.14,4252000.0,0
38900.0,10,5.47,1716000.0,0
102900.0,18,24.68,3254000.0,0
28200.0,19,1.0,1678000.0,0
12000.0,16,1.69,1424000.0,0
180100.0,20,10.26,6240000.0,0
52600.0,17,3.92,2104000.0,0
76000.0,15,1.1,3011000.0,0
471400.0,21,7.39,2989000.0,0
454300.0,19,2.4,14603000.0,0
20800.0,19,13.26,5054000.0,0
4200.0,17,4.89,1424000.0,0
127000.0,13,0.9,4233000.0,0
102100.0,12,134.84,3633000.0,0
44100.0,22,2.8,3155000.0,0
518600.0,17,1.46,18363000.0,0
301200.0,15,4.33,38629000.0,0
38400.0,11,1.33,1572000.0,0
133500.0,10,3.72,1788000.0,0
3407100.0,14,22.49,3750000.0,0
19800.0,16,5.31,1424000.0,0
46500.0,11,6.12,4192000.0,0
26100.0,19,4.0,1424000.0,0
243700.0,21,3.13,7106000.0,0
15700.0,8,2.86,3809000.0,0
230800.0,11,1.5,6939000.0,0
15600.0,10,3.02,4090000.0,0
7400.0,19,96.12,2392000.0,0
26800.0,17,54.99,2595000.0,0
853500.0,16,0.91,15553000.0,0
54000.0,4,2.46,2611000.0,0
303100.0,18,4.17,4432000.0,0
344200.0,15,1.14,13121000.0,0
150500.0,15,0.37,5057000.0,0
20700.0,16,1.23,3555000.0,0
10100.0,15,11.65,1424000.0,0
43200.0,20,7.61,10209000.0,0
56700.0,11,4.76,9821000.0,0
25000.0,12,1.85,3947000.0,0
115100.0,18,8.0,1797000.0,0
332700.0,12,7.02,10366000.0,0
33100.0,11,668.57,3517000.0,0
64900.0,14,2.92,8331000.0,0
11400.0,22,1.27,2265000.0,0
58500.0,6,7.13,3555000.0,0
22100.0,14,2.82,2110000.0,0
39600.0,22,1.94,2022000.0,0
23100.0,17,1045.03,1424000.0,0
100100.0,14,15.91,7464000.0,0
306600.0,16,2.53,7795000.0,0
41100.0,8,1.31,2059000.0,0
60200.0,9,1.45,3406000.0,0
83100.0,20,4.54,2994000.0,0
90400.0,18,7.55,1424000.0,0
17500.0,4,2.31,2033000.0,0
51900.0,6,3.02,3542000.0,0
5100.0,12,1.42,1424000.0,0
9700.0,10,5.5,2132000.0,0
39600.0,15,15.3,4029000.0,0
10600.0,11,4.57,1433000.0,0
220100.0,20,7.49,2286000.0,0
276400.0,16,13.32,11522000.0,0
51000.0,13,1066.43,11297000.0,0
6500.0,12,5.07,1716000.0,0
67600.0,10,2.13,5374000.0,0
66500.0,1,3.35,5003000.0,0
15700.0,13,110.14,7208000.0,0
73500.0,10,35.12,2997000.0,1
23300.0,21,1.41,2577000.0,0
27100.0,16,88.89,4066000.0,0
42500.0,11,3.36,6455000.0,0
272700.0,21,1.02,14916000.0,0
56000.0,13,10.68,3755000.0,0
84900.0,15,3.32,1424000.0,0
88200.0,16,5.26,11297000.0,0
441500.0,15,4.97,4532000.0,0
21200.0,15,4.59,1424000.0,0
124600.0,20,81.4,5481000.0,0
41500.0,9,4.03,1798000.0,0
50900.0,7,1.41,5131000.0,0
16900.0,12,0.61,2232000.0,0
221700.0,21,3.41,6533000.0,0
89700.0,14,5.81,5372000.0,0
89400.0,13,77.5,1693000.0,0
3200.0,10,81.01,1424000.0,0
57200.0,11,1.91,8055000.0,0
13800.0,8,2.73,2180000.0,0
64200.0,16,8.09,4543000.0,0
71900.0,17,4.98,6079000.0,0
57900.0,18,2.26,5273000.0,0
11100.0,18,11.69,3720000.0,0
62100.0,19,8.54,5523000.0,0
11900.0,20,0.71,3107000.0,0
9400.0,15,1.62,1424000.0,0
8060400.0,2,146.67,6433000.0,1
127400.0,11,59.92,5794000.0,0
121000.0,11,2.59,3555000.0,0
5900.0,12,0.57,3937000.0,0
21000.0,19,5.62,1765000.0,0
54100.0,21,4.28,2855000.0,0
10700.0,12,3.91,1424000.0,0
14700.0,20,21.6,1424000.0,0
184900.0,15,1.97,4116000.0,0
87000.0,18,95.87,6966000.0,0
162400.0,15,3.71,2286000.0,0
68300.0,16,72.71,1424000.0,0
8800.0,20,1.88,2009000.0,0
118100.0,22,0.94,6483000.0,0
4300.0,18,13.67,4449000.0,0
277900.0,16,1.6,5076000.0,0
8400.0,19,0.8,1424000.0,0
6200.0,7,2.38,2988000.0,0
131500.0,17,16.38,3910000.0,0
883400.0,18,2.32,11916000.0,0
15700.0,8,5.62,3337000.0,0
13900.0,15,4.83,1424000.0,0
116500.0,10,11.66,1424000.0,0
30000.0,8,2.43,2051000.0,0
125200.0,12,1.31,16944000.0,0
154600.0,17,11.42,2924000.0,0
23100.0,15,6.79,1424000.0,0
605500.0,13,2.14,16654000.0,0
14300.0,7,4.37,1424000.0,0
71000.0,13,3.4,3753000.0,0
1847000.0,15,3.14,17107000.0,0
39500.0,12,3.27,4064000.0,0
72200.0,18,8.66,4879000.0,0
195500.0,15,0.58,7500000.0,0
11700.0,13,0.82,2779000.0,0
13100.0,17,7.13,1424000.0,0
167700.0,9,6.95,4360000.0,0
4000.0,11,958.21,2068000.0,1
14300.0,19,2.12,1852000.0,0
53900.0,11,1.04,4184000.0,0
33800.0,18,2.67,2972000.0,0
26600.0,17,4.26,4253000.0,0
102900.0,18,114.51,11496000.0,0
70700.0,14,1.66,2543000.0,0
20300.0,9,126.85,1424000.0,0
90500.0,23,20.17,2778000.0,0
59800.0,17,2.54,2235000.0,0
2450200.0,3,140.6,4184000.0,1
24300.0,13,2.08,1424000.0,0
148100.0,9,4.32,8118000.0,0
10600.0,9,2.85,1424000.0,0
70500.0,2,8.94,2426000.0,0
7200.0,10,3.27,1424000.0,0
33800.0,18,1.79,1919000.0,0
118800.0,10,0.46,7024000.0,0
99200.0,8,148.52,7738000.0,0
17500.0,19,3.75,1424000.0,0
45100.0,11,6.32,1424000.0,0
27700.0,10,5.32,1523000.0,0
104600.0,16,3.0,4959000.0,0
46500.0,13,1.69,3557000.0,0
21000.0,14,3.82,4607000.0,0
8800.0,17,8.12,1985000.0,0
120700.0,13,3.71,4649000.0,0
7900.0,10,20.52,1424000.0,0
104700.0,19,2.3,2306000.0,0
62300.0,8,38.83,15623000.0,0
31300.0,21,2.19,2182000.0,0
5542600.0,9,4.68,9338000.0,0
2900.0,11,1.52,1896000.0,0
15900.0,21,7.65,1424000.0,0
257000.0,5,1.19,2875000.0,0
40900.0,15,14.02,5056000.0,0
29000.0,18,16.82,1550000.0,0
60200.0,15,4.15,3612000.0,0
16600.0,7,3.85,1936000.0,0
352100.0,13,9.21,1424000.0,0
25500.0,11,4.24,6197000.0,0
6000.0,19,1.67,2878000.0,0
92400.0,18,0.75,13309000.0,0
16800.0,11,36.87,4200000.0,0
21900.0,11,34.92,4875000.0,0
212100.0,17,1.26,9939000.0,0
861500.0,13,17.46,1605000.0,1
58000.0,18,3.24,4064000.0,0
266300.0,23,11.33,4804000.0,0
34900.0,12,2.18,7875000.0,0
15200.0,12,6.86,1469000.0,0
90800.0,13,6.51,7811000.0,0
2600.0,11,13.63,1424000.0,0
7775400.0,0,280.36,9058000.0,1
89300.0,9,3.19,3489000.0,0
13300.0,11,0.46,2924000.0,0
66500.0,13,17.67,4347000.0,0
69400.0,13,8.83,1428000.0,0
25700.0,16,5.46,5526000.0,0
607000.0,11,7.51,12437000.0,0
73300.0,9,1.86,4304000.0,0
49500.0,18,0.91,3229000.0,0
347700.0,8,1.77,5794000.0,0
127400.0,13,1.4,3504000.0,0
9100.0,10,3.55,1832000.0,0
10400.0,13,880.6,1424000.0,0
27600.0,19,4.8,1424000.0,0
47900.0,11,0.77,12432000.0,0
145900.0,19,44.06,5559000.0,0
8900.0,19,3.14,1424000.0,0
26400.0,15,0.76,1844000.0,0
2700.0,12,2.24,1424000.0,0
36400.0,12,2.79,9929000.0,0
21500.0,12,12.38,3616000.0,0
25100.0,23,28.97,1424000.0,0
168000.0,20,7.94,1424000.0,0
13300.0,13,1.48,3274000.0,0
30000.0,20,4.48,2109000.0,0
39100.0,23,6.99,1424000.0,0
101500.0,13,4.94,7925000.0,0
26000.0,14,1.35,1424000.0,0
146300.0,11,17.48,3288000.0,0
23800.0,10,28.27,4010000.0,0
67800.0,15,2.62,1424000.0,0
176500.0,14,3.24,6303000.0,0
60400.0,20,1.16,2241000.0,0
70800.0,23,8.49,11194000.0,0
29800.0,6,3.55,3616000.0,0
4400.0,12,5.91,1424000.0,0
51000.0,11,6.18,5619000.0,0
29100.0,14,2.25,4193000.0,0
55200.0,8,4.65,4875000.0,0
17700.0,11,4.47,1424000.0,0
17700.0,11,12.49,1852000.0,0
828000.0,11,11.25,39212000.0,0
404500.0,11,1.53,3388000.0,0
36000.0,12,6.61,2321000.0,0
38100.0,19,1.81,3987000.0,0
22600.0,17,0.96,3757000.0,0
276500.0,13,9.55,11951000.0,0
58900.0,13,0.43,6177000.0,0
58200.0,20,10.99,1424000.0,0
20000.0,12,27.28,3090000.0,0
11500.0,11,1.68,3088000.0,0
506800.0,21,4.19,11397000.0,0
100900.0,11,3.27,2109000.0,0
9500.0,18,37.46,1459000.0,0
11000.0,17,2.04,3608000.0,0
13600.0,14,11.65,3889000.0,0
141400.0,20,2.14,4192000.0,0
16000.0,20,6.9,1825000.0,0
96600.0,19,5.69,6129000.0,0
126700.0,21,2.09,12288000.0,0
107000.0,13,8.4,4802000.0,0
55600.0,1,3.41,3268000.0,0
147400.0,7,16.23,9764000.0,0
32700.0,21,4.69,6623000.0,0
522400.0,13,5.86,12458000.0,0
5400.0,21,1.49,2219000.0,0
8900.0,12,98.38,1424000.0,0
85400.0,22,1.95,3155000.0,0
60900.0,6,0.47,4209000.0,0
18900.0,11,8.03,1424000.0,0
65500.0,12,5.8,1972000.0,0
89200.0,21,8.17,4343000.0,0
6600.0,11,9.22,1424000.0,0
30900.0,8,2.8,1424000.0,0
18600.0,9,6.3,4577000.0,0
3600.0,9,1.36,1761000.0,0
159000.0,13,4.33,5488000.0,0
27000.0,21,3.05,7875000.0,0
18200.0,8,473.69,1424000.0,0
806900.0,14,3.23,28736000.0,0
28200.0,18,3.77,3249000.0,0
400900.0,1,43.14,1504000.0,1
13800.0,21,13.62,1424000.0,0
106800.0,23,3.87,5222000.0,0
20500.0,14,4.44,4339000.0,0
114900.0,17,3.18,15623000.0,0
3200.0,23,5.17,1424000.0,0
396500.0,19,3.43,16972000.0,0
18500.0,20,0.94,3843000.0,0
38100.0,11,3.62,12081000.0,0
16400.0,21,3.99,2656000.0,0
22100.0,9,3.62,2639000.0,0
12000.0,19,856.74,1424000.0,0
15300.0,17,11.9,2467000.0,0
478000.0,16,3.03,4891000.0,0
114200.0,10,8.1,4193000.0,0
113400.0,13,2.4,1847000.0,0
79800.0,18,3.06,1565000.0,0
19474200.0,13,7.1,18155000.0,0
40400.0,18,2.56,2878000.0,0
56100.0,9,1.22,8206000.0,0
138100.0,11,73.19,5458000.0,0
4437200.0,15,6.23,3924000.0,0
1400.0,9,0.86,1424000.0,0
17800.0,10,10.75,2260000.0,0
25700.0,13,1.46,6812000.0,0
119500.0,12,5.13,5019000.0,0
2800.0,17,7.42,1424000.0,0
81000.0,9,1.98,3308000.0,0
94700.0,19,3.68,22570000.0,0
13500.0,12,24.42,1835000.0,0
1000.0,11,3.21,1424000.0,0
22000.0,17,31.07,3573000.0,0
62100.0,23,25.08,2543000.0,0
27000.0,0,9.59,3030000.0,0
102000.0,16,8.32,3274000.0,0
146300.0,19,1.16,2989000.0,0
90700.0,21,4.34,5525000.0,0
17500.0,21,1.84,2942000.0,0
21900.0,20,5.42,2687000.0,0
122400.0,10,2.22,18965000.0,0
51300.0,7,1.45,6919000.0,0
34400.0,18,2.65,4817000.0,0
26000.0,18,2.94,1477000.0,0
34700.0,10,3.25,1424000.0,0
40300.0,11,1.15,2198000.0,0
162800.0,0,1.08,3523000.0,0
28000.0,22,3.26,1424000.0,0
78600.0,12,4.29,2736000.0,0
63300.0,10,822.33,1968000.0,0
9800.0,20,1.77,1865000.0,0
32500.0,12,236.27,3542000.0,0
227900.0,16,4.37,1972000.0,0
96900.0,12,7.2,6672000.0,0
61300.0,10,1.59,1600000.0,0
40100.0,18,10.35,7440000.0,0
100200.0,19,0.52,3113000.0,0
6800.0,15,2.26,2421000.0,0
60100.0,21,67.01,4312000.0,0
116700.0,20,148.87,2741000.0,0
21000.0,16,1.39,4402000.0,0
8900.0,15,15.85,3360000.0,0
30800.0,15,5.02,2881000.0,0
18600.0,11,1.11,2870000.0,0
210400.0,13,11.06,10209000.0,0
7000.0,20,10.35,1504000.0,0
14100.0,19,56.72,1424000.0,0
3500.0,19,0.5,1707000.0,0
30100.0,11,2.19,1424000.0,0
4500.0,9,11.53,1424000.0,0
24100.0,16,4.13,3421000.0,0
24400.0,11,1.89,1424000.0,0
34300.0,17,4.42,3976000.0,0
9400.0,1,562.63,1424000.0,1
20900.0,21,8.03,2048000.0,0
4600.0,12,9.75,1424000.0,0
69600.0,20,2.04,3190000.0,0
168000.0,16,1.62,12349000.0,0
45200.0,12,6.83,5938000.0,0
23100.0,9,2.69,1514000.0,0
6200.0,12,3.14,1424000.0,0
80200.0,14,1.41,4665000.0,0
15600.0,20,76.17,2866000.0,0
14300.0,0,148.56,3205000.0,1
30300.0,17,4.66,9626000.0,0
77200.0,13,13.81,5057000.0,0
24000.0,11,8.15,1446000.0,0
108100.0,4,6.97,3442000.0,0
36000.0,17,5.93,1745000.0,0
821100.0,2,50.08,6849000.0,1
25900.0,19,4.51,2205000.0,0
37100.0,17,4.15,2260000.0,0
29600.0,17,14.4,1496000.0,0
5139200.0,1,138.35,3664000.0,1
169500.0,16,29.66,3656000.0,0
1533100.0,13,8.75,2423000.0,0
56000.0,14,1.49,3034000.0,0
8700.0,9,5.44,1424000.0,0
25300.0,13,1.9,4496000.0,0
56900.0,13,1.13,1968000.0,0
1600.0,20,2.72,1424000.0,0
10000.0,10,5.03,2740000.0,0
12900.0,12,1.2,3319000.0,0
2800.0,9,2.62,3010000.0,0
133600.0,19,6.38,4374000.0,0
27800.0,10,2.32,2009000.0,0
21200.0,13,4.08,2955000.0,0
15200.0,16,8.52,5244000.0,0
430500.0,11,1.03,6268000.0,0
78700.0,13,2.64,3033000.0,0
49300.0,10,1.51,1545000.0,0
3000.0,12,0.56,1424000.0,0
21200.0,15,3.51,4630000.0,0
43300.0,22,6.29,1520000.0,0
19400.0,19,6.03,22459000.0,0
13200.0,9,1.3,2777000.0,0
21000.0,22,8.85,1461000.0,0
79400.0,19,5.49,6812000.0,0
435100.0,6,1.09,5845000.0,0
70500.0,20,146.68,3623000.0,0
87200.0,15,4.42,3032000.0,0
322400.0,15,772.41,19503000.0,0
180100.0,11,3.09,5582000.0,0
33700.0,11,81.79,1424000.0,0
18300.0,17,11.73,3871000.0,0
311600.0,14,2.2,3893000.0,0
100800.0,21,13.66,2132000.0,0
12800.0,13,7.83,1424000.0,0
20300.0,19,5.32,2661000.0,0
19100.0,17,8.22,1424000.0,0
14800.0,1,705.07,9271000.0,1
10400.0,18,3.72,10507000.0,0
15500.0,22,0.93,1456000.0,0
708200.0,10,3.17,3064000.0,0
34900.0,20,2.75,1841000.0,0
67400.0,13,15.81,4907000.0,0
446000.0,10,1.26,9552000.0,0
343600.0,20,3.32,3720000.0,0
139700.0,12,4.9,4331000.0,0
30500.0,19,4.08,2369000.0,0
51500.0,19,4.53,2109000.0,0
21400.0,13,2.33,6178000.0,0
4800.0,11,2.32,1424000.0,0
40900.0,14,1.08,1825000.0,0
7100.0,13,2.23,1424000.0,0
22200.0,21,6.93,1810000.0,0
1958900.0,12,1265.1,2339000.0,1
12800.0,22,2.56,6160000.0,0
215700.0,17,122.15,12437000.0,0
119500.0,17,10.64,5588000.0,0
41600.0,11,7.53,1563000.0,0
69100.0,15,1.66,5472000.0,0
3600.0,4,3.2,1424000.0,0
6100.0,14,6.35,1524000.0,0
6500.0,18,1.65,1424000.0,0
251400.0,19,4.34,5638000.0,0
21400.0,12,48.85,1424000.0,0
43200.0,11,7.71,3113000.0,0
19500.0,7,64.83,2777000.0,0
13500.0,23,1053.84,2286000.0,0
52300.0,19,2.22,1424000.0,0
53200.0,18,100.9,5190000.0,0
587900.0,12,1.28,4718000.0,0
66800.0,13,12.5,5190000.0,0
54700.0,18,4.4,4432000.0,0
55100.0,20,17.04,1424000.0,0
36800.0,17,7.09,5817000.0,0
24200.0,6,1.4,1643000.0,0
24200.0,13,2.53,4539000.0,0
1200.0,16,32.05,1643000.0,0
32500.0,16,2.83,1424000.0,0
174100.0,15,2.66,3399000.0,0
19100.0,11,4.57,2697000.0,0
19400.0,17,3.69,2595000.0,0
17100.0,8,2.79,2219000.0,0
56300.0,21,8.61,1424000.0,0
14200.0,13,6.95,1800000.0,0
37200.0,10,2.82,3012000.0,0
334500.0,16,20.34,6025000.0,0
49300.0,8,0.95,2678000.0,0
22800.0,11,7.66,3558000.0,0
3288700.0,2,1020.72,2594000.0,1
25800.0,15,143.35,3452000.0,0
30600.0,21,0.39,2187000.0,0
46700.0,18,4.51,3545000.0,0
56500.0,15,19.42,2032000.0,0
13400.0,22,8.73,1495000.0,0
44500.0,13,5.25,5468000.0,0
23400.0,8,24.46,2910000.0,0
36500.0,18,2.4,2024000.0,0
22200.0,20,69.42,2697000.0,0
43800.0,18,73.09,4638000.0,0
13700.0,8,2.88,4802000.0,0
10200.0,20,12.23,3623000.0,0
62800.0,16,11.52,1424000.0,0
35000.0,21,3.83,6889000.0,0
53700.0,0,4.32,1424000.0,0
25900.0,11,2.09,2513000.0,0
12700.0,2,254.83,5071000.0,1
179100.0,15,4.22,3344000.0,0
20100.0,10,11.08,10207000.0,0
17000.0,4,3.68,1424000.0,0
37600.0,17,3.48,2649000.0,0
14400.0,20,90.61,2997000.0,0
49300.0,11,16.93,1951000.0,0
34900.0,15,13.8,3937000.0,0
18100.0,13,5.03,5942000.0,0
14900.0,8,15.64,4955000.0,0
6016800.0,16,6.93,8032000.0,0
293900.0,18,0.79,4891000.0,0
7700.0,15,8.93,1424000.0,0
6000.0,21,45.99,1554000.0,0
55300.0,21,1.29,4022000.0,0
22700.0,22,4.7,3757000.0,0
6600.0,19,7.12,3160000.0,0
20400.0,14,5.74,1891000.0,0
9700.0,15,1312.99,1424000.0,0
22500.0,9,1.15,4241000.0,0
26300.0,20,13.63,2051000.0,0
141200.0,15,0.99,14577000.0,0
100500.0,16,11.59,1806000.0,0
28300.0,7,3.81,1424000.0,0
8900.0,8,9.52,2400000.0,0
1523200.0,19,9.83,1590000.0,0
58100.0,12,7.01,2222000.0,0
9000.0,16,1.7,1424000.0,0
4700.0,21,5.43,1554000.0,0
34000.0,11,22.12,3591000.0,0
98800.0,16,8.76,10273000.0,0
29500.0,3,2.74,3720000.0,0
86000.0,8,2.68,2920000.0,0
26700.0,13,1473.69,1582000.0,0
145400.0,22,10.03,3106000.0,0
35500.0,14,2.58,8880000.0,0
15600.0,8,4.08,1919000.0,0
11500.0,14,3.77,2942000.0,0
44500.0,12,91.81,1424000.0,0
20200.0,19,1018.77,1424000.0,0
48700.0,17,3.0,5243000.0,0
23000.0,22,4.51,5190000.0,0
19400.0,14,1205.86,1544000.0,0
14500.0,12,2072.12,4016000.0,1
282700.0,13,0.99,5189000.0,0
113000.0,16,4.66,3725000.0,0
1423800.0,2,329.62,1645000.0,1
67800.0,22,3.79,6812000.0,0
281100.0,12,113.35,3266000.0,0
496700.0,12,2.14,18965000.0,0
19400.0,4,315.89,4404000.0,1
9700.0,10,2.93,4359000.0,0
77900.0,10,9.39,2656000.0,0
235300.0,19,0.42,12437000.0,0
21900.0,20,4.55,3406000.0,0
69100.0,16,92.87,7104000.0,0
45500.0,17,6.43,1424000.0,0
98800.0,7,231.52,4846000.0,0
93300.0,21,1.73,3776000.0,0
39100.0,14,2.14,4577000.0,0
15400.0,21,0.74,2286000.0,0
12200.0,0,1.68,1627000.0,0
106600.0,15,1.49,1852000.0,0
61000.0,11,2.85,3135000.0,0
12100.0,1,1.17,4832000.0,0
22000.0,18,1.44,3116000.0,0
47100.0,9,3.34,3266000.0,0
12400.0,19,9.8,2523000.0,0
25600.0,20,1.24,2017000.0,0
596300.0,11,5.98,7401000.0,0
37300.0,19,2.36,3928000.0,0
7300.0,22,1.42,1456000.0,0
41200.0,16,0.4,2112000.0,0
3700.0,12,79.96,3107000.0,0
34800.0,19,0.69,1424000.0,0
392000.0,14,5.51,6303000.0,0
17200.0,8,1.69,1424000.0,0
14800.0,15,4.34,1424000.0,0
10800.0,12,4.03,1424000.0,0
352600.0,22,3.1,11410000.0,0
5100.0,9,9.65,2494000.0,0
148200.0,12,1.18,18965000.0,0
450400.0,16,10.69,11297000.0,0
11200.0,20,0.95,3175000.0,0
149900.0,9,10.46,4168000.0,0
13400.0,10,12.2,1602000.0,0
125400.0,17,1.21,4169000.0,0
85500.0,8,1.37,4690000.0,0
63300.0,22,4.18,4765000.0,0
148300.0,23,7.78,44438000.0,0
15000.0,9,1.07,1424000.0,0
65600.0,9,19.25,4517000.0,0
43000.0,12,1.49,3152000.0,0
237100.0,21,4.52,3947000.0,0
21500.0,13,45.53,3294000.0,0
563900.0,22,3.1,14868000.0,0
7035000.0,11,133.23,6977000.0,1
32600.0,13,290.66,2034000.0,0
109000.0,22,1.76,6455000.0,0
258900.0,12,3.32,4895000.0,0
314700.0,14,9.2,4804000.0,0
11900.0,13,1.04,1745000.0,0
17200.0,4,1.15,1627000.0,0
8100.0,10,153.15,2132000.0,1
90000.0,8,5.4,2622000.0,0
66100.0,11,1.17,1800000.0,0
22400.0,11,142.9,2228000.0,0
13200.0,10,3.4,4247000.0,0
26800.0,12,1.39,8108000.0,0
192200.0,18,8.48,6729000.0,0
17400.0,18,2.32,1424000.0,0
7000.0,19,13.58,3367000.0,0
25800.0,8,139.24,4375000.0,0
99500.0,18,11.71,4166000.0,0
25800.0,21,5.06,1424000.0,0
46500.0,16,8.97,1611000.0,0
94600.0,19,5.23,3274000.0,0
450100.0,21,12.4,1424000.0,1
136100.0,14,11.77,2983000.0,0
246300.0,10,20.86,10209000.0,0
16900.0,16,2.39,2571000.0,0
14100.0,14,3.68,6085000.0,0
10500.0,17,1.16,10592000.0,0
12500.0,17,2.54,3972000.0,0
24700.0,21,2.22,1424000.0,0
807000.0,16,11.14,15211000.0,0
8100.0,16,2.55,1424000.0,0
53200.0,12,21.0,7742000.0,0
15300.0,13,7.44,1424000.0,0
44400.0,19,9.99,4891000.0,0
61900.0,6,1.08,1424000.0,0
31800.0,12,72.9,1424000.0,0
13100.0,20,4.77,1424000.0,0
44000.0,12,9.74,4936000.0,0
78200.0,12,5.91,1731000.0,0
15400.0,22,85.52,3319000.0,0
29000.0,15,4.36,3937000.0,0
44000.0,12,7.12,6603000.0,0
18200.0,17,2.36,3594000.0,0
36500.0,12,4.07,2101000.0,0
7800.0,13,2.77,1967000.0,0
105800.0,16,1.25,30578000.0,0
208400.0,17,10.28,5802000.0,0
13500.0,1,61.51,2522000.0,0
7500.0,7,1.42,1424000.0,0
7400.0,14,1.26,2076000.0,0
9400.0,13,5.44,1424000.0,0
9500.0,18,3.5,1424000.0,0
34400.0,13,83.98,4501000.0,0
29200.0,16,10.74,7200000.0,0
85300.0,16,5.87,1938000.0,0
8100.0,19,1096.85,2330000.0,0
39900.0,8,0.85,1424000.0,0
230700.0,10,3.88,5444000.0,0
14100.0,7,1.33,1645000.0,0
98900.0,17,3.53,1424000.0,0
183800.0,12,22.13,5326000.0,0
4116300.0,2,43.76,8952000.0,1
16800.0,13,22.09,1424000.0,0
38900.0,14,1.11,1676000.0,0
30000.0,18,2.23,2575000.0,0
11900.0,16,2.42,4054000.0,0
45500.0,21,7.19,4752000.0,0
116900.0,12,2.6,10847000.0,0
44800.0,13,2.63,6303000.0,0
46400.0,12,7.01,1424000.0,0
72500.0,21,2.55,7994000.0,0
25700.0,11,13.54,2568000.0,0
220000.0,10,10.8,14777000.0,0
106500.0,20,11.54,9348000.0,0
712500.0,15,2.39,6107000.0,0
152500.0,16,9.21,5526000.0,0
259000.0,17,3.72,6955000.0,0
10600.0,20,7.43,4392000.0,0
40900.0,9,16.25,1991000.0,0
7400.0,19,113.96,3252000.0,0
8900.0,12,1.68,2079000.0,0
7700.0,7,18.92,2443000.0,0
158200.0,23,2.75,12210000.0,0
8900.0,16,6.44,6807000.0,0
53100.0,5,1.88,2781000.0,0
88500.0,13,2.12,3091000.0,0
20900.0,17,6.67,1424000.0,0
116300.0,22,5.87,4029000.0,0
39000.0,12,2.64,6512000.0,0
60600.0,19,31.2,3274000.0,0
89000.0,22,47.06,1664000.0,0
13500.0,8,0.94,1424000.0,0
106200.0,11,2.31,12829000.0,0
119300.0,21,1.79,4247000.0,0
264300.0,9,7.98,3288000.0,0
14600.0,7,1.24,3247000.0,0
313700.0,12,7.18,5457000.0,0
1671000.0,13,2.76,3807000.0,0
139200.0,10,4.43,1424000.0,0
27200.0,6,1.77,4665000.0,0
168500.0,12,13.31,9734000.0,0
7100.0,20,4.3,1424000.0,0
9300.0,11,3.29,1424000.0,0
35700.0,16,12.12,7371000.0,0
8000.0,11,5.61,1424000.0,0
44200.0,18,2.23,1424000.0,0
71700.0,19,8.86,2482000.0,0
3400.0,18,3.72,2839000.0,0
20000.0,13,0.41,2796000.0,0
38000.0,9,7.31,20583000.0,0
8700.0,0,2.53,1424000.0,0
34100.0,11,89.84,1424000.0,0
68100.0,20,11.42,2013000.0,0
24200.0,9,2.69,4331000.0,0
23100.0,13,3.37,3359000.0,0
8400.0,16,32.84,1424000.0,0
28200.0,20,2.94,1781000.0,0
1341400.0,9,4.31,2270000.0,0
27700.0,8,0.67,1424000.0,0
6600.0,17,3.71,1424000.0,0
230300.0,8,2.51,4940000.0,0
22800.0,10,0.89,12422000.0,0
237800.0,12,6.85,16944000.0,0
94700.0,7,3.84,7894000.0,0
69600.0,14,5.8,10468000.0,0
16000.0,13,13.73,3676000.0,0
183700.0,18,1.74,7223000.0,0
14300.0,18,3.11,1424000.0,0
1096500.0,21,2.07,5728000.0,0
170100.0,1,4.05,4646000.0,0
3100.0,12,0.51,2480000.0,0
35600.0,11,5.72,2331000.0,0
11800.0,13,9.19,3388000.0,0
809500.0,19,10.39,2301000.0,1
2335400.0,15,3.0,2425000.0,0
2631200.0,17,1.0,10723000.0,0
33400.0,14,1.16,3848000.0,0
370200.0,16,0.8,45589000.0,0
73500.0,13,6.58,4875000.0,0
40600.0,19,0.55,3193000.0,0
8800.0,20,16.0,1424000.0,0
57900.0,21,3.94,2103000.0,0
4000.0,19,4.34,1471000.0,0
87000.0,12,5.35,2541000.0,0
6000.0,23,8.03,1424000.0,0
22100.0,8,94.65,4068000.0,0
121700.0,11,4.62,3050000.0,0
49500.0,11,5.12,2495000.0,0
136200.0,17,4.37,3558000.0,0
161300.0,15,5.09,1424000.0,0
14200.0,17,3.3,2915000.0,0
42800.0,16,0.55,4200000.0,0
21400.0,21,2.04,8679000.0,0
190300.0,18,18.9,19186000.0,0
4000.0,14,4.99,2754000.0,0
63100.0,9,4.43,4517000.0,0
176300.0,20,5.85,3590000.0,0
52200.0,17,3.94,2744000.0,0
15100.0,20,7.53,1678000.0,0
415600.0,6,13.77,3044000.0,0
29800.0,9,6.68,2983000.0,0
4600.0,16,12.86,1650000.0,0
78500.0,15,2.2,1496000.0,0
27100.0,8,8.28,4268000.0,0
30500.0,15,2.44,2278000.0,0
7700.0,8,3.85,1424000.0,0
22100.0,17,3.8,2634000.0,0
123400.0,16,2.1,13444000.0,0
3086700.0,11,2026.16,5926000.0,1
7800.0,7,10.12,1424000.0,0
34700.0,11,10.66,5597000.0,0
11300.0,19,58.48,2180000.0,0
13400.0,21,3.51,2112000.0,0
256600.0,6,8.9,10076000.0,0
47500.0,7,9.16,2546000.0,0
255900.0,20,7.67,3606000.0,0
46300.0,18,1.25,1424000.0,0
107400.0,17,2.99,1424000.0,0
11600.0,13,1.77,1648000.0,0
8800.0,13,6.95,1424000.0,0
170200.0,8,2.13,3666000.0,0
58000.0,8,5.04,1993000.0,0
34500.0,15,3.35,6808000.0,0
27700.0,21,5.79,1424000.0,0
1000900.0,14,8.9,20636000.0,0
20200.0,7,5.12,4846000.0,0
67300.0,13,1.01,3630000.0,0
36900.0,11,107.75,6423000.0,0
23000.0,10,2.56,4499000.0,0
2265800.0,13,7.61,8472000.0,0
48500.0,16,4.99,1938000.0,0
148000.0,13,20.37,3297000.0,0
30200.0,11,2.92,2769000.0,0
55200.0,14,15.97,3746000.0,0
64700.0,19,1.1,10891000.0,0
36700.0,2,108.77,2778000.0,0
167800.0,17,6.03,10912000.0,0
408500.0,8,1.33,4029000.0,0
8700.0,19,5.01,2684000.0,0
14900.0,16,6.95,2945000.0,0
21300.0,12,2.16,1424000.0,0
31200.0,18,11.89,1635000.0,0
5800.0,21,7.14,2024000.0,0
21300.0,13,4.18,4453000.0,0
18600.0,16,1.53,2754000.0,0
69800.0,12,93.67,8307000.0,0
13600.0,11,1.72,4918000.0,0
28600.0,12,1.36,2032000.0,0
15600.0,22,1.11,1424000.0,0
60500.0,14,14.88,2619000.0,0
21900.0,18,8.47,5497000.0,0
108700.0,9,5.16,4521000.0,0
194600.0,20,128.46,1536000.0,0
12100.0,12,6.27,1485000.0,0
29600.0,22,6.17,3299000.0,0
14600.0,14,4.15,1432000.0,0
91000.0,21,0.81,3566000.0,0
70700.0,17,1.77,5603000.0,0
37100.0,19,0.71,1461000.0,0
45700.0,16,6.56,11615000.0,0
3100.0,23,0.96,1424000.0,0
23700.0,11,23.79,1424000.0,0
17600.0,17,1.15,2605000.0,0
48900.0,11,9.47,3759000.0,0
60100.0,12,2.04,3759000.0,0
13800.0,20,4.01,3947000.0,0
17000.0,9,3.33,1424000.0,0
56800.0,16,8.74,1877000.0,0
53600.0,21,2.6,17995000.0,0
17500.0,20,38.17,2885000.0,0
53900.0,17,63.2,5579000.0,0
420000.0,23,2.86,23268000.0,0
60600.0,20,6.9,3445000.0,0
62800.0,20,30.08,5019000.0,0
26900.0,14,5.81,1608000.0,0
6600.0,9,2.99,2481000.0,0
23400.0,18,2.58,3755000.0,0
109300.0,13,2.85,5054000.0,0
558900.0,16,7.5,7335000.0,0
20800.0,10,2.8,4532000.0,0
47400.0,18,10.31,1919000.0,0
9900.0,19,4.62,2639000.0,0
74000.0,9,0.88,1424000.0,0
28900.0,12,2.06,1779000.0,0
14700.0,8,4.95,1424000.0,0
8400.0,15,5.46,1424000.0,0
36600.0,16,0.91,1961000.0,0
36300.0,9,2.66,1585000.0,0
41600.0,17,2.66,2678000.0,0
543300.0,18,1.46,5552000.0,0
227500.0,12,3.68,39212000.0,0
1088900.0,18,8.37,2063000.0,0
288600.0,17,3.98,1424000.0,0
987400.0,20,0.4,11746000.0,0
2600.0,21,0.51,1480000.0,0
169100.0,14,3.51,3263000.0,0
686300.0,9,10.88,13930000.0,0
79100.0,8,3.46,6939000.0,0
16700.0,13,383.26,6337000.0,0
275000.0,21,15.36,7707000.0,0
6700.0,23,845.54,1480000.0,1
150400.0,19,10.91,14913000.0,0
33400.0,17,12.1,1720000.0,0
34500.0,9,0.57,1424000.0,0
68700.0,9,2.65,5950000.0,0
33000.0,19,24.39,2033000.0,0
204600.0,17,4.01,7680000.0,0
116500.0,14,4.25,10273000.0,0
89800.0,10,41.5,8230000.0,0
12400.0,7,1.09,1652000.0,0
104200.0,8,3.12,7752000.0,0
25600.0,16,2.79,1424000.0,0
8600.0,6,8.85,1424000.0,0
207200.0,16,4.34,23268000.0,0
67700.0,18,5.58,6037000.0,0
13000.0,22,48.09,2568000.0,0
16700.0,14,13.08,3003000.0,0
184900.0,0,3.49,7616000.0,0
61300.0,12,8.63,4744000.0,0
707100.0,12,2.23,16809000.0,0
31100.0,11,1.57,1424000.0,0
452200.0,17,7.27,12376000.0,0
568800.0,21,2.14,5182000.0,0
35100.0,13,0.63,3367000.0,0
49200.0,18,5.73,9716000.0,0
29800.0,15,4.69,2972000.0,0
7400.0,11,39.44,1488000.0,0
48800.0,21,1043.83,4347000.0,0
891500.0,16,12.66,9879000.0,0
81100.0,15,2.73,1800000.0,0
39500.0,10,8.29,3750000.0,0
71600.0,11,0.82,11201000.0,0
11200.0,14,19.05,1424000.0,0
39400.0,12,0.7,3402000.0,0
22800.0,17,6.9,3948000.0,0
10800.0,16,389.1,4684000.0,0
105800.0,6,7.54,3102000.0,0
48100.0,12,3.65,7927000.0,0
43300.0,10,2.42,6672000.0,0
279300.0,12,3.14,3225000.0,0
84600.0,6,1.89,1630000.0,0
22700.0,16,2.7,1745000.0,0
8000.0,16,10.46,1424000.0,0
25000.0,18,11.22,2577000.0,0
72100.0,13,15.19,7151000.0,0
19100.0,16,1.03,2495000.0,0
46100.0,19,15.5,7707000.0,0
152000.0,21,649.83,3965000.0,0
2700.0,5,172.2,1424000.0,1
15200.0,22,54.07,2175000.0,0
3834100.0,23,594.47,1627000.0,1
57600.0,19,0.43,1424000.0,0
18300.0,14,2126.25,4359000.0,1
32200.0,17,53.94,1424000.0,0
17300.0,12,1.71,2883000.0,0
29800.0,10,4.17,1424000.0,0
5700.0,20,3.49,1424000.0,0
93600.0,6,2.46,7078000.0,0
90300.0,8,3.96,2495000.0,0
10629700.0,0,344.42,4304000.0,1
4100.0,10,1.3,1424000.0,0
102300.0,8,2.13,9249000.0,0
44500.0,8,6.89,3757000.0,0
13700.0,22,27.25,1424000.0,0
138800.0,11,9.99,2732000.0,0
4305300.0,2,4.36,9390000.0,1
39700.0,9,5.17,3800000.0,0
29000.0,16,4.53,1424000.0,0
6600.0,19,21.75,1424000.0,0
815700.0,22,2.49,17897000.0,0
57500.0,14,2.59,3240000.0,0
12300.0,10,2.68,1424000.0,0
38900.0,17,7.03,8307000.0,0
582500.0,19,8.43,7208000.0,0
24700.0,20,0.91,2755000.0,0
41300.0,8,5.33,2024000.0,0
15300.0,18,7.94,2009000.0,0
84500.0,20,85.22,1788000.0,0
260700.0,19,4.31,4506000.0,0
46000.0,10,2.31,4436000.0,0
97100.0,11,2.29,2423000.0,0
58700.0,12,3.06,6808000.0,0
29400.0,20,1.45,1844000.0,0
80700.0,19,3.67,4530000.0,0
807300.0,20,0.81,15450000.0,0
6200.0,11,3.8,2678000.0,0
148000.0,18,1.55,6129000.0,0
2800.0,22,4.09,3334000.0,0
15300.0,21,8.23,1424000.0,0
970700.0,18,8.53,2087000.0,0
3000.0,21,7.67,5297000.0,0
85500.0,20,0.72,12769000.0,0
218000.0,11,17.88,6037000.0,0
115300.0,9,2.35,3225000.0,0
34200.0,21,6.33,1469000.0,0
84500.0,13,1.01,4958000.0,0
96800.0,17,4.38,4063000.0,0
12300.0,12,3.37,1424000.0,0
37900.0,12,2.86,1424000.0,0
217600.0,7,4.4,4921000.0,0
38200.0,17,6.63,1424000.0,0
6600.0,11,6.35,1434000.0,0
8900.0,13,6.0,1887000.0,0
8900.0,12,1.84,2107000.0,0
28100.0,12,1.35,5745000.0,0
306300.0,17,4.57,5056000.0,0
11700.0,18,11.46,3843000.0,0
21700.0,23,10.97,4793000.0,0
44400.0,12,3.01,2110000.0,0
57500.0,20,1.26,2662000.0,0
4100.0,21,2.93,1991000.0,0
7600.0,14,2.13,1884000.0,0
55300.0,10,3.35,1424000.0,0
31200.0,13,13.09,2021000.0,0
5280100.0,19,5.67,4947000.0,0
45400.0,17,31.85,5598000.0,0
16000.0,20,3.93,1424000.0,0
10100.0,20,2.34,2222000.0,0
3500.0,5,1.7,2704000.0,0
18900.0,22,0.71,3151000.0,0
163700.0,18,9.95,5527000.0,0
17100.0,14,4.13,1713000.0,0
95800.0,23,0.54,2870000.0,0
15400.0,15,5.56,1424000.0,0
59600.0,16,5.02,4947000.0,0
198700.0,22,0.71,4530000.0,0
7900.0,18,3.06,2838000.0,0
62500.0,9,7.29,6062000.0,0
18200.0,23,148.19,5763000.0,0
115000.0,14,1.67,4526000.0,0
142100.0,8,2.53,7639000.0,0
94900.0,18,5.73,5388000.0,0
243100.0,18,5.74,10912000.0,0
35800.0,13,6.36,1424000.0,0
35600.0,16,12.09,1877000.0,0
53800.0,11,15.84,1997000.0,0
36900.0,19,1.96,2128000.0,0
9600.0,16,93.25,4404000.0,0
33400.0,13,1.07,1424000.0,0
19600.0,21,3.41,1424000.0,0
10100.0,14,7.96,5473000.0,0
19600.0,8,42.55,9879000.0,0
126600.0,12,5.27,5588000.0,0
13900.0,16,10.19,1495000.0,0
162900.0,19,0.66,5003000.0,0
39800.0,10,0.86,3523000.0,0
27000.0,15,140.99,4715000.0,0
63100.0,11,7.21,3367000.0,0
190200.0,16,1.65,16544000.0,0
33300.0,22,1.59,3805000.0,0
146000.0,22,3.07,5706000.0,0
6400.0,12,15.48,1424000.0,0
2500.0,17,3.52,5180000.0,0
34100.0,21,11.55,1813000.0,0
810400.0,17,358.38,1616000.0,1
14800.0,20,325.29,4804000.0,1
97400.0,8,75.95,3012000.0,0
41800.0,19,10.52,3577000.0,0
172000.0,20,98.41,2948000.0,0
64900.0,14,3.61,9939000.0,0
5100.0,20,8.02,4193000.0,0
265700.0,18,132.5,8118000.0,0
21200.0,19,3.86,3545000.0,0
37800.0,19,4.62,3591000.0,0
60200.0,3,64.42,4330000.0,0
125700.0,19,20.84,2445000.0,0
69800.0,6,5.54,9895000.0,0
255800.0,12,1.96,10468000.0,0
24600.0,15,1.47,2890000.0,0
13500.0,11,131.55,1424000.0,0
9300.0,18,9.93,2719000.0,0
81200.0,16,6.28,17311000.0,0
96000.0,10,4.25,4564000.0,0
13900.0,20,17.11,2048000.0,0
27900.0,21,14.59,1628000.0,0
219600.0,11,6.29,3648000.0,0
171700.0,22,2.38,5279000.0,0
16400.0,11,4.0,2475000.0,0
139000.0,14,15.0,4859000.0,0
32700.0,13,4.14,1424000.0,0
117000.0,20,4.31,6617000.0,0
30800.0,16,3.41,3067000.0,0
2300.0,8,5.67,1424000.0,0
218200.0,9,6.34,4073000.0,0
15900.0,12,17.97,1424000.0,0
15500.0,17,6.05,3385000.0,0
31700.0,11,2.39,1939000.0,0
14200.0,21,19.34,1940000.0,0
10100.0,11,1355.44,1496000.0,0
6400.0,8,2.86,1424000.0,0
22300.0,18,2.78,1424000.0,0
202500.0,18,43.05,1424000.0,1
9700.0,12,18.15,2591000.0,0
90200.0,2,5.02,1424000.0,0
330800.0,7,5.56,3376000.0,0
29300.0,15,126.57,3830000.0,0
4600.0,16,5.15,1461000.0,0
19400.0,19,2.08,1424000.0,0
13400.0,3,3.48,1424000.0,0
11200.0,20,3.39,2875000.0,0
200700.0,14,9.81,4582000.0,0
296100.0,4,14.85,10891000.0,0
54300.0,21,3.64,2654000.0,0
40700.0,17,7.76,10028000.0,0
6300.0,14,77.23,2089000.0,0
50000.0,14,25.95,2877000.0,0
172400.0,9,7.43,3666000.0,0
1753700.0,21,33.53,1424000.0,1
17300.0,19,332.37,6807000.0,1
123200.0,22,2.81,4241000.0,0
107200.0,1,11.08,6076000.0,0
11100.0,8,7.34,1424000.0,0
58600.0,14,6.81,2353000.0,0
412400.0,13,22.57,4184000.0,0
112400.0,18,0.66,10028000.0,0
12100.0,12,2.79,2271000.0,0
9000.0,13,1.37,1757000.0,0
15900.0,7,5.0,3594000.0,0
92700.0,12,7.01,1424000.0,0
2300.0,17,20.11,1424000.0,0
12900.0,7,2.23,2997000.0,0
55100.0,0,2.76,4297000.0,0
62000.0,18,3.27,20100000.0,0
21500.0,14,6.53,1424000.0,0
2000.0,10,2.43,1976000.0,0
59600.0,13,57.98,5552000.0,0
8500.0,7,9.02,1951000.0,0
34700.0,12,6.23,2401000.0,0
47600.0,14,5.49,3254000.0,0
256700.0,18,2.46,6091000.0,0
16100.0,20,11.48,2792000.0,0
77100.0,12,6.6,4921000.0,0
32700.0,15,1304.01,3985000.0,0
18800.0,18,3.13,1424000.0,0
9900.0,21,9.48,1994000.0,0
35600.0,14,20.76,2232000.0,0
114500.0,18,2.47,5850000.0,0
4200.0,11,135.16,1424000.0,0
82000.0,16,1.97,8511000.0,0
27700.0,19,2.95,1558000.0,0
26900.0,16,1.74,2235000.0,0
47100.0,18,4.0,3299000.0,0
61800.0,19,2.89,5646000.0,0
30600.0,1,3.58,3750000.0,0
44900.0,12,7.99,3003000.0,0
58200.0,14,2.03,1424000.0,0
64300.0,13,94.5,6197000.0,0
38700.0,20,10.03,3761000.0,0
17400.0,18,4.39,4506000.0,0
92600.0,20,2.77,9916000.0,0
164700.0,11,3.49,6960000.0,0
16300.0,19,3.5,1424000.0,0
20600.0,8,17.0,2112000.0,0
17000.0,18,111.83,1424000.0,0
8800.0,17,12.58,1577000.0,0
86600.0,12,3.44,1495000.0,0
10200.0,17,4.46,7319000.0,0
56400.0,14,1.97,3034000.0,0
73900.0,13,12.47,3319000.0,0
25800.0,8,0.48,1772000.0,0
32300.0,17,3.88,2146000.0,0
4400.0,14,3.71,1424000.0,0
83000.0,2,12.71,3240000.0,0
111200.0,16,2.79,4814000.0,0
25400.0,12,119.84,1424000.0,0
4100.0,5,44.35,1424000.0,0
36400.0,18,1.46,1565000.0,0
33000.0,21,4.78,6160000.0,0
112400.0,18,1456.95,2692000.0,0
22300.0,18,4.27,1855000.0,0
20800.0,12,1.39,4184000.0,0
9700.0,16,1.5,1424000.0,0
11300.0,17,3.28,1954000.0,0
13700.0,12,6.49,1424000.0,0
9900.0,18,4.18,1424000.0,0
94500.0,18,2.87,3282000.0,0
180900.0,9,1.41,1424000.0,0
214000.0,16,8.99,8460000.0,0
93300.0,5,3.58,7811000.0,0
41000.0,11,1.21,4817000.0,0
197700.0,9,6.36,3361000.0,0
10100.0,8,11.02,3858000.0,0
18900.0,11,4.16,2260000.0,0
4200.0,19,3.13,1424000.0,0
24700.0,18,2.5,3664000.0,0
7000.0,17,12.88,4846000.0,0
18200.0,15,1.68,1424000.0,0
9700.0,20,6.09,1745000.0,0
167100.0,10,6.75,14595000.0,0
151300.0,4,1.55,8370000.0,0
201600.0,19,11.95,9188000.0,0
14100.0,11,13.72,1424000.0,0
33800.0,7,2.6,1424000.0,0
87100.0,23,2.83,1788000.0,0
12100.0,8,2.53,1424000.0,0
19400.0,6,1382.62,2480000.0,1
12100.0,17,1.18,1424000.0,0
112500.0,14,5.67,9470000.0,0
36400.0,6,5.54,4539000.0,0
60000.0,5,5.61,2156000.0,0
1516500.0,18,4.19,7484000.0,0
26900.0,21,2.73,2975000.0,0
241000.0,15,1.64,2895000.0,0
29600.0,20,0.81,2605000.0,0
18300.0,20,3.81,1424000.0,0
10900.0,21,1.44,2400000.0,0
47800.0,16,7.57,4532000.0,0
87700.0,17,12.83,11746000.0,0
16400.0,9,2.83,1804000.0,0
44700.0,21,36.74,2744000.0,0
104300.0,23,3.24,8776000.0,0
20900.0,9,4.63,2169000.0,0
2800.0,13,3.91,1652000.0,0
11000.0,18,6.46,1589000.0,0
12300.0,17,3.06,1742000.0,0
213800.0,13,1.55,17897000.0,0
65400.0,20,9.6,17107000.0,0
29400.0,13,2.35,1424000.0,0
20600.0,9,3.21,1424000.0,0
18900.0,19,9.47,6972000.0,0
9000.0,20,2.16,1514000.0,0
236500.0,15,5.7,3064000.0,0
69500.0,9,9.65,3746000.0,0
59000.0,18,0.99,5484000.0,0
47000.0,21,5.54,2532000.0,0
13900.0,15,4.41,2392000.0,0
101600.0,7,331.19,9626000.0,0
21800.0,16,6.92,2994000.0,0
46500.0,10,13.97,10396000.0,0
20200.0,9,4.24,1550000.0,0
18300.0,19,4.69,2760000.0,0
65900.0,11,1.48,6091000.0,0
74000.0,15,2.59,2168000.0,0
33800.0,20,6.65,5058000.0,0
28600.0,21,8.46,3122000.0,0
1800.0,13,6.39,1433000.0,0
3127100.0,2,1158.16,1919000.0,1
7000.0,11,5.65,1559000.0,0
20700.0,18,3.3,3494000.0,0
293900.0,15,13.93,20100000.0,0
10000.0,16,4.36,1902000.0,0
78500.0,13,1.76,2079000.0,0
43100.0,9,6.12,3268000.0,0
14800.0,9,4.03,1424000.0,0
125600.0,6,1.67,3175000.0,0
23400.0,13,64.94,2469000.0,0
11300.0,6,12.56,2325000.0,0
18300.0,15,19.38,1537000.0,0
8200.0,8,8.97,4120000.0,0
3400.0,23,2.35,1424000.0,0
24300.0,13,4.62,1424000.0,0
3200.0,13,3.42,2495000.0,0
119700.0,7,854.1,5031000.0,0
45900.0,18,13.76,2917000.0,0
42400.0,3,2.87,3959000.0,0
92300.0,6,4.42,4715000.0,0
7000.0,12,1.16,3867000.0,0
66200.0,19,8.25,1424000.0,0
23500.0,1,5.38,1424000.0,0
45300.0,15,2.92,3887000.0,0
26500.0,13,7.62,9126000.0,0
19400.0,10,3.13,3274000.0,0
8100.0,18,2.74,3302000.0,0
188800.0,20,2.88,4184000.0,0
107700.0,10,24.29,7484000.0,0
180900.0,20,6.43,10062000.0,0
2800.0,19,9.53,1424000.0,0
29900.0,19,5.46,2653000.0,0
23600.0,18,7.16,3452000.0,0
238900.0,22,17.9,8927000.0,0
78500.0,22,3.89,2698000.0,0
38800.0,14,1.81,5597000.0,0
37100.0,15,793.52,4536000.0,0
8800.0,12,8.21,1713000.0,0
1770800.0,11,15.85,39212000.0,0
70600.0,14,1.87,6234000.0,0
430400.0,20,4.73,11410000.0,0
70000.0,15,3.2,3577000.0,0
32700.0,20,4.27,2543000.0,0
24900.0,9,2.16,4684000.0,0
321600.0,20,1.53,6027000.0,0
8500.0,21,44.98,2890000.0,0
99500.0,17,2.23,6762000.0,0
47800.0,21,6.68,5071000.0,0
112600.0,20,12.29,9613000.0,0
27400.0,11,4.29,4715000.0,0
21600.0,18,2.84,1424000.0,0
11100.0,20,1.19,1424000.0,0
264000.0,6,6.6,12053000.0,0
22500.0,14,3.16,4078000.0,0
404400.0,17,915.99,6062000.0,0
7100.0,19,10.11,1424000.0,0
11100.0,13,1.46,2541000.0,0
3400.0,20,7.33,1678000.0,0
59900.0,12,25.98,4958000.0,0
1817800.0,9,14.96,3282000.0,0
38100.0,13,5.21,9826000.0,0
275400.0,16,14.86,17995000.0,0
6300.0,18,4.09,1424000.0,0
29300.0,22,1.55,2009000.0,0
180300.0,8,1.77,4028000.0,0
96200.0,14,0.8,3761000.0,0
100200.0,21,2.6,6084000.0,0
41400.0,15,3.17,2154000.0,0
17400.0,14,1.59,2287000.0,0
6400.0,21,7.3,4167000.0,0
78600.0,19,4.15,5375000.0,0
38300.0,18,3.32,6062000.0,0
104000.0,17,4.17,4936000.0,0
20900.0,22,6.36,6066000.0,0
11100.0,17,253.63,1852000.0,1
23800.0,18,7.59,6175000.0,0
88300.0,11,2.38,8206000.0,0
13200.0,8,7.37,1424000.0,0
51900.0,18,2.91,1424000.0,0
19900.0,4,3.61,5057000.0,0
39800.0,20,5.08,1424000.0,0
13500.0,19,8.75,1972000.0,0
65200.0,7,3.23,2568000.0,0
34300.0,23,0.42,6989000.0,0
28900.0,12,3.59,4176000.0,0
10400.0,0,22.1,3289000.0,0
771500.0,17,5.63,2662000.0,0
127100.0,18,117.39,7230000.0,0
15600.0,15,22.84,1424000.0,0
120700.0,8,11.07,8968000.0,0
72900.0,16,9.6,3062000.0,0
36600.0,8,5.9,12288000.0,0
18600.0,11,4.9,1972000.0,0
21900.0,13,4.95,1727000.0,0
21800.0,9,21.32,3359000.0,0
116700.0,13,2.41,7371000.0,0
144300.0,7,3.34,2690000.0,0
176600.0,23,8.1,1747000.0,0
98000.0,14,331.33,1424000.0,0
100400.0,12,0.77,7151000.0,0
642500.0,20,3.75,24390000.0,0
21300.0,12,5.01,1951000.0,0
290500.0,18,3.63,6062000.0,0
176500.0,18,1.58,5273000.0,0
56700.0,12,3.84,1424000.0,0
21700.0,7,5.93,2353000.0,0
152200.0,18,14.52,4296000.0,0
13200.0,21,2.35,2660000.0,0
5100.0,16,94.52,3959000.0,0
79600.0,8,2.73,1424000.0,0
27700.0,18,2.35,2816000.0,0
56800.0,13,8.13,1424000.0,0
11900.0,17,6.09,2550000.0,0
3829800.0,17,160.56,6159000.0,1
28600.0,21,4.23,10880000.0,0
7800.0,17,2.9,1424000.0,0
234800.0,17,5.18,14363000.0,0
89500.0,10,5.09,9432000.0,0
39400.0,10,115.02,3594000.0,0
38700.0,20,0.98,3627000.0,0
15100.0,7,2.66,1424000.0,0
3050800.0,20,622.75,4538000.0,1
96900.0,1,2.4,5510000.0,0
83500.0,13,6.28,3517000.0,0
93600.0,14,3.59,14777000.0,0
42100.0,18,1.29,5708000.0,0
14200.0,18,2.49,1424000.0,0
27700.0,16,5.45,10209000.0,0
137500.0,9,2.57,1424000.0,0
14900.0,0,3.13,1424000.0,0
133800.0,15,10.87,2619000.0,0
256100.0,22,3.37,8060000.0,0
2900.0,10,6.2,1424000.0,0
44200.0,8,3.87,1424000.0,0
68700.0,10,44.07,1520000.0,0
44500.0,17,1.47,4530000.0,0
127400.0,19,8.85,11615000.0,0
21200.0,18,4.08,8055000.0,0
19000.0,9,3.4,1424000.0,0
182300.0,12,10.56,5244000.0,0
130100.0,18,1.1,18155000.0,0
49300.0,18,0.58,4066000.0,0
54300.0,15,0.7,4254000.0,0
45500.0,21,11.03,4355000.0,0
22000.0,15,333.24,1424000.0,0
1173900.0,7,1.33,15450000.0,0
19900.0,23,86.21,2779000.0,0
9000.0,13,9.33,2568000.0,0
33100.0,9,0.61,4063000.0,0
85300.0,11,1.7,7401000.0,0
105900.0,16,6.3,3308000.0,0
84600.0,21,2.13,2910000.0,0
30800.0,11,109.52,1835000.0,0
401200.0,23,0.88,31871000.0,0
2905200.0,16,6.41,2532000.0,0
25000.0,21,3.23,2009000.0,0
195100.0,16,5.42,3300000.0,0
1075400.0,16,1.69,11410000.0,0
3900.0,13,9.52,3129000.0,0
28400.0,8,21.45,4979000.0,0
26300.0,7,2.4,5619000.0,0
290800.0,19,2.38,12913000.0,0
136100.0,19,129.59,10864000.0,0
48100.0,7,2.05,2654000.0,0
185500.0,23,58.12,7411000.0,0
64400.0,0,148.94,4392000.0,0
13700.0,16,1.26,1647000.0,0
13800.0,18,2.12,1424000.0,0
64700.0,12,16.2,3280000.0,0
40200.0,15,5.58,1742000.0,0
15600.0,12,2.55,1424000.0,0
98800.0,21,3.2,2262000.0,0
34000.0,12,9.43,1424000.0,0
78700.0,11,4.46,9040000.0,0
34400.0,22,4.22,1676000.0,0
68200.0,17,4.74,16439000.0,0
22100.0,18,9.86,4066000.0,0
10000.0,8,6.44,3050000.0,0
133500.0,16,2.24,8460000.0,0
3200.0,13,0.56,2207000.0,0
14000.0,23,2.78,2045000.0,0
39700.0,22,16.85,3455000.0,0
24800.0,16,8.59,4177000.0,0
29400.0,10,5.49,24525000.0,0
31100.0,12,35.39,2805000.0,0
7200.0,21,20.61,2920000.0,0
161500.0,12,1.53,2012000.0,0
295900.0,15,4.48,21386000.0,0
35100.0,19,3.24,2260000.0,0
3348300.0,19,270.5,1634000.0,1
128600.0,12,6.21,7707000.0,0
130000.0,23,11.51,5180000.0,0
47900.0,13,1.36,3947000.0,0
31400.0,13,2.45,1424000.0,0
7900.0,20,1.79,2358000.0,0
4332600.0,14,8.01,5888000.0,0
98600.0,13,6.6,2358000.0,0
5300.0,11,0.62,1424000.0,0
249700.0,5,16.3,7738000.0,0
19500.0,14,22.46,6738000.0,0
103100.0,4,116.47,2942000.0,1
18900.0,14,328.48,3224000.0,1
116400.0,12,5.73,2855000.0,0
65100.0,10,2.78,2888000.0,0
88700.0,23,23.87,7588000.0,0
203600.0,16,8.9,4918000.0,0
27800.0,13,147.24,2358000.0,0
7400.0,9,1138.77,1424000.0,0
30900.0,22,2.24,3254000.0,0
46500.0,20,1.24,3447000.0,0
28600.0,13,4.2,1424000.0,0
103200.0,15,5.35,2405000.0,0
159900.0,13,8.29,4090000.0,0
16800.0,19,6.5,10891000.0,0
45300.0,10,2.69,3067000.0,0
115900.0,11,2.19,3297000.0,0
80800.0,15,4.4,4496000.0,0
79200.0,18,3.51,1722000.0,0
124600.0,11,9.91,10922000.0,0
23300.0,9,0.85,2187000.0,0
22200.0,15,4.17,5410000.0,0
23500.0,14,2.51,2848000.0,0
59900.0,19,1.89,4630000.0,0
420400.0,17,4.46,9249000.0,0
14000.0,9,1.87,6431000.0,0
37700.0,12,86.2,1756000.0,0
30700.0,15,19.72,3280000.0,0
33600.0,8,2.62,1572000.0,0
35300.0,14,2.5,3077000.0,0
7100.0,20,79.52,2445000.0,0
3900.0,16,398.77,1424000.0,0
626300.0,17,17.44,1424000.0,0
65400.0,19,10.09,5394000.0,0
46600.0,18,8.31,11621000.0,0
13900.0,18,103.76,1424000.0,0
355500.0,18,1.85,28736000.0,0
5500.0,21,1.32,1424000.0,0
478000.0,19,4.77,1424000.0,0
8000.0,21,2.26,3776000.0,0
70700.0,18,2.71,2498000.0,0
23400.0,2,1.11,2101000.0,0
124400.0,6,1.61,7552000.0,0
25600.0,16,2.76,1424000.0,0
40700.0,16,67.62,1424000.0,0
19400.0,10,5.47,1672000.0,0
135200.0,21,7.45,1611000.0,0
3526100.0,3,307.1,1424000.0,1
143600.0,13,12.67,1424000.0,0
130600.0,18,981.39,4958000.0,0
36700.0,16,9.04,2013000.0,0
95000.0,18,3.7,6240000.0,0
54000.0,17,3.45,3134000.0,0
15400.0,14,0.51,1424000.0,0
90400.0,22,2.43,9895000.0,0
94100.0,21,3.3,2305000.0,0
63700.0,19,2.95,5496000.0,0
80000.0,13,4.03,3887000.0,0
30300.0,7,1392.0,1424000.0,0
83700.0,18,1250.36,1856000.0,0
6600.0,11,6.81,1887000.0,0
25700.0,20,2.18,3971000.0,0
97500.0,17,10.57,9338000.0,0
48700.0,20,1.53,7616000.0,0
4900.0,15,276.19,3910000.0,1
87100.0,23,2.66,6812000.0,0
20000.0,9,2.7,2629000.0,0
8300.0,9,4.88,1424000.0,0
225900.0,14,4.67,5942000.0,0
19500.0,19,919.31,1424000.0,0
4900.0,13,28.93,1857000.0,0
168800.0,12,2.89,4429000.0,0
6100.0,10,1.79,5875000.0,0
111900.0,21,9.15,3603000.0,0
40300.0,19,1.84,1768000.0,0
2838600.0,13,4.37,44438000.0,0
640800.0,18,9.38,11560000.0,0
57200.0,17,0.53,10273000.0,0
22100.0,11,1.04,3249000.0,0
181300.0,12,30.72,6690000.0,0
31900.0,23,2.75,5588000.0,0
145700.0,12,8.53,4460000.0,0
59900.0,14,429.89,1424000.0,0
191600.0,20,1.16,26494000.0,0
97300.0,19,4.6,3616000.0,0
32700.0,19,17.99,3175000.0,0
8063200.0,12,1.0,6882000.0,0
25900.0,11,16.98,4754000.0,0
10400.0,17,4.52,2759000.0,0
17200.0,18,6.92,1687000.0,0
42600.0,18,30.76,2779000.0,0
126200.0,20,5.59,9640000.0,0
207300.0,15,138.52,12829000.0,0
19800.0,15,1.38,2516000.0,0
335000.0,13,6.57,4693000.0,0
84100.0,17,2.39,2504000.0,0
63600.0,13,4.19,1424000.0,0
1037800.0,11,4.38,51331000.0,0
75900.0,13,9.67,2426000.0,0
515200.0,7,1.26,8057000.0,0
53500.0,0,1.07,4347000.0,0
1723800.0,19,9.18,24777000.0,0
61700.0,11,1.96,8009000.0,0
32700.0,16,9.2,1424000.0,0
1844300.0,17,5.9,4424000.0,0
17700.0,17,2.16,2265000.0,0
147800.0,13,28.53,4155000.0,0
143900.0,14,1.41,20636000.0,0
80900.0,12,148.86,9821000.0,0
35800.0,11,4.86,8880000.0,0
46300.0,20,2.9,3937000.0,0
33700.0,15,0.83,5129000.0,0
16500.0,9,40.44,1701000.0,0
16091700.0,3,262.65,7262000.0,1
100800.0,17,2.37,2325000.0,0
38600.0,16,7.36,10068000.0,0
16300.0,12,3.19,2235000.0,0
37100.0,18,54.07,6160000.0,0
50400.0,21,5.23,5221000.0,0
39500.0,7,0.92,1424000.0,0
358300.0,11,47.27,3013000.0,0
430000.0,19,25.44,6290000.0,0
14800.0,17,7.37,1809000.0,0
35900.0,20,10.14,3280000.0,0
19900.0,23,10.9,3151000.0,0
31000.0,22,6.15,1424000.0,0
128700.0,17,2.14,15722000.0,0
31400.0,17,21.13,7552000.0,0
11900.0,11,8.54,3067000.0,0
6100.0,12,2.79,1424000.0,0
63700.0,14,4.21,1424000.0,0
66100.0,9,24.01,3627000.0,0
23400.0,21,1.41,10380000.0,0
13600.0,16,2.65,2604000.0,0
1752700.0,10,97.91,44917000.0,0
38900.0,17,2.16,2386000.0,0
56400.0,19,5.24,2781000.0,0
37700.0,18,23.89,4774000.0,0
17900.0,8,10.24,13027000.0,1
113300.0,17,4.17,1969000.0,0
63700.0,16,4.29,3005000.0,0
8000.0,11,3.6,1788000.0,0
145500.0,13,3.11,1424000.0,0
46400.0,20,5.57,2219000.0,0
27500.0,10,3.83,5060000.0,0
4100.0,19,0.83,1424000.0,0
33400.0,5,3.76,4241000.0,0
33400.0,18,1.69,2365000.0,0
74600.0,23,92.94,2034000.0,0
23000.0,21,18.58,2097000.0,0
11000.0,20,1.69,1424000.0,0
29300.0,15,8.29,1424000.0,0
66200.0,13,11.09,7411000.0,0
21600.0,18,12.13,1551000.0,0
69100.0,21,3.35,3750000.0,0
76400.0,17,3.89,1630000.0,0
6200.0,16,2.42,1573000.0,0
68700.0,8,2.28,9058000.0,0
9000.0,21,4.45,1424000.0,0
7600.0,22,2.17,1424000.0,0
227400.0,11,2.45,5054000.0,0
22300.0,12,87.55,2815000.0,0
90100.0,18,7.48,1687000.0,0
51800.0,11,105.55,1608000.0,0
21100.0,21,2.46,1424000.0,0
37400.0,9,79.63,1504000.0,0
47600.0,15,1.32,1825000.0,0
25500.0,19,5.94,9271000.0,0
59400.0,9,2.98,1424000.0,0
10700.0,11,1.25,1424000.0,0
26000.0,19,5.64,4974000.0,0
305700.0,20,2.19,11491000.0,0
178200.0,16,92.84,4308000.0,0
11200.0,7,3.64,1424000.0,0
8200.0,0,3.25,1426000.0,0
18300.0,17,2.31,3878000.0,0
3300.0,18,4.31,1424000.0,0
208100.0,9,11.86,6107000.0,0
456000.0,12,5.11,7380000.0,0
1102700.0,4,228.08,1884000.0,1
28100.0,14,88.21,1712000.0,0
20200.0,18,2.98,2222000.0,0
371700.0,16,3.68,23618000.0,0
88400.0,21,7.5,1424000.0,0
180100.0,15,4.09,4564000.0,0
218700.0,20,38.19,3305000.0,0
6300.0,20,9.83,3548000.0,0
52800.0,10,6.08,6197000.0,0
17700.0,20,0.91,1424000.0,0
139600.0,11,3.84,3504000.0,0
65500.0,21,1.46,3200000.0,0
279600.0,13,1.64,3498000.0,0
31200.0,10,13.93,1424000.0,0
182400.0,14,3.21,3770000.0,0
1113500.0,16,9.74,20636000.0,0
93400.0,21,5.48,4704000.0,0
28500.0,8,15.7,2662000.0,0
32700.0,15,9.98,3005000.0,0
174400.0,18,0.41,13390000.0,0
172600.0,12,2.36,5789000.0,0
78500.0,18,4.73,6623000.0,0
39000.0,22,101.33,1424000.0,0
15100.0,13,6.99,2110000.0,0
94700.0,20,1.07,6512000.0,0
128800.0,12,15.77,5984000.0,0
16100.0,14,0.72,3205000.0,0
46000.0,14,1.16,2053000.0,0
39300.0,21,4.44,4378000.0,0
247900.0,18,33.56,11029000.0,0
23600.0,8,2.82,1975000.0,0
14700.0,19,1.18,1424000.0,0
59200.0,0,1.65,5019000.0,0
171100.0,22,102.69,2870000.0,0
9100.0,12,4.88,1424000.0,0
225700.0,20,11.18,4979000.0,0
5000.0,20,7.57,2235000.0,0
74700.0,8,3.64,15436000.0,0
32100.0,19,9.49,4907000.0,0
59900.0,18,3.02,3664000.0,0
16000.0,18,0.56,1627000.0,0
21300.0,9,72.39,6431000.0,0
624000.0,15,4.51,4715000.0,0
506600.0,13,5.52,27751000.0,0
67600.0,23,11.35,5629000.0,0
90700.0,13,2.69,4506000.0,0
99600.0,19,61.16,9916000.0,0
11500.0,20,3.77,3121000.0,0
17300.0,17,7.29,2288000.0,0
23400.0,18,3.01,1424000.0,0
39700.0,9,3.57,1424000.0,0
80800.0,10,4.36,3266000.0,0
41600.0,20,4.55,4598000.0,0
154200.0,15,18.88,14156000.0,0
23400.0,18,4.51,1424000.0,0
54200.0,13,2.93,2262000.0,0
64300.0,9,5.64,1616000.0,0
2500.0,16,1.58,1678000.0,0
42600.0,16,3.14,5005000.0,0
24100.0,10,3.84,1424000.0,0
10500.0,18,18.92,2857000.0,0
59400.0,2,45.14,4921000.0,0
18800.0,17,10.6,3904000.0,0
19200.0,18,1.34,1424000.0,0
23100.0,18,2.01,5495000.0,0
29700.0,13,7.37,2235000.0,0
7700.0,20,0.64,2278000.0,0
21000.0,14,6.5,1747000.0,0
18100.0,21,6.96,3067000.0,0
81000.0,19,5.31,3193000.0,0
29200.0,12,11.85,1424000.0,0
10400.0,9,6.58,1424000.0,0
6300.0,11,2.91,1424000.0,0
17100.0,18,115.33,7135000.0,0
283500.0,11,1.72,16654000.0,0
56900.0,7,4.84,3606000.0,0
11900.0,20,22.45,1424000.0,0
69600.0,15,5.51,4217000.0,0
84200.0,7,5.13,1424000.0,0
81600.0,14,4.99,5036000.0,0
71500.0,7,21.76,4496000.0,0
208500.0,12,119.55,8880000.0,0
224800.0,18,1.34,6675000.0,0
96200.0,23,0.92,7458000.0,0
54100.0,21,138.4,1461000.0,0
12200.0,19,2.77,2270000.0,0
17100.0,18,10.31,2235000.0,0
231800.0,8,7.25,1424000.0,1
3400.0,14,6.96,1424000.0,0
157900.0,12,2.12,4347000.0,0
4296300.0,12,1005.37,2649000.0,1
41700.0,11,0.72,1950000.0,0
30200.0,15,0.67,2112000.0,0
47000.0,15,3.19,3057000.0,0
44200.0,20,13.99,1424000.0,0
404700.0,11,2.48,7159000.0,0
6900.0,20,709.02,1424000.0,0
69300.0,18,3.21,5850000.0,0
29400.0,15,0.69,3062000.0,0
23400.0,17,133.14,1424000.0,0
603900.0,10,1255.71,8894000.0,0
22900.0,22,16.05,4167000.0,0
28700.0,11,1.82,3099000.0,0
5800.0,15,4.89,3623000.0,0
49000.0,22,1.27,1424000.0,0
6600.0,16,2.34,1424000.0,0
4684500.0,12,16.92,10166000.0,1
7300.0,18,4.09,1765000.0,0
51100.0,19,2.01,4414000.0,0
35400.0,12,1.72,3802000.0,0
10700.0,9,12.71,1424000.0,0
145600.0,17,2.02,2866000.0,0
37500.0,19,22.16,3871000.0,0
51400.0,13,0.86,1424000.0,0
5300.0,19,2.36,1424000.0,0
6700.0,13,3.03,1424000.0,0
11500.0,12,20.09,1504000.0,0
10763000.0,22,471.61,7329000.0,1
323300.0,22,3.59,16325000.0,0
178300.0,17,4.8,4829000.0,0
14900.0,6,2.89,1630000.0,0
12900.0,14,7.69,1816000.0,0
11300.0,19,8.04,1749000.0,0
115200.0,19,5.48,5849000.0,0
200500.0,1,6.22,4436000.0,0
21600.0,21,5.44,2568000.0,0
428300.0,16,27.82,3913000.0,0
23600.0,21,6.16,5978000.0,0
26900.0,10,1.87,6202000.0,0
6500.0,18,3.06,1424000.0,0
53200.0,9,11.35,7208000.0,0
71200.0,12,9.29,2759000.0,0
39600.0,19,15.79,1424000.0,0
122000.0,14,8.33,14888000.0,0
188300.0,13,12.15,4499000.0,0
5178700.0,15,7.87,5953000.0,0
3176300.0,11,10.35,4233000.0,0
365600.0,9,9.81,1565000.0,0
25200.0,19,5.65,3106000.0,0
22900.0,15,511.94,4694000.0,0
14000.0,20,10.77,2096000.0,0
74400.0,21,2.7,2030000.0,0
44600.0,11,128.73,6430000.0,0
50900.0,12,1.91,1424000.0,0
6800.0,13,16.72,1424000.0,0
35100.0,15,1.66,2110000.0,0
16000.0,13,0.75,3040000.0,0
5000.0,16,2.38,4001000.0,0
27300.0,10,3.78,1835000.0,0
441000.0,14,4.01,6433000.0,0
47000.0,10,17.39,6337000.0,0
81200.0,10,1.82,2479000.0,0
475600.0,13,46.76,17311000.0,0
181000.0,11,2.26,4478000.0,0
5000.0,17,1.76,1676000.0,0
18500.0,2,1544.42,2938000.0,1
49200.0,18,12.06,5060000.0,0
227400.0,13,21.17,8927000.0,0
12000.0,18,1.39,4535000.0,0
6100.0,20,10.46,1504000.0,0
6200.0,18,10.94,3030000.0,0
10500.0,7,3.99,3299000.0,0
189500.0,11,31.01,7811000.0,0
44900.0,15,1.19,2286000.0,0
4400.0,10,5.4,1495000.0,0
95900.0,13,3.17,3268000.0,0
43900.0,8,1.75,4071000.0,0
74600.0,18,4.77,3283000.0,0
23600.0,16,2.35,3134000.0,0
40000.0,21,1.24,2745000.0,0
25900.0,15,1380.97,4958000.0,0
25700.0,11,4.46,2736000.0,0
41000.0,8,22.29,2875000.0,0
43800.0,14,1.83,2154000.0,0
12800.0,17,0.92,5115000.0,0
8500.0,22,1.13,1424000.0,0
115400.0,15,6.87,16222000.0,0
202900.0,10,3.09,4501000.0,0
129200.0,10,1.18,1551000.0,0
165800.0,13,16.09,5817000.0,0
1800.0,8,6.7,1612000.0,0
22600.0,22,18.18,1424000.0,0
31200.0,13,1.22,2528000.0,0
36700.0,9,2.71,5837000.0,0
27300.0,14,14.49,2888000.0,0
45400.0,21,134.46,2750000.0,0
104900.0,18,4.88,2241000.0,0
14100.0,10,6.04,6331000.0,0
142300.0,18,2.59,9271000.0,0
151600.0,18,5.23,11532000.0,0
10400.0,20,6.26,1424000.0,0
26500.0,21,4.55,3359000.0,0
145900.0,9,9.51,13309000.0,0
68000.0,19,121.74,1424000.0,0
121300.0,8,1024.97,4875000.0,0
223200.0,20,3.26,3256000.0,0
149100.0,19,2.53,3811000.0,0
37600.0,8,3.08,1433000.0,0
245800.0,16,1.08,3032000.0,0
149500.0,16,3.27,3438000.0,0
469300.0,18,7.04,1424000.0,0
837900.0,6,1039.16,2469000.0,1
158700.0,15,2.99,11916000.0,0
416300.0,13,7.93,11516000.0,0
23000.0,7,2.0,1950000.0,0
23400.0,21,1.33,3084000.0,0
15200.0,11,5.24,1424000.0,0
37600.0,18,7.55,5472000.0,0
86700.0,15,0.16,11962000.0,0
68400.0,11,87.31,7106000.0,0
50700.0,16,16.07,1520000.0,0
34500.0,18,8.95,1424000.0,0
22800.0,9,4.42,4432000.0,0
301100.0,10,3.1,3034000.0,0
4500.0,12,1026.06,6084000.0,1
85400.0,17,0.39,2239000.0,0
163600.0,11,2.73,6203000.0,0
46300.0,17,1.03,3214000.0,0
129700.0,19,14.46,1424000.0,0
20800.0,14,10.43,2286000.0,0
650400.0,11,3.52,11347000.0,0
83500.0,9,0.73,3229000.0,0
27200.0,14,47.75,3319000.0,0
38800.0,21,9.58,2229000.0,0
193900.0,12,1.23,11248000.0,0
5800.0,19,0.69,1424000.0,0
18700.0,19,16.34,4233000.0,0
39800.0,16,3.76,4875000.0,0
31900.0,10,2.31,3805000.0,0
12900.0,9,1.04,4804000.0,0
53100.0,12,8.55,5035000.0,0
105500.0,10,10.9,12919000.0,0
91500.0,22,6.23,11309000.0,0
116700.0,19,13.13,1424000.0,0
269300.0,17,7.47,11297000.0,0
25900.0,18,4.49,1650000.0,0
52000.0,15,4.3,1424000.0,0
44400.0,18,8.7,3517000.0,0
24300.0,19,6.23,1477000.0,0
373600.0,10,2.56,44438000.0,0
117300.0,9,3.68,3639000.0,0
4200.0,16,2.74,1424000.0,0
63400.0,14,33.32,2692000.0,0
9900.0,19,20.78,4940000.0,0
10400.0,16,0.84,2870000.0,0
14600.0,9,10.31,1424000.0,0
14800.0,22,6.84,1424000.0,0
8800.0,11,1055.79,1424000.0,0
6700.0,22,15.21,1424000.0,0
115200.0,11,7.6,3106000.0,0
164200.0,15,62.95,6331000.0,0
286700.0,20,5.18,5991000.0,0
217900.0,21,6.77,8307000.0,0
19300.0,20,6.82,4355000.0,0
22000.0,18,36.0,6034000.0,0
61100.0,13,1.67,10279000.0,0
159300.0,20,10.55,5022000.0,0
538400.0,9,6.47,7135000.0,0
50800.0,18,9.36,5135000.0,0
32300.0,14,5.48,1424000.0,0
20500.0,21,5.24,3385000.0,0
132900.0,16,1.4,7925000.0,0
342300.0,7,0.71,4064000.0,0
2157800.0,18,2.74,26494000.0,0
20200.0,12,14.69,2128000.0,0
253500.0,13,2.19,24390000.0,0
568900.0,15,14.09,6175000.0,0
28600.0,10,10.06,2910000.0,0
25500.0,17,1.87,5468000.0,0
23600.0,16,4.44,3084000.0,0
109800.0,9,112.31,14930000.0,0
114400.0,5,4.5,3438000.0,0
57800.0,14,6.77,1424000.0,0
25600.0,8,3.41,2688000.0,0
86400.0,15,2.43,11837000.0,0
43200.0,16,10.23,1841000.0,0
170900.0,21,27.55,5527000.0,0
8600.0,9,28.46,1716000.0,0
78400.0,15,3.73,3666000.0,0
27300.0,9,2.66,3841000.0,0
39100.0,9,4.53,1424000.0,0
14500.0,18,8.31,1424000.0,0
218800.0,18,125.93,7219000.0,0
26700.0,15,6.12,1424000.0,0
45800.0,12,3.1,2687000.0,0
46500.0,20,3.43,5318000.0,0
18200.0,13,1.73,2425000.0,0
44900.0,19,7.14,3091000.0,0
157100.0,12,8.35,5984000.0,0
72600.0,19,43.58,2169000.0,0
188900.0,9,3.54,9338000.0,0
72600.0,21,10.17,8979000.0,0
84000.0,9,3.9,5354000.0,0
740700.0,18,17.89,1759000.0,0
6100.0,13,25.38,2024000.0,0
92900.0,21,1.02,3582000.0,0
232200.0,21,2.46,7927000.0,0
10500.0,19,16.67,2805000.0,0
465200.0,11,1.52,15450000.0,0
18400.0,6,3.05,1810000.0,0
75200.0,18,3.77,7074000.0,0
58900.0,17,5.99,3088000.0,0
16100.0,7,0.51,1424000.0,0
202000.0,20,8.42,6803000.0,0
74700.0,19,3.78,7230000.0,0
58500.0,9,57.86,2698000.0,0
121800.0,20,1.9,13027000.0,0
7900.0,12,22.73,2107000.0,0
18800.0,0,0.47,1424000.0,0
4400.0,10,13.28,2760000.0,0
88900.0,18,14.51,1424000.0,0
179600.0,11,1.68,4163000.0,0
38400.0,22,12.26,13353000.0,0
50600.0,9,2.58,6955000.0,0
78800.0,12,6.19,4829000.0,0
40000.0,15,37.82,1424000.0,0
66900.0,14,1.31,5203000.0,0
39100.0,13,15.54,3870000.0,0
114400.0,9,0.62,1424000.0,0
100300.0,13,12.74,8499000.0,0
22100.0,21,1.34,2881000.0,0
8500.0,17,3.17,1745000.0,0
281400.0,19,4.65,2241000.0,0
108400.0,19,8.65,6091000.0,0
15800.0,13,26.71,4846000.0,0
29800.0,12,4.71,3584000.0,0
9200.0,20,7.34,1593000.0,0
20400.0,3,19.58,1424000.0,0
70100.0,12,3.66,1424000.0,0
98800.0,18,2.85,5888000.0,0
158600.0,15,5.65,9432000.0,0
52700.0,10,1.35,14577000.0,0
31900.0,8,3.26,1424000.0,0
56900.0,20,26.38,1971000.0,0
12000.0,23,2.73,2810000.0,1
25400.0,0,3.29,3036000.0,0
67700.0,11,4.07,5131000.0,0
259200.0,15,2.53,20636000.0,0
35700.0,20,3.24,5182000.0,0
41400.0,9,5.16,2706000.0,0
35100.0,10,1.84,1424000.0,0
4100.0,8,5.67,1424000.0,0
66200.0,15,4.18,4532000.0,0
261600.0,20,7.56,3496000.0,0
24400.0,13,123.65,1424000.0,0
9200.0,10,2.46,1813000.0,0
15400.0,11,2.65,1424000.0,0
13900.0,6,6.04,1951000.0,0
50700.0,21,1.86,2516000.0,0
79300.0,20,1.89,4727000.0,0
5000.0,11,1.56,4506000.0,0
30500.0,16,8.34,1424000.0,0
110700.0,23,6.04,4917000.0,0
23500.0,18,2.51,1424000.0,0
23500.0,20,13.79,1995000.0,0
18000.0,19,23.06,1424000.0,0
11300.0,10,1.37,3676000.0,0
2178100.0,18,7.88,10351000.0,0
12600.0,14,2.2,5991000.0,1
27100.0,17,5.02,3904000.0,0
103700.0,11,5.67,6147000.0,0
27000.0,13,7.82,1424000.0,0
113000.0,19,5.76,4588000.0,0
9500.0,19,4.03,2198000.0,0
8700.0,19,1.64,4538000.0,0
46000.0,18,1.67,6234000.0,0
4600.0,21,12.42,2372000.0,0
1000.0,11,6.19,1459000.0,0
31800.0,7,1.72,2554000.0,0
104100.0,21,1.19,6450000.0,0
69900.0,12,1.71,4167000.0,0
110900.0,21,12.56,6162000.0,0
43200.0,13,3.15,2078000.0,0
5600.0,18,8.61,2654000.0,0
22800.0,17,1.45,1509000.0,0
39200.0,16,5.81,5473000.0,0
34300.0,16,2.96,4624000.0,0
17100.0,18,19.12,3676000.0,0
14600.0,10,3.42,1424000.0,0
142400.0,17,1.82,4368000.0,0
11400.0,19,4.24,5191000.0,0
286700.0,12,1.91,1687000.0,0
106400.0,21,15.12,3036000.0,0
14900.0,14,0.9,1424000.0,0
113200.0,22,2.05,6490000.0,0
69500.0,12,3.54,2286000.0,0
144000.0,0,4.12,11615000.0,0
35500.0,6,0.85,7232000.0,0
19800.0,20,92.96,3003000.0,0
24100.0,5,1.31,3805000.0,0
134400.0,16,2.52,3190000.0,0
14400.0,10,7.42,1424000.0,0
216300.0,9,4.44,3830000.0,0
25600.0,15,6.88,6889000.0,0
39100.0,19,19.09,1808000.0,0
28300.0,17,4.61,6807000.0,0
85300.0,20,149.79,2324000.0,0
30200.0,6,2.99,7023000.0,0
105600.0,17,3.08,4480000.0,0
10800.0,13,0.81,5036000.0,0
13000.0,17,1.48,1424000.0,0
174700.0,9,13.76,3799000.0,0
2029500.0,18,2.9,2386000.0,0
117300.0,8,4.31,9764000.0,0
113600.0,12,7.92,6796000.0,0
10900.0,18,2.57,2840000.0,0
89600.0,20,91.11,22795000.0,0
7300.0,17,316.94,2549000.0,0
105600.0,9,5.04,6807000.0,0
145300.0,16,5.38,4841000.0,0
6800.0,21,4.98,1424000.0,0
250500.0,16,2.4,6492000.0,0
115400.0,21,5.18,3054000.0,0
38700.0,9,11.53,5525000.0,0
56100.0,12,6.9,10417000.0,0
267300.0,13,8.11,2948000.0,0
52000.0,12,5.31,5190000.0,0
73100.0,18,6.37,1824000.0,0
61300.0,19,10.13,4467000.0,0
32200.0,9,2.87,7894000.0,0
16000.0,18,4.67,2750000.0,0
12100.0,20,3.58,4506000.0,0
21400.0,12,4.51,1424000.0,0
24300.0,11,3.14,4432000.0,0
40000.0,14,3.53,1424000.0,0
14700.0,17,2.14,2339000.0,0
23000.0,14,3.23,2495000.0,0
16500.0,18,95.12,1940000.0,0
3600.0,14,1.6,2436000.0,0
25400.0,17,36.69,1689000.0,0
13300.0,9,2.36,2479000.0,0
30800.0,9,1.7,4535000.0,0
83900.0,22,3.76,2698000.0,0
29600.0,10,1.8,1424000.0,0
461800.0,11,18.39,1836000.0,0
37900.0,21,3.99,5579000.0,0
48500.0,13,6.99,4895000.0,0
1842700.0,19,8.44,7368000.0,0
16300.0,11,1.96,2511000.0,0
169500.0,0,126.72,6738000.0,0
25000.0,16,9.13,1424000.0,0
93000.0,20,5.69,2052000.0,0
15700.0,17,11.01,5375000.0,0
43500.0,10,6.91,4064000.0,0
199100.0,10,7.75,7746000.0,0
73800.0,23,4.0,3770000.0,0
6500.0,8,4.21,1424000.0,0
143600.0,17,1.54,4026000.0,0
12400.0,7,30.55,4297000.0,0
18000.0,20,7.92,3759000.0,0
25600.0,7,6.46,11516000.0,0
29800.0,14,7.76,3249000.0,0
68200.0,12,1.2,12437000.0,0
208100.0,21,1.61,10166000.0,0
21100.0,8,18.76,1710000.0,0
15200.0,8,2.73,2402000.0,0
92400.0,0,10.26,2330000.0,0
302000.0,16,3.56,4176000.0,0
21221800.0,5,344.3,9826000.0,1
73400.0,18,1.33,4752000.0,0
1387700.0,19,2.87,1424000.0,0
92600.0,19,9.17,4163000.0,0
82200.0,12,3.17,10912000.0,0
41900.0,17,3.44,5991000.0,0
125100.0,11,4.44,2068000.0,0
87200.0,21,12.65,4719000.0,0
32300.0,13,5.81,1424000.0,0
62200.0,13,1.66,3471000.0,0
9400.0,11,9.26,1424000.0,0
33600.0,15,1.79,2347000.0,0
45700.0,10,2.26,2571000.0,0
7200.0,10,1.55,2915000.0,0
21500.0,19,9.17,2045000.0,0
20100.0,20,12.44,2622000.0,0
7800.0,20,4.19,1424000.0,0
42300.0,10,1.4,5614000.0,0
532600.0,11,8.84,5526000.0,0
492300.0,15,4.33,5646000.0,0
135700.0,16,2.52,7297000.0,0
37800.0,17,4.1,4526000.0,0
12400.0,8,8.14,4453000.0,0
41000.0,17,20.62,1600000.0,0
6800.0,0,3.19,2358000.0,0
38100.0,22,4.24,1424000.0,0
5300.0,13,13.46,1424000.0,0
29800.0,8,505.34,2777000.0,0
12500.0,22,1.85,1424000.0,0
80700.0,11,91.95,1424000.0,0
17400.0,9,1.83,2386000.0,0
11300.0,16,7.21,12041000.0,0
165000.0,14,3.46,2777000.0,0
74200.0,15,24.4,1577000.0,0
69700.0,9,40.85,1424000.0,0
9000.0,14,41.45,1424000.0,0
28300.0,12,2.03,5190000.0,0
24500.0,11,6.77,9188000.0,0
23700.0,18,9.91,2678000.0,0
4700.0,12,3.88,2048000.0,0
18400.0,19,0.83,1424000.0,0
27700.0,20,5.72,2198000.0,0
27400.0,15,4.67,1424000.0,0
9600.0,10,2.64,2233000.0,0
24800.0,19,8.81,1424000.0,1
64200.0,8,4.59,1424000.0,0
9400.0,15,7.55,2569000.0,0
313000.0,19,1.47,9552000.0,0
30100.0,21,2.04,5978000.0,0
57300.0,16,7.24,3627000.0,0
9300.0,11,5.04,1634000.0,0
21900.0,5,4.79,1808000.0,0
64300.0,10,4.25,11962000.0,0
14000.0,7,1.51,1781000.0,0
212500.0,21,3.26,2944000.0,0
127100.0,11,8.19,5568000.0,0
43200.0,10,1.61,2670000.0,0
108500.0,13,3.39,3247000.0,0
51600.0,11,10.67,1424000.0,0
1179400.0,11,1.7,27751000.0,0
5100.0,8,4.18,4320000.0,0
5200.0,22,5.49,1643000.0,0
97400.0,15,5.58,3236000.0,0
32000.0,11,1.06,1957000.0,0
35800.0,22,1.53,2937000.0,0
28900.0,7,3.24,3616000.0,0
28800.0,17,10.55,6213000.0,0
30100.0,16,84.39,3174000.0,0
3900.0,15,2.79,1424000.0,0
49400.0,16,3.04,5638000.0,0
126500.0,14,6.18,7464000.0,0
40800.0,7,7.08,4556000.0,0
11900.0,14,6.93,2444000.0,0
129300.0,17,9.07,1433000.0,0
73500.0,16,21.79,12434000.0,0
165700.0,1,3.52,6882000.0,0
15500.0,17,6.25,1984000.0,0
14500.0,16,2.31,1424000.0,0
30300.0,18,12.5,1852000.0,0
33600.0,12,43.11,5297000.0,0
51900.0,14,81.08,8880000.0,0
22900.0,18,138.74,4694000.0,0
31600.0,14,13.27,1424000.0,0
33400.0,17,2.21,4564000.0,0
34800.0,10,30.71,1424000.0,0
222500.0,0,4.8,14817000.0,0
242700.0,20,6.46,4499000.0,0
135500.0,22,3.41,6919000.0,0
77100.0,17,283.78,5476000.0,0
143300.0,10,1.96,2033000.0,0
997700.0,15,10.39,1424000.0,0
91700.0,12,0.8,1424000.0,0
36200.0,18,7.91,2250000.0,0
19000.0,14,16.56,3091000.0,0
89300.0,20,4.45,6303000.0,0
51500.0,10,6.58,1430000.0,0
81300.0,17,66.49,2087000.0,0
349500.0,23,1.41,5744000.0,0
37600.0,13,3.94,6240000.0,0
63900.0,10,2.5,1976000.0,0
61800.0,11,7.75,6213000.0,0
49900.0,16,4.4,1678000.0,0
8600.0,10,1.92,1788000.0,0
1077600.0,16,2.96,1424000.0,0
27400.0,12,53.43,1939000.0,0
27700.0,17,37.11,3044000.0,0
136100.0,17,5.88,5728000.0,0
156700.0,13,21.73,8746000.0,0
364400.0,15,5.49,7927000.0,0
15000.0,18,1.76,1433000.0,0
10000.0,19,1.38,1424000.0,0
86400.0,9,2.48,3402000.0,0
32500.0,23,1.97,1813000.0,0
629700.0,18,7.18,10592000.0,0
21900.0,18,8.64,1424000.0,0
55300.0,20,7.42,14603000.0,0
92300.0,19,4.0,5614000.0,0
95900.0,19,142.27,7335000.0,0
18400.0,20,10.61,1722000.0,0
30900.0,20,6.14,10401000.0,0
15400.0,1,3.27,1424000.0,0
97400.0,12,9.08,1628000.0,0
17400.0,5,1.09,1514000.0,0
4100.0,13,0.4,1424000.0,0
84600.0,13,8.17,5060000.0,0
66600.0,8,3.53,6869000.0,0
60500.0,7,13.9,10880000.0,0
51800.0,13,5.26,7704000.0,0
49200.0,14,6.28,1424000.0,0
65500.0,10,1.22,4184000.0,0
30700.0,7,4.96,5435000.0,0
54500.0,12,2.94,2649000.0,0
10600.0,18,6.1,1688000.0,0
24700.0,19,9.6,1740000.0,0
22400.0,12,1.16,2770000.0,0
26500.0,22,7.01,4963000.0,0
5800.0,18,1.77,3305000.0,0
65300.0,12,6.69,4832000.0,0
70400.0,12,0.65,2286000.0,0
54400.0,18,3.47,5641000.0,0
22700.0,12,1.95,2400000.0,0
30300.0,10,3.71,2246000.0,0
199300.0,18,6.18,20040000.0,0
1900.0,10,7.64,1434000.0,0
36100.0,11,10.14,2989000.0,1
44700.0,11,148.96,5338000.0,0
72300.0,22,6.32,1428000.0,0
87600.0,17,0.94,8109000.0,0
56800.0,19,3.15,2513000.0,0
10254900.0,4,153.1,4124000.0,1
123600.0,20,76.8,15553000.0,0
168300.0,13,1.13,17272000.0,0
4300.0,21,3.28,2592000.0,0
99400.0,13,1.44,7925000.0,0
44700.0,14,7.52,1424000.0,0
9900.0,15,3.09,1424000.0,0
15900.0,13,25.21,4744000.0,0
37200.0,9,4.69,6380000.0,0
69600.0,21,5.6,4597000.0,0
86000.0,12,1.48,4193000.0,0
4500.0,2,4.73,1939000.0,0
21200.0,10,24.6,2032000.0,0
243500.0,21,6.72,19503000.0,0
23100.0,19,2.5,3116000.0,0
27500.0,19,0.92,2810000.0,0
69400.0,14,2.62,9245000.0,0
69600.0,10,2.64,1424000.0,0
309100.0,20,4.25,11615000.0,0
15200.0,15,6.1,2426000.0,0
56800.0,12,4.31,6603000.0,0
84900.0,17,21.56,1424000.0,0
21900.0,7,15.64,1424000.0,0
32100.0,17,1.94,21886000.0,0
11300.0,15,5.86,2275000.0,0
15700.0,16,11.69,3225000.0,0
53400.0,21,8.09,9666000.0,0
52000.0,17,3.25,3243000.0,0
47600.0,18,2.54,1567000.0,0
31400.0,19,31.6,2792000.0,0
366900.0,8,5.99,17706000.0,0
25500.0,20,5.59,1433000.0,0
50000.0,22,3.39,1841000.0,0
26100.0,18,8.92,2108000.0,0
18800.0,15,4.35,2309000.0,0
30500.0,18,5.79,10259000.0,0
47600.0,11,1.75,2609000.0,0
32600.0,17,10.97,1424000.0,0
12700.0,9,15.54,1504000.0,0
5694900.0,4,475.46,2309000.0,1
21000.0,8,1.81,3240000.0,0
48400.0,12,83.52,7317000.0,0
48800.0,18,3.07,4184000.0,0
9400.0,4,4.38,1424000.0,0
731200.0,17,10.45,7317000.0,0
42900.0,18,12.04,1741000.0,0
309000.0,8,7.87,3057000.0,0
4400.0,10,7.57,2838000.0,0
20400.0,12,0.5,1424000.0,0
73800.0,19,6.31,2423000.0,0
107900.0,11,7.53,3116000.0,0
187800.0,20,12.93,3386000.0,0
42000.0,13,2.68,3733000.0,0
50100.0,0,6.34,4378000.0,0
96300.0,20,3.49,4754000.0,0
22900.0,16,4.91,2861000.0,0
75000.0,21,8.79,5959000.0,0
27400.0,15,326.14,1490000.0,0
12600.0,19,4.84,4350000.0,0
3024600.0,5,248.94,1424000.0,1
64800.0,13,1.62,1424000.0,0
7400.0,14,2.84,4116000.0,0
12200.0,18,110.24,1424000.0,0
24200.0,12,2.0,1424000.0,0
18300.0,12,3.95,2741000.0,0
109300.0,7,0.75,5222000.0,0
42600.0,14,2.55,1852000.0,0
89400.0,11,7.57,1514000.0,0
30800.0,20,6.21,3438000.0,0
47100.0,21,10.96,4176000.0,0
70600.0,8,7.4,1596000.0,0
21500.0,18,2.37,1424000.0,0
255800.0,13,3.01,3406000.0,0
23500.0,14,1409.17,1424000.0,0
76700.0,7,8.27,2692000.0,0
28200.0,9,10.29,9126000.0,0
88100.0,22,5.06,4690000.0,0
19100.0,9,8.15,1432000.0,0
24100.0,6,1.54,1650000.0,0
6400.0,16,12.19,1424000.0,0
153800.0,12,12.58,1573000.0,0
8400.0,13,1427.45,3330000.0,1
6900.0,21,115.3,1701000.0,0
101900.0,16,3.75,3297000.0,0
16900.0,18,1.66,1684000.0,0
143100.0,7,4.67,8042000.0,0
55900.0,22,11.28,2365000.0,0
75300.0,17,11.98,1424000.0,0
9100.0,9,8.79,2233000.0,0
13100.0,12,44.83,2605000.0,0
15300.0,17,1.37,3553000.0,0
774400.0,18,2.99,14595000.0,0
56000.0,20,43.66,4064000.0,0
40500.0,16,3.06,7293000.0,0
787100.0,9,5.08,5243000.0,0
12100.0,9,7.56,3542000.0,0
83400.0,12,1.58,7401000.0,0
19500.0,18,11.57,2302000.0,0
132700.0,21,9.77,5000000.0,0
270400.0,8,0.37,17897000.0,0
59600.0,16,4.03,4859000.0,0
28500.0,16,2.76,1424000.0,0
23700.0,12,1.34,1424000.0,0
18000.0,21,2.03,2810000.0,0
46600.0,11,132.88,1596000.0,0
16500.0,12,37.33,1424000.0,0
16000.0,9,5.99,2559000.0,0
457400.0,18,2.96,16809000.0,0
234000.0,10,1.56,10723000.0,0
32000.0,17,2.44,1424000.0,0
2802500.0,5,184.56,1531000.0,1
80500.0,13,2.93,1932000.0,0
79300.0,10,3.11,2719000.0,0
11000.0,18,4.5,1424000.0,0
63100.0,17,2.43,6240000.0,0
12900.0,15,1976.52,1424000.0,1
10400.0,8,30.47,1608000.0,0
20900.0,10,3.92,3616000.0,0
21200.0,19,6.12,1884000.0,0
13700.0,15,4.94,7078000.0,0
43700.0,21,4.98,1961000.0,0
15700.0,11,4.26,9548000.0,0
27400.0,11,8.58,3077000.0,0
41400.0,8,2.89,3179000.0,0
14700.0,11,62.07,1905000.0,0
2100.0,3,2.69,1582000.0,0
53300.0,11,2.92,6202000.0,0
78600.0,17,4.89,3963000.0,0
12100.0,9,2.21,4208000.0,0
104400.0,22,6.22,13390000.0,0
31400.0,17,118.37,1490000.0,0
5919900.0,11,16.31,8307000.0,0
14000.0,18,17.59,1424000.0,0
18000.0,17,5.3,3964000.0,0
16500.0,13,55.57,3256000.0,0
170600.0,19,6.99,10552000.0,0
94300.0,15,5.74,5372000.0,0
140100.0,6,4.6,5093000.0,0
8100.0,12,5.08,2764000.0,0
383000.0,8,16.56,3302000.0,0
8900.0,15,7.04,2827000.0,0
76200.0,12,3.6,10028000.0,0
115300.0,21,2.33,3006000.0,0
51200.0,19,2.04,1752000.0,0
31100.0,18,1.29,1424000.0,0
96500.0,21,120.65,5044000.0,0
61100.0,9,0.91,7386000.0,0
23800.0,7,1.98,6153000.0,0
52100.0,21,2.66,3545000.0,0
93400.0,18,2.44,1950000.0,0
68200.0,9,2.12,9640000.0,0
95600.0,10,13.41,10279000.0,0
43500.0,14,0.74,3870000.0,0
281700.0,16,3.92,3152000.0,0
23000.0,14,6.39,4577000.0,0
455500.0,8,5.06,5244000.0,0
148300.0,13,1.65,3062000.0,0
16500.0,15,3.96,1424000.0,0
2500.0,19,1.94,1424000.0,0
12200.0,10,13.55,3205000.0,0
41300.0,20,1.38,3384000.0,0
25300.0,19,14.69,2622000.0,0
24600.0,14,8.45,1722000.0,0
102100.0,11,1.65,4760000.0,0
16000.0,20,15.64,3143000.0,0
4600.0,18,5.9,1424000.0,0
105000.0,12,4.44,5131000.0,0
217400.0,10,6.62,3299000.0,0
3500.0,5,5.3,3120000.0,0
42500.0,13,5.96,2027000.0,0
2609500.0,9,5.58,15762000.0,0
61000.0,9,6.09,2591000.0,0
97600.0,14,5.07,10273000.0,0
4300.0,9,2.58,1424000.0,0
64500.0,13,3.5,3452000.0,0
2700.0,22,2.04,1424000.0,0
19200.0,11,8.13,14577000.0,0
80100.0,16,39.24,4846000.0,0
36000.0,18,3.74,1424000.0,0
81000.0,11,1.27,6455000.0,0
131400.0,13,5.85,1689000.0,0
8700.0,22,68.8,5225000.0,0
359800.0,12,23.09,7500000.0,0
127300.0,18,6.3,11309000.0,0
540500.0,22,1.8,5279000.0,0
69500.0,11,1.85,2182000.0,0
317900.0,17,11.12,8009000.0,0
70300.0,21,0.46,7742000.0,0
5700.0,8,89.08,3776000.0,0
9738600.0,3,477.61,5794000.0,1
114400.0,13,3.02,8060000.0,0
26900.0,13,2.03,2559000.0,0
8900.0,21,120.02,2271000.0,0
50000.0,9,16.71,5190000.0,0
60700.0,12,1.47,4979000.0,0
7200.0,13,12.76,1424000.0,0
68100.0,20,5.85,17065000.0,0
5726300.0,4,351.49,2347000.0,1
23300.0,16,1.09,5131000.0,0
6700.0,18,5.42,1536000.0,0
85200.0,11,7.54,4793000.0,0
85500.0,13,3.19,11029000.0,0
4500.0,20,540.49,1613000.0,0
17100.0,17,1.39,2180000.0,0
12000.0,16,62.3,1424000.0,0
7900.0,11,1.11,2257000.0,0
18900.0,18,2.97,1844000.0,0
29000.0,17,4.34,2861000.0,0
2400.0,12,8.98,3623000.0,0
3700.0,12,4.49,2475000.0,0
158000.0,13,5.37,3822000.0,0
18700.0,22,0.68,1424000.0,0
17800.0,20,13.39,1456000.0,0
16200.0,22,3.7,1877000.0,0
10000.0,19,5.57,2816000.0,0
42200.0,11,6.49,4743000.0,0
127500.0,1,3.19,2654000.0,0
4800.0,16,3.98,1884000.0,0
23500.0,20,8.97,3759000.0,0
9000.0,12,3.3,1424000.0,0
30200.0,22,28.59,3893000.0,0
10000.0,18,113.74,3088000.0,0
3300.0,9,602.95,3134000.0,0
95600.0,15,2.49,2727000.0,0
165300.0,20,5.88,3612000.0,0
8400.0,15,9.12,1537000.0,0
93000.0,11,9.11,3801000.0,0
30500.0,20,3.68,2260000.0,0
45800.0,18,1.69,2706000.0,0
43900.0,10,2.32,2305000.0,0
7900.0,14,7.97,1424000.0,0
20100.0,15,3.94,12091000.0,0
86100.0,12,5.49,3334000.0,0
21400.0,22,2.82,2504000.0,0
186500.0,10,7.83,2706000.0,0
1400.0,20,3.38,2079000.0,0
20000.0,19,2.55,1797000.0,0
80600.0,17,1.84,5155000.0,0
55100.0,17,3.31,7329000.0,0
40700.0,17,1.56,1743000.0,0
8300.0,11,6.56,1424000.0,0
13900.0,8,3.53,3288000.0,0
31400.0,21,2.63,1424000.0,0
6500.0,19,50.31,1424000.0,0
6700.0,8,4.05,3090000.0,0
19400.0,10,4.04,1466000.0,0
102800.0,17,11.99,11349000.0,0
1400.0,13,3.6,1424000.0,0
5800.0,18,526.03,2351000.0,0
40400.0,21,1.04,4760000.0,0
55300.0,12,3.78,6392000.0,0
91900.0,19,0.82,2660000.0,0
711400.0,18,6.95,3134000.0,0
67800.0,15,7.98,2337000.0,0
26200.0,0,7.84,2760000.0,0
4600.0,12,4.56,1544000.0,0
267500.0,19,2.4,13309000.0,0
87400.0,21,115.41,4233000.0,0
440800.0,8,3.5,2948000.0,0
41300.0,16,1.71,5058000.0,0
14100.0,8,2.81,3865000.0,0
341200.0,12,6.2,3907000.0,0
92500.0,15,2.01,5180000.0,0
31300.0,5,7.07,1480000.0,0
8000.0,18,2.66,1424000.0,0
163800.0,19,16.45,4859000.0,0
23000.0,12,4.92,1727000.0,0
6800.0,20,3.63,6066000.0,0
5400.0,11,12.84,1424000.0,0
6668200.0,20,81.67,2741000.0,1
8800.0,20,0.73,1424000.0,0
19600.0,9,143.05,2229000.0,0
17300.0,10,144.32,1424000.0,0
16100.0,16,4.39,2425000.0,0
46500.0,21,5.62,6675000.0,0
97500.0,12,2.14,12359000.0,0
9700.0,5,2.46,6489000.0,0
228900.0,20,752.14,7738000.0,0
2300.0,11,5.16,1424000.0,0
13600.0,14,0.91,2875000.0,0
268000.0,13,6.02,7994000.0,0
41800.0,12,1.47,2353000.0,0
438900.0,16,0.95,19060000.0,0
61900.0,15,6.09,5698000.0,0
1255000.0,14,24.92,3406000.0,0
19900.0,22,97.3,2402000.0,0
138300.0,0,22.96,9336000.0,0
9300.0,12,0.92,1981000.0,0
146000.0,22,67.59,8927000.0,0
24200.0,8,5.51,3088000.0,0
27900.0,12,3.85,5525000.0,0
60400.0,13,2.97,2688000.0,0
77500.0,13,11.54,5614000.0,0
13400.0,11,11.69,1424000.0,0
434600.0,6,0.98,4760000.0,0
35200.0,12,7.47,3878000.0,0
95600.0,11,9.53,7368000.0,0
28700.0,11,1.5,1470000.0,0
13100.0,15,5.19,3113000.0,0
57800.0,18,51.02,1424000.0,0
287300.0,11,2.46,7458000.0,0
8600.0,19,3.61,1752000.0,0
46300.0,19,5.41,2684000.0,0
31800.0,17,3.13,1424000.0,0
180100.0,13,7.55,3121000.0,0
5400.0,12,15.92,1424000.0,0
8200.0,11,3.21,1424000.0,0
3400.0,17,6.78,1424000.0,0
111500.0,14,0.7,1779000.0,0
55600.0,13,14.37,2053000.0,0
11200.0,13,8.21,1424000.0,0
23400.0,14,952.02,1424000.0,0
34400.0,10,6.04,3080000.0,0
32600.0,14,6.78,1600000.0,0
115500.0,13,5.59,3384000.0,0
587000.0,18,6.86,6483000.0,0
890300.0,20,0.84,23618000.0,0
17600.0,13,5.87,1424000.0,0
133000.0,13,0.7,3209000.0,0
4200.0,20,140.48,4846000.0,0
150200.0,22,14.84,5209000.0,0
45000.0,17,1.51,1424000.0,0
94800.0,19,2.69,3594000.0,0
79800.0,14,0.51,1424000.0,0
442000.0,22,5.99,4016000.0,0
29000.0,20,5.96,1424000.0,0
85000.0,7,3.62,4804000.0,0
29100.0,10,3.66,1480000.0,0
34900.0,11,1.22,1424000.0,0
168400.0,19,8.44,5384000.0,0
32400.0,10,6.52,4506000.0,0
4300.0,17,5.89,1424000.0,0
80500.0,20,4.93,14577000.0,0
970000.0,14,4.27,12288000.0,0
791100.0,0,5.78,8952000.0,1
12500.0,15,17.04,1424000.0,0
30100.0,9,4.02,10166000.0,0
74600.0,15,4.65,6175000.0,0
12900.0,9,2.24,3398000.0,0
19100.0,20,5.39,4630000.0,0
22400.0,17,2.33,3274000.0,0
32500.0,18,2.26,3147000.0,0
6200.0,13,10.92,1832000.0,0
17900.0,19,5.98,1424000.0,0
13300.0,12,3.76,1424000.0,0
249200.0,19,2.0,3057000.0,0
5300.0,8,2.0,1424000.0,0
42300.0,19,5.43,14930000.0,0
9600.0,19,1.89,1424000.0,0
126200.0,13,1.96,1424000.0,0
19200.0,9,1.12,2156000.0,0
40100.0,19,5.18,2189000.0,0
94900.0,17,1.41,1424000.0,0
44000.0,16,6.63,1589000.0,0
14800.0,16,140.79,1612000.0,0
71900.0,12,2.91,4109000.0,0
42500.0,17,1.26,6812000.0,0
3100000.0,15,86.1,7894000.0,1
26800.0,11,10.02,1433000.0,0
199100.0,14,10.82,3205000.0,0
337800.0,6,2.68,8118000.0,0
9700.0,15,0.94,3367000.0,0
25700.0,18,85.89,1424000.0,0
19000.0,17,1.09,4532000.0,0
50700.0,23,2.3,3283000.0,0
33000.0,12,1.29,3891000.0,0
17500.0,11,3.03,1424000.0,0
11100.0,18,1.79,4223000.0,0
3300.0,18,7.4,1645000.0,0
78600.0,12,2.02,3824000.0,0
216000.0,21,2.11,5794000.0,0
102700.0,13,6.38,5056000.0,0
5100.0,7,4.97,1707000.0,0
34400.0,12,10.23,1424000.0,0
3540700.0,11,505.17,1424000.0,1
13500.0,20,6.47,1424000.0,0
47400.0,9,1129.62,3619000.0,0
7800.0,17,30.29,1816000.0,0
1903600.0,19,16.17,2796000.0,0
15800.0,20,35.84,3406000.0,0
23100.0,8,2.12,1424000.0,0
14700.0,8,0.91,2093000.0,0
94300.0,13,1.91,2169000.0,0
497700.0,18,3.89,9432000.0,0
30200.0,18,2.08,2498000.0,0
25600.0,14,2.98,3612000.0,0
307600.0,13,2.95,3020000.0,0
59500.0,15,38.49,4883000.0,0
276300.0,8,3.06,8180000.0,0
175800.0,12,1.64,3835000.0,0
42100.0,12,5.93,2309000.0,0
16500.0,20,1.74,3577000.0,0
10000.0,14,3.48,3091000.0,0
35700.0,16,23.99,1695000.0,0
14500.0,18,1.14,2132000.0,0
14900.0,15,11.96,1424000.0,0
12300.0,16,2.57,4010000.0,0
212800.0,6,0.7,4254000.0,0
25100.0,19,1.22,4959000.0,0
29800.0,15,1.12,2808000.0,0
188700.0,13,5.92,12829000.0,0
158700.0,19,58.64,29117000.0,0
28900.0,18,6.48,6337000.0,0
37800.0,16,2.88,3302000.0,0
179800.0,15,130.07,6027000.0,0
59100.0,19,7.11,3596000.0,0
42500.0,12,1.93,10808000.0,0
8100.0,14,3.87,1424000.0,0
82000.0,21,9.52,5374000.0,0
9600.0,13,7.96,1466000.0,0
56800.0,8,5.69,2298000.0,0
29800.0,13,8.97,5039000.0,0
17700.0,21,3.49,2439000.0,0
16100.0,22,3.3,1424000.0,0
18100.0,12,2.65,2839000.0,0
36000.0,19,133.1,1424000.0,0
41000.0,16,1.99,3461000.0,0
21600.0,12,2.12,2110000.0,0
124700.0,15,113.2,4350000.0,0
77900.0,20,11.56,6675000.0,0
98400.0,8,1.65,2792000.0,0
62700.0,6,1.9,3402000.0,0
18500.0,7,2.86,6603000.0,0
26900.0,17,1.62,1624000.0,0
18700.0,8,4.69,1696000.0,0
4800.0,18,3.1,4034000.0,0
185000.0,14,5.07,8625000.0,0
117000.0,12,5.56,3698000.0,0
21600.0,12,1.33,1978000.0,0
19600.0,20,9.38,1424000.0,0
9800.0,13,9.97,2595000.0,0
18700.0,12,2.64,1424000.0,0
47300.0,16,4.56,5057000.0,0
6300.0,11,3.93,1424000.0,0
21600.0,12,2.54,3359000.0,0
5400.0,13,0.93,3471000.0,0
29900.0,12,3.8,4208000.0,0
40900.0,9,5.13,4054000.0,0
20100.0,12,15.4,2948000.0,0
5600.0,10,14.05,2270000.0,0
11700.0,10,98.71,1495000.0,0
47500.0,16,2.71,9933000.0,0
43900.0,14,3.97,4933000.0,0
4512900.0,19,4.05,7538000.0,0
47000.0,23,1.83,3594000.0,0
66400.0,21,1.26,1424000.0,0
21100.0,21,1.19,7917000.0,0
6200.0,11,3.16,1424000.0,0
6700.0,18,1052.89,1940000.0,0
20300.0,7,16.97,3761000.0,0
25100.0,20,2.3,1589000.0,0
55600.0,20,2.29,2331000.0,0
39600.0,14,11.61,4432000.0,0
67700.0,19,20.12,8159000.0,0
143100.0,11,3.35,5058000.0,0
289900.0,19,3.39,3802000.0,0
153900.0,20,4.94,4258000.0,0
265100.0,10,21.6,10552000.0,0
40800.0,16,3.63,14603000.0,0
29200.0,9,1.82,1863000.0,0
26300.0,16,6.67,4193000.0,0
61400.0,11,4.99,3123000.0,0
137400.0,23,5.44,6580000.0,0
36700.0,20,4.13,1896000.0,0
1962300.0,15,4.81,4506000.0,0
63700.0,15,4.83,2805000.0,0
53700.0,21,3.03,1424000.0,0
16700.0,11,725.19,2034000.0,1
245900.0,19,30.12,9012000.0,0
102300.0,11,3.44,1882000.0,0
82900.0,17,60.77,1490000.0,0
2500.0,19,1.06,1836000.0,0
125900.0,16,3.21,9734000.0,0
40500.0,14,2.43,4360000.0,0
57200.0,20,4.46,1424000.0,0
26800.0,12,0.78,2078000.0,0
149400.0,16,5.97,12769000.0,0
20600.0,20,1.06,1424000.0,0
229200.0,19,1.83,9245000.0,0
540300.0,18,5.0,9895000.0,0
11000.0,10,2.99,4868000.0,0
9300.0,18,11.73,1424000.0,0
41600.0,9,4.52,1424000.0,0
12300.0,21,7.69,2287000.0,0
90700.0,12,6.1,5582000.0,0
23500.0,10,25.7,1746000.0,0
36600.0,13,5.12,2549000.0,0
23100.0,20,7.61,2575000.0,0
5500.0,19,5.85,1424000.0,0
725000.0,8,1.13,5855000.0,0
26700.0,12,5.23,3948000.0,0
210000.0,16,1.09,4539000.0,0
6800.0,11,1.9,3770000.0,0
39000.0,10,2.51,4028000.0,0
137200.0,15,2.49,9613000.0,0
1999700.0,19,2.29,2033000.0,0
30400.0,11,1.65,5538000.0,0
15500.0,16,6.11,1424000.0,0
29200.0,19,6.11,16325000.0,0
25700.0,20,2.65,2204000.0,0
33300.0,20,2.7,1614000.0,0
51900.0,10,5.57,2406000.0,0
5700.0,16,9.36,3044000.0,0
7600.0,15,3.9,1978000.0,0
797900.0,23,1.23,5374000.0,0
318100.0,1,4.89,9470000.0,0
500000.0,18,1.71,15722000.0,0
3900.0,10,868.21,2116000.0,0
37300.0,2,79.57,2250000.0,0
140900.0,21,1.11,5444000.0,0
50600.0,18,8.87,8370000.0,0
472000.0,5,74.06,6110000.0,0
72300.0,19,2.96,6976000.0,0
132000.0,16,11.39,4777000.0,0
52600.0,17,17.25,2870000.0,0
24800.0,19,2.06,3612000.0,0
54400.0,15,4.38,5501000.0,0
70800.0,6,4.7,3000000.0,0
222400.0,17,4.73,15335000.0,0
2200.0,10,0.79,1480000.0,0
44800.0,19,137.0,6034000.0,0
113700.0,20,66.49,2870000.0,0
95900.0,9,5.78,2063000.0,0
210200.0,16,2.74,3509000.0,0
84200.0,18,10.36,3889000.0,0
33100.0,10,2.14,3170000.0,0
10300.0,2,18.38,2096000.0,0
102100.0,15,11.39,5649000.0,0
29100.0,22,5.24,4056000.0,0
31000.0,15,1.05,1424000.0,0
1083200.0,15,1.66,35151000.0,0
136000.0,19,1.32,5764000.0,0
12100.0,12,1.64,1424000.0,0
27400.0,10,6.98,2405000.0,0
59800.0,19,2.84,1976000.0,0
169000.0,1,4.91,9626000.0,0
2287000.0,16,6.4,2619000.0,0
80600.0,10,4.79,6107000.0,0
1057200.0,0,297.44,1424000.0,1
17800.0,10,4.93,2418000.0,0
11900.0,10,1.25,1424000.0,0
118300.0,12,9.28,5746000.0,0
71800.0,23,2.71,3509000.0,0
1800.0,18,2.61,3330000.0,0
223900.0,16,1.05,5473000.0,0
118900.0,17,15.68,4252000.0,0
67200.0,18,5.08,2495000.0,0
25700.0,2,6.01,1984000.0,0
200800.0,0,0.9,14494000.0,0
5700.0,16,5.27,1424000.0,0
64100.0,17,11.09,4770000.0,0
170300.0,7,1.79,5368000.0,0
35100.0,12,2.76,2365000.0,0
22400.0,15,70.39,2421000.0,0
92400.0,19,5.27,14817000.0,0
1800.0,7,35.69,1424000.0,0
210800.0,18,0.72,6533000.0,0
7600.0,21,1.01,1853000.0,0
106900.0,12,4.87,4068000.0,0
79600.0,8,55.2,2870000.0,0
12400.0,16,1.94,1554000.0,0
48500.0,8,7.62,5115000.0,0
76000.0,12,6.52,5984000.0,0
3151300.0,10,16.08,5225000.0,0
97600.0,22,1.13,2818000.0,0
58900.0,18,1.2,2097000.0,0
155400.0,12,70.57,4752000.0,0
5800.0,19,2.59,1424000.0,0
13800.0,12,9.32,1424000.0,0
198100.0,13,7.07,11621000.0,0
29100.0,18,2.18,1424000.0,0
99100.0,14,6.03,3905000.0,0
45400.0,20,5.96,1877000.0,0
32700.0,9,1.42,1461000.0,0
218800.0,2,2.84,1424000.0,0
358700.0,9,3.19,4774000.0,0
255400.0,10,8.91,2512000.0,0
953000.0,11,3.05,16972000.0,0
4500.0,6,0.26,4814000.0,0
49400.0,5,10.04,2777000.0,0
2700.0,15,4.09,1424000.0,0
95400.0,14,796.55,7535000.0,0
129600.0,20,13.43,3964000.0,0
17000.0,14,7.37,5496000.0,0
7800.0,19,2.62,2260000.0,0
573500.0,13,4.98,13390000.0,0
116800.0,21,4.07,7928000.0,0
154500.0,12,1.24,5744000.0,0
9200.0,19,3.29,3214000.0,0
33500.0,15,6.58,1748000.0,0
7700.0,21,6.61,1424000.0,0
26700.0,13,9.08,1514000.0,0
20500.0,12,101.57,3268000.0,0
65400.0,12,9.14,1424000.0,0
285400.0,21,5.02,30578000.0,0
23100.0,10,4.52,2286000.0,0
75800.0,15,3.17,10996000.0,0
28200.0,13,4.94,4311000.0,0
26300.0,19,1.8,1424000.0,0
104900.0,14,90.44,2270000.0,0
28700.0,5,4.63,1424000.0,0
78500.0,22,1.06,8390000.0,0
12300.0,18,4.18,1424000.0,0
9300.0,16,11.61,1424000.0,0
30200.0,13,4.73,2429000.0,0
91200.0,1,1.34,9929000.0,0
4600.0,19,8.2,1424000.0,0
46600.0,18,119.88,3388000.0,0
111200.0,20,3.47,3334000.0,0
129500.0,19,27.42,4974000.0,0
238100.0,11,0.99,4480000.0,0
112800.0,13,2.11,5054000.0,0
1295800.0,13,4.37,1424000.0,0
110500.0,19,10.48,6672000.0,0
10400.0,21,1.53,2727000.0,0
19700.0,9,3.33,2078000.0,0
41500.0,6,2.82,3646000.0,0
45800.0,12,4.36,5003000.0,0
34100.0,16,1.68,3106000.0,0
418800.0,17,3.8,7932000.0,0
87800.0,20,3.42,23318000.0,0
48400.0,20,4.31,1424000.0,0
20300.0,13,25.56,1424000.0,0
32500.0,16,4.91,8803000.0,0
30600.0,14,4.18,2257000.0,0
12800.0,17,12.41,1424000.0,0
42300.0,16,0.83,13266000.0,0
168400.0,13,1.17,9734000.0,0
13100.0,17,5.36,1950000.0,0
46300.0,14,7.8,1589000.0,0
26000.0,13,1.7,2206000.0,0
15700.0,14,4.91,1424000.0,0
31700.0,17,3.49,1424000.0,0
82000.0,15,1.18,16397000.0,0
9500.0,18,22.74,1613000.0,0
64000.0,17,3.63,5492000.0,0
11500.0,12,10.52,1424000.0,0
7500.0,17,4.76,1424000.0,0
75500.0,13,5.89,1424000.0,0
25200.0,12,19.4,2026000.0,0
6000.0,22,3.83,1424000.0,0
81100.0,13,3.59,2915000.0,0
249700.0,7,2.49,11951000.0,0
582900.0,6,8.03,8509000.0,0
19100.0,6,12.36,1424000.0,0
6300.0,20,3.57,1424000.0,0
54900.0,11,1.15,1424000.0,0
17200.0,15,7.23,3174000.0,0
11800.0,8,26.62,6560000.0,0
7300.0,9,1.84,5131000.0,0
18300.0,15,1.17,1855000.0,0
109100.0,10,1.39,6042000.0,0
72000.0,17,1.7,2109000.0,0
15600.0,20,6.78,2104000.0,0
331600.0,11,1032.15,4875000.0,0
25900.0,15,1.2,1424000.0,0
91100.0,14,3.01,2876000.0,0
98900.0,22,4.0,4684000.0,0
105700.0,1,14.91,4921000.0,0
129000.0,15,10.32,3294000.0,0
89900.0,18,1.19,5492000.0,0
223800.0,10,2.02,5458000.0,0
83900.0,16,0.64,2298000.0,0
8000.0,21,2.79,2727000.0,0
117300.0,19,1.29,5646000.0,0
4488500.0,2,331.45,2572000.0,1
98400.0,10,28.88,6202000.0,0
352700.0,23,0.97,6034000.0,0
19400.0,12,15.57,2306000.0,0
32800.0,17,3.06,2425000.0,0
29600.0,9,5.06,2410000.0,0
16600.0,17,9.0,4359000.0,0
91800.0,10,13.91,2591000.0,0
7600.0,19,2.0,2351000.0,0
11700.0,12,1.04,2632000.0,0
8600.0,0,3.12,1459000.0,0
49500.0,12,0.57,9754000.0,0
102700.0,20,1008.14,4940000.0,0
246900.0,21,1.36,5501000.0,0
233800.0,14,1.86,15211000.0,0
43900.0,8,7.08,7293000.0,0
25400.0,13,1.87,2302000.0,0
152100.0,13,16.63,3252000.0,0
47800.0,19,1.88,1687000.0,0
15300.0,9,4.31,1424000.0,0
15300.0,14,0.98,2410000.0,0
41100.0,14,4.15,1424000.0,0
16400.0,6,4.72,6357000.0,0
36500.0,10,6.31,4009000.0,0
137600.0,21,26.94,5902000.0,0
74300.0,9,134.09,1424000.0,0
14600.0,11,2.8,3907000.0,0
40500.0,18,15.42,4217000.0,0
169700.0,13,2.71,3987000.0,0
15900.0,16,5.59,6066000.0,0
21800.0,6,4.06,1558000.0,0
255000.0,12,1.4,8742000.0,0
19600.0,9,1.43,5270000.0,0
21300.0,19,2.45,4859000.0,0
3400.0,21,3.1,3910000.0,0
24500.0,19,5.31,4802000.0,0
115000.0,14,0.6,3399000.0,0
25000.0,17,15.22,7928000.0,0
81400.0,13,2.92,1424000.0,0
271300.0,9,3.85,10259000.0,0
64400.0,22,1.3,3630000.0,0
6100.0,14,5.53,2861000.0,0
38400.0,12,0.58,1424000.0,0
1744300.0,12,8.61,2933000.0,0
12700.0,17,11.63,1424000.0,0
42900.0,23,6.96,1821000.0,0
97700.0,17,10.42,2844000.0,0
132400.0,12,112.64,1428000.0,0
33900.0,21,348.56,2756000.0,0
12600.0,17,31.53,1641000.0,0
29900.0,13,2.04,3316000.0,0
19800.0,20,3.36,1424000.0,0
15200.0,17,5.55,1424000.0,0
64600.0,21,11.57,8753000.0,0
43900.0,11,8.78,3143000.0,0
23600.0,20,5.23,7069000.0,0
37600.0,16,1.46,1424000.0,0
241800.0,18,5.44,7818000.0,0
322400.0,11,101.25,1650000.0,0
50900.0,17,3.47,5325000.0,0
12600.0,8,5.49,2372000.0,0
144400.0,12,15.48,7707000.0,0
21500.0,14,16.08,5397000.0,0
329200.0,11,11.95,31871000.0,0
382700.0,9,0.7,10380000.0,0
7500.0,9,19.21,4598000.0,0
5300.0,14,4.33,2890000.0,0
20600.0,3,0.83,4895000.0,0
11800.0,8,6.52,2439000.0,0
35400.0,21,5.91,1919000.0,0
103200.0,19,13.15,4777000.0,0
8500.0,15,6.69,1858000.0,0
43600.0,12,4.58,2022000.0,0
168900.0,15,1.52,3020000.0,0
28000.0,10,4.99,4414000.0,0
154200.0,15,5.27,4556000.0,0
26000.0,13,3.72,1611000.0,0
24200.0,10,6.22,3561000.0,0
212200.0,10,9.97,5374000.0,0
46200.0,23,5.76,1424000.0,0
6100.0,15,12.22,1424000.0,0
28100.0,20,1.14,2674000.0,0
5100.0,9,2.89,1424000.0,0
2185400.0,10,10.08,7262000.0,0
13100.0,18,6.09,3504000.0,0
104300.0,20,7.75,3302000.0,0
70200.0,11,35.72,8331000.0,0
41000.0,18,2.12,3972000.0,0
46000.0,9,8.13,5527000.0,0
44000.0,9,5.35,1424000.0,0
79400.0,8,2.93,3757000.0,0
24100.0,20,2.0,4532000.0,0
182500.0,14,20.47,9358000.0,0
14400.0,18,9.94,1424000.0,0
77800.0,19,5.28,4034000.0,0
83100.0,9,0.67,1936000.0,0
47000.0,9,3.74,7680000.0,0
80500.0,13,1.52,7161000.0,0
98000.0,19,1.72,5457000.0,0
469000.0,17,1131.3,20040000.0,0
4020700.0,15,4.73,6423000.0,0
61000.0,18,1.47,6349000.0,0
27800.0,13,7.36,6021000.0,0
35600.0,13,6.88,6027000.0,0
7500.0,8,2.89,2409000.0,0
12100.0,6,2.91,1424000.0,0
32800.0,13,9.9,5965000.0,0
117400.0,12,3.95,5272000.0,0
126200.0,10,1.7,3770000.0,0
12700.0,7,138.54,1433000.0,0
5300.0,19,3.72,1529000.0,0
45300.0,18,0.59,3160000.0,0
32800.0,10,1.61,6373000.0,0
53400.0,17,3.27,3297000.0,0
85500.0,10,5.31,2692000.0,0
34000.0,17,3.58,5326000.0,0
12600.0,12,10.91,1424000.0,0
42800.0,14,5.98,2518000.0,0
46800.0,19,6.08,15553000.0,0
304000.0,23,2.28,9245000.0,0
1697500.0,17,15.09,4414000.0,1
24200.0,13,4.88,5706000.0,0
17200.0,16,25.45,1424000.0,0
41900.0,7,1.12,2194000.0,0
18100.0,18,1164.28,1424000.0,0
9100.0,7,9.46,5181000.0,0
9000.0,16,7.0,1424000.0,0
50400.0,12,5.53,8307000.0,0
70100.0,6,37.73,2649000.0,0
14700.0,11,12.27,3776000.0,0
61800.0,14,0.6,2187000.0,0
369400.0,18,1.88,4977000.0,0
294100.0,16,1.01,14229000.0,0
47300.0,6,4.79,4200000.0,0
134000.0,17,7.91,3205000.0,0
77900.0,22,71.14,4875000.0,0
9600.0,11,10.19,1433000.0,0
223700.0,11,1.51,16654000.0,0
33700.0,22,3.43,2645000.0,0
119200.0,12,1.35,12458000.0,0
50100.0,8,39.01,3608000.0,0
22000.0,13,10.71,3937000.0,0
109700.0,11,7.15,9245000.0,0
16700.0,5,1520.95,10267000.0,1
88200.0,9,0.97,1424000.0,0
25300.0,18,5.83,4256000.0,0
27000.0,12,8.87,3011000.0,0
23900.0,14,91.35,3174000.0,0
17600.0,20,3.44,1424000.0,0
13400.0,13,5.61,3880000.0,0
46500.0,10,3.49,2495000.0,0
225300.0,15,1.69,2418000.0,0
17700.0,21,16.42,1424000.0,0
251900.0,12,2.18,14156000.0,0
20400.0,21,6.25,2620000.0,0
918600.0,2,13.33,5950000.0,1
48800.0,11,4.28,1424000.0,0
59000.0,9,63.4,6675000.0,0
1797300.0,9,888.13,38629000.0,0
162600.0,18,36.01,14595000.0,0
12400.0,16,10.53,1424000.0,0
31000.0,15,2.79,1806000.0,0
35600.0,20,2.37,2888000.0,0
9600.0,10,2.53,2675000.0,0
187100.0,0,5.92,6560000.0,0
12400.0,16,0.37,3123000.0,0
138900.0,18,0.78,2286000.0,0
172800.0,8,2.13,23318000.0,0
83600.0,15,3.34,9930000.0,0
48600.0,17,5.11,4436000.0,0
17900.0,22,4.11,4646000.0,0
21200.0,16,149.19,3582000.0,0
64300.0,19,3.55,6560000.0,0
69100.0,10,1.47,5093000.0,0
91500.0,8,6.88,6506000.0,0
61700.0,19,2.69,10880000.0,0
33500.0,10,7.15,1424000.0,0
44300.0,19,1.83,5559000.0,0
4417300.0,16,3.57,6440000.0,0
20800.0,12,1.97,12091000.0,0
33700.0,16,2.93,6084000.0,0
48400.0,17,59.55,1779000.0,0
44300.0,13,1.17,5354000.0,0
13335600.0,7,751.43,10996000.0,1
273700.0,16,2.82,10627000.0,0
214300.0,14,33.26,3367000.0,0
28900.0,20,0.41,3099000.0,0
13000.0,13,39.16,1748000.0,0
70800.0,13,4.16,7270000.0,0
55000.0,21,7.36,2017000.0,0
36800.0,22,694.61,9283000.0,0
60000.0,14,141.39,6110000.0,0
44700.0,20,8.89,2034000.0,0
13800.0,0,6.24,4770000.0,0
46000.0,4,2.78,5638000.0,0
794100.0,9,95.4,2997000.0,1
11200.0,10,1.57,3545000.0,0
31300.0,20,5.87,2110000.0,0
24000.0,18,1.32,1628000.0,0
81000.0,8,14.16,5472000.0,0
5700.0,10,11.5,1424000.0,0
76400.0,13,1.94,2754000.0,0
80600.0,6,1.24,6107000.0,0
6800.0,21,9.46,2026000.0,0
3436700.0,5,202.34,1424000.0,1
175700.0,9,1.9,8721000.0,0
111100.0,21,1.51,3254000.0,0
112500.0,13,7.19,7464000.0,0
28800.0,11,3.36,1424000.0,0
14500.0,13,3.39,2206000.0,0
324300.0,16,1.05,5469000.0,0
126100.0,17,1.51,2324000.0,0
170500.0,21,15.89,2595000.0,0
40500.0,14,2.52,5614000.0,0
12100.0,13,3.75,1616000.0,0
522400.0,11,2.85,7795000.0,0
17700.0,12,103.27,5125000.0,0
174200.0,11,11.38,10062000.0,0
23000.0,12,12.57,1424000.0,0
113300.0,21,3.75,1532000.0,0
20400.0,13,0.57,2107000.0,0
366000.0,13,22.47,2810000.0,0
365400.0,18,2.12,9987000.0,0
69400.0,8,12.35,2808000.0,0
366100.0,17,1.75,14603000.0,0
22200.0,11,9.35,1424000.0,0
61400.0,13,0.9,1762000.0,0
12800.0,10,4.56,1428000.0,0
19200.0,14,1.72,1424000.0,0
52800.0,18,3.79,3175000.0,0
41800.0,21,1.17,9188000.0,0
26300.0,15,1.43,2400000.0,0
92400.0,21,3.52,3725000.0,0
49600.0,10,1.26,1424000.0,0
55500.0,15,3.4,5000000.0,0
265900.0,12,39.09,2942000.0,0
20500.0,21,0.6,3288000.0,0
1317800.0,17,5.06,24390000.0,0
20800.0,19,1.29,1424000.0,0
26400.0,12,1.15,5244000.0,0
55600.0,13,2.3,3646000.0,0
8500.0,17,3.21,2113000.0,0
30000.0,22,1.69,5359000.0,0
4200.0,17,4.29,2163000.0,0
148600.0,13,19.89,4360000.0,0
2099100.0,8,7.42,14577000.0,0
147100.0,17,7.02,1424000.0,0
2900.0,6,4.07,1424000.0,0
4100.0,8,1.22,1781000.0,0
21700.0,7,9.88,10380000.0,0
17700.0,9,3.61,2108000.0,0
11500.0,11,10.46,8742000.0,0
10317800.0,1,256.12,10078000.0,1
30000.0,7,1064.13,2741000.0,0
46800.0,10,5.54,5057000.0,0
7700.0,12,17.33,1650000.0,0
439000.0,20,0.94,12437000.0,0
122600.0,21,6.33,15436000.0,0
6080300.0,16,199.32,4538000.0,1
324900.0,14,6.54,51331000.0,0
715800.0,19,117.56,24525000.0,0
17000.0,21,124.27,2875000.0,0
14700.0,18,1.27,1991000.0,0
10900.0,10,1.49,2128000.0,0
166800.0,15,9.04,10109000.0,0
101900.0,18,0.67,12769000.0,0
31000.0,18,4.57,5243000.0,0
433300.0,18,1.33,12432000.0,0
49900.0,19,2.76,1424000.0,0
9600.0,21,2.54,4168000.0,0
3980700.0,19,5.39,8625000.0,0
23900.0,20,2.49,1424000.0,0
12100.0,11,4.33,1424000.0,0
22800.0,21,3.29,1678000.0,0
77100.0,18,9.28,3625000.0,0
847000.0,16,1.63,24525000.0,0
344500.0,15,5.29,12919000.0,0
9100.0,9,56.56,2194000.0,0
32600.0,13,66.75,10891000.0,0
58800.0,17,19.72,1424000.0,0
80100.0,8,1.87,4841000.0,0
18494700.0,22,124.18,12288000.0,1
101900.0,23,0.88,5603000.0,0
24100.0,17,1.09,1788000.0,0
59700.0,8,2.01,2677000.0,0
216600.0,18,2.57,1724000.0,0
166100.0,9,10.47,7038000.0,0
75000.0,13,1.58,6989000.0,0
110600.0,19,2.01,5421000.0,0
138100.0,17,4.61,3619000.0,0
57200.0,13,2.77,1424000.0,0
25400.0,13,3.15,1853000.0,0
139100.0,11,29.22,3870000.0,0
242300.0,21,1.38,17107000.0,0
49000.0,19,7.63,1424000.0,0
32900.0,17,1.23,2402000.0,0
7300.0,13,6.19,2182000.0,0
120100.0,6,5.86,7371000.0,0
11400.0,13,0.41,8776000.0,0
4100.0,5,19.83,1768000.0,0
809800.0,8,2.55,24390000.0,0
40000.0,11,0.82,2763000.0,0
16800.0,14,3.1,7552000.0,0
2700.0,5,557.27,1424000.0,1
86100.0,16,3.89,3635000.0,0
163600.0,8,10.57,12210000.0,0
39100.0,20,1.8,2074000.0,0
69700.0,10,1.92,3987000.0,0
35300.0,14,2.08,3870000.0,0
152400.0,7,7.04,5435000.0,0
34700.0,12,6.15,7860000.0,0
651200.0,14,6.27,6450000.0,1
16100.0,20,10.22,1650000.0,0
238600.0,18,2.8,3731000.0,0
20900.0,11,6.41,5959000.0,0
11200.0,7,15.41,1424000.0,0
68500.0,11,0.72,8472000.0,0
300000.0,10,1.23,3606000.0,0
28600.0,13,5.29,6489000.0,0
107500.0,23,0.83,3252000.0,0
61900.0,16,2.12,5060000.0,0
330300.0,13,16.05,11410000.0,0
74500.0,10,7.46,2796000.0,0
1756300.0,16,1.78,4846000.0,0
117700.0,22,7.09,1433000.0,0
33700.0,13,8.47,1514000.0,0
18000.0,16,6.41,2439000.0,0
57400.0,7,9.18,3054000.0,0
19600.0,7,9.23,1424000.0,0
13600.0,12,15.56,5338000.0,0
21500.0,23,4.21,2645000.0,0
21900.0,10,3.73,5162000.0,0
61600.0,13,3.35,7078000.0,0
54100.0,18,6.55,2876000.0,0
28100.0,14,8.27,3545000.0,0
156800.0,14,2.78,5942000.0,0
128700.0,11,1.14,2350000.0,0
10200.0,12,27.33,1710000.0,0
352200.0,18,3.12,16544000.0,0
9800.0,6,5.0,1689000.0,0
108000.0,18,0.31,5076000.0,0
78600.0,14,4.96,14868000.0,0
52800.0,18,65.85,4417000.0,0
68000.0,9,6.61,1424000.0,0
4300.0,9,4.33,1939000.0,0
247200.0,13,1323.69,6812000.0,0
58500.0,17,0.55,1424000.0,0
511600.0,9,3.87,1424000.0,0
21900.0,18,1.02,1424000.0,0
203900.0,21,2.05,16222000.0,0
69000.0,19,4.62,14229000.0,0
110900.0,0,3.56,7023000.0,0
29700.0,20,6.23,4026000.0,0
147600.0,21,4.3,4543000.0,0
317000.0,22,0.96,5926000.0,0
184600.0,9,3.56,4290000.0,0
1400.0,17,2.88,1424000.0,0
14200.0,13,7.08,1424000.0,0
27700.0,15,14.95,3590000.0,0
68300.0,15,2.8,5181000.0,0
37000.0,7,10.05,1424000.0,0
8100.0,18,70.92,1424000.0,0
60100.0,18,95.57,2554000.0,0
8500.0,12,1.83,2130000.0,0
3700.0,11,12.06,1687000.0,0
94100.0,12,5.41,5272000.0,0
23100.0,20,2.5,1424000.0,0
17300.0,8,4.01,1424000.0,0
48800.0,13,6.37,2339000.0,0
13200.0,10,10.36,1424000.0,0
88800.0,7,7.8,4116000.0,0
36900.0,16,4.15,3494000.0,0
500300.0,13,90.71,10379000.0,0
53700.0,18,3.71,7961000.0,0
45900.0,9,16.63,1424000.0,0
1748100.0,11,16.62,3036000.0,1
47300.0,22,4.71,1618000.0,0
402200.0,16,1.61,5085000.0,0
664100.0,20,994.12,5190000.0,0
628100.0,20,1.71,52608000.0,0
55900.0,11,6.0,1424000.0,0
8800.0,18,1.6,1424000.0,0
195900.0,15,3.35,8009000.0,0
462900.0,19,6.68,1424000.0,0
16900.0,23,0.15,4607000.0,0
111500.0,13,4.35,11330000.0,0
25000.0,10,4.49,4010000.0,0
378500.0,20,4.79,5481000.0,0
73100.0,18,13.2,1424000.0,0
53500.0,19,2.22,5621000.0,0
342600.0,10,2.98,4177000.0,0
114100.0,19,3.01,12769000.0,0
44700.0,13,3.32,2351000.0,0
24300.0,14,31.36,4069000.0,0
32200.0,13,1.14,2032000.0,0
1200.0,10,23.59,1433000.0,0
3200.0,13,2.34,1424000.0,0
30800.0,12,49.86,9058000.0,0
13000.0,13,26.7,1722000.0,0
1307700.0,11,10.76,4684000.0,0
15500.0,23,279.0,3893000.0,1
27200.0,16,0.85,2224000.0,0
334000.0,16,7.38,31871000.0,0
84700.0,23,30.21,4744000.0,0
47200.0,10,3.52,2286000.0,0
502500.0,10,60.56,6357000.0,0
4000.0,21,50.25,1424000.0,0
4400.0,20,1.57,1424000.0,0
28300.0,23,409.23,1424000.0,0
9600.0,13,0.5,3523000.0,0
11300.0,14,7.29,1424000.0,0
43000.0,21,5.16,1991000.0,0
36000.0,19,38.82,1424000.0,0
176300.0,18,0.37,10396000.0,0
133200.0,18,148.4,2093000.0,0
3000.0,18,3.81,1424000.0,0
19100.0,14,8.72,3664000.0,0
18800.0,16,10.03,2232000.0,0
12000.0,9,135.47,1882000.0,0
152100.0,11,6.28,9548000.0,0
614100.0,21,5.5,6889000.0,0
87300.0,12,2.4,4543000.0,0
32100.0,7,9.14,4012000.0,0
236900.0,19,2.07,15228000.0,0
26300.0,20,94.69,4304000.0,0
376300.0,18,2.16,52608000.0,0
58800.0,19,8.78,1887000.0,0
7000.0,11,11.1,1424000.0,0
4300.0,21,14.75,1652000.0,0
18000.0,16,3.36,1424000.0,0
309600.0,20,6.61,1724000.0,0
30600.0,10,10.38,3143000.0,0
304300.0,14,2.66,3367000.0,0
119800.0,16,1.14,5985000.0,0
175500.0,19,3.47,12425000.0,0
18100.0,12,10.04,2219000.0,0
84100.0,13,1.75,3987000.0,0
17300.0,21,3.29,4155000.0,0
43800.0,17,4.86,2870000.0,0
100500.0,17,1.86,1424000.0,0
314400.0,11,147.17,7200000.0,0
41900.0,19,2.89,2204000.0,0
8000.0,23,917.2,2260000.0,0
27300.0,17,3.01,8511000.0,0
60000.0,20,4.85,5850000.0,0
26900.0,19,2.12,1696000.0,0
16500.0,14,3.79,1424000.0,0
637400.0,4,18.12,4415000.0,0
47100.0,11,16.31,1424000.0,0
45900.0,17,5.92,5221000.0,0
29100.0,10,4.29,4743000.0,0
6800.0,16,1.1,1424000.0,0
77500.0,19,8.58,3835000.0,0
21200.0,15,9.13,3003000.0,0
36700.0,12,44.15,4008000.0,0
22800.0,19,2.63,1424000.0,0
139500.0,15,4.73,10192000.0,0
24600.0,8,1.95,5789000.0,0
4100.0,8,1.3,2182000.0,0
10400.0,7,2.69,2572000.0,0
32000.0,7,3.21,4188000.0,0
35300.0,20,4.75,1608000.0,0
11900.0,1,5.6,2286000.0,0
25500.0,11,1.61,1676000.0,0
6400.0,10,123.37,3542000.0,0
37000.0,19,6.72,1424000.0,0
31800.0,16,25.06,5855000.0,0
20000.0,11,1.72,9082000.0,0
10700.0,10,6.17,3700000.0,0
186200.0,3,1.25,7074000.0,0
9400.0,15,21.86,1474000.0,0
18600.0,11,10.08,4630000.0,0
132400.0,12,1.51,16831000.0,0
25500.0,12,2.96,1841000.0,0
55800.0,22,9.08,4958000.0,0
14800.0,19,5.35,2559000.0,0
83200.0,8,4.48,4744000.0,0
3700.0,20,1.27,1424000.0,0
70500.0,22,14.28,6977000.0,0
479200.0,15,5.94,32926000.0,0
22200.0,21,5.29,1707000.0,0
59400.0,19,1.55,2706000.0,0
19300.0,8,1.41,1689000.0,0
1486500.0,14,41.65,8272000.0,1
9600.0,1,4.93,1424000.0,0
20000.0,20,3.47,1424000.0,0
39100.0,19,6.76,10915000.0,0
11700.0,12,7.11,2475000.0,0
40000.0,11,3.05,1424000.0,0
40800.0,11,1.43,5598000.0,0
35800.0,16,4.4,7702000.0,0
14500.0,20,7.15,1734000.0,0
18500.0,20,3.83,1630000.0,0
72900.0,12,25.18,3870000.0,0
101800.0,22,9.05,9716000.0,0
95100.0,19,2.67,1424000.0,0
167400.0,17,1.99,5559000.0,0
11600.0,19,2.31,3987000.0,0
537900.0,15,1.8,4768000.0,0
117000.0,19,1.25,10592000.0,0
58600.0,1,2.39,4704000.0,0
80200.0,16,6.61,1648000.0,0
45700.0,15,85.05,3868000.0,0
30700.0,20,10.31,3757000.0,0
24900.0,6,1.12,2706000.0,0
449900.0,13,5.57,26494000.0,0
91900.0,2,1.7,3402000.0,0
40800.0,9,5.22,2369000.0,0
158700.0,22,5.8,5789000.0,0
47100.0,20,33.16,4402000.0,0
6500.0,18,11.11,1424000.0,0
12600.0,16,5.9,1424000.0,0
23500.0,11,32.94,2239000.0,0
432700.0,10,2.63,1584000.0,0
53000.0,10,8.55,6672000.0,0
13100.0,18,26.48,6160000.0,0
21800.0,20,143.56,1863000.0,0
1163400.0,17,140.35,1984000.0,1
72700.0,8,6.75,4506000.0,0
109100.0,12,4.74,5603000.0,0
9400.0,12,9.88,1424000.0,0
23100.0,19,1.35,1424000.0,0
10900.0,19,4.08,1722000.0,0
11300.0,19,4.23,3828000.0,0
146900.0,16,1.96,6450000.0,0
30600.0,19,6.92,5054000.0,0
13100.0,14,9.91,1969000.0,0
19700.0,18,4.27,5897000.0,0
203900.0,10,1.33,10380000.0,0
3800.0,16,1.26,1424000.0,0
80100.0,11,7.55,14661000.0,0
60100.0,15,7.82,1600000.0,0
26000.0,19,4.39,3913000.0,0
7400.0,13,4.23,3494000.0,0
4600.0,11,38.53,1551000.0,0
291400.0,22,16.98,4959000.0,0
16900.0,21,4.35,1643000.0,0
4400.0,19,1.13,3147000.0,0
19400.0,16,2.62,1424000.0,0
10100.0,20,95.78,4392000.0,0
12300.0,13,5.02,1424000.0,0
1322800.0,10,1.61,4501000.0,0
17700.0,19,0.93,4239000.0,0
2805600.0,15,4.32,3160000.0,0
1612600.0,4,45.59,1424000.0,1
1177700.0,11,4.05,17897000.0,0
812200.0,9,1.88,6882000.0,0
219400.0,0,1.63,4184000.0,0
12900.0,15,11.31,2182000.0,0
51900.0,18,4.47,2654000.0,0
52100.0,11,4.75,1424000.0,0
46800.0,15,0.72,4347000.0,0
12900.0,18,1.89,3461000.0,0
46600.0,21,2.72,1424000.0,0
19900.0,11,8.89,2876000.0,0
62200.0,13,29.83,1753000.0,0
95700.0,12,6.15,4258000.0,0
124400.0,7,3.34,4875000.0,0
4900.0,14,10.0,1424000.0,0
11200.0,9,0.78,1424000.0,0
19500.0,13,10.55,2861000.0,0
6800.0,12,1.94,2093000.0,0
24000.0,0,21.27,7380000.0,0
130100.0,15,1.25,4501000.0,0
43300.0,20,15.35,1504000.0,0
8600.0,18,149.79,1424000.0,0
281300.0,14,2.14,9821000.0,0
7973700.0,16,1.9,7464000.0,0
25200.0,13,123.57,1788000.0,0
17400.0,21,4.39,1424000.0,0
28900.0,15,3.19,11426000.0,0
14700.0,20,1.6,2475000.0,0
99400.0,10,66.67,12769000.0,0
165200.0,19,8.76,6940000.0,0
69000.0,17,12.4,1424000.0,0
722700.0,13,40.3,1424000.0,0
17479600.0,9,1056.18,13266000.0,1
29600.0,15,4.87,6162000.0,0
91000.0,16,8.36,3305000.0,0
27800.0,18,2.33,1937000.0,0
8300.0,12,1.33,3964000.0,0
96000.0,21,70.74,5416000.0,0
23000.0,10,0.98,3540000.0,0
330700.0,9,2.95,4506000.0,0
35500.0,10,3.21,20100000.0,0
593200.0,3,27.46,5270000.0,1
16400.0,23,15.17,1424000.0,0
69800.0,21,2.11,7944000.0,0
1100.0,22,3.66,1424000.0,0
35500.0,8,1.11,3577000.0,0
40053600.0,23,1278.94,26494000.0,1
82400.0,21,2.36,2480000.0,0
96500.0,15,112.29,1954000.0,0
11158200.0,11,4.57,10627000.0,0
48800.0,14,3.38,4777000.0,0
35400.0,19,1.65,4432000.0,0
9100.0,9,123.66,3134000.0,0
220200.0,12,2.41,10259000.0,0
38700.0,18,17.87,2050000.0,0
44900.0,8,96.99,4297000.0,0
34400.0,15,12.39,7293000.0,0
8800.0,13,1.83,1424000.0,0
5200.0,18,43.28,1919000.0,0
4800.0,12,2.95,1896000.0,0
58300.0,19,14.88,5162000.0,0
70800.0,20,6.08,4979000.0,0
22600.0,17,10.9,2426000.0,0
18100.0,19,3.08,4109000.0,0
28200.0,20,1.58,4784000.0,0
9000.0,15,7.92,1865000.0,0
111000.0,9,3.76,3064000.0,0
3800.0,0,1.06,1994000.0,0
77000.0,13,30.25,2163000.0,0
8300.0,7,6.52,1678000.0,0
1031300.0,14,7.2,1461000.0,0
21500.0,18,8.03,4496000.0,0
54500.0,18,127.79,5243000.0,0
12200.0,14,3.13,3608000.0,0
219900.0,19,23.39,29117000.0,0
22400.0,12,119.04,3806000.0,0
5000.0,12,30.09,1424000.0,0
63800.0,11,1.02,12422000.0,0
77600.0,9,108.96,2878000.0,0
8000.0,10,0.49,1424000.0,0
81600.0,22,10.78,10166000.0,0
54800.0,20,1.45,4253000.0,0
80200.0,10,13.31,2881000.0,0
6400.0,17,3.8,4669000.0,0
35500.0,15,4.21,2128000.0,0
3375100.0,19,14.0,11330000.0,1
64000.0,21,4.38,12293000.0,0
77100.0,12,1.24,3947000.0,0
18900.0,11,76.06,1424000.0,0
11300.0,10,2.89,1424000.0,0
994200.0,22,2.26,24777000.0,0
51400.0,17,116.89,2032000.0,0
19100.0,18,267.01,2917000.0,1
20700.0,17,63.61,3334000.0,0
100600.0,19,19.64,10996000.0,0
4100.0,21,8.77,1424000.0,0
118800.0,18,8.28,1424000.0,0
282000.0,9,11.3,14577000.0,0
9900.0,7,1.35,3359000.0,0
17200.0,7,8.1,1759000.0,0
36616100.0,9,0.69,35151000.0,0
208700.0,17,120.27,7752000.0,0
24100.0,7,7.18,1939000.0,0
29700.0,15,3.44,2719000.0,0
131200.0,13,931.79,10015000.0,0
289600.0,16,1.25,4604000.0,0
272600.0,10,2.78,14888000.0,0
11100.0,19,4.49,1424000.0,0
37400.0,19,266.71,1424000.0,0
182400.0,16,5.88,3160000.0,0
23900.0,18,1.02,1424000.0,0
138500.0,9,25.65,5552000.0,0
28600.0,15,5.75,1424000.0,0
122400.0,15,21.19,5394000.0,0
178800.0,13,121.5,4536000.0,0
66400.0,18,3.34,3544000.0,0
176400.0,20,6.13,7135000.0,0
8400.0,19,2.66,1424000.0,0
19500.0,8,5.43,1613000.0,0
37300.0,22,5.74,2687000.0,0
7600.0,15,12.3,2000000.0,0
12800.0,13,8.92,4034000.0,0
3578200.0,19,3.02,13444000.0,0
25100.0,19,7.62,5698000.0,0
33600.0,18,1.36,1424000.0,0
16600.0,8,4.25,1424000.0,0
29100.0,21,41.44,2575000.0,0
13500.0,12,10.43,1613000.0,0
29700.0,20,2.42,1981000.0,0
13900.0,18,3.56,2917000.0,0
485400.0,7,0.66,9716000.0,0
40400.0,0,5.37,5794000.0,0
55400.0,13,3.94,23318000.0,0
15500.0,18,4.9,1863000.0,0
8800.0,21,18.41,1688000.0,0
61700.0,15,4.5,6234000.0,0
7400.0,17,2.9,1424000.0,0
19100.0,8,0.89,3848000.0,0
26400.0,18,9.67,1424000.0,0
289700.0,11,7.11,2754000.0,0
100800.0,10,2.44,4109000.0,0
2901100.0,11,1.74,2736000.0,0
1657300.0,19,6.06,2131000.0,0
196800.0,11,1.37,13582000.0,0
47700.0,20,3.55,1424000.0,0
8200.0,10,12.08,1969000.0,0
10300.0,7,3.52,1424000.0,0
70000.0,22,1.3,1424000.0,0
69400.0,14,7.11,1806000.0,0
68800.0,19,7.77,4067000.0,0
132100.0,18,8.26,10996000.0,0
226800.0,14,4.52,1424000.0,0
38700.0,16,1.15,2401000.0,0
13100.0,20,98.4,1835000.0,0
175000.0,9,1.29,3948000.0,0
24400.0,10,7.18,2386000.0,0
22600.0,13,2.91,1747000.0,0
20700.0,23,6.87,5060000.0,0
14900.0,23,2.83,2009000.0,0
59900.0,10,2.57,3102000.0,0
77600.0,10,0.69,9534000.0,0
12400.0,19,2.88,1424000.0,0
70900.0,10,135.18,9358000.0,0
132300.0,11,40.69,12434000.0,0
46100.0,14,44.53,7931000.0,0
47800.0,14,3.23,5093000.0,0
1519600.0,2,8.98,10468000.0,1
60500.0,19,1.86,1424000.0,0
22300.0,11,14.36,3102000.0,0
4600.0,15,1.93,1965000.0,0
222100.0,0,5.4,5794000.0,0
217700.0,16,3.19,6315000.0,0
7800.0,0,2.44,2750000.0,0
2700.0,17,8.43,1424000.0,0
150500.0,21,0.98,10342000.0,0
14900.0,12,17.53,1798000.0,0
92100.0,18,3.29,5190000.0,0
7600.0,21,1.43,1459000.0,0
95000.0,12,1.67,2914000.0,0
666300.0,16,15.89,4177000.0,0
14300.0,13,0.91,2286000.0,0
45900.0,14,23.88,5182000.0,0
426500.0,18,9.91,51331000.0,0
34100.0,13,6.48,1424000.0,0
133700.0,11,2.08,7371000.0,0
923500.0,10,8.08,31871000.0,0
16200.0,16,3.56,1634000.0,0
316700.0,9,6.56,6433000.0,0
82600.0,11,6.07,14494000.0,0
3300.0,16,0.27,4499000.0,0
104100.0,12,57.12,8009000.0,0
4900.0,13,8.05,2982000.0,0
43200.0,22,5.46,4756000.0,0
355800.0,15,3.05,15532000.0,0
30900.0,4,3.93,3727000.0,0
90800.0,17,2.27,7023000.0,0
21300.0,13,5.69,2131000.0,0
518000.0,22,5.35,15553000.0,0
181700.0,17,5.45,6027000.0,0
32200.0,13,10.66,1951000.0,0
113000.0,21,6.53,7665000.0,0
11300.0,13,6.12,1424000.0,0
5900.0,13,17.63,1424000.0,0
162100.0,17,1.65,2163000.0,0
49300.0,20,1.84,3282000.0,0
155000.0,19,2.25,8307000.0,0
46200.0,22,2.1,1424000.0,0
130600.0,21,2.51,22838000.0,0
139700.0,18,4.92,9625000.0,0
2500.0,18,2.12,1424000.0,0
52400.0,18,39.77,16944000.0,0
131300.0,7,2.63,4638000.0,0
33700.0,20,3.5,2108000.0,0
23500.0,9,5.3,1424000.0,0
8163600.0,3,1031.29,9348000.0,1
28300.0,10,98.9,3540000.0,0
19700.0,13,4.0,2009000.0,0
35800.0,20,3.63,1544000.0,0
2700.0,0,1.17,6315000.0,0
18400.0,7,4.4,1424000.0,0
36200.0,15,0.88,11670000.0,0
10700.0,13,4.68,3057000.0,0
21900.0,13,7.92,2337000.0,0
38000.0,11,37.71,4754000.0,0
297300.0,20,2.32,5597000.0,0
197400.0,23,3.69,3050000.0,0
180400.0,19,72.27,3726000.0,0
2900.0,14,111.76,1424000.0,0
135100.0,20,6.67,14661000.0,0
11800.0,7,3.23,1554000.0,0
31100.0,20,2.08,1424000.0,0
31300.0,1,30.53,5372000.0,0
127700.0,21,8.98,10224000.0,0
51100.0,18,6.89,5058000.0,0
86300.0,14,2.73,3847000.0,0
10200.0,11,1.82,1424000.0,0
107100.0,21,4.04,4628000.0,0
12500.0,7,24.08,1424000.0,0
450900.0,10,2.34,13582000.0,0
763300.0,17,11.32,16439000.0,0
30200.0,17,2.91,1884000.0,0
79000.0,21,4.43,6110000.0,0
270900.0,16,4.14,4891000.0,0
133800.0,23,1.33,7464000.0,0
28900.0,14,0.49,1424000.0,0
79000.0,20,2.06,8255000.0,0
20000.0,19,6.21,3619000.0,0
2100.0,20,1.41,1424000.0,0
15500.0,12,192.3,1424000.0,1
35000.0,13,14.11,2393000.0,0
13600.0,12,16.68,2678000.0,0
13200.0,21,2.39,5365000.0,0
151200.0,12,10.82,6303000.0,0
16900.0,14,3.55,1940000.0,0
63400.0,12,125.56,9038000.0,0
52400.0,21,2.62,7916000.0,0
78800.0,10,5.86,6857000.0,0
65300.0,21,2.56,6977000.0,0
130200.0,9,3.18,5659000.0,0
51100.0,18,3.28,4430000.0,0
16300.0,13,1109.96,2032000.0,0
22600.0,21,8.08,1424000.0,0
11400.0,17,29.02,4477000.0,0
11600.0,17,4.77,1424000.0,0
241700.0,13,4.59,2910000.0,0
195800.0,15,1.86,28620000.0,0
48600.0,14,1.49,3971000.0,0
37200.0,18,0.95,2207000.0,0
99100.0,11,56.19,17065000.0,0
3700.0,19,10.45,1424000.0,0
23700.0,13,2.0,3561000.0,0
10400.0,13,0.76,1424000.0,0
7900.0,12,8.58,3141000.0,0
124400.0,23,11.73,17818000.0,0
28600.0,15,2.14,3442000.0,0
4394000.0,21,481.27,4247000.0,1
158100.0,20,9.85,2765000.0,0
873700.0,14,4.73,2068000.0,0
167400.0,17,363.43,5410000.0,0
31800.0,16,2.89,1650000.0,0
47700.0,15,1.07,4050000.0,0
18300.0,21,2.82,2034000.0,0
23800.0,13,3.91,2546000.0,0
17300.0,23,2.33,5458000.0,0
11300.0,9,2.97,1424000.0,0
65300.0,11,1.95,2017000.0,0
102000.0,8,24.89,4704000.0,0
39700.0,10,3.16,1424000.0,0
53900.0,14,10.18,3143000.0,0
903600.0,11,5.54,8776000.0,0
69500.0,8,1.39,3969000.0,0
6300.0,20,16.35,3802000.0,0
282500.0,20,111.43,5469000.0,0
91800.0,16,1.33,5394000.0,0
49800.0,19,6.82,2660000.0,0
31800.0,0,3.19,3300000.0,0
18300.0,19,2.63,1569000.0,0
18200.0,11,10.03,1424000.0,0
35500.0,11,2.94,5410000.0,0
30000.0,20,133.72,1628000.0,0
58700.0,12,11.38,1424000.0,0
134200.0,17,2.17,9939000.0,0
614800.0,16,6.84,11826000.0,0
92800.0,19,5.48,5985000.0,0
27300.0,8,18.73,5016000.0,0
65100.0,8,3.81,2818000.0,0
54400.0,12,1379.75,2604000.0,0
793100.0,9,22.72,14761000.0,0
87500.0,15,7.82,6069000.0,0
41400.0,12,1.42,3170000.0,0
26700.0,11,1.32,6202000.0,0
36600.0,10,58.25,1424000.0,0
42500.0,10,5.49,9734000.0,0
6500.0,21,5.42,1496000.0,0
212100.0,10,6.94,10028000.0,0
31500.0,2,7.78,2421000.0,0
114500.0,21,4.74,4335000.0,0
42500.0,18,0.61,2180000.0,0
16700.0,12,37.52,3006000.0,0
70000.0,9,2.22,3828000.0,0
29600.0,11,4.96,4448000.0,0
182500.0,12,85.2,4404000.0,0
170700.0,17,4.65,14868000.0,0
10400.0,16,9.37,1424000.0,0
36400.0,8,4.42,3399000.0,0
3200.0,19,3.43,1426000.0,0
4400.0,12,2.52,1424000.0,0
65200.0,13,5.15,11426000.0,0
32300.0,11,9.96,1932000.0,0
298200.0,8,2.38,3334000.0,0
231800.0,16,1.66,12437000.0,0
186100.0,14,10.65,9126000.0,0
22400.0,12,1.99,3377000.0,0
35100.0,13,10.15,3835000.0,0
87900.0,16,3.89,4718000.0,0
27300.0,13,3.01,4360000.0,0
4100.0,15,117.7,1424000.0,0
71100.0,22,3.15,1424000.0,0
99400.0,21,1.17,2876000.0,0
76900.0,13,7.29,3224000.0,0
50000.0,12,3.17,4744000.0,0
114100.0,18,1.26,5189000.0,0
140500.0,21,14.3,3623000.0,0
12900.0,17,8.19,1745000.0,0
16200.0,20,2.4,3254000.0,0
3700.0,7,0.6,1825000.0,0
58000.0,20,4.51,4304000.0,0
195700.0,19,1.02,8230000.0,0
79400.0,19,13.78,12190000.0,0
33200.0,12,4.56,3175000.0,0
59700.0,18,15.11,9127000.0,0
19000.0,10,2.87,5058000.0,0
24600.0,10,1.46,2021000.0,0
9800.0,17,1124.18,1424000.0,0
58100.0,21,23.32,3565000.0,0
165700.0,17,4.82,5022000.0,0
242600.0,15,115.81,2474000.0,0
3780700.0,19,125.39,1593000.0,1
281800.0,12,3.68,7616000.0,0
10600.0,11,14.11,1424000.0,0
31100.0,12,4.24,5421000.0,0
36800.0,11,8.74,3555000.0,0
295300.0,17,1.46,1424000.0,0
526700.0,23,2.91,11410000.0,0
99100.0,9,12.09,7232000.0,0
36000.0,12,410.08,4308000.0,0
8300.0,17,3.13,2418000.0,0
26100.0,12,3.52,2163000.0,0
19700.0,10,2.86,2678000.0,0
47500.0,9,1.24,1424000.0,0
77900.0,12,14.01,5721000.0,0
9800.0,23,5.24,1572000.0,0
13200.0,16,4.07,1424000.0,0
31700.0,19,6.34,1424000.0,0
75400.0,21,2.57,4223000.0,0
41700.0,7,0.66,1424000.0,0
2500.0,18,91.27,1424000.0,0
241100.0,8,5.38,3160000.0,0
69700.0,12,3.89,4603000.0,0
477900.0,18,7.06,9038000.0,0
19300.0,18,2.92,3406000.0,0
163700.0,21,2.33,11330000.0,0
106100.0,18,3.44,4765000.0,0
50200.0,16,1.0,6431000.0,0
23400.0,23,2.3,1424000.0,0
29900.0,15,7.29,1424000.0,0
119600.0,8,2.03,5058000.0,0
823000.0,18,3.32,3057000.0,0
73900.0,15,94.06,6197000.0,0
4800.0,13,3.29,2948000.0,0
19100.0,20,15.32,3200000.0,0
3132100.0,0,285.92,3040000.0,1
17100.0,5,1.49,1740000.0,0
59100.0,16,7.11,7110000.0,0
3182800.0,18,8.94,3134000.0,0
70300.0,15,10.07,4066000.0,0
8500.0,9,22.53,1424000.0,0
15100.0,17,7.72,1424000.0,0
9700.0,12,3.57,4607000.0,0
8700.0,21,1.87,1710000.0,0
111700.0,17,1.47,4374000.0,0
7600.0,6,10.71,1424000.0,0
3600.0,15,1.19,3910000.0,0
1138600.0,16,3.62,1480000.0,0
32200.0,18,15.17,4417000.0,0
586100.0,14,2.56,8968000.0,0
90900.0,16,10.75,4765000.0,0
159800.0,11,10.61,14661000.0,0
16600.0,20,0.84,1424000.0,0
61500.0,11,17.86,7917000.0,0
8100.0,20,1.89,1424000.0,0
19700.0,16,8.52,3608000.0,0
92600.0,22,7.32,4868000.0,0
39500.0,22,11.84,2492000.0,0
72100.0,12,1.48,6159000.0,0
6800.0,15,3.84,1424000.0,0
31100.0,13,90.0,2982000.0,0
57000.0,20,0.43,1762000.0,0
21800.0,9,974.75,3484000.0,0
195500.0,13,8.18,4153000.0,0
169800.0,9,2.44,11349000.0,0
44500.0,12,41.47,5959000.0,0
22100.0,12,1.79,3733000.0,0
40600.0,9,1.37,4374000.0,0
153900.0,14,13.27,8688000.0,0
28700.0,7,1.78,2528000.0,0
93500.0,10,12.0,1858000.0,0
32300.0,18,1.84,2571000.0,0
5500.0,16,63.44,2885000.0,0
23700.0,15,0.9,1433000.0,0
66200.0,17,3.53,1926000.0,0
44900.0,13,4.16,5209000.0,0
21400.0,21,4.03,1424000.0,0
377700.0,6,16.88,7865000.0,0
13458900.0,19,224.18,5388000.0,1
365600.0,19,2.51,5389000.0,0
69900.0,19,8.03,3965000.0,0
174900.0,11,14.91,4350000.0,0
57700.0,16,6.44,1734000.0,0
40700.0,19,8.63,4506000.0,0
20600.0,15,4.4,3582000.0,0
99600.0,9,2.36,2815000.0,0
20100.0,14,21.64,1673000.0,0
8800.0,14,1.24,1809000.0,0
57000.0,13,9.88,2039000.0,0
23300.0,18,2.96,2556000.0,0
30900.0,21,1.01,1850000.0,0
253500.0,12,0.94,11347000.0,0
44400.0,15,13.46,4312000.0,0
11300.0,21,0.88,1424000.0,0
45300.0,11,45.89,2481000.0,0
111300.0,9,2.98,6027000.0,0
171700.0,15,1.23,9124000.0,0
95500.0,19,8.2,1424000.0,0
88200.0,14,7.64,10311000.0,0
21400.0,12,3.32,2232000.0,0
80600.0,21,3.8,3020000.0,0
20000.0,17,9.38,2402000.0,0
60400.0,20,3.31,5140000.0,0
267200.0,9,12.4,6977000.0,0
113700.0,10,1.38,6617000.0,0
23100.0,20,4.09,4359000.0,0
24900.0,14,3.28,5071000.0,0
25800.0,20,8.54,1865000.0,0
96300.0,18,6.59,3113000.0,0
34200.0,19,3.43,8991000.0,0
19100.0,6,29.24,3170000.0,0
89500.0,7,16.37,6399000.0,0
38300.0,20,0.84,1424000.0,0
26000.0,13,2.57,3289000.0,0
56700.0,7,14.45,3175000.0,0
26000.0,14,2.5,3907000.0,0
18700.0,11,27.95,2755000.0,0
68300.0,21,5.42,20100000.0,0
36600.0,11,5.63,1800000.0,0
4900.0,11,20.1,1424000.0,0
7900.0,18,144.38,1652000.0,0
21000.0,21,9.37,1424000.0,0
45900.0,19,18.96,3663000.0,0
502600.0,19,13.41,4646000.0,0
89000.0,14,2.29,9336000.0,0
89000.0,11,1.43,4879000.0,0
382300.0,17,0.8,5140000.0,0
169800.0,20,4.29,6357000.0,0
59000.0,10,6.48,2808000.0,0
50000.0,16,2.83,2238000.0,0
10300.0,17,1.58,2099000.0,0
36100.0,18,5.21,2288000.0,0
75400.0,18,0.83,4256000.0,0
134700.0,10,0.87,2895000.0,0
8900.0,14,17.16,4124000.0,0
8700.0,14,9.28,2866000.0,0
52400.0,11,2.09,4918000.0,0
39100.0,0,3.86,1485000.0,0
14300.0,18,25.79,2512000.0,0
49300.0,8,1059.17,3542000.0,0
39200.0,17,4.78,4690000.0,0
45200.0,7,1.52,5338000.0,0
50900.0,18,3.68,1424000.0,0
74400.0,14,32.82,5492000.0,0
63800.0,12,15.73,5984000.0,0
4800.0,12,2.04,1459000.0,0
90900.0,15,17.52,2480000.0,0
11700.0,12,2.7,3577000.0,0
88500.0,23,831.42,10259000.0,0
32200.0,12,9.12,5290000.0,0
12944600.0,12,134.05,5375000.0,1
18400.0,20,2.45,6070000.0,0
19900.0,9,141.56,1809000.0,0
32300.0,22,9.56,2684000.0,0
38800.0,13,4.05,6617000.0,0
35500.0,10,3.33,8634000.0,0
51800.0,7,4.64,1554000.0,0
16900.0,16,5.7,1424000.0,0
5500.0,16,108.52,2770000.0,0
15200.0,9,9.61,1647000.0,0
56500.0,16,3.48,8009000.0,0
12800.0,12,2.37,3971000.0,0
31900.0,9,10.49,1424000.0,0
32400.0,15,7.73,1689000.0,0
60900.0,19,3.23,1424000.0,0
30000.0,20,1.07,3621000.0,0
152900.0,18,0.95,5469000.0,0
176100.0,11,5.62,17897000.0,0
5900.0,20,4.9,1424000.0,0
46500.0,10,52.42,4416000.0,0
10200.0,7,49.98,1971000.0,0
140900.0,14,1.76,2286000.0,0
66300.0,12,6.74,9534000.0,0
141200.0,11,3.27,7340000.0,0
27000.0,18,2.2,5076000.0,0
74800.0,7,3.03,1424000.0,0
295000.0,15,6.69,6976000.0,0
87600.0,14,0.45,2177000.0,0
110200.0,6,9.28,4875000.0,0
95700.0,10,6.27,3090000.0,0
88900.0,12,7.91,1424000.0,0
4200.0,22,8.65,1424000.0,0
291100.0,22,8.45,18965000.0,0
28200.0,16,3.44,6213000.0,0
645100.0,20,3.63,28616000.0,0
3400.0,20,2.68,3841000.0,0
290100.0,15,5.49,10571000.0,0
220900.0,6,2.65,1424000.0,0
86000.0,11,0.78,4841000.0,0
6500.0,11,0.88,1424000.0,0
5200.0,15,1.04,10273000.0,0
49000.0,11,59.37,1424000.0,0
89200.0,22,40.09,4312000.0,0
350600.0,15,13.26,2103000.0,0
23600.0,20,3.27,2660000.0,0
65500.0,20,82.42,1424000.0,0
31300.0,21,5.8,1938000.0,0
116700.0,15,27.65,2109000.0,0
14800.0,20,23.07,1424000.0,0
15400.0,0,4.23,1938000.0,0
18400.0,11,8.31,2101000.0,0
35600.0,14,3.36,10379000.0,0
8300.0,9,2.69,3623000.0,0
180400.0,9,4.33,4026000.0,0
93500.0,19,1.76,6268000.0,0
28100.0,19,1.98,7023000.0,0
158400.0,12,64.86,4254000.0,0
218200.0,20,295.58,5375000.0,0
45200.0,17,2.32,4297000.0,0
87700.0,22,6.72,1424000.0,0
10200.0,22,1.54,1971000.0,0
22500.0,17,2.47,2656000.0,0
13900.0,18,1.67,4955000.0,0
32300.0,12,1.49,2052000.0,0
92700.0,20,28.83,4694000.0,0
22000.0,12,2.07,1643000.0,0
22300.0,21,4.02,1424000.0,0
51800.0,18,2.27,2778000.0,0
8300.0,8,10.42,3835000.0,0
248400.0,1,34.74,3050000.0,0
30400.0,9,2.15,3718000.0,0
264300.0,15,3.05,8721000.0,0
30800.0,12,2.0,1424000.0,0
168800.0,20,3.46,8511000.0,0
309500.0,20,5.48,7511000.0,0
147500.0,12,11.94,10166000.0,0
6200.0,19,3.0,1593000.0,0
540400.0,17,1.24,13582000.0,0
19100.0,16,2.55,3099000.0,0
172100.0,16,8.2,9178000.0,0
322300.0,12,2.95,10366000.0,0
44200.0,15,3.75,11297000.0,0
53400.0,12,1.98,3229000.0,0
2000.0,18,34.27,1424000.0,0
100800.0,14,7.39,4907000.0,0
22600.0,7,62.4,1424000.0,0
10000.0,19,2.36,1424000.0,0
85600.0,18,2.07,1424000.0,0
15200.0,18,2.2,1424000.0,0
86100.0,14,20.95,11670000.0,0
39100.0,6,0.98,2257000.0,0
26500.0,15,1.58,2241000.0,0
23600.0,20,2.66,1424000.0,0
65700.0,16,2.46,7104000.0,0
34200.0,12,36.42,1424000.0,0
65700.0,16,15.86,2763000.0,0
8900.0,13,17.12,3544000.0,0
31600.0,17,1.46,6297000.0,0
14400.0,17,0.37,3555000.0,0
37800.0,15,2.8,5243000.0,0
13500.0,8,99.69,1816000.0,0
69100.0,12,65.66,1994000.0,0
559500.0,15,3.28,3992000.0,0
46100.0,19,1171.07,1424000.0,0
69200.0,12,6.16,8428000.0,0
1161300.0,8,2.83,43430000.0,0
3700.0,16,3.58,5501000.0,0
172300.0,3,6.1,3985000.0,0
2541000.0,14,3.57,2917000.0,1
19600.0,11,8.01,2482000.0,0
3100.0,18,3.61,1424000.0,0
5100.0,17,3.15,1424000.0,0
46200.0,12,2.7,1439000.0,0
35800.0,9,4.59,29117000.0,0
34600.0,14,1.23,1886000.0,0
27500.0,13,6.99,1424000.0,0
20500.0,17,4.72,5243000.0,0
181500.0,13,3.74,15450000.0,0
57900.0,19,5.98,1461000.0,0
100800.0,8,33.34,4075000.0,0
263300.0,10,11.04,5897000.0,0
29700.0,9,2.75,2232000.0,0
61700.0,21,25.46,3584000.0,0
939200.0,15,34.16,3190000.0,0
90600.0,18,3.14,2741000.0,0
101000.0,12,15.1,6027000.0,0
41500.0,11,12.79,7746000.0,0
34800.0,8,1.93,1424000.0,0
272700.0,23,2.76,4918000.0,0
20000.0,12,4.3,3210000.0,0
157500.0,1,49.66,5410000.0,0
482400.0,14,2.26,30578000.0,0
19000.0,14,38.1,2474000.0,0
13800.0,14,96.87,5923000.0,0
263300.0,17,49.28,21386000.0,0
28300.0,14,7.43,7069000.0,0
19400.0,16,4.62,1424000.0,0
103600.0,8,2.98,5384000.0,0
49900.0,12,107.16,2984000.0,0
61700.0,8,1.91,1746000.0,0
84700.0,6,11.6,3106000.0,0
3400.0,11,1.53,1424000.0,0
14900.0,18,510.15,1608000.0,0
84000.0,11,1.09,4306000.0,0
1700.0,19,0.61,1424000.0,0
237000.0,16,1.47,10192000.0,0
210200.0,20,6.39,5984000.0,0
62700.0,21,4.56,3179000.0,0
52100.0,20,1.97,13738000.0,0
431100.0,19,4.33,5359000.0,0
8600.0,17,2.72,3558000.0,0
73400.0,14,12.13,4124000.0,0
123000.0,19,135.59,5794000.0,0
61700.0,9,22.29,7215000.0,0
36500.0,12,2.19,12923000.0,0
158900.0,14,5.2,2350000.0,0
19300.0,21,13.92,6857000.0,0
24800.0,14,5.77,3240000.0,0
24100.0,19,2.67,1474000.0,0
80900.0,11,1.9,3746000.0,0
13000.0,12,5.68,2945000.0,0
57900.0,13,2.56,4193000.0,0
117300.0,10,2.33,3274000.0,0
320300.0,22,0.6,4912000.0,0
186900.0,8,3.99,1550000.0,0
93300.0,16,2.62,3964000.0,0
59800.0,20,147.29,6392000.0,0
34700.0,15,13.28,3254000.0,0
228600.0,12,2.2,6084000.0,0
30800.0,21,3.6,2736000.0,0
40400.0,15,5.08,5495000.0,0
8000.0,21,3.84,1424000.0,0
13900.0,18,2.21,1424000.0,0
431500.0,12,1.6,4895000.0,0
96000.0,7,8.23,2861000.0,0
12600.0,21,9.59,2189000.0,0
165700.0,6,12.98,10311000.0,0
16000.0,9,1.21,5273000.0,0
55100.0,20,1.9,1424000.0,0
57700.0,7,3.62,3627000.0,0
167300.0,19,4.48,4970000.0,0
65900.0,17,4.15,5270000.0,0
107300.0,19,3.98,6240000.0,0
118400.0,10,1.72,1424000.0,0
105700.0,17,4.27,3106000.0,0
99300.0,9,3.99,8679000.0,0
8200.0,8,1.47,2937000.0,0
17000.0,16,3.57,1424000.0,0
11600.0,13,2.44,1524000.0,0
23000.0,9,9.52,5027000.0,0
76900.0,18,5.0,1497000.0,0
84200.0,13,1.0,1424000.0,0
58500.0,19,5.6,4918000.0,0
14500.0,20,13.33,1424000.0,0
22400.0,22,5.36,3889000.0,0
75200.0,22,122.35,9040000.0,0
26800.0,12,3.01,1424000.0,0
50600.0,8,2.56,6290000.0,0
5200.0,17,5.81,5926000.0,0
17300.0,7,9.68,5093000.0,0
1709100.0,14,6.84,8180000.0,0
25000.0,19,145.65,2096000.0,0
22200.0,7,5.13,2099000.0,0
58300.0,11,5.69,3091000.0,0
511700.0,17,10.43,4868000.0,0
199300.0,18,7.48,7886000.0,0
19600.0,11,2.24,2131000.0,0
434300.0,10,7.14,18965000.0,0
119400.0,11,5.86,15762000.0,0
8900.0,15,2.74,2227000.0,0
197200.0,0,5.57,4835000.0,0
32800.0,14,3.45,6268000.0,0
40800.0,12,2.18,1748000.0,0
23100.0,13,4.55,2695000.0,0
5900.0,18,14.22,1471000.0,0
354500.0,18,7.23,9296000.0,0
82500.0,20,24.5,5807000.0,0
51100.0,15,2.86,1480000.0,0
214200.0,17,640.02,3020000.0,0
507700.0,6,1.72,5222000.0,0
16900.0,21,8.42,1808000.0,0
343800.0,18,0.94,12437000.0,0
8200.0,12,0.64,2033000.0,0
105000.0,19,3.99,1727000.0,0
51100.0,20,8.64,3538000.0,0
74800.0,14,1.83,10259000.0,0
83000.0,18,73.11,9348000.0,0
20400.0,11,104.43,1424000.0,0
26100.0,8,1.32,1424000.0,0
101400.0,9,80.97,9606000.0,0
106000.0,0,7.83,9127000.0,0
27600.0,15,5.22,1434000.0,0
93400.0,17,6.92,5410000.0,0
128500.0,17,1178.23,6236000.0,0
6100.0,13,1.78,1650000.0,0
196700.0,17,146.24,16222000.0,0
47500.0,9,3.98,2982000.0,0
71400.0,13,140.99,4917000.0,0
6900.0,19,588.28,2670000.0,0
297500.0,19,2.96,7742000.0,0
12500.0,6,52.07,1509000.0,0
45400.0,11,0.91,2688000.0,0
174600.0,19,4.75,5850000.0,0
6700.0,13,1.79,2125000.0,0
29000.0,19,4.84,1806000.0,0
8800.0,18,8.07,1937000.0,0
19100.0,12,9.47,4208000.0,0
46300.0,19,3.32,19060000.0,0
50000.0,20,5.69,1424000.0,0
32100.0,12,1.73,4480000.0,0
38800.0,16,3.1,3236000.0,0
6900.0,19,2.26,1424000.0,0
82700.0,20,0.9,2684000.0,0
109600.0,9,2.01,10109000.0,0
17000.0,18,4.17,4265000.0,0
4500.0,10,0.77,1716000.0,0
3600.0,13,139.02,2097000.0,0
8500.0,10,7.31,1424000.0,0
26600.0,16,1.71,1746000.0,0
187300.0,11,3.53,3879000.0,0
34400.0,18,1.51,3545000.0,0
49600.0,16,118.99,1795000.0,0
26300.0,10,6.43,1424000.0,0
194000.0,12,4.29,6966000.0,0
23700.0,23,2.04,2232000.0,0
28100.0,13,6.1,2110000.0,0
1068700.0,11,2.71,3718000.0,0
7200.0,15,2.01,2759000.0,0
23600.0,13,1.29,1559000.0,0
66000.0,19,6.35,2045000.0,0
122600.0,20,1.66,14562000.0,0
45600.0,21,2.55,3143000.0,0
48400.0,17,2.02,2110000.0,0
154300.0,22,4.33,2727000.0,0
6700.0,20,2.74,1424000.0,0
42100.0,13,2.16,5409000.0,0
94300.0,8,13.02,2779000.0,0
27300.0,12,5.04,1424000.0,0
17300.0,18,2.59,1424000.0,0
12200.0,10,0.57,2910000.0,0
5600.0,15,7.35,1424000.0,0
246600.0,11,6.59,3566000.0,0
24900.0,13,3.03,2498000.0,0
83100.0,18,2.99,1781000.0,0
174100.0,12,3.66,1424000.0,0
11700.0,20,4.9,1424000.0,0
7500.0,11,2.82,1613000.0,0
107400.0,10,0.62,4268000.0,0
2839900.0,3,91.17,2024000.0,1
287100.0,14,2.25,8042000.0,0
27500.0,17,2.36,3963000.0,0
71500.0,11,2.56,1945000.0,0
12400.0,11,5.62,1554000.0,0
44900.0,18,0.96,4831000.0,0
93900.0,23,16.17,1628000.0,0
16400.0,14,15.38,1469000.0,0
4000.0,5,8.28,1424000.0,0
23700.0,16,37.58,1765000.0,0
457000.0,18,2.51,16544000.0,0
45300.0,15,32.65,6070000.0,0
19800.0,12,2.51,3439000.0,0
16300.0,18,40.11,3154000.0,0
67400.0,22,0.53,10259000.0,0
7900.0,9,4.21,1424000.0,0
8400.0,19,3.45,1424000.0,0
19000.0,13,2.03,1825000.0,0
3400.0,22,3.01,1520000.0,0
117800.0,21,7.31,5619000.0,0
172100.0,8,1.41,7484000.0,0
58700.0,9,22.49,3787000.0,0
13300.0,10,13.39,1424000.0,0
122800.0,13,0.84,5279000.0,0
13900.0,22,4.97,4268000.0,0
41100.0,20,1.72,2358000.0,0
33700.0,20,7.76,4169000.0,0
30700.0,17,1.98,1459000.0,0
107600.0,12,4.1,12422000.0,0
112300.0,20,7.96,2678000.0,0
60000.0,23,3.59,2051000.0,0
475300.0,0,94.75,14817000.0,0
53700.0,11,427.31,3545000.0,0
58900.0,15,4.95,6738000.0,0
20300.0,23,2.95,1424000.0,0
25400.0,12,64.78,6955000.0,0
6854300.0,17,5.83,5978000.0,0
121500.0,13,7.72,14363000.0,0
24900.0,20,13.5,2632000.0,0
210400.0,21,9.46,6483000.0,0
77400.0,12,6.45,1424000.0,0
108900.0,16,5.01,2103000.0,0
54100.0,21,2.54,17065000.0,0
9300.0,19,1478.17,4068000.0,0
318100.0,12,3.8,6940000.0,0
300200.0,18,2.78,10552000.0,0
25500.0,18,3.19,2690000.0,0
4300.0,17,2.32,1984000.0,0
137900.0,17,55.9,7944000.0,0
8600.0,12,2.78,2572000.0,0
21900.0,9,0.93,1424000.0,0
109400.0,14,0.94,8746000.0,0
58600.0,17,6.02,7743000.0,0
55700.0,18,684.59,1772000.0,0
162200.0,10,4.72,3067000.0,0
16600.0,7,7.32,1485000.0,0
6000.0,7,12.34,6440000.0,0
17700.0,19,4.5,1463000.0,0
59100.0,16,2.27,7931000.0,0
44400.0,16,1349.39,13390000.0,0
18300.0,11,1.97,4067000.0,0
6400.0,21,7.84,1424000.0,0
5400.0,20,7.84,1424000.0,0
23000.0,19,1.56,7844000.0,0
32600.0,18,0.63,1884000.0,0
29900.0,19,2.2,12769000.0,0
4900.0,16,9.48,1424000.0,0
415600.0,21,0.89,9981000.0,0
122600.0,12,2.82,2815000.0,0
53800.0,20,10.97,1424000.0,0
20700.0,13,9.44,1748000.0,0
12500.0,14,6.61,1424000.0,0
121800.0,14,3.87,2770000.0,0
35700.0,16,1.25,3646000.0,0
5600.0,9,2.92,1424000.0,0
38600.0,13,1.9,14562000.0,0
9200.0,21,3.02,3385000.0,0
18700.0,6,5.86,1424000.0,0
32300.0,1,7.91,4193000.0,0
14700.0,6,5.19,6623000.0,0
74700.0,15,5.36,2301000.0,0
5600.0,12,5.99,2045000.0,0
10000.0,14,4.05,1424000.0,0
30900.0,11,7.42,2076000.0,0
691700.0,14,27.61,19503000.0,0
48600.0,9,1.97,9336000.0,0
45600.0,13,6.1,1433000.0,0
30300.0,16,5.33,2128000.0,0
94700.0,12,1.0,4270000.0,0
21600.0,13,5.94,9012000.0,0
3100.0,10,2.43,2778000.0,0
34000.0,16,1.49,3088000.0,0
14600.0,17,11.96,1806000.0,0
190500.0,18,1.58,4350000.0,0
22700.0,19,6.34,1424000.0,0
23000.0,20,6.32,1424000.0,0
30700.0,13,6.58,7704000.0,0
36200.0,12,4.71,3731000.0,0
17800.0,22,5.06,3612000.0,0
82300.0,18,1.94,3003000.0,0
26200.0,12,3.55,8370000.0,0
51900.0,10,1.8,1756000.0,0
274100.0,11,4.09,10342000.0,0
28200.0,18,20.44,3824000.0,0
13100.0,20,9.07,2994000.0,0
127400.0,23,10.77,9716000.0,0
6300.0,17,7.33,1424000.0,0
13400.0,19,6.87,1424000.0,0
20900.0,19,0.53,1884000.0,0
6600.0,15,15.03,1424000.0,0
63900.0,16,143.0,4918000.0,0
199300.0,13,37.98,5984000.0,0
65100.0,1,1.66,10864000.0,0
25200.0,12,2.66,1540000.0,0
46400.0,13,6.57,4026000.0,0
134800.0,13,5.8,8370000.0,0
26300.0,18,4.53,2554000.0,0
3140900.0,13,67.18,1424000.0,1
298400.0,12,3.94,2719000.0,0
68100.0,9,6.63,7994000.0,1
3200.0,8,1.78,1424000.0,0
31700.0,17,1.81,3676000.0,0
5500.0,14,8.96,2132000.0,0
75900.0,8,23.7,3003000.0,0
246500.0,14,5.74,7411000.0,0
53500.0,10,41.71,6603000.0,0
99200.0,15,15.17,2238000.0,0
188300.0,20,3.54,2649000.0,0
103500.0,12,12.96,6423000.0,0
2200.0,16,1.8,2000000.0,0
77900.0,13,1.63,4247000.0,0
10300.0,10,4.25,4829000.0,0
10300.0,12,12.27,1424000.0,0
401700.0,10,146.17,10468000.0,0
8100.0,15,1.93,2048000.0,0
152100.0,12,3.17,7078000.0,0
33600.0,20,1.64,1424000.0,0
19000.0,12,2.01,3000000.0,0
174200.0,9,2.4,5745000.0,0
199900.0,14,2.97,2698000.0,0
27700.0,12,2.93,1424000.0,0
44800.0,20,7.84,10996000.0,0
18300.0,13,3.43,4028000.0,0
59900.0,13,117.01,4814000.0,0
7600.0,2,72.11,1627000.0,0
29500.0,19,3.0,8511000.0,0
19300.0,10,5.0,2474000.0,0
15000.0,10,90.38,2656000.0,0
29600.0,19,2.7,2983000.0,0
2540200.0,11,1.8,2315000.0,0
31800.0,21,1.79,7812000.0,0
99100.0,17,8.39,4256000.0,0
22500.0,19,3.86,3648000.0,0
77700.0,14,1.18,2425000.0,0
76800.0,16,1.3,3868000.0,0
16700.0,13,3.57,3442000.0,0
176600.0,15,13.6,7818000.0,0
89000.0,7,1.88,1424000.0,0
34000.0,11,2.43,1537000.0,0
68000.0,13,3.7,4449000.0,0
236300.0,15,8.23,2051000.0,0
67300.0,14,39.09,4464000.0,0
62300.0,5,7.27,1808000.0,0
7600.0,13,1.36,3113000.0,0
8000.0,9,15.82,1424000.0,0
27100.0,20,42.16,6672000.0,0
798800.0,16,1.11,11029000.0,0
94400.0,1,19.23,6999000.0,0
9100.0,9,3.67,1806000.0,0
17275000.0,0,884.17,7464000.0,1
26900.0,12,2.02,3907000.0,0
576300.0,0,20.84,1424000.0,1
3500.0,6,4.8,3641000.0,0
15700.0,7,7.29,2104000.0,0
15100.0,15,8.76,1424000.0,0
93100.0,9,2.41,1554000.0,0
893600.0,19,3.19,1424000.0,0
69800.0,0,9.77,7401000.0,0
134200.0,3,5.73,5902000.0,0
19400.0,17,9.07,1424000.0,0
63000.0,17,4.85,2513000.0,0
41300.0,18,118.01,9038000.0,0
9700.0,12,6.77,1424000.0,0
24400.0,18,2.58,1673000.0,0
4700.0,15,5.2,2125000.0,0
48900.0,7,4.96,8721000.0,0
68200.0,22,79.5,2402000.0,0
12100.0,19,87.66,8230000.0,0
578400.0,16,7.12,10259000.0,0
23700.0,17,1.45,3384000.0,0
3100.0,21,5.68,1424000.0,0
61100.0,7,2.91,4821000.0,0
20000.0,12,1.77,9666000.0,0
92100.0,16,0.18,5375000.0,0
380700.0,9,8.32,10880000.0,0
49100.0,10,5.0,3088000.0,0
26000.0,11,1.29,4312000.0,0
127500.0,20,3.93,4499000.0,0
50800.0,1,2.93,5629000.0,0
117200.0,15,1.01,7932000.0,0
251700.0,9,7.05,4012000.0,0
67400.0,20,32.03,2112000.0,0
16600.0,20,15.81,1424000.0,0
32700.0,19,102.92,3565000.0,0
12800.0,15,8.17,1424000.0,0
160800.0,15,8.14,6675000.0,0
6000.0,7,3.5,3077000.0,0
86200.0,10,3.69,2331000.0,0
103800.0,11,15.09,5794000.0,0
58300.0,19,2.19,4979000.0,0
27400.0,16,12.87,1736000.0,0
451700.0,18,104.42,5036000.0,0
22100.0,6,2.59,8307000.0,0
24200.0,20,27.64,2692000.0,0
420700.0,7,1.61,4628000.0,0
12300.0,0,2.85,3801000.0,0
21300.0,21,11.79,5794000.0,0
22500.0,17,2.33,8033000.0,0
444100.0,10,4.45,12923000.0,0
19000.0,21,8.11,7894000.0,0
49400.0,13,4.24,1424000.0,0
43400.0,21,2.58,5911000.0,0
5700.0,13,8.67,1424000.0,0
80100.0,18,2.38,5598000.0,0
130600.0,17,5.06,2678000.0,0
38800.0,10,16.18,1424000.0,0
48800.0,1,1.42,1424000.0,0
64600.0,20,5.29,1424000.0,0
37400.0,7,11.43,3280000.0,0
35600.0,16,17.0,4374000.0,0
84200.0,11,4.11,2504000.0,0
607100.0,18,11.19,1603000.0,0
118000.0,18,8.98,3937000.0,0
50600.0,20,1.15,5368000.0,0
33500.0,14,21.76,3091000.0,0
19200.0,18,2.0,1424000.0,0
25200.0,14,8.16,4630000.0,0
7300.0,13,58.51,2895000.0,0
514600.0,12,1.6,23318000.0,0
103500.0,10,1.21,4846000.0,0
16100.0,19,352.1,29117000.0,1
154300.0,23,2.78,13121000.0,0
155700.0,17,3.76,5473000.0,0
43000.0,9,5.02,6796000.0,0
34300.0,20,3.27,7151000.0,0
407600.0,6,2.27,5388000.0,0
53800.0,6,6.23,1821000.0,0
37000.0,17,2.55,1688000.0,0
2512500.0,23,29.08,4217000.0,1
90700.0,17,1.37,4290000.0,0
33800.0,18,4.87,2350000.0,0
30600.0,21,2.98,1584000.0,0
197600.0,21,1.16,30578000.0,0
123800.0,13,2.21,18965000.0,0
44700.0,17,43.94,4958000.0,0
86100.0,18,1155.64,4577000.0,0
25300.0,16,3.48,2760000.0,0
39900.0,8,1.85,5897000.0,0
114600.0,18,5.21,5641000.0,0
44900.0,13,4.69,9764000.0,0
12600.0,22,2.16,4532000.0,0
29500.0,9,1.53,1424000.0,0
222000.0,9,4.33,6869000.0,0
41800.0,14,90.86,2110000.0,0
120600.0,9,3.82,1887000.0,0
1402400.0,13,4.07,44917000.0,0
9300.0,8,3.77,2257000.0,0
242900.0,16,7.61,39212000.0,0
26900.0,21,11.48,3224000.0,0
29300.0,12,4.35,7484000.0,0
19800.0,10,1.12,1424000.0,0
5600.0,9,4.02,1424000.0,0
43800.0,18,1.74,4241000.0,0
1022300.0,0,4.49,2800000.0,1
65600.0,8,2.56,4875000.0,0
608600.0,10,23.46,12349000.0,0
15200.0,20,3.81,5706000.0,0
13300.0,18,177.15,3461000.0,1
68800.0,8,8.4,2706000.0,0
8400.0,14,8.96,1643000.0,0
26000.0,12,17.09,1713000.0,0
85100.0,20,1.72,4979000.0,0
19500.0,12,52.94,2270000.0,0
43700.0,17,3.19,6433000.0,0
41700.0,23,16.4,6294000.0,0
22100.0,10,4.38,1424000.0,0
28700.0,12,6.64,4029000.0,0
10900.0,22,2.27,1424000.0,0
210300.0,13,4.95,6538000.0,0
25400.0,21,2.63,2124000.0,0
31400.0,18,6.09,3594000.0,0
15500.0,22,6.98,3608000.0,0
21800.0,7,12.72,1544000.0,0
27100.0,13,10.3,1808000.0,0
58400.0,11,4.63,2838000.0,0
295700.0,17,19.31,9311000.0,0
48500.0,20,7.93,1424000.0,0
70400.0,8,2.71,3266000.0,0
22200.0,18,2.94,1746000.0,0
114100.0,13,1.6,6423000.0,0
32000.0,10,3.15,1424000.0,0
26300.0,20,1.75,2541000.0,0
12000.0,12,1.08,4120000.0,0
98400.0,21,6.39,2123000.0,0
82100.0,20,2.02,3359000.0,0
141900.0,20,9.93,4467000.0,0
16100.0,19,3.08,4414000.0,0
411200.0,17,1.68,12827000.0,0
89500.0,16,3.34,10379000.0,0
24400.0,11,7.02,3770000.0,0
12100.0,11,2.58,2568000.0,0
20000.0,20,1.57,1424000.0,0
594700.0,12,8.08,15228000.0,0
28000.0,17,2.5,2528000.0,0
25600.0,9,5.85,3070000.0,0
42700.0,8,5.61,3337000.0,0
31100.0,19,87.34,1954000.0,0
87800.0,13,2.52,3360000.0,0
43900.0,15,4.28,2924000.0,0
19600.0,18,91.26,4432000.0,0
188800.0,20,7.3,12827000.0,0
194500.0,13,0.98,17706000.0,0
88600.0,13,3.85,4945000.0,0
13700.0,14,2.54,1424000.0,0
81500.0,10,4.71,3011000.0,0
173900.0,20,8.95,4347000.0,0
75500.0,21,5.83,2948000.0,0
8300.0,11,4.46,1813000.0,0
59600.0,19,6.94,7484000.0,0
27800.0,20,134.84,2778000.0,0
7900.0,9,3.16,1533000.0,0
6700.0,11,7.69,2365000.0,0
294800.0,19,2.41,5481000.0,0
27000.0,20,3.63,1424000.0,0
40200.0,9,2.0,6796000.0,0
10300.0,14,7.2,1424000.0,0
43100.0,16,834.39,2622000.0,0
229900.0,12,0.68,4817000.0,0
50900.0,7,4.74,2386000.0,0
12800.0,12,7.12,3077000.0,0
6280100.0,9,24.48,6492000.0,0
8600.0,13,5.1,2104000.0,0
4800.0,0,16.82,3727000.0,0
24500.0,22,4.39,5598000.0,0
32600.0,9,3.71,4981000.0,0
9800.0,10,0.54,1424000.0,0
16800.0,12,1.72,1919000.0,0
21100.0,13,13.26,2933000.0,0
120700.0,0,7.98,8979000.0,0
384300.0,20,5.39,3561000.0,0
93500.0,6,4.06,7552000.0,0
348500.0,14,1.04,4029000.0,0
34800.0,16,3.77,2994000.0,0
2136100.0,22,1.75,39212000.0,0
34300.0,9,8.01,7340000.0,0
21900.0,11,18.04,6675000.0,0
79600.0,16,3.19,3868000.0,0
42300.0,12,0.56,3545000.0,0
8300.0,14,3.68,1424000.0,0
5700.0,8,131.06,1705000.0,0
76600.0,13,3.1,4543000.0,0
64600.0,12,4.13,3506000.0,0
19700.0,16,3.32,1424000.0,0
36900.0,20,1.82,2997000.0,0
33800.0,20,885.74,8880000.0,0
341100.0,15,2.97,14913000.0,0
104600.0,17,2.86,10351000.0,0
1427500.0,18,5.14,2124000.0,0
77900.0,12,9.39,6729000.0,0
71600.0,13,1.06,2013000.0,0
37800.0,9,1.17,2163000.0,0
228600.0,16,12.09,1424000.0,0
83300.0,12,2.99,1865000.0,0
1067200.0,12,1.9,7078000.0,0
35200.0,20,4.17,7329000.0,0
211000.0,10,7.35,5837000.0,0
2200.0,23,1.19,1740000.0,0
16900.0,19,1.42,1424000.0,0
234000.0,20,2.48,4770000.0,0
3357500.0,3,6.13,9249000.0,1
216700.0,17,2.7,7738000.0,0
587800.0,3,62.63,2423000.0,1
18700.0,6,4.87,2074000.0,0
1459400.0,15,4.84,84975000.0,0
17500.0,13,16.65,1424000.0,0
83100.0,12,136.47,3152000.0,0
20400.0,12,4.29,1662000.0,0
16400.0,11,5.05,1424000.0,0
27300.0,23,89.67,1611000.0,0
228800.0,18,3.48,5840000.0,0
18700.0,15,2.73,2027000.0,0
13100.0,14,14.71,1424000.0,0
213200.0,19,9.58,3179000.0,0
29100.0,11,5.14,1589000.0,0
135200.0,15,4.3,12258000.0,0
555300.0,18,2.14,6955000.0,0
10000.0,8,856.2,1424000.0,0
81400.0,19,6.06,7639000.0,0
2400.0,14,3.11,1538000.0,0
60200.0,14,2.56,6399000.0,0
48600.0,12,1.87,6999000.0,0
27200.0,11,1.91,5603000.0,0
40000.0,11,6.78,2275000.0,0
9200.0,10,7.11,4241000.0,0
1900.0,20,2.55,1565000.0,0
26200.0,11,3.38,5513000.0,0
29900.0,12,13.19,1424000.0,0
30300.0,9,1361.45,1424000.0,0
526100.0,8,5.78,11347000.0,0
4100.0,13,1.03,1424000.0,0
12900.0,7,2.35,2692000.0,0
22500.0,23,1.71,2706000.0,0
14200.0,20,8.92,1648000.0,0
209500.0,13,1.45,17065000.0,0
20300.0,18,3.89,1424000.0,0
6400.0,15,2.73,1424000.0,0
18800.0,14,143.84,1719000.0,0
11100.0,18,6.11,1424000.0,0
1983400.0,17,4.94,4200000.0,1
12400.0,16,40.42,4526000.0,0
14500.0,13,2.37,1424000.0,0
76900.0,19,5.17,3594000.0,0
186100.0,8,2.6,45589000.0,0
32300.0,22,106.83,5468000.0,0
66300.0,8,10.62,10891000.0,0
185800.0,0,7.13,7371000.0,0
46000.0,17,2.95,9245000.0,0
26000.0,19,1.63,6916000.0,0
609600.0,19,37.43,14577000.0,0
15300.0,13,0.47,3359000.0,0
173600.0,15,6.15,10592000.0,0
16100.0,23,1.03,1852000.0,0
6600.0,9,6.71,3263000.0,0
34100.0,15,0.97,2764000.0,0
113600.0,15,0.94,9178000.0,0
9200.0,14,2.9,3240000.0,0
24100.0,17,72.29,2816000.0,0
232600.0,22,0.97,2554000.0,0
125800.0,15,8.32,2568000.0,0
67600.0,10,2.46,7023000.0,0
24600.0,11,5.81,1754000.0,1
43200.0,21,1.13,2674000.0,0
127600.0,18,7.19,2808000.0,0
4400.0,11,17.26,1939000.0,0
21400.0,14,244.53,4921000.0,0
5800.0,19,80.64,1532000.0,0
589700.0,11,5.17,3346000.0,0
31800.0,22,3.83,6159000.0,0
677100.0,22,0.59,8625000.0,0
21400.0,13,2.58,3170000.0,0
10000.0,8,792.4,3385000.0,0
971000.0,8,116.28,17706000.0,0
102900.0,12,6.79,6253000.0,0
6600.0,19,2.79,2598000.0,0
10200.0,14,502.02,1424000.0,0
23800.0,15,4.33,9670000.0,0
60000.0,21,3.02,1424000.0,0
31400.0,17,1.74,1446000.0,0
291900.0,11,17.04,6240000.0,0
67800.0,7,8.78,6939000.0,0
65000.0,13,5.24,7961000.0,0
432300.0,21,12.47,2235000.0,0
218600.0,15,1.07,12349000.0,0
86200.0,17,3.24,10224000.0,0
22700.0,19,113.93,1424000.0,0
39100.0,12,22.81,4669000.0,0
45900.0,18,4.38,3905000.0,0
36100.0,23,1.05,4169000.0,0
65500.0,7,1.84,3266000.0,0
103100.0,9,3.03,3302000.0,0
37400.0,13,4.58,3811000.0,0
12666600.0,4,1033.36,5523000.0,1
24800.0,16,3.55,2495000.0,0
36500.0,13,17.08,6174000.0,0
28300.0,9,3.05,2305000.0,0
15335800.0,5,126.0,11201000.0,1
108500.0,15,7.62,8688000.0,0
17906800.0,9,1778.43,12422000.0,1
92500.0,8,2.95,2827000.0,0
8100.0,21,58.6,1662000.0,0
11500.0,6,0.92,1582000.0,0
88500.0,10,2.42,4770000.0,0
95900.0,15,60.45,9930000.0,0
62800.0,9,8.28,5221000.0,0
62900.0,19,2.92,3830000.0,0
148100.0,21,1.18,3799000.0,0
12800.0,21,6.49,2013000.0,0
12000.0,18,8.94,1424000.0,0
25800.0,19,9.26,1961000.0,0
3810000.0,16,15.09,5016000.0,0
284000.0,23,6.43,12919000.0,0
18100.0,12,1.13,2522000.0,0
47200.0,13,7.12,3554000.0,0
133300.0,7,2.33,7069000.0,0
73700.0,18,5.38,3627000.0,0
4900.0,18,34.83,1577000.0,0
105700.0,21,5.78,15618000.0,0
41100.0,13,6.7,5850000.0,0
137400.0,15,1.09,4347000.0,0
85600.0,16,8.44,7443000.0,0
33600.0,21,1.94,3334000.0,0
24200.0,19,4.38,1940000.0,0
45600.0,14,47.16,9534000.0,0
5400.0,11,6.08,1424000.0,0
138000.0,13,1.66,4774000.0,0
43000.0,8,12.35,3141000.0,0
17500.0,9,16.65,2933000.0,0
6940900.0,15,304.65,7038000.0,1
80500.0,6,2.07,5659000.0,0
34600.0,20,72.84,10555000.0,0
62100.0,20,7.86,3928000.0,0
191100.0,14,0.91,49240000.0,0
26500.0,15,4.75,1424000.0,0
6000.0,20,9.52,1424000.0,0
16900.0,8,73.28,2205000.0,0
392900.0,10,6.25,10192000.0,0
24600.0,22,1.87,4430000.0,0
98600.0,12,20.85,9987000.0,0
93700.0,14,4.6,1836000.0,0
213000.0,18,6.81,31871000.0,0
96000.0,15,3.73,6450000.0,0
55200.0,21,10.42,3623000.0,0
41300.0,10,2.01,1424000.0,0
127600.0,18,12.55,5044000.0,0
153000.0,11,4.0,5492000.0,0
15500.0,8,32.96,2230000.0,0
52900.0,16,5.25,5189000.0,0
30200.0,3,1.92,1432000.0,0
53200.0,15,8.12,3376000.0,0
39200.0,16,13.83,2997000.0,0
43000.0,11,1.43,3229000.0,0
152600.0,8,7.88,3664000.0,0
200900.0,16,39.43,16222000.0,0
5500.0,21,9.27,4891000.0,0
30000.0,11,36.17,2757000.0,0
39400.0,9,6.61,1424000.0,0
27100.0,19,4.19,2369000.0,0
2700.0,17,6.99,1945000.0,0
10000.0,13,3.89,1424000.0,0
36000.0,13,16.41,1558000.0,0
329200.0,9,4.93,4649000.0,0
133900.0,18,0.62,10379000.0,0
43500.0,18,5.44,7230000.0,0
172200.0,10,7.55,1994000.0,0
52000.0,11,1.64,3558000.0,0
58300.0,18,0.47,5155000.0,0
203200.0,13,39.74,49240000.0,0
11200.0,15,5.61,1424000.0,0
43600.0,11,5.81,1808000.0,0
1579000.0,19,1.61,2347000.0,0
229400.0,9,4.97,6977000.0,0
32100.0,21,34.05,1424000.0,0
80800.0,14,1.81,7928000.0,0
36900.0,18,135.0,1424000.0,0
773200.0,17,4.67,1424000.0,0
19900.0,12,0.57,5888000.0,0
322200.0,19,2.34,6919000.0,0
11400.0,17,1.15,3384000.0,0
55700.0,12,3.95,5270000.0,0
19600.0,12,6.37,1569000.0,0
83400.0,12,24.12,2096000.0,0
24300.0,19,2.67,2674000.0,0
75000.0,17,2.37,4424000.0,0
17200.0,14,2.56,1424000.0,0
31800.0,12,2.72,1424000.0,0
152000.0,19,105.99,3106000.0,0
59800.0,7,42.18,1810000.0,0
107500.0,10,0.62,4312000.0,0
16400.0,20,149.24,1424000.0,0
90800.0,15,3.83,3801000.0,0
137500.0,5,1.9,7208000.0,0
11600.0,18,31.85,4193000.0,0
20500.0,13,29.48,1433000.0,0
601000.0,7,6.44,10015000.0,0
4000.0,8,1.65,2116000.0,0
175100.0,10,5.81,4817000.0,0
132600.0,1,7.19,10571000.0,0
19000.0,14,2.05,8742000.0,0
35300.0,17,1.21,2609000.0,0
15400.0,13,0.87,2741000.0,0
17500.0,15,6.42,2353000.0,0
65500.0,16,1.94,19060000.0,0
61400.0,22,3.79,7961000.0,0
132800.0,8,6.19,2763000.0,0
55700.0,7,5.04,6989000.0,0
196200.0,19,5.03,10442000.0,0
2225800.0,8,123.88,22459000.0,0
4300.0,16,4.8,1772000.0,0
228200.0,9,71.06,5368000.0,0
114800.0,18,0.83,1951000.0,0
32100.0,18,0.68,1424000.0,0
7800.0,16,2.4,1424000.0,0
11800.0,10,2.04,1424000.0,0
101400.0,20,3.72,3302000.0,0
29800.0,20,4.02,1743000.0,0
9200.0,12,11.22,1424000.0,0
148800.0,16,3.15,7135000.0,0
19000.0,14,5.74,1424000.0,0
14900.0,0,7.19,1424000.0,0
4400.0,12,2.22,1940000.0,0
32100.0,16,5.6,3288000.0,0
58200.0,16,5.14,9534000.0,0
75800.0,20,4.09,1584000.0,0
33100.0,18,0.74,1424000.0,0
136800.0,11,2.23,14916000.0,0
60300.0,10,4.11,5568000.0,0
10000.0,9,29.9,1781000.0,0
80200.0,12,22.46,4296000.0,0
190200.0,20,553.07,3868000.0,0
25500.0,12,6.5,1424000.0,0
50300.0,11,1.48,3947000.0,0
45200.0,18,1.2,3107000.0,0
20100.0,22,1.99,3596000.0,0
25000.0,14,27.84,1545000.0,0
8300.0,7,4.46,1424000.0,0
45400.0,7,5.94,6431000.0,0
67200.0,6,6.28,1424000.0,0
38000.0,13,0.99,12458000.0,0
10100.0,21,8.24,2110000.0,0
8700.0,8,2.62,1424000.0,0
37400.0,20,0.66,1424000.0,0
6100.0,21,2.08,1424000.0,0
3700.0,21,4.15,1424000.0,0
3084900.0,21,523.43,2401000.0,1
22300.0,8,1.11,1424000.0,0
84400.0,6,1.63,13930000.0,0
22600.0,21,5.55,2051000.0,0
2400.0,12,1.3,2495000.0,0
14400.0,8,23.34,1424000.0,0
123100.0,19,0.95,7262000.0,0
36500.0,19,13.68,1984000.0,0
17400.0,7,3.21,1424000.0,0
14800.0,18,6.2,1424000.0,0
128200.0,10,2.58,2792000.0,0
20200.0,10,7.18,1495000.0,0
16702200.0,19,366.4,10342000.0,1
16300.0,19,1.8,2109000.0,0
67100.0,21,127.03,6827000.0,0
14700.0,13,4.42,3545000.0,0
7600.0,14,34.4,1424000.0,0
39300.0,15,2.62,5923000.0,0
43300.0,12,35.44,2087000.0,0
5600.0,16,2.95,1433000.0,0
55700.0,12,8.64,2187000.0,0
294100.0,18,3.25,5093000.0,0
44700.0,18,2.35,4477000.0,0
179500.0,15,4.22,3972000.0,0
52100.0,19,6.24,2777000.0,0
151900.0,16,4.71,8285000.0,0
48100.0,10,1.81,4383000.0,0
34900.0,14,6.5,1971000.0,0
37800.0,19,136.07,12919000.0,0
2048300.0,0,467.49,1424000.0,1
148000.0,9,5.93,1831000.0,0
1668500.0,14,8.39,4477000.0,0
141200.0,21,89.15,7208000.0,0
196100.0,14,6.58,3050000.0,0
127800.0,17,8.82,20583000.0,0
65900.0,17,1.83,3301000.0,0
7200.0,18,16.36,1424000.0,0
48800.0,18,823.83,2881000.0,0
129400.0,19,134.27,3102000.0,0
67600.0,9,0.99,2278000.0,0
248400.0,14,6.97,8094000.0,0
18800.0,22,80.92,5527000.0,0
45700.0,4,0.9,1424000.0,0
47100.0,12,7.91,2168000.0,1
25400.0,10,23.55,1514000.0,0
84100.0,19,23.67,15228000.0,0
29800.0,22,4.05,3122000.0,0
42700.0,11,2.14,1832000.0,0
6003800.0,17,13.88,5405000.0,0
63100.0,20,1.93,3147000.0,0
8000.0,11,2.87,1424000.0,0
491300.0,18,3.79,5368000.0,0
50200.0,12,4.88,4432000.0,0
57500.0,18,2.42,8033000.0,0
36400.0,0,2.66,2861000.0,0
22400.0,20,89.03,4538000.0,0
53400.0,15,1.26,5638000.0,0
9500.0,7,3.04,1424000.0,0
100500.0,14,412.63,3907000.0,0
37100.0,8,1.55,1424000.0,0
11100.0,20,4.44,3584000.0,0
66800.0,21,7.92,7927000.0,0
69600.0,12,119.62,2838000.0,0
89900.0,9,4.47,3555000.0,0
6800.0,10,3.93,5721000.0,0
11100.0,20,8.15,1727000.0,0
17300.0,20,2.09,1493000.0,0
51400.0,21,26.23,1495000.0,0
225600.0,17,1.34,1761000.0,0
82400.0,11,336.59,4636000.0,0
38400.0,18,2.52,5300000.0,0
116600.0,4,2.8,4947000.0,0
120600.0,19,14.26,5203000.0,0
37100.0,22,18.64,3280000.0,0
258900.0,21,137.49,11670000.0,0
19800.0,14,1.77,4628000.0,0
65800.0,19,24.89,5469000.0,0
41900.0,20,10.56,2800000.0,0
1656800.0,20,29.86,8625000.0,0
146900.0,22,115.14,6084000.0,0
44200.0,19,9.82,2495000.0,0
16700.0,18,2.82,1976000.0,0
89300.0,16,5.17,9613000.0,0
171200.0,12,1.09,3193000.0,0
4777800.0,18,19.39,4432000.0,0
20200.0,11,3.84,8434000.0,0
20300.0,14,6.01,2920000.0,0
137900.0,8,1.7,2740000.0,0
52000.0,9,4.23,1523000.0,0
92700.0,15,1.13,2059000.0,0
2950400.0,12,2.26,6062000.0,0
2700.0,13,63.09,1424000.0,0
44700.0,16,3.23,6580000.0,0
122400.0,7,19.62,3210000.0,0
12900.0,12,1.7,5579000.0,0
116800.0,14,0.89,3801000.0,0
41400.0,18,8.98,2796000.0,0
10900.0,10,1.45,2369000.0,0
4400.0,22,1339.5,3548000.0,0
276100.0,19,11.69,9930000.0,0
20300.0,21,46.19,3252000.0,0
46000.0,13,1.51,2559000.0,0
72200.0,20,10.38,4773000.0,0
45500.0,9,2.9,1424000.0,0
29100.0,18,4.53,6440000.0,0
74200.0,12,3.74,3806000.0,0
67600.0,9,2.82,5991000.0,0
58900.0,7,2.61,3344000.0,0
225500.0,21,14.43,13284000.0,0
63800.0,8,2.62,4636000.0,0
5600.0,11,0.18,1731000.0,0
68200.0,9,1.54,3664000.0,0
220500.0,10,7.15,3577000.0,0
7000.0,13,5.16,3447000.0,0
17100.0,12,0.5,2522000.0,0
82100.0,6,5.07,6955000.0,0
33800.0,18,21.55,1490000.0,0
9300.0,18,2.0,3731000.0,0
304800.0,18,2.46,5272000.0,0
12100.0,17,1.4,3384000.0,0
59000.0,19,10.88,4116000.0,0
12200.0,9,145.37,2439000.0,0
10200.0,15,4.39,2052000.0,0
280700.0,21,4.66,3104000.0,0
40000.0,9,8.89,5054000.0,0
382400.0,16,25.44,4311000.0,0
42400.0,23,1.31,3976000.0,0
181700.0,16,19.13,5794000.0,0
537000.0,8,1.7,8428000.0,0
5160500.0,19,9.19,12081000.0,0
6300.0,13,2.61,1768000.0,0
52600.0,19,6.47,1596000.0,0
274400.0,20,2.21,4155000.0,0
26400.0,22,6.21,2571000.0,0
1891700.0,20,83.82,45589000.0,0
82000.0,20,119.53,5014000.0,0
23700.0,22,26.87,1424000.0,0
28500.0,12,16.23,8033000.0,0
18200.0,12,0.77,1424000.0,0
30500.0,12,1.22,3445000.0,0
13500.0,16,8.4,2445000.0,0
14000.0,10,1.21,4383000.0,0
81900.0,16,3.29,4835000.0,0
16800.0,0,2.28,7443000.0,0
40400.0,17,575.42,1424000.0,0
576100.0,19,17.3,10342000.0,0
8600.0,21,41.64,1424000.0,0
8700.0,21,0.65,1424000.0,0
159300.0,21,4.34,2604000.0,0
27900.0,19,1.53,5182000.0,0
114600.0,20,4.99,5984000.0,0
1740900.0,16,3.52,3726000.0,0
146300.0,9,147.7,5243000.0,0
8100.0,20,5.29,1634000.0,0
51300.0,17,5.17,1424000.0,0
41900.0,20,5.5,1424000.0,0
62300.0,9,2.01,6960000.0,0
86100.0,10,14.9,1664000.0,0
69400.0,22,6.72,3302000.0,0
1093200.0,19,5.53,14067000.0,0
18400.0,10,2.94,3700000.0,0
81600.0,21,72.42,7110000.0,0
112400.0,20,9.38,3635000.0,0
9400.0,11,500.09,1538000.0,1
79200.0,17,721.96,7159000.0,0
20700.0,19,9.42,1835000.0,0
43000.0,14,15.87,2398000.0,0
6400.0,9,1256.38,3252000.0,0
188200.0,6,1.37,4252000.0,0
104000.0,7,0.99,4577000.0,0
26600.0,13,4.4,5022000.0,0
19800.0,11,9.73,5222000.0,0
238300.0,22,69.8,1424000.0,1
8300.0,8,1.9,4109000.0,0
12000.0,15,28.23,1424000.0,0
636500.0,21,1.08,11349000.0,0
10200.0,20,2.94,1884000.0,0
3200.0,12,48.16,1424000.0,0
28400.0,19,5.67,1424000.0,0
102700.0,18,6.5,3534000.0,0
287900.0,8,11.42,4719000.0,0
11418500.0,14,3.18,20100000.0,0
51100.0,18,2.56,2445000.0,0
532600.0,12,12.5,7484000.0,0
67000.0,20,1.67,3205000.0,0
312600.0,15,12.86,9626000.0,0
52200.0,7,1.34,2528000.0,0
34400.0,12,1.02,3731000.0,0
97500.0,18,2.85,4159000.0,0
18600.0,20,39.56,1650000.0,0
2061700.0,18,12.04,2163000.0,0
3000.0,11,60.07,1811000.0,0
5800.0,23,2.41,1748000.0,0
19400.0,9,124.79,1424000.0,0
36100.0,17,9.5,3122000.0,0
75300.0,16,4.44,14777000.0,0
2700.0,15,3.33,1424000.0,0
347700.0,20,44.74,4963000.0,0
51300.0,9,1.49,5468000.0,0
124000.0,19,5.89,6976000.0,0
17800.0,11,4.53,2262000.0,0
19900.0,11,7.03,1424000.0,0
147500.0,12,2.47,1736000.0,0
11300.0,12,2.38,3910000.0,0
175600.0,8,10.14,9930000.0,0
53200.0,17,3.42,2763000.0,0
82500.0,20,15.23,6977000.0,0
8500.0,7,3.84,3054000.0,0
5400.0,13,1.71,1858000.0,0
47600.0,19,11.26,1424000.0,0
6200.0,12,7.16,1424000.0,0
35200.0,0,148.45,1529000.0,0
56800.0,21,8.11,10311000.0,0
288900.0,15,0.74,6221000.0,0
22800.0,14,2.9,1627000.0,0
392200.0,15,8.87,20040000.0,0
121200.0,12,1.75,5326000.0,0
197100.0,16,3.68,3010000.0,0
11700.0,8,2.16,1424000.0,0
32600.0,19,21.61,3091000.0,0
44000.0,18,1.61,2104000.0,0
108600.0,16,7.08,1926000.0,0
22400.0,17,666.31,11397000.0,0
129400.0,17,5.75,3302000.0,0
36600.0,17,5.51,8991000.0,0
20500.0,17,6.06,2512000.0,0
31300.0,15,54.71,2848000.0,0
190500.0,14,701.58,6812000.0,0
428300.0,21,2.05,13738000.0,0
320000.0,11,2.72,3044000.0,0
52100.0,14,695.64,2257000.0,0
265600.0,11,6.34,6069000.0,0
13900.0,7,1.54,1424000.0,0
8400.0,5,895.08,1424000.0,0
8000.0,20,87.29,1424000.0,0
57300.0,12,2.51,9188000.0,0
12300.0,13,11.99,2575000.0,0
15500.0,13,4.87,2406000.0,0
88900.0,12,7.42,1424000.0,0
10000.0,6,0.69,1424000.0,0
1500.0,9,1.78,1424000.0,0
33200.0,8,2.44,3106000.0,0
141900.0,19,0.78,26035000.0,0
2066600.0,0,191.12,3606000.0,1
1576700.0,17,3.43,1613000.0,0
138800.0,13,31.73,3068000.0,0
511200.0,9,1.09,45589000.0,0
138300.0,13,1.03,3359000.0,0
16900.0,19,10.31,1424000.0,0
95100.0,17,10.04,5978000.0,0
11500.0,19,5.88,5057000.0,0
34300.0,9,4.48,2482000.0,0
29300.0,13,3.2,6623000.0,0
51100.0,9,4.58,1424000.0,0
285500.0,8,5.24,2653000.0,0
25400.0,20,1.4,3452000.0,0
8700.0,17,30.13,1887000.0,0
2155500.0,22,60.15,2876000.0,1
29500.0,11,114.91,11670000.0,0
79000.0,14,6.01,1613000.0,0
11600.0,10,10.93,1587000.0,0
34900.0,10,4.18,1424000.0,0
32800.0,19,2.84,5789000.0,0
61300.0,21,727.96,1613000.0,0
64400.0,12,2.24,5014000.0,0
23300.0,0,1.76,1884000.0,0
55300.0,13,1.34,4005000.0,0
10700.0,21,5.28,1424000.0,0
15900.0,12,9.0,1461000.0,0
133000.0,10,12.36,7795000.0,0
152600.0,8,3.09,5579000.0,0
4500.0,11,7.52,1461000.0,0
94100.0,15,2.97,8159000.0,0
21100.0,15,10.73,2689000.0,0
15600.0,15,5.22,3106000.0,0
24000.0,17,79.03,2467000.0,0
8500.0,8,9.28,3972000.0,0
16500.0,13,0.3,1741000.0,0
17900.0,5,16.54,4347000.0,0
9900.0,9,8.23,1426000.0,0
6200.0,17,1.32,1424000.0,0
2400.0,6,2.6,1424000.0,0
16400.0,21,4.71,2097000.0,0
151500.0,12,17.02,2232000.0,0
149500.0,12,12.12,12671000.0,0
195500.0,20,2.14,23618000.0,0
49000.0,16,2.79,6603000.0,1
200200.0,13,5.75,6939000.0,0
134400.0,21,0.65,2622000.0,0
345800.0,19,23.36,28736000.0,0
263700.0,11,21.14,7639000.0,0
3900.0,16,0.64,1424000.0,0
129300.0,19,2.85,9929000.0,0
5100.0,18,11.39,3638000.0,0
61700.0,18,4.35,6037000.0,0
21300.0,19,1.3,4193000.0,0
13200.0,14,1.44,4842000.0,0
28700.0,9,1.0,3254000.0,0
195100.0,12,24.63,8711000.0,0
20000.0,13,1.81,1424000.0,0
60000.0,10,3.05,2059000.0,0
69600.0,13,44.04,4774000.0,0
51100.0,9,2.26,2740000.0,0
490600.0,18,3.22,1516000.0,0
8300.0,10,2.74,1688000.0,0
20400.0,18,3.29,3455000.0,0
84400.0,7,0.72,1909000.0,0
32400.0,15,5.49,4936000.0,0
29100.0,15,3.42,1424000.0,0
175400.0,10,22.83,3759000.0,0
12100.0,17,1.08,1424000.0,0
63900.0,8,4.4,2480000.0,0
84400.0,7,6.46,4607000.0,0
329800.0,15,19.9,9626000.0,0
53200.0,20,21.96,5326000.0,0
10500.0,19,6.62,4577000.0,0
132200.0,20,2.12,6699000.0,0
191000.0,20,7.22,14888000.0,0
45600.0,13,5.78,5598000.0,0
492000.0,12,4.17,20100000.0,0
21700.0,19,2.05,2890000.0,0
7500.0,16,78.95,3030000.0,0
11500.0,22,7.79,1590000.0,0
94400.0,21,1.56,4026000.0,0
17700.0,21,30.47,1752000.0,0
11700.0,8,9.55,1937000.0,0
8100.0,13,8.83,1424000.0,0
15200.0,20,5.39,1821000.0,0
54300.0,19,3.2,2033000.0,0
49500.0,18,56.64,3731000.0,0
4000.0,9,1.16,1424000.0,0
16300.0,17,13.53,3799000.0,0
14400.0,11,3.1,3107000.0,0
187500.0,22,2.14,6234000.0,0
34500.0,10,5.04,1424000.0,0
6500.0,15,4.32,4116000.0,0
94500.0,16,8.03,10279000.0,0
125000.0,18,1.03,6062000.0,0
17800.0,12,5.68,1424000.0,0
33700.0,19,8.82,6869000.0,0
64000.0,11,4.12,9283000.0,0
3400.0,21,13.26,1536000.0,0
95100.0,16,13.41,17065000.0,0
15900.0,1,4.48,1424000.0,0
153900.0,18,3.78,17818000.0,0
75000.0,19,27.89,10891000.0,0
486300.0,18,7.7,5130000.0,0
143500.0,10,4.62,6380000.0,0
17000.0,19,4.96,1424000.0,0
125000.0,19,1.49,3893000.0,0
124200.0,23,4.16,3064000.0,0
56300.0,11,4.89,5216000.0,0
80100.0,10,4.01,4506000.0,0
8300.0,10,137.89,2175000.0,0
5289400.0,19,1.99,4478000.0,0
188400.0,11,5.47,2857000.0,0
48000.0,22,90.57,5807000.0,0
111300.0,10,9.96,3385000.0,0
125100.0,12,3.07,4974000.0,0
3500.0,7,3.69,1424000.0,0
32700.0,9,1.23,1424000.0,0
31200.0,14,1088.82,2052000.0,0
96200.0,22,35.18,10891000.0,0
22000.0,14,6.64,1424000.0,0
13600.0,16,2.9,1424000.0,0
32600.0,16,4.87,3619000.0,0
108200.0,11,5.48,1424000.0,0
261700.0,18,4.59,1424000.0,0
22800.0,20,18.33,4814000.0,0
49100.0,7,1.83,6160000.0,0
7100.0,14,4.21,1742000.0,0
7900.0,19,4.2,1424000.0,0
10079900.0,15,2.96,9895000.0,0
22000.0,18,0.98,2876000.0,0
11100.0,17,1.67,2232000.0,0
7900.0,15,10.83,2475000.0,0
2100.0,16,3.1,1424000.0,0
504100.0,8,5.96,7845000.0,0
23700.0,9,2.6,3616000.0,0
76100.0,15,5.34,8571000.0,0
57300.0,19,0.99,5484000.0,0
131900.0,16,4.51,5850000.0,0
75700.0,11,89.17,2330000.0,0
58600.0,11,495.23,4069000.0,0
94600.0,1,2.22,1736000.0,0
7900.0,16,9.3,1852000.0,0
17600.0,21,10.78,5003000.0,0
10900.0,7,3.8,1424000.0,0
13300.0,12,3.25,6343000.0,0
5502000.0,0,582.94,12081000.0,1
11124000.0,14,578.23,6160000.0,1
153600.0,11,10.22,3638000.0,0
33700.0,14,10.21,3170000.0,0
161700.0,13,1.92,11516000.0,0
1264000.0,17,2.61,14229000.0,0
126300.0,12,2.42,4768000.0,0
22100.0,6,2.23,3003000.0,0
72100.0,10,2.56,3214000.0,0
65800.0,14,6.55,1424000.0,0
44200.0,11,1.98,1603000.0,0
18000.0,16,4.05,3750000.0,0
41900.0,19,3.12,1424000.0,0
7100.0,14,4.99,1951000.0,0
10367000.0,9,603.8,4912000.0,1
7200.0,12,1.98,4124000.0,0
50700.0,8,13.13,2347000.0,0
504300.0,14,7.4,3594000.0,0
91200.0,19,1.23,6221000.0,0
234000.0,22,12.32,1424000.0,0
67800.0,20,4.04,4974000.0,0
13600.0,17,1081.57,1424000.0,0
20900.0,15,14.5,5093000.0,0
179900.0,19,27.48,3141000.0,0
46900.0,14,100.75,3972000.0,0
115400.0,13,6.22,1424000.0,0
483900.0,14,0.87,9895000.0,0
9900.0,13,7.8,3175000.0,0
22100.0,21,2.41,2480000.0,0
50100.0,11,1.16,1678000.0,0
40200.0,20,3.72,1424000.0,0
453900.0,8,6.0,8142000.0,0
35200.0,18,16.94,4209000.0,0
36500.0,15,4.94,5163000.0,0
6300.0,11,1.65,4050000.0,0
56000.0,19,0.52,4071000.0,0
312800.0,14,4.09,9245000.0,0
23600.0,10,0.77,1623000.0,0
59800.0,12,0.7,4192000.0,0
295300.0,17,10.12,18214000.0,0
2000.0,22,13.47,1424000.0,0
32000.0,23,2.29,4013000.0,0
119800.0,19,2.49,3577000.0,0
19000.0,10,3.22,2265000.0,0
28000.0,17,1.51,3558000.0,0
91600.0,20,1.01,2750000.0,0
116400.0,14,140.89,4883000.0,0
15600.0,8,3.13,4268000.0,0
64800.0,19,2.42,6494000.0,0
239300.0,14,4.81,6202000.0,0
31600.0,8,1389.84,2093000.0,0
32700.0,14,0.77,3050000.0,0
333800.0,6,0.92,24777000.0,0
22800.0,22,14.14,3807000.0,0
7200.0,13,5.19,1600000.0,0
146000.0,23,0.53,4311000.0,0
6400.0,17,6.09,2286000.0,0
24000.0,21,2.59,1997000.0,0
320800.0,4,1437.39,9058000.0,0
16800.0,16,3.48,1596000.0,0
21400.0,20,2.16,1480000.0,0
57800.0,19,61.6,2861000.0,0
1371900.0,22,3.03,12359000.0,0
28000.0,8,2.75,3337000.0,0
6700.0,18,1.84,2481000.0,0
3100.0,16,0.94,1424000.0,0
1300.0,22,2.67,1424000.0,0
168700.0,13,99.13,3106000.0,0
3800.0,9,3.21,3841000.0,0
31600.0,11,59.51,2938000.0,0
448700.0,6,9.44,18155000.0,0
13900.0,20,2.06,1424000.0,0
49900.0,20,0.78,1424000.0,0
1455400.0,8,9.74,4169000.0,0
20100.0,21,5.12,3965000.0,0
16100.0,17,3.25,5902000.0,0
213900.0,20,6.73,5182000.0,0
10600.0,20,1.44,1424000.0,0
5500.0,18,2.95,1424000.0,0
853700.0,9,4.01,44917000.0,0
10300.0,6,0.84,2207000.0,0
14900.0,12,58.08,2750000.0,0
62600.0,19,7.55,4296000.0,0
38000.0,14,30.22,1994000.0,0
99900.0,19,0.92,3104000.0,0
37600.0,19,11.61,3577000.0,0
8500.0,10,1.36,4256000.0,0
14600.0,19,5.74,5135000.0,0
44700.0,12,17.53,2591000.0,0
20000.0,12,3.22,3976000.0,0
59900.0,11,4.19,4918000.0,0
482700.0,13,1.24,1825000.0,0
20300.0,3,4.27,3254000.0,0
80600.0,11,3.15,3985000.0,0
9600.0,18,0.57,3330000.0,0
210300.0,18,4.5,1424000.0,0
56200.0,18,79.47,3336000.0,0
10500.0,9,1.38,1424000.0,0
28800.0,9,0.7,4331000.0,0
752100.0,16,2.15,16972000.0,0
667700.0,2,2405.68,1544000.0,1
125200.0,18,9.1,3336000.0,0
1762900.0,20,5.69,32736000.0,0
53700.0,16,1.81,5071000.0,0
28700.0,10,4.75,5359000.0,0
35100.0,18,7.1,2163000.0,0
48100.0,11,3.63,5125000.0,0
110300.0,10,3.48,10342000.0,0
19400.0,21,9.54,3301000.0,0
26800.0,14,2.84,1424000.0,0
18200.0,21,29.55,2172000.0,0
26700.0,8,2.17,3603000.0,0
135600.0,18,3.61,2689000.0,0
83200.0,9,16.99,15623000.0,0
8100.0,20,0.87,1529000.0,0
95800.0,20,0.77,3388000.0,0
30000.0,15,4.69,1693000.0,0
9200.0,2,598.27,2271000.0,0
41300.0,10,3.45,7917000.0,0
72600.0,10,6.54,7038000.0,0
6500.0,22,2.22,3033000.0,0
3900.0,22,1.02,1424000.0,0
96200.0,8,58.84,3893000.0,0
23800.0,16,3.56,3070000.0,0
92200.0,15,0.98,2393000.0,0
34700.0,19,6.77,3151000.0,0
6600.0,16,12.92,2268000.0,0
41600.0,16,65.3,3011000.0,0
29600.0,11,2.66,1424000.0,0
179000.0,8,1.9,16297000.0,0
1600.0,9,3.85,1424000.0,0
24800.0,20,8.91,3965000.0,0
639700.0,15,3.18,1424000.0,0
9100.0,4,0.72,3120000.0,0
25300.0,12,2.64,15551000.0,0
72600.0,18,2.29,3648000.0,0
86500.0,16,5.74,9271000.0,0
64900.0,20,0.21,2765000.0,0
112500.0,19,10.4,2392000.0,0
6400.0,16,3.89,1424000.0,0
276700.0,12,633.01,3190000.0,0
7200.0,17,6.59,1648000.0,0
846400.0,0,242.94,1496000.0,1
10400.0,11,2.2,1424000.0,0
23100.0,7,2.06,1687000.0,0
254900.0,10,5.2,4760000.0,0
13300.0,10,1.43,1424000.0,0
104300.0,20,3.03,14363000.0,0
942300.0,11,23.79,6027000.0,1
11700.0,8,6.51,5054000.0,0
45800.0,8,8.12,6343000.0,0
8400.0,20,4.29,2089000.0,0
66800.0,20,1.17,24054000.0,0
165000.0,22,4.81,6729000.0,0
188700.0,8,3.3,4432000.0,0
273100.0,22,4.16,8634000.0,0
11800.0,19,0.68,1772000.0,0
21000.0,13,1.15,2942000.0,0
28300.0,9,1355.72,1424000.0,0
20700.0,12,5.56,5497000.0,0
40300.0,20,1.54,4756000.0,0
6800.0,14,46.67,1573000.0,0
58300.0,9,8.04,1424000.0,0
57000.0,11,1.12,1768000.0,0
75800.0,10,6.82,2146000.0,0
166800.0,12,5.66,4882000.0,0
209200.0,22,1.3,1951000.0,0
5100.0,9,3.81,1424000.0,0
65400.0,20,5.56,3619000.0,0
61500.0,12,19.05,14761000.0,0
34600.0,14,15.78,2480000.0,0
32800.0,20,3.67,3316000.0,0
204800.0,10,121.27,4375000.0,0
19100.0,19,196.17,1424000.0,1
30400.0,10,1.26,3608000.0,0
120200.0,17,0.99,7069000.0,0
31300.0,23,7.15,1754000.0,0
163000.0,9,5.43,4311000.0,0
88500.0,18,69.73,13810000.0,0
71500.0,18,8.9,16544000.0,0
68200.0,5,2.5,2184000.0,0
53500.0,10,2.2,4312000.0,0
22800.0,18,6.8,8509000.0,0
60400.0,15,4.39,2033000.0,0
46900.0,0,0.81,1424000.0,0
10500.0,10,6.68,1424000.0,0
72300.0,19,22.48,10207000.0,0
313400.0,10,433.82,6202000.0,0
70300.0,22,8.18,1798000.0,0
195400.0,14,0.74,16222000.0,0
17800.0,21,4.87,3545000.0,0
55500.0,18,61.15,2991000.0,0
1598200.0,15,6.21,1882000.0,0
68600.0,20,2.21,7511000.0,0
2560700.0,13,2.66,4831000.0,0
14400.0,10,1.91,3141000.0,0
15800.0,16,2.53,2622000.0,0
52500.0,8,1.91,3406000.0,0
18000.0,20,2.3,2632000.0,0
16700.0,16,4.04,1424000.0,0
33100.0,13,1.4,5510000.0,0
3500.0,16,3.0,1902000.0,0
821900.0,18,2.92,16778000.0,0
45100.0,21,10.86,5547000.0,0
1100.0,13,5.19,1424000.0,0
357700.0,22,14.25,2675000.0,0
21100.0,16,272.66,2895000.0,0
7200.0,16,7.33,2528000.0,0
46700.0,10,0.42,3545000.0,0
21200.0,13,0.71,11670000.0,0
5800.0,17,6.03,2944000.0,0
26500.0,18,16.51,4184000.0,0
110800.0,22,2.97,2051000.0,0
337000.0,19,1.71,9127000.0,0
175200.0,18,8.12,9826000.0,0
14800.0,7,0.61,2622000.0,0
10900.0,18,10.47,1424000.0,0
119100.0,14,108.2,2763000.0,0
145900.0,10,62.9,5960000.0,0
10300.0,18,1.06,1687000.0,0
19700.0,7,13.43,1613000.0,0
42200.0,17,7.66,6483000.0,0
11100.0,19,7.14,1424000.0,0
101600.0,21,7.67,4793000.0,0
1979300.0,23,4.41,9652000.0,1
39100.0,20,12.36,2239000.0,0
39500.0,21,133.89,6297000.0,0
144100.0,7,2.54,5732000.0,0
5000.0,19,8.47,1424000.0,0
935800.0,8,5.35,13390000.0,0
12700.0,17,1.39,3544000.0,0
77900.0,15,0.67,2257000.0,0
14000.0,21,4.64,1424000.0,0
138300.0,8,0.62,6253000.0,0
22100.0,5,7.27,1424000.0,0
170600.0,10,10.86,2611000.0,0
56400.0,21,144.69,3283000.0,0
75900.0,13,992.47,4506000.0,0
40400.0,19,7.11,4496000.0,0
222100.0,10,3.63,4343000.0,0
26100.0,6,80.37,3402000.0,0
383300.0,23,890.92,8428000.0,0
19700.0,19,11.78,2719000.0,0
90600.0,22,19.21,3807000.0,0
29400.0,16,10.79,6234000.0,0
3300.0,18,0.77,1532000.0,0
6200.0,10,93.11,1424000.0,0
1963000.0,1,180.9,4208000.0,1
17900.0,20,2.15,7622000.0,0
9600.0,12,5.92,1424000.0,0
537600.0,14,2.23,9176000.0,0
19400.0,18,1.62,3107000.0,0
59400.0,13,2.0,2750000.0,0
4900.0,9,1.32,1757000.0,0
7400.0,21,4.16,3282000.0,0
27900.0,6,1.55,1424000.0,0
17100.0,15,13.63,1816000.0,0
38700.0,13,1.93,4253000.0,0
13400.0,17,1.27,1461000.0,0
17600.0,14,1.43,3627000.0,0
97200.0,15,10.08,6027000.0,0
99500.0,9,12.38,1424000.0,0
58600.0,11,2.01,4068000.0,0
86100.0,20,985.05,6091000.0,0
56200.0,18,5.21,2855000.0,0
173700.0,12,2.44,8009000.0,0
150100.0,9,7.51,7208000.0,0
16500.0,18,4.35,1424000.0,0
17200.0,15,4.33,2353000.0,0
143400.0,14,18.81,7078000.0,0
5900.0,22,8.93,1648000.0,0
40000.0,11,5.26,2228000.0,0
41700.0,10,14.88,1424000.0,0
4400.0,3,72.13,11349000.0,1
49800.0,6,10.94,9271000.0,0
35200.0,13,6.27,1611000.0,0
49500.0,20,1.35,5036000.0,0
76500.0,21,11.35,4193000.0,0
42100.0,18,10.67,4416000.0,0
18500.0,18,2.95,1424000.0,0
8800.0,18,6.27,1424000.0,0
5300.0,16,17.48,3135000.0,0
121900.0,11,3.5,10076000.0,0
35200.0,11,3.09,1991000.0,0
17900.0,5,16.71,2268000.0,0
18800.0,16,3.58,1424000.0,0
46400.0,16,3.15,2656000.0,0
254200.0,20,144.82,6290000.0,0
2700.0,7,5.26,1424000.0,0
27800.0,16,2.09,4075000.0,0
183900.0,23,8.05,2076000.0,0
603200.0,17,1.51,18199000.0,0
19800.0,13,4.23,1975000.0,0
357200.0,21,5.4,14074000.0,0
65600.0,16,5.05,2550000.0,0
14600.0,19,55.41,2163000.0,0
8100.0,18,118.76,2528000.0,0
161300.0,12,3.71,13121000.0,0
25600.0,17,4.8,6455000.0,0
16800.0,17,2.94,2513000.0,0
2725100.0,13,4.81,2350000.0,0
73200.0,16,41.82,4109000.0,0
37200.0,13,3.71,5911000.0,0
29600.0,19,12.73,2268000.0,0
9900.0,13,103.76,1727000.0,0
124600.0,19,94.21,5372000.0,0
49800.0,15,0.87,2568000.0,0
7600.0,11,1.06,2740000.0,0
236500.0,6,2.03,3969000.0,0
13700.0,9,95.73,4693000.0,0
14200.0,20,3.67,2298000.0,0
86200.0,15,13.03,5014000.0,0
108800.0,10,1.51,4603000.0,0
76500.0,18,810.24,1800000.0,0
764800.0,17,10.82,1603000.0,0
82500.0,18,84.49,4453000.0,0
34600.0,12,3.9,1424000.0,0
11600.0,13,3.58,1424000.0,0
11700.0,15,3.01,3266000.0,0
120700.0,21,2.16,12434000.0,0
121000.0,10,16.25,9124000.0,0
3684800.0,22,4.54,12376000.0,1
16500.0,21,22.93,1424000.0,0
29000.0,12,1.38,2815000.0,0
56300.0,8,12.36,3319000.0,0
37800.0,19,0.45,5458000.0,0
3700.0,21,3.25,4415000.0,0
1076300.0,11,6.06,10891000.0,0
296600.0,14,13.79,1945000.0,0
73800.0,14,135.6,5220000.0,0
12100.0,16,1.88,2099000.0,0
90400.0,13,3.27,9821000.0,0
41500.0,14,19.79,3910000.0,0
78800.0,17,82.07,2013000.0,0
4800.0,16,1.08,2418000.0,0
9400.0,12,114.5,2425000.0,0
25400.0,12,3.09,1424000.0,0
1869400.0,14,3.29,2079000.0,0
21600.0,19,11.01,5036000.0,0
108000.0,20,5.49,2765000.0,0
24400.0,22,2.27,2838000.0,0
50000.0,12,5.47,7743000.0,0
90200.0,17,3.08,6084000.0,0
11200.0,10,4.04,1424000.0,0
38900.0,14,142.3,4535000.0,0
21800.0,15,16.2,7511000.0,0
84500.0,20,15.44,1741000.0,0
39100.0,7,142.75,8679000.0,0
4600.0,8,2.15,6268000.0,0
62800.0,19,19.88,5326000.0,0
31400.0,16,2.78,2595000.0,0
95000.0,14,26.55,5354000.0,0
23800.0,12,4.4,1424000.0,0
9300.0,10,1.83,1424000.0,0
28100.0,19,2.51,1424000.0,0
90400.0,14,62.0,3305000.0,0
17400.0,9,12.68,2779000.0,0
24300.0,16,1409.12,1698000.0,0
25300.0,2,9.29,2027000.0,0
44300.0,8,3.91,20100000.0,0
16600.0,13,3.17,4804000.0,0
26200.0,21,24.48,1424000.0,0
3000.0,20,1.56,1424000.0,0
10900.0,17,2.09,1424000.0,0
118900.0,14,1.56,2523000.0,0
24800.0,23,33.31,2585000.0,0
32300.0,8,18.35,2325000.0,0
6100.0,8,0.99,3289000.0,0
70200.0,8,125.24,2674000.0,0
3200.0,18,2.14,1433000.0,0
63900.0,19,5.68,7552000.0,0
135200.0,15,3.98,4005000.0,0
64800.0,14,10.54,10507000.0,0
26600.0,9,15.24,2079000.0,0
482100.0,20,3.25,10273000.0,0
13100.0,21,3.28,8679000.0,0
65700.0,11,4.91,2286000.0,0
29600.0,14,6.05,9534000.0,0
42900.0,21,1003.93,1424000.0,0
162400.0,12,1.61,22795000.0,0
48000.0,17,2.17,1902000.0,0
101400.0,5,2.75,3847000.0,0
153800.0,20,3.42,4297000.0,0
5800.0,20,0.86,2194000.0,0
66900.0,12,6.33,6580000.0,0
176900.0,7,1.87,3965000.0,0
98500.0,18,13.51,10015000.0,0
11400.0,20,1.11,2156000.0,0
70800.0,12,2.09,2187000.0,0
32700.0,16,1.33,7665000.0,0
46400.0,8,10.32,6213000.0,0
18500.0,12,2.86,1424000.0,0
9600.0,18,3.5,4208000.0,0
15600.0,17,6.87,3461000.0,0
171800.0,16,2.6,9348000.0,0
10000.0,18,10.47,2684000.0,0
7900.0,22,5.95,1459000.0,0
19900.0,18,6.61,7742000.0,0
2000.0,11,25.96,1424000.0,0
62800.0,13,2.19,3623000.0,0
7700.0,19,3.84,2418000.0,0
34300.0,13,5.16,4478000.0,0
14400.0,18,136.86,5510000.0,0
30700.0,14,8.59,4071000.0,0
4900.0,19,0.83,3619000.0,0
40900.0,17,1.1,3555000.0,0
7200.0,16,17.07,3036000.0,0
776100.0,17,7.67,10996000.0,0
12275100.0,2,124.36,4974000.0,1
13400.0,17,135.31,1689000.0,0
46800.0,16,12.0,5300000.0,0
73200.0,11,5.58,1424000.0,0
9100.0,20,9.06,1424000.0,0
6100.0,18,10.83,1563000.0,0
25000.0,9,4.43,2257000.0,0
120700.0,7,3.24,3134000.0,0
43000.0,14,1417.11,1424000.0,0
61500.0,20,1.05,3099000.0,0
43200.0,11,3.21,1424000.0,0
18300.0,14,6.81,1424000.0,0
850500.0,12,17.03,1424000.0,1
23300.0,9,2.1,4918000.0,0
29800.0,14,3.05,2895000.0,0
85400.0,17,10.56,5272000.0,0
3000.0,7,5.35,1742000.0,0
41400.0,23,25.14,5155000.0,0
13000.0,10,2.05,3106000.0,0
4741600.0,15,1.51,15667000.0,0
11400.0,11,3.32,1593000.0,0
12000.0,8,10.86,2706000.0,0
86500.0,12,11.67,1545000.0,0
13700.0,20,131.67,1762000.0,0
23100.0,19,1.74,6368000.0,0
48100.0,20,3.75,2572000.0,0
26800.0,15,5.28,1612000.0,0
123900.0,20,2.55,4209000.0,0
50600.0,16,2.08,1424000.0,0
49900.0,19,1.52,2009000.0,0
5900.0,10,1.07,1424000.0,0
42800.0,17,2.69,1424000.0,0
62400.0,9,9.41,2528000.0,0
8000.0,8,5.2,2857000.0,0
32400.0,12,4.82,2549000.0,0
1029000.0,15,7.75,7746000.0,0
8100.0,8,2.59,3455000.0,0
5100.0,15,4.38,2495000.0,0
64300.0,11,1.75,4200000.0,0
36300.0,17,64.9,2154000.0,0
34400.0,15,3.21,5372000.0,0
19648300.0,19,12.06,17107000.0,0
15400.0,21,2.77,3635000.0,0
26200.0,17,2.69,1424000.0,0
162800.0,20,6.66,6729000.0,0
29900.0,17,7.21,3033000.0,0
463600.0,17,9.39,8991000.0,0
14000.0,17,2.54,2645000.0,0
61000.0,18,3.61,1424000.0,0
41900.0,17,5.76,1940000.0,0
21400.0,16,2.61,1424000.0,0
15000.0,17,4.9,1424000.0,0
187700.0,14,1.59,10912000.0,0
178900.0,5,50.96,3509000.0,0
37300.0,15,1.17,9012000.0,0
66200.0,21,3.36,4254000.0,0
96300.0,19,4.93,3542000.0,0
58500.0,18,21.37,5057000.0,0
107200.0,14,1.31,3948000.0,0
66600.0,19,5.28,3376000.0,0
45100.0,11,3.44,3300000.0,0
452000.0,19,1.64,5005000.0,0
28300.0,19,0.63,1630000.0,0
227200.0,17,4.75,7230000.0,0
157500.0,15,7.91,6617000.0,0
169400.0,13,14.19,3890000.0,0
11300.0,18,0.45,1424000.0,0
14200.0,16,132.02,1760000.0,0
38100.0,9,8.65,2549000.0,0
65300.0,10,1.56,8679000.0,0
63000.0,22,1.42,2641000.0,0
138100.0,18,2.21,3295000.0,0
15000.0,15,1.3,2991000.0,0
52100.0,16,1.27,2554000.0,0
118200.0,17,2.36,2398000.0,0
16600.0,17,18.4,1611000.0,0
8100.0,9,1.75,1424000.0,0
13000.0,8,4.54,1424000.0,0
6700.0,7,0.98,2541000.0,0
79500.0,8,9.59,3910000.0,0
86300.0,21,2.32,2443000.0,0
49600.0,20,7.06,1424000.0,0
13500.0,20,12.44,5547000.0,0
7200.0,11,2.54,1424000.0,0
5800.0,11,3.13,1424000.0,0
55600.0,1,11.71,10078000.0,0
7500.0,10,5.78,3928000.0,0
899600.0,10,14.46,1424000.0,0
31500.0,18,1.52,1424000.0,0
1669400.0,19,27.54,2242000.0,0
8400.0,18,140.26,1424000.0,0
14900.0,14,4.34,5140000.0,0
1236200.0,13,3.83,1424000.0,0
95700.0,19,2.5,1589000.0,0
28500.0,21,6.43,5457000.0,0
14300.0,21,1.77,1424000.0,0
56100.0,16,1.48,6236000.0,0
4900.0,17,3.65,4506000.0,0
174400.0,18,7.38,10192000.0,0
282200.0,19,1.08,3116000.0,0
31900.0,14,1.19,2135000.0,0
181800.0,8,23.99,14603000.0,0
5300.0,19,61.55,1424000.0,0
8500.0,12,1.13,2677000.0,0
42800.0,9,8.49,2033000.0,0
10053100.0,14,11.53,10109000.0,0
80400.0,15,1.02,3870000.0,0
415100.0,15,4.72,4832000.0,0
67500.0,23,3.02,11621000.0,0
153100.0,19,1.06,4598000.0,0
3500.0,10,2.46,1480000.0,0
16300.0,18,0.74,3947000.0,0
9500.0,22,2.41,1424000.0,0
641600.0,9,5.11,25299000.0,0
128700.0,12,3.12,9764000.0,0
10300.0,21,1.91,1424000.0,0
16700.0,12,1.12,3174000.0,0
26500.0,15,6.5,2549000.0,0
44000.0,10,1.83,4684000.0,0
37700.0,13,75.76,6084000.0,0
5000.0,11,2.99,3676000.0,0
13100.0,17,4.63,3627000.0,0
83400.0,13,14.49,4521000.0,0
99900.0,17,10.17,3129000.0,0
126400.0,15,12.12,14494000.0,0
100100.0,12,1.24,2053000.0,0
30300.0,19,122.75,1424000.0,0
74200.0,9,4.66,13763000.0,0
62500.0,11,12.7,1600000.0,0
167500.0,12,92.53,3806000.0,0
40300.0,12,3.01,4752000.0,0
257400.0,20,19.31,2727000.0,0
409400.0,13,2.67,6517000.0,0
202700.0,16,3.4,7106000.0,0
16000.0,19,13.36,3630000.0,0
258300.0,15,3.72,8625000.0,0
38300.0,9,5.36,5060000.0,0
11800.0,8,121.04,1424000.0,0
12100.0,14,1.22,1424000.0,0
110200.0,10,1.29,5416000.0,0
63200.0,13,4.13,3557000.0,0
6900.0,17,9.35,1459000.0,0
13500.0,18,10.03,2955000.0,0
12500.0,14,2.31,7078000.0,0
470800.0,12,1.82,16222000.0,0
62300.0,10,5.01,2135000.0,0
137700.0,7,1.5,3523000.0,0
13300.0,19,2.86,1424000.0,0
3200.0,15,0.19,2591000.0,0
115600.0,21,9.67,2569000.0,0
12500.0,17,5.19,2052000.0,0
293900.0,16,4.63,16325000.0,0
108600.0,12,7.29,2324000.0,0
51500.0,21,9.85,2862000.0,0
13300.0,16,4.99,2717000.0,0
106400.0,19,16.23,4430000.0,0
192000.0,11,2.91,3646000.0,0
6052000.0,20,224.64,2572000.0,1
76200.0,11,12.28,5031000.0,0
234400.0,21,3.24,3897000.0,0
23400.0,12,14.0,2706000.0,0
40200.0,10,5.19,1756000.0,0
31100.0,22,3.75,2745000.0,0
121100.0,12,15.0,3295000.0,0
3900.0,16,5.97,2224000.0,0
37600.0,12,9.47,3887000.0,0
38000.0,19,1.86,1476000.0,0
33000.0,10,8.14,1940000.0,0
28600.0,11,11.18,1940000.0,0
7900.0,13,1.3,1424000.0,0
36900.0,12,2.63,6955000.0,0
69400.0,8,1.43,10808000.0,0
10500.0,11,6.03,2546000.0,0
10200.0,16,12.61,1424000.0,0
29600.0,2,0.45,2339000.0,0
222300.0,8,5.12,10808000.0,0
42400.0,17,7.64,2405000.0,0
29800.0,12,0.8,7074000.0,0
111200.0,18,0.58,3471000.0,0
46200.0,15,31.44,2741000.0,0
67900.0,11,4.25,6076000.0,0
71300.0,13,2.89,2027000.0,0
33300.0,21,2.2,2687000.0,0
49900.0,12,12.17,2528000.0,0
36700.0,14,22.93,2250000.0,0
14700.0,13,0.94,3036000.0,0
109100.0,17,29.46,3080000.0,0
1084600.0,15,17.17,2063000.0,1
6500.0,11,6.18,5802000.0,0
19000.0,9,2.26,1836000.0,0
11600.0,19,0.88,1476000.0,0
25000.0,9,7.55,1984000.0,0
41200.0,17,56.17,10273000.0,0
150500.0,17,6.36,7329000.0,0
9400.0,15,2.23,1433000.0,0
21200.0,20,6.01,8390000.0,0
41800.0,17,4.38,3498000.0,0
3500.0,19,10.85,1821000.0,0
130300.0,6,10.07,7795000.0,0
219700.0,13,4.97,7401000.0,0
34200.0,18,1.67,4506000.0,0
37600.0,20,1.34,3969000.0,0
23600.0,8,4.68,1424000.0,0
14900.0,19,90.04,3847000.0,0
69400.0,19,2.04,1424000.0,0
408100.0,7,1.02,28736000.0,0
8060500.0,14,1.6,8753000.0,0
46200.0,9,4.71,1836000.0,0
13400.0,18,0.8,1424000.0,0
6200.0,23,7.49,1424000.0,0
75400.0,13,41.0,4176000.0,0
40900.0,13,2.65,2528000.0,0
30800.0,16,13.2,1424000.0,0
62000.0,15,6.01,4253000.0,0
417800.0,17,0.73,7886000.0,0
55500.0,7,5.22,3638000.0,0
157900.0,9,93.14,9358000.0,0
5800.0,13,46.63,1424000.0,0
70100.0,9,17.72,7411000.0,0
6400.0,21,141.43,1424000.0,0
364600.0,10,6.15,29117000.0,0
430500.0,8,4.7,15762000.0,0
22900.0,10,12.66,1524000.0,0
47300.0,10,8.21,2089000.0,0
51200.0,16,2.4,3297000.0,1
22300.0,23,28.01,4163000.0,0
77400.0,14,2.16,2480000.0,0
47400.0,12,1.8,2099000.0,0
24700.0,17,7.31,3877000.0,0
9700.0,22,0.41,3316000.0,0
63700.0,20,1.27,5354000.0,0
126900.0,11,8.74,13907000.0,0
6300.0,9,1.06,2777000.0,0
17600.0,18,12.44,3439000.0,0
950900.0,8,27.21,39212000.0,0
17600.0,21,17.13,4311000.0,0
306800.0,12,2.78,1856000.0,0
21800.0,19,26.25,7458000.0,0
597700.0,13,1.64,9534000.0,0
4400.0,14,13.31,1424000.0,0
172400.0,18,8.54,6603000.0,0
10700.0,21,3.32,1950000.0,0
180300.0,18,16.31,4669000.0,0
26800.0,12,9.54,3913000.0,0
62000.0,23,3.06,4022000.0,0
8800.0,21,2.05,3656000.0,0
16200.0,14,3.64,4882000.0,0
68400.0,9,99.37,1563000.0,0
42300.0,12,8.2,10396000.0,0
189000.0,18,1.24,7704000.0,0
24800.0,3,2.71,5960000.0,0
168200.0,13,9.92,10571000.0,0
145500.0,12,9.59,2523000.0,0
21500.0,15,17.31,1743000.0,0
42400.0,20,49.66,3726000.0,0
13500.0,10,1.44,3455000.0,0
177300.0,17,0.94,6672000.0,0
50700.0,17,24.47,3969000.0,0
63400.0,12,3.14,4770000.0,0
14800.0,15,108.07,1600000.0,0
21000.0,10,7.12,4624000.0,0
33200.0,12,7.31,3214000.0,0
7300.0,10,1139.94,8251000.0,1
435200.0,19,17.01,15450000.0,0
5500.0,21,7.04,1424000.0,0
40500.0,19,2.78,3123000.0,0
12400.0,10,2.2,1741000.0,0
85600.0,15,12.64,1495000.0,0
32800.0,11,3.19,1424000.0,0
36300.0,18,1.64,2984000.0,0
226300.0,9,61.69,5953000.0,0
42100.0,21,3.72,1424000.0,0
21700.0,12,4.54,1788000.0,0
69500.0,19,3.16,1994000.0,0
1504500.0,14,12.45,2689000.0,0
54300.0,16,2.08,2988000.0,0
102800.0,10,1.45,7141000.0,0
3400.0,10,2.63,1593000.0,1
10900.0,18,3.94,1424000.0,0
12300.0,9,81.8,1424000.0,0
84500.0,9,123.4,2997000.0,0
279000.0,21,1.59,15722000.0,0
29800.0,15,16.13,1424000.0,0
92100.0,15,8.3,5085000.0,0
11200.0,15,9.93,1490000.0,0
319900.0,14,21.21,32736000.0,0
113100.0,18,21.95,6842000.0,0
3090700.0,9,4.25,5005000.0,0
50500.0,9,1.86,5162000.0,0
37500.0,21,31.36,1984000.0,0
280400.0,14,2.21,15553000.0,0
4100.0,11,0.28,2406000.0,0
39200.0,7,2.86,2937000.0,0
50200.0,13,15.58,1652000.0,0
1856000.0,12,12.45,16397000.0,0
61300.0,10,8.39,8255000.0,0
49600.0,12,3.35,2862000.0,0
72200.0,16,1.86,1585000.0,0
94900.0,19,7.46,5056000.0,0
18300.0,15,9.42,1424000.0,0
23300.0,18,2.26,6197000.0,0
25400.0,19,55.91,7795000.0,0
19000.0,12,19.79,4694000.0,0
426500.0,5,5.11,8838000.0,0
44400.0,7,5.6,2622000.0,0
29000.0,9,6.46,8230000.0,0
16600.0,17,32.45,1678000.0,0
716400.0,21,3.36,9895000.0,0
82800.0,16,2.38,3471000.0,0
7000.0,11,5.63,1762000.0,0
12200.0,10,3.25,4963000.0,0
40300.0,15,5.03,1752000.0,0
2500300.0,21,106.97,51331000.0,0
135200.0,10,1.02,1938000.0,0
165200.0,16,8.72,3542000.0,0
15500.0,15,15.95,8142000.0,0
463900.0,7,1058.66,7665000.0,0
31300.0,12,9.36,9126000.0,0
37200.0,21,6.7,2866000.0,0
67600.0,13,2.49,5005000.0,0
51900.0,11,3.4,2125000.0,0
7900.0,10,15.04,1424000.0,0
251000.0,23,2.89,6517000.0,0
532600.0,3,2.07,4026000.0,0
121000.0,17,1.39,8634000.0,0
18100.0,14,8.85,1931000.0,0
95600.0,17,2.33,5225000.0,0
9200.0,14,11.89,3398000.0,0
18500.0,18,3.26,13027000.0,0
146400.0,10,1.13,9640000.0,0
39600.0,13,1.39,4577000.0,0
5600.0,10,1.09,1424000.0,0
27100.0,19,3.12,3330000.0,0
42500.0,13,1.4,1424000.0,0
47800.0,21,1.48,5140000.0,0
69900.0,20,4.39,8776000.0,0
74700.0,19,87.14,1424000.0,0
92200.0,13,6.36,1705000.0,0
6800.0,18,79.96,2079000.0,0
171600.0,19,59.67,6236000.0,0
8300.0,20,7.93,1424000.0,0
62900.0,12,947.8,2423000.0,0
35700.0,7,10.25,2156000.0,0
518100.0,17,0.88,7223000.0,0
65600.0,17,0.95,18214000.0,0
4900.0,17,0.92,1634000.0,0
181600.0,8,6.64,2302000.0,0
44600.0,13,5.26,5855000.0,0
13100.0,9,4.15,3648000.0,0
39800.0,10,3.56,3561000.0,0
7400.0,18,5.36,1424000.0,0
336100.0,3,0.7,8571000.0,0
12600.0,6,5.06,1424000.0,0
153100.0,16,14.53,5016000.0,0
41200.0,15,3.78,2910000.0,0
9200.0,10,2.07,1424000.0,0
10200.0,17,4.51,1424000.0,0
14500.0,13,1.21,2988000.0,0
56600.0,14,1.44,7812000.0,0
22500.0,10,11.9,2781000.0,0
35600.0,18,2.34,2920000.0,0
4500.0,13,5.29,2948000.0,0
30600.0,16,16.15,4940000.0,0
18600.0,18,9.45,1424000.0,0
98400.0,6,3.16,1806000.0,0
12100.0,15,12.89,5603000.0,0
26000.0,17,1.97,1480000.0,0
85100.0,13,141.01,2012000.0,0
105800.0,20,9.19,9470000.0,0
930700.0,13,3.3,7944000.0,0
64400.0,16,0.78,2048000.0,0
103600.0,18,132.52,7464000.0,0
54200.0,19,13.03,2634000.0,0
13400.0,19,3.22,1424000.0,0
24700.0,17,7.9,2369000.0,0
32000.0,21,35.27,6857000.0,0
1409800.0,17,10.06,4217000.0,0
10700.0,20,0.93,1821000.0,0
50100.0,18,1.31,1951000.0,0
282100.0,14,6.22,18199000.0,0
12200.0,19,1.79,1424000.0,0
164400.0,12,8.57,5817000.0,0
90000.0,19,19.14,4480000.0,0
49400.0,21,21.68,2861000.0,0
124500.0,7,0.76,5014000.0,0
551500.0,18,2.52,18187000.0,0
23500.0,19,1362.31,3517000.0,0
499600.0,16,2.35,11516000.0,0
4600.0,12,1.67,1961000.0,0
36200.0,20,86.89,1596000.0,0
73800.0,11,4.12,3718000.0,0
55800.0,11,21.5,1424000.0,0
6600.0,15,4.07,1424000.0,0
35500.0,16,1.04,5959000.0,0
20400.0,20,0.24,2678000.0,0
80700.0,9,13.58,7931000.0,0
23000.0,18,29.96,1490000.0,0
27600.0,14,5.06,1648000.0,0
12200.0,12,14.71,1684000.0,0
8400.0,21,71.8,4835000.0,0
33400.0,8,32.94,1939000.0,0
41400.0,8,0.97,1424000.0,0
123500.0,18,5.7,3302000.0,0
17600.0,13,0.96,1424000.0,0
15100.0,21,2.19,4166000.0,0
23400.0,20,1.77,5272000.0,0
225300.0,20,3.35,1680000.0,0
534700.0,3,73.04,1424000.0,1
87900.0,12,22.77,4050000.0,0
18200.0,17,11.6,1424000.0,0
68900.0,23,39.74,6079000.0,0
57900.0,7,4.95,7738000.0,0
41900.0,7,30.64,1424000.0,0
108900.0,12,3.24,7961000.0,0
54800.0,3,9.37,5216000.0,0
146000.0,13,1.1,11522000.0,0
19000.0,14,22.15,3787000.0,0
93900.0,19,119.53,7297000.0,0
70800.0,13,53.52,1493000.0,0
12500.0,20,2.15,2920000.0,0
43200.0,12,3.84,1705000.0,0
63700.0,9,8.64,5614000.0,0
36700.0,16,1.95,1424000.0,0
2300.0,5,20.51,1424000.0,0
464700.0,23,131.12,3359000.0,0
61100.0,19,0.8,3141000.0,0
12600.0,13,3.62,1424000.0,0
7400.0,10,4.85,3268000.0,0
122300.0,10,4.93,2110000.0,0
18600.0,19,1154.06,1424000.0,0
12200.0,13,1.28,1424000.0,0
23900.0,11,13.43,1971000.0,0
371300.0,20,1.5,12827000.0,0
241700.0,19,8.49,10417000.0,0
32000.0,11,125.58,3064000.0,0
12600.0,20,1.77,2381000.0,0
70400.0,19,1.29,1424000.0,0
31200.0,13,3.92,3603000.0,0
40000.0,23,7.19,8180000.0,0
9800.0,16,6.25,1614000.0,0
25700.0,12,50.69,9734000.0,0
3500.0,18,66.74,2087000.0,0
9400.0,21,4.27,1424000.0,0
39200.0,10,23.5,5220000.0,0
16600.0,21,0.5,3959000.0,0
9400.0,8,9.42,1424000.0,0
32900.0,17,129.02,2816000.0,0
369800.0,9,10.6,1806000.0,0
37000.0,15,6.96,1424000.0,0
26200.0,21,2.23,1940000.0,0
28400.0,17,20.78,2013000.0,0
190900.0,22,1.65,1529000.0,0
349000.0,21,9.05,28616000.0,0
10900.0,16,13.42,2337000.0,0
2301100.0,18,1.52,3104000.0,0
152100.0,11,62.98,8159000.0,0
7800.0,18,1.1,1424000.0,0
58400.0,17,22.06,5619000.0,0
8300.0,12,4.09,1424000.0,0
10900.0,10,9.47,2568000.0,0
53600.0,17,3.04,6770000.0,0
57800.0,10,6.97,4265000.0,0
117000.0,0,7.73,11410000.0,0
29100.0,19,9.4,2796000.0,0
58200.0,15,9.81,7792000.0,0
96200.0,0,1.16,4728000.0,0
1500.0,21,3.92,1424000.0,0
103300.0,19,5.47,7886000.0,0
440100.0,12,3.6,11615000.0,0
19800.0,19,8.42,4252000.0,0
18600.0,22,8.6,2227000.0,0
17000.0,20,4.37,3627000.0,0
1349100.0,18,11.68,4186000.0,1
33500.0,20,5.54,1902000.0,0
79800.0,17,13.68,5162000.0,0
113100.0,17,5.75,2677000.0,0
24500.0,20,6.37,3726000.0,0
31600.0,12,7.78,2732000.0,0
699700.0,18,7.72,49240000.0,0
264500.0,15,669.69,4312000.0,0
20700.0,10,4.78,1424000.0,0
154900.0,1,1.24,5191000.0,0
20000.0,12,0.64,1424000.0,0
105500.0,13,2.53,4067000.0,0
5200.0,13,4.41,2204000.0,0
17400.0,17,5.55,1424000.0,0
30300.0,21,1.78,1424000.0,0
15200.0,21,9.35,2568000.0,0
20400.0,19,4.02,3010000.0,0
211600.0,13,4.65,11746000.0,0
79600.0,17,4.29,6943000.0,0
19600.0,22,5.84,8214000.0,0
210500.0,19,6.38,14868000.0,0
786300.0,17,3.91,1608000.0,0
94400.0,15,0.26,1424000.0,0
44200.0,20,1.83,1641000.0,0
7000.0,14,17.67,1424000.0,0
827600.0,13,2.42,17995000.0,0
6000.0,19,28.77,2205000.0,0
7200.0,21,3.19,1424000.0,0
294300.0,22,4.4,5397000.0,0
1130000.0,13,1.53,24054000.0,0
1205700.0,10,3.3,16325000.0,0
11900.0,15,4.69,2009000.0,0
24300.0,18,1488.52,2405000.0,0
1404900.0,19,5.14,31871000.0,0
175200.0,20,1.7,3384000.0,0
292700.0,18,3.8,12923000.0,0
46500.0,12,1.76,15211000.0,0
3200.0,21,2.79,1902000.0,0
161800.0,12,2.13,9470000.0,0
53800.0,19,22.67,3880000.0,0
55400.0,16,5.4,3091000.0,0
83300.0,19,6.25,1424000.0,0
2200.0,21,8.22,1985000.0,0
10700.0,12,6.24,1674000.0,0
15400.0,17,20.07,2180000.0,0
49600.0,13,6.12,7944000.0,0
24400.0,15,3.4,2982000.0,0
39500.0,12,128.27,9552000.0,0
85700.0,14,6.51,12422000.0,0
750300.0,12,2.07,3012000.0,0
92100.0,11,13.21,22795000.0,0
118000.0,15,2.97,4424000.0,0
635700.0,7,5.82,49240000.0,0
9200.0,11,2.49,1424000.0,0
53600.0,7,8.69,4417000.0,0
26800.0,7,7.41,1424000.0,0
71500.0,12,54.87,2071000.0,0
12200.0,23,7.89,1424000.0,0
62800.0,8,1.72,1424000.0,0
54100.0,18,105.35,5959000.0,0
34000.0,17,0.63,15762000.0,0
188400.0,21,12.05,4530000.0,0
79800.0,10,5.91,7535000.0,0
150500.0,12,8.65,11951000.0,0
51900.0,17,4.36,8142000.0,0
8200.0,19,9.04,3247000.0,0
38700.0,16,2.12,2528000.0,0
6900.0,15,8.51,4163000.0,0
33900.0,13,4.04,1919000.0,0
7200.0,17,4.25,4109000.0,0
16800.0,9,7.52,1424000.0,0
115900.0,11,4.6,2189000.0,0
594800.0,6,5.26,9470000.0,0
189800.0,21,7.8,10864000.0,0
208100.0,14,2.99,8838000.0,0
171700.0,13,3.52,7704000.0,0
197100.0,20,6.44,7386000.0,0
60400.0,17,3.42,10267000.0,0
29800.0,15,3.44,1816000.0,0
41300.0,13,5.47,11532000.0,0
43300.0,7,14.5,6085000.0,0
65200.0,16,1.09,2286000.0,0
65600.0,14,2.43,6294000.0,0
36400.0,9,2.14,2239000.0,0
3300.0,9,5.62,1424000.0,0
74700.0,21,3.21,1985000.0,0
3900.0,19,2.76,4320000.0,0
249700.0,20,5.43,10552000.0,0
9700.0,12,92.07,1424000.0,0
26300.0,6,1.55,13582000.0,0
179000.0,11,11.36,6174000.0,0
7700.0,10,1.25,3582000.0,0
129800.0,12,2.96,7484000.0,0
31200.0,6,1.17,1596000.0,0
59800.0,21,3.38,2169000.0,0
25200.0,19,6.15,3638000.0,0
86900.0,17,3.93,5384000.0,0
588500.0,22,6.75,8634000.0,0
43400.0,10,0.91,5019000.0,0
35800.0,10,9.6,3904000.0,0
117500.0,8,9.18,3210000.0,0
14100.0,19,4.57,3376000.0,0
301500.0,13,10.9,9470000.0,0
88700.0,15,1.61,1424000.0,0
124400.0,22,7.56,6989000.0,0
34000.0,10,59.34,1424000.0,0
4200.0,13,1.29,1424000.0,0
469600.0,13,4.87,5131000.0,0
128700.0,15,3.26,12458000.0,0
100700.0,8,28.5,5057000.0,0
20600.0,8,2.73,2805000.0,0
14800.0,20,8.07,2281000.0,0
37000.0,11,14.4,1816000.0,0
11000.0,19,7.49,1424000.0,0
79700.0,19,6.12,1424000.0,0
29100.0,19,12.89,1424000.0,0
24600.0,8,2.25,1424000.0,0
18000.0,15,8.94,1424000.0,0
110000.0,17,1.37,10342000.0,0
8600.0,13,4.89,1424000.0,0
11400.0,13,1.34,1587000.0,0
13800.0,14,15.66,1424000.0,0
112500.0,7,1.82,3120000.0,0
3900.0,17,4.01,1997000.0,0
96400.0,17,2.54,9754000.0,0
19300.0,17,5.08,2781000.0,0
44600.0,21,0.36,3801000.0,0
25200.0,21,0.58,1554000.0,0
11400.0,23,4.89,2426000.0,0
12600.0,7,11.82,1752000.0,0
76500.0,23,2.41,9432000.0,0
18500.0,8,2.32,4521000.0,0
22400.0,9,0.84,5368000.0,0
15800.0,11,0.98,1424000.0,0
9700.0,11,3.62,3627000.0,0
56400.0,13,27.66,4624000.0,0
6600.0,11,12.99,7329000.0,0
67800.0,16,2.11,1424000.0,0
1900.0,23,0.44,1424000.0,0
8100.0,17,3.69,1424000.0,0
135900.0,21,6.3,4116000.0,0
6249600.0,17,75.37,3175000.0,1
281500.0,9,1.69,8042000.0,0
56100.0,14,374.33,2546000.0,0
65300.0,21,3.09,6617000.0,0
18500.0,18,3.0,1424000.0,0
84700.0,17,1.84,5559000.0,0
138400.0,17,1.85,1877000.0,0
45700.0,1,14.36,4977000.0,0
15100.0,9,1397.55,1424000.0,0
62500.0,9,5.85,3346000.0,0
160300.0,20,5.01,6343000.0,0
6300.0,8,1.41,1567000.0,0
42600.0,17,7.24,3294000.0,0
115300.0,2,9.27,6729000.0,0
129700.0,8,3.27,9245000.0,0
9900.0,14,6.51,2045000.0,0
7600.0,14,5.97,4331000.0,0
49200.0,2,348.05,1424000.0,0
37100.0,17,1.05,3565000.0,0
345200.0,19,88.43,8742000.0,0
18700.0,11,10.87,5513000.0,0
33500.0,14,0.93,4707000.0,0
55200.0,11,1.03,6966000.0,0
22000.0,8,1.34,4375000.0,0
21000.0,17,9.75,2063000.0,0
74400.0,14,3.69,9930000.0,0
91300.0,9,0.41,1424000.0,0
92600.0,17,2.38,2645000.0,0
50900.0,16,15.83,3554000.0,0
13432000.0,1,1369.77,5837000.0,1
138400.0,16,2.17,5435000.0,0
130000.0,10,6.85,5855000.0,0
45000.0,8,1.72,1424000.0,0
12400.0,20,2.98,3077000.0,0
18100.0,9,6.52,1972000.0,0
188100.0,8,4.67,3509000.0,0
20400.0,13,13.98,1424000.0,0
128700.0,17,1.81,3057000.0,0
9000.0,13,3.52,8108000.0,0
80400.0,11,6.89,6770000.0,0
57300.0,10,147.61,6433000.0,0
51700.0,9,50.3,3033000.0,0
129600.0,7,12.27,2717000.0,0
22600.0,21,72.9,7297000.0,0
8800.0,9,0.85,1424000.0,0
42400.0,19,10.99,2017000.0,0
243200.0,6,2.49,5888000.0,0
47900.0,19,3.58,3160000.0,0
12300.0,8,6.34,1424000.0,0
68900.0,10,5.77,1651000.0,0
121500.0,17,130.78,3104000.0,0
17500.0,6,5.73,1424000.0,0
5000.0,21,13.34,1645000.0,0
16000.0,16,2.53,1424000.0,0
10700.0,20,3.14,2467000.0,0
61400.0,20,5.69,3447000.0,0
17300.0,22,2.14,2169000.0,0
1082300.0,8,119.78,30578000.0,0
23300.0,15,3.13,2706000.0,0
28000.0,12,0.57,6349000.0,0
35400.0,15,0.91,2353000.0,0
54100.0,8,6.07,2661000.0,0
6500.0,8,70.64,1424000.0,0
14800.0,12,10.56,1931000.0,0
1208700.0,10,7.69,1424000.0,0
100900.0,20,17.32,4526000.0,0
248100.0,12,20.76,8904000.0,0
24500.0,22,5.08,1950000.0,0
75200.0,12,2.41,1938000.0,0
37900.0,8,6.12,7151000.0,0
111900.0,17,2.0,2125000.0,0
70100.0,11,12.76,5325000.0,0
34400.0,17,5.33,1424000.0,0
84100.0,10,3.15,2032000.0,0
126700.0,12,1.29,28616000.0,0
6900.0,5,146.38,1684000.0,0
85000.0,18,3.38,1424000.0,0
124900.0,7,61.27,4402000.0,0
12400.0,10,3.19,3121000.0,0
37500.0,14,1.22,6153000.0,0
5500.0,21,6.52,1424000.0,0
28600.0,19,1.78,2074000.0,0
7300.0,9,3.54,4432000.0,0
17900.0,21,6.38,2568000.0,0
13800.0,16,2.19,5496000.0,0
41300.0,10,8.84,1424000.0,0
27700.0,11,2.18,2807000.0,0
153900.0,13,6.64,4959000.0,0
27700.0,10,49.55,3332000.0,0
203900.0,20,14.3,4066000.0,0
50100.0,18,4.51,3648000.0,0
31700.0,19,3.25,1424000.0,0
19200.0,21,5.9,2169000.0,0
123000.0,15,5.95,15450000.0,0
69300.0,21,2.34,2087000.0,0
1200000.0,21,0.48,8057000.0,0
41900.0,15,1.73,15553000.0,0
34600.0,5,4.5,1939000.0,0
97900.0,10,0.9,1884000.0,0
27800.0,21,3.17,2033000.0,0
61000.0,19,6.18,5191000.0,0
25400.0,13,11.08,1424000.0,0
59300.0,9,3.54,2609000.0,0
61500.0,16,6.52,4192000.0,0
103500.0,16,118.79,13353000.0,0
13300.0,21,2.44,1424000.0,0
36800.0,11,10.2,3106000.0,0
1962500.0,12,18.65,2469000.0,0
36400.0,21,2.21,5614000.0,0
89000.0,21,1.8,2848000.0,0
17600.0,19,2.59,1645000.0,0
46000.0,13,7.95,6162000.0,0
18700.0,11,92.92,2351000.0,0
214200.0,3,2.69,3012000.0,0
9100.0,13,1.48,1424000.0,0
60400.0,8,13.28,1424000.0,0
412400.0,18,2.75,10880000.0,0
33500.0,17,7.61,4231000.0,0
29300.0,18,5.37,11951000.0,0
10300.0,9,24.91,5054000.0,0
69600.0,4,17.95,4028000.0,0
5624400.0,6,107.6,3438000.0,1
37900.0,7,125.09,14761000.0,0
103600.0,8,7.56,2110000.0,0
68100.0,22,0.78,3308000.0,0
16400.0,22,4.29,2024000.0,0
68000.0,18,4.15,1424000.0,0
64000.0,12,2.77,6027000.0,0
48300.0,13,2.32,1806000.0,0
154100.0,15,2.54,3104000.0,0
138100.0,11,92.28,1424000.0,0
24400.0,9,0.83,28620000.0,0
697900.0,1,5.05,8742000.0,0
62700.0,10,22.89,10224000.0,0
422700.0,20,3.13,5708000.0,0
174000.0,20,5.19,15211000.0,0
372900.0,13,4.16,5290000.0,0
111000.0,8,11.77,17107000.0,0
105900.0,16,1.5,23618000.0,0
70400.0,18,2.64,6178000.0,0
74900.0,12,3.23,3928000.0,0
55000.0,9,71.31,2961000.0,0
51700.0,18,2.69,1760000.0,0
51300.0,22,1.25,5484000.0,0
43900.0,13,1.98,13390000.0,0
33800.0,11,13.93,1424000.0,0
42400.0,9,22.78,3603000.0,0
2370500.0,9,554.53,1424000.0,1
5200.0,19,0.58,1433000.0,0
8800.0,13,1.19,2103000.0,0
60900.0,15,1.87,8746000.0,0
31100.0,21,142.27,6042000.0,0
158400.0,16,1.13,4254000.0,0
149200.0,13,1.58,4297000.0,0
100900.0,21,6.12,3428000.0,0
23700.0,12,3.15,5325000.0,0
30000.0,17,7.41,1424000.0,0
38500.0,18,10.22,8509000.0,0
76100.0,14,0.64,5005000.0,0
12700.0,16,3.68,2172000.0,0
1092900.0,14,5.89,11349000.0,0
127000.0,9,1.95,3442000.0,0
8500.0,17,1.52,4153000.0,0
138900.0,19,0.91,1651000.0,0
3900.0,18,33.56,1424000.0,0
466300.0,11,1.61,20100000.0,0
377800.0,12,6.37,4050000.0,0
185000.0,7,6.43,5732000.0,0
292500.0,18,8.76,8853000.0,0
352200.0,8,3.74,2550000.0,0
20000.0,18,3.26,1424000.0,0
55300.0,8,8.3,3107000.0,0
40400.0,22,31.86,8009000.0,0
21600.0,20,4.4,3877000.0,0
39200.0,9,6.86,6177000.0,0
10800.0,22,5.7,1651000.0,0
133900.0,11,1.29,8113000.0,0
1086800.0,0,210.28,1936000.0,1
31100.0,9,6.41,1424000.0,0
29300.0,15,2.22,1424000.0,0
6700.0,13,9.61,1424000.0,0
55900.0,13,24.82,4841000.0,0
4100.0,18,3.45,1627000.0,0
150000.0,8,29.31,2301000.0,0
8300.0,18,46.42,1424000.0,0
83000.0,7,2.46,2622000.0,0
7200.0,16,2.44,3271000.0,0
42000.0,12,3.73,1424000.0,0
39400.0,11,3.59,8852000.0,0
9300.0,13,9.82,2180000.0,0
93800.0,18,8.48,5203000.0,0
388200.0,9,5.83,1806000.0,0
17500.0,20,5.25,3887000.0,0
28300.0,9,8.57,5497000.0,0
115200.0,13,4.35,3666000.0,0
30900.0,21,5.36,3240000.0,0
29100.0,10,6.89,7927000.0,0
151600.0,11,129.5,2687000.0,0
104000.0,18,4.07,2756000.0,0
146100.0,13,0.62,2549000.0,0
45400.0,13,735.96,1424000.0,0
245100.0,12,1.99,49240000.0,0
52400.0,21,3.67,3584000.0,0
56300.0,10,1.43,9879000.0,0
17200.0,18,351.81,7069000.0,0
978700.0,19,4.46,12913000.0,0
4800.0,12,3.93,1424000.0,0
91600.0,15,14.84,10417000.0,0
18000.0,13,3.25,1745000.0,0
9400.0,17,3.38,1424000.0,0
38400.0,15,1.83,1424000.0,0
17600.0,14,2.83,1424000.0,0
735500.0,13,5.63,1424000.0,1
40100.0,15,18.87,1424000.0,0
31200.0,17,2.48,1428000.0,0
42000.0,21,6.25,1424000.0,0
31400.0,21,9.43,2030000.0,0
191100.0,13,0.82,8634000.0,0
11300.0,12,1.57,2513000.0,0
32000.0,8,0.59,3619000.0,0
110700.0,19,49.76,8952000.0,0
34000.0,19,1.85,2983000.0,0
9900.0,21,2.53,1424000.0,0
7300.0,19,1.11,1424000.0,0
57800.0,15,5.15,7746000.0,0
9200.0,19,2.98,1945000.0,0
45500.0,23,5.32,4895000.0,0
12900.0,15,142.02,1424000.0,0
7700.0,16,9.29,1477000.0,0
97700.0,9,0.95,2866000.0,0
27900.0,15,7.93,4638000.0,0
34300.0,8,6.54,4006000.0,0
45700.0,8,5.38,3141000.0,0
388200.0,11,5.98,6159000.0,0
561100.0,12,11.04,1932000.0,0
26400.0,21,4.83,1816000.0,0
387100.0,21,4.05,19503000.0,0
25500.0,16,6.28,2088000.0,0
32700.0,16,0.79,7208000.0,0
226000.0,13,2.45,4684000.0,0
17600.0,21,18.76,2315000.0,0
18800.0,19,3.76,1424000.0,0
51200.0,19,1.72,5416000.0,0
57700.0,10,6.22,5365000.0,0
4700.0,11,4.31,3070000.0,0
38200.0,22,2.31,10366000.0,0
99300.0,20,5.1,9552000.0,0
52100.0,9,7.7,9987000.0,0
27700.0,21,3.68,8094000.0,0
60800.0,19,1.06,8180000.0,0
58800.0,13,8.62,7380000.0,0
140300.0,14,2.3,5495000.0,0
106800.0,8,0.88,5136000.0,0
670500.0,13,10.3,9038000.0,0
14700.0,15,17.79,2096000.0,0
13300.0,20,1.26,1558000.0,0
16800.0,12,2.2,4879000.0,0
9600.0,13,0.96,1424000.0,0
46800.0,12,3.97,3891000.0,0
59200.0,19,1.31,2840000.0,0
16700.0,21,2.05,1939000.0,0
76300.0,17,5.76,1424000.0,0
44900.0,8,15.54,2598000.0,0
8100.0,12,5.24,2465000.0,0
41500.0,9,30.9,2687000.0,0
94500.0,6,2.76,4690000.0,0
18500.0,8,7.91,1424000.0,0
34600.0,19,6.13,4347000.0,0
44400.0,10,26.64,5649000.0,0
102100.0,17,3.09,2675000.0,0
207200.0,13,1.92,5597000.0,0
76000.0,12,146.32,7665000.0,0
258900.0,13,5.22,18214000.0,0
65400.0,12,13.21,3770000.0,0
24800.0,18,4.29,2131000.0,0
11800.0,17,4.49,5950000.0,0
9700.0,20,4.63,1424000.0,0
18300.0,12,134.28,5035000.0,0
85900.0,0,7.86,5579000.0,0
16500.0,0,322.8,1424000.0,1
755500.0,13,2.43,32926000.0,0
16300.0,16,0.21,6560000.0,0
88500.0,8,5.0,5950000.0,0
22900.0,20,1.92,2518000.0,0
223900.0,15,1.28,6433000.0,0
41600.0,18,6.31,2219000.0,0
123200.0,12,3.94,7742000.0,0
84800.0,8,10.11,2000000.0,0
38700.0,8,1.69,6203000.0,0
14100.0,12,6.2,1424000.0,0
408100.0,17,3.16,32926000.0,0
27900.0,20,6.4,3638000.0,0
90700.0,8,6.33,5180000.0,0
121600.0,11,342.23,5375000.0,0
29200.0,15,2.03,4977000.0,0
38600.0,13,2.02,5559000.0,0
175000.0,18,4.59,3905000.0,0
5975800.0,11,6.7,6221000.0,0
9000.0,21,3.18,3099000.0,0
186800.0,17,0.45,4538000.0,0
92100.0,19,10.49,3868000.0,0
28200.0,13,3.12,1424000.0,0
31700.0,14,2.97,5646000.0,0
186100.0,19,2.84,15623000.0,0
655100.0,13,2.91,12349000.0,0
70000.0,14,1.8,5203000.0,0
104700.0,16,2.89,4345000.0,0
345900.0,8,2.6,15228000.0,0
140400.0,14,829.26,3561000.0,0
22000.0,9,14.87,2053000.0,0
60800.0,12,142.19,1424000.0,0
270600.0,13,1.12,1424000.0,0
369900.0,12,21.37,6079000.0,0
200000.0,20,0.91,8753000.0,0
89600.0,9,0.46,1843000.0,0
17300.0,6,5.78,2704000.0,0
182300.0,13,7.89,2924000.0,0
25000.0,19,6.66,1424000.0,0
7300.0,17,1.16,3386000.0,0
20500.0,13,30.77,1608000.0,0
146600.0,19,8.62,11621000.0,0
133800.0,17,6.73,3566000.0,0
8700.0,15,10.46,2598000.0,0
28100.0,10,40.49,1424000.0,0
26500.0,17,7.34,1424000.0,0
46300.0,8,31.7,2239000.0,0
19700.0,11,0.89,7411000.0,0
123200.0,10,0.45,8180000.0,0
72700.0,4,3.04,18965000.0,0
4000.0,12,3.53,1424000.0,0
84200.0,20,4.68,4752000.0,0
30900.0,20,19.59,3969000.0,0
45200.0,13,4.78,4760000.0,0
31900.0,10,21.47,4760000.0,0
23000.0,8,1.22,4217000.0,0
16200.0,15,2.42,1424000.0,0
64700.0,18,4.3,3616000.0,0
215100.0,18,2.62,4804000.0,0
501000.0,18,4.01,23618000.0,0
133700.0,0,8.39,2796000.0,0
28900.0,12,2.86,4177000.0,0
96600.0,7,3.28,6882000.0,0
25700.0,15,23.77,2103000.0,0
28100.0,8,22.05,12829000.0,0
21000.0,16,8.17,4311000.0,0
297200.0,18,57.73,16809000.0,0
20800.0,17,111.15,6076000.0,0
57100.0,14,3.72,14761000.0,0
525900.0,22,4.77,21886000.0,0
20500.0,15,4.92,1746000.0,0
29500.0,9,22.87,6842000.0,0
80800.0,11,10.06,23318000.0,0
768100.0,9,3.78,1469000.0,0
40200.0,8,6.33,2146000.0,0
52900.0,18,66.48,5818000.0,0
5900.0,18,3.41,1459000.0,0
45700.0,12,2.8,4831000.0,0
3500.0,9,2.68,1710000.0,0
6000.0,7,1.54,4477000.0,0
11000.0,15,1.53,1424000.0,0
37900.0,10,94.35,5019000.0,0
269300.0,11,12.08,7401000.0,0
28500.0,13,1.72,9879000.0,0
8800.0,10,133.98,2287000.0,0
190000.0,16,14.93,15436000.0,0
18500.0,12,12.22,3948000.0,0
54700.0,15,68.02,3361000.0,0
20200.0,13,11.67,1424000.0,0
70500.0,16,149.95,5746000.0,0
2098900.0,14,137.02,3290000.0,1
52400.0,18,0.99,4026000.0,0
50500.0,22,1.49,2444000.0,0
40600.0,16,110.6,1424000.0,0
592800.0,12,6.94,4109000.0,0
35600.0,19,7.51,3236000.0,0
7500.0,8,3.66,1905000.0,0
1639600.0,10,4.01,12081000.0,0
13700.0,6,6.48,1424000.0,0
19000.0,12,137.31,1569000.0,0
44200.0,8,6.84,3359000.0,0
11100.0,21,2.68,1424000.0,0
21100.0,8,17.15,5155000.0,0
44600.0,10,13.21,4296000.0,0
19800.0,21,1.87,1835000.0,0
151800.0,14,1.6,7232000.0,0
47300.0,22,2.84,4054000.0,0
19500.0,20,7.68,1424000.0,0
90600.0,6,27.81,1424000.0,0
111800.0,9,15.2,3154000.0,0
28300.0,11,11.22,1687000.0,0
37500.0,15,2.69,7411000.0,0
1945500.0,10,4.65,6021000.0,0
148900.0,15,7.0,17897000.0,0
28400.0,10,8.57,4247000.0,0
49600.0,18,9.11,2948000.0,0
69200.0,9,20.05,7368000.0,0
175300.0,10,8.11,7200000.0,0
69000.0,13,118.99,2870000.0,0
22700.0,14,2.07,1652000.0,0
20100.0,5,6.04,1424000.0,0
4300.0,9,10.16,2051000.0,0
97000.0,12,29.69,4184000.0,0
12200.0,12,4.7,4455000.0,0
238400.0,9,4.54,3965000.0,0
72000.0,18,4.18,3011000.0,0
250900.0,12,5.79,4192000.0,0
141600.0,12,3.68,16397000.0,0
677800.0,22,4.63,49240000.0,0
241700.0,5,40.67,4868000.0,0
52300.0,8,1.05,2110000.0,0
21300.0,18,3.32,3718000.0,0
96200.0,13,1.43,7865000.0,0
184300.0,16,131.14,1432000.0,0
85600.0,15,0.63,3154000.0,0
77700.0,14,4.8,6455000.0,0
20400.0,13,2.72,3134000.0,0
894100.0,16,3.99,16397000.0,0
4900.0,18,16.27,1856000.0,0
32200.0,17,0.7,7159000.0,0
46900.0,15,2.7,1997000.0,0
5500.0,16,7.53,1424000.0,0
18400.0,11,2.02,2692000.0,0
159700.0,12,10.84,2135000.0,0
72500.0,17,19.38,10552000.0,0
52500.0,17,14.35,11297000.0,0
166300.0,8,26.32,2385000.0,0
98000.0,15,2.07,4008000.0,0
27100.0,21,10.67,1797000.0,0
248000.0,9,0.99,14074000.0,0
3380900.0,12,2.61,10417000.0,0
5200.0,21,4.95,1424000.0,0
3624800.0,20,94.41,6423000.0,1
16300.0,14,5.97,1424000.0,0
46700.0,19,10.82,2800000.0,0
3543500.0,0,830.13,1424000.0,1
14800.0,10,4.31,1424000.0,0
49600.0,18,2.3,4628000.0,0
164900.0,12,2.78,8894000.0,0
35200.0,14,6.48,3542000.0,0
25100.0,22,12.01,2271000.0,0
10600.0,10,5.44,2945000.0,0
723400.0,11,4.77,39212000.0,0
111700.0,11,125.68,11962000.0,0
38400.0,17,9.09,5290000.0,0
16500.0,13,0.76,1424000.0,0
25900.0,7,6.02,1424000.0,0
96100.0,11,4.97,3965000.0,0
200400.0,10,2.49,28616000.0,0
99600.0,12,2.97,9879000.0,0
11800.0,19,0.41,2528000.0,0
26100.0,10,6.14,3084000.0,0
6100.0,10,12.87,1972000.0,0
19000.0,22,3.81,1424000.0,0
221100.0,13,2.42,3193000.0,0
90200.0,15,3.87,4532000.0,0
6279700.0,4,128.04,3664000.0,1
141100.0,11,1.77,11670000.0,0
16200.0,13,1.64,2112000.0,0
13600.0,21,5.41,1975000.0,0
6200.0,9,3.8,2104000.0,0
13100.0,9,128.56,3635000.0,0
5683400.0,11,2.81,8880000.0,0
115400.0,8,14.08,8032000.0,0
13800.0,13,49.78,4921000.0,0
16100.0,22,22.02,6955000.0,0
7600.0,15,2.84,4176000.0,0
123000.0,22,1.16,13738000.0,0
39200.0,17,3.01,2087000.0,0
3300.0,11,4.27,1424000.0,0
10800.0,19,189.3,11340000.0,1
31400.0,19,3.25,6037000.0,0
275100.0,13,1021.78,10417000.0,0
64300.0,13,2.14,2078000.0,0
11200.0,19,3.25,2568000.0,0
12368100.0,3,145.34,7104000.0,1
663200.0,13,2.4,28616000.0,0
22500.0,9,103.98,4933000.0,0
181400.0,17,0.81,7794000.0,0
19200.0,9,669.39,1424000.0,1
40400.0,20,11.01,4184000.0,0
68500.0,16,3.48,2706000.0,0
62400.0,10,67.68,3067000.0,0
28300.0,9,10.53,3542000.0,0
2101600.0,5,593.79,1424000.0,1
4460000.0,10,550.59,2257000.0,1
96200.0,12,4.01,4417000.0,0
29000.0,4,0.97,4981000.0,0
34300.0,15,10.78,2759000.0,0
19000.0,14,77.47,1424000.0,0
42100.0,15,3.23,1630000.0,0
32100.0,15,0.82,2372000.0,0
116200.0,20,1.61,1585000.0,0
115700.0,12,336.19,4217000.0,0
56700.0,17,4.81,4050000.0,0
21100.0,8,18.29,1424000.0,0
62500.0,10,11.76,11201000.0,0
598000.0,9,7.16,45589000.0,0
211700.0,10,2.96,10279000.0,0
54700.0,20,57.29,3376000.0,0
81000.0,14,2.84,1759000.0,0
72400.0,10,63.68,16944000.0,0
56300.0,12,106.99,15335000.0,0
136100.0,19,2.34,5659000.0,0
255100.0,6,5.84,11532000.0,0
36700.0,12,8.54,4436000.0,0
69700.0,12,1.96,2241000.0,0
55700.0,20,0.7,5290000.0,0
16700.0,18,1.38,1756000.0,0
139200.0,20,9.88,1809000.0,0
12900.0,12,4.2,1424000.0,0
106200.0,13,2.98,1424000.0,0
33900.0,20,1.15,5807000.0,0
138400.0,23,17.14,5802000.0,0
6600.0,19,75.31,1424000.0,0
29900.0,9,1.99,2177000.0,0
72200.0,18,1.05,5036000.0,0
12800.0,14,13.98,5923000.0,0
37900.0,9,4.11,2467000.0,0
4400.0,15,1.06,1569000.0,0
72200.0,10,6.61,6027000.0,0
15300.0,12,13.62,1424000.0,0
215000.0,19,76.26,4719000.0,0
11300.0,21,0.95,1424000.0,0
155100.0,19,419.25,6989000.0,0
379900.0,17,2.86,9336000.0,0
47500.0,12,2.71,1761000.0,0
27200.0,13,7.92,3452000.0,0
44600.0,11,5.19,15553000.0,0
43800.0,7,1.39,5473000.0,0
3500.0,13,13.0,1424000.0,0
30200.0,16,12.45,1424000.0,0
62600.0,16,8.82,2184000.0,0
570400.0,19,4.38,5818000.0,0
6200.0,22,8.74,2838000.0,0
141700.0,22,644.53,3175000.0,0
36500.0,21,88.92,6297000.0,0
26500.0,14,1.73,1433000.0,0
15800.0,5,12.39,1424000.0,0
66400.0,16,1.29,4918000.0,0
56500.0,15,4.3,2523000.0,0
184700.0,17,17.98,5728000.0,0
17600.0,19,6.47,3209000.0,0
110300.0,18,16.69,2138000.0,0
266000.0,15,4.51,24525000.0,0
14000.0,15,6.58,1424000.0,0
165300.0,14,83.47,4970000.0,0
11100.0,8,2.55,1424000.0,0
63000.0,13,0.98,3496000.0,0
5900.0,19,795.81,1424000.0,0
1000.0,9,2.02,1424000.0,0
23900.0,21,1.59,4467000.0,0
79200.0,14,6.16,4022000.0,0
83500.0,14,4.36,7484000.0,0
53900.0,15,109.61,1424000.0,0
189600.0,20,11.04,9626000.0,0
26700.0,16,7.51,1554000.0,0
49100.0,17,1.98,3452000.0,0
376800.0,14,2.41,8904000.0,0
31200.0,10,4.09,2087000.0,0
83600.0,18,4.31,5384000.0,0
31300.0,22,1.9,1652000.0,0
165000.0,12,155.54,1424000.0,0
71800.0,17,2.62,8307000.0,0
67500.0,19,3.02,15553000.0,0
186000.0,20,10.82,4936000.0,0
27200.0,8,1.36,3090000.0,0
11000.0,20,5.32,1424000.0,0
36600.0,11,1.74,5513000.0,0
23600.0,9,1295.41,4917000.0,0
9900.0,19,1.87,1550000.0,0
21200.0,11,3.72,1424000.0,0
2400.0,19,20.73,1424000.0,0
36500.0,4,7.03,3099000.0,0
51500.0,8,2.79,1937000.0,0
85900.0,13,5.46,4684000.0,0
6360600.0,19,24.32,16831000.0,1
54400.0,17,12.22,1424000.0,0
41300.0,16,6.93,4208000.0,0
147400.0,8,32.86,4290000.0,0
120200.0,9,11.72,2281000.0,0
28100.0,19,0.98,3302000.0,0
148600.0,15,1.32,3439000.0,0
97700.0,17,20.9,5057000.0,0
57000.0,22,1.54,3077000.0,0
14600.0,13,1.21,2910000.0,0
77400.0,4,59.67,3334000.0,0
36400.0,1,0.66,1424000.0,0
22800.0,14,21.55,3302000.0,0
11100.0,10,7.8,4603000.0,0
9000.0,21,1.65,1858000.0,0
81000.0,18,103.4,15211000.0,0
58800.0,16,35.91,2740000.0,0
2101000.0,5,28.16,1424000.0,1
107200.0,10,91.96,4582000.0,0
57300.0,18,1.77,5163000.0,0
11400.0,10,132.73,4464000.0,0
43700.0,12,9.19,3399000.0,0
96700.0,19,3.25,13027000.0,0
50300.0,18,2.23,1424000.0,0
30500.0,20,1.94,3608000.0,0
219400.0,17,1.44,9040000.0,0
9000.0,17,7.53,1572000.0,0
11000.0,16,113.17,1457000.0,0
7000.0,8,22.81,2687000.0,0
7001700.0,21,451.89,4784000.0,1
4220000.0,12,9.66,4715000.0,0
34700.0,19,12.58,1477000.0,0
9700.0,10,4.67,1424000.0,0
25800.0,18,12.06,5523000.0,0
16400.0,12,9.06,1459000.0,0
102500.0,17,3.65,1463000.0,0
13700.0,22,26.22,1765000.0,0
88100.0,13,16.83,1424000.0,0
13000.0,20,3.46,1721000.0,0
62100.0,19,2.08,1424000.0,0
13300.0,19,25.6,1490000.0,0
340500.0,15,18.46,44438000.0,0
57100.0,10,35.89,4727000.0,0
1437200.0,10,8.03,1424000.0,0
34100.0,21,5.09,2315000.0,0
55100.0,22,6.39,4630000.0,0
824600.0,21,13.66,1825000.0,1
356600.0,21,0.92,7927000.0,0
10000.0,12,145.43,1981000.0,0
37500.0,20,0.8,8272000.0,0
29900.0,18,3.53,1424000.0,0
94300.0,14,28.98,2802000.0,0
29600.0,13,0.55,1808000.0,0
9300.0,7,3.16,1459000.0,0
20800.0,14,134.71,7443000.0,0
96000.0,21,3.66,1424000.0,0
35800.0,17,2.7,1752000.0,0
22600.0,22,932.28,2369000.0,0
37800.0,19,11.99,9930000.0,0
47400.0,20,12.43,6882000.0,0
27200.0,21,8.44,8852000.0,0
3200.0,21,1.08,1424000.0,0
4400.0,12,8.06,2187000.0,0
101600.0,16,2.26,3948000.0,0
6800.0,8,1.45,2988000.0,0
8700.0,23,1.3,1424000.0,0
60600.0,9,7.81,3254000.0,0
150000.0,9,34.2,5015000.0,0
240200.0,18,5.88,7074000.0,0
44500.0,13,2.53,1480000.0,0
117500.0,19,5.44,6234000.0,0
187600.0,18,8.74,3421000.0,0
26200.0,15,2.31,9613000.0,0
138200.0,8,9.67,2571000.0,0
172100.0,0,57.51,1824000.0,1
108900.0,11,3.98,5646000.0,0
10300.0,18,3.54,1424000.0,0
6400.0,15,24.42,1424000.0,0
95000.0,11,3.04,11621000.0,0
27400.0,19,2.38,1424000.0,0
53700.0,19,3.99,4765000.0,0
109400.0,15,3.21,13810000.0,0
97400.0,9,2.05,2013000.0,0
12100.0,19,12.8,2883000.0,0
12800.0,7,7.18,2116000.0,0
68400.0,0,8.14,8904000.0,0
15800.0,20,2.44,1490000.0,0
31200.0,12,0.86,3646000.0,0
186900.0,16,3.34,2568000.0,0
750300.0,15,1.67,3619000.0,0
73600.0,14,133.18,2639000.0,0
22400.0,21,58.64,2241000.0,0
17400.0,12,1.44,1650000.0,0
59900.0,6,4.07,1424000.0,0
24100.0,21,8.43,3361000.0,0
230000.0,4,17.13,7639000.0,0
26700.0,12,3.04,6450000.0,0
241500.0,16,4.33,8838000.0,0
93500.0,14,2.15,2876000.0,0
21900.0,15,2.21,3633000.0,0
11100.0,14,1.61,1424000.0,0
16600.0,12,3.69,3050000.0,0
64800.0,11,4.95,9754000.0,0
205600.0,13,2.32,3544000.0,0
376700.0,16,1301.47,9626000.0,0
34000.0,18,10.97,2443000.0,0
65000.0,10,4.68,4690000.0,0
7573500.0,5,1145.29,3726000.0,1
38300.0,15,4.37,2033000.0,0
213100.0,12,1.04,12671000.0,0
49300.0,10,3.79,2656000.0,0
12300.0,22,1.89,10912000.0,0
8400.0,15,3.03,1559000.0,0
13600.0,9,1466.7,3294000.0,1
105400.0,22,1.22,9734000.0,0
7700.0,8,54.37,1424000.0,0
44100.0,9,3.64,2844000.0,0
652000.0,0,3.05,23318000.0,0
174000.0,13,1.22,3577000.0,0
12900.0,13,4.73,1672000.0,0
5200.0,12,1.32,1939000.0,0
206100.0,12,11.52,4209000.0,0
13500.0,18,13.68,8634000.0,0
20800.0,20,346.2,11532000.0,0
43700.0,12,2.81,3633000.0,0
12000.0,19,6.1,2233000.0,0
13600.0,15,771.56,1424000.0,0
8800.0,8,505.51,12425000.0,1
6100.0,11,5.89,1662000.0,0
23800.0,22,0.98,1424000.0,0
47200.0,17,18.35,1965000.0,0
71000.0,11,4.82,4817000.0,0
27200.0,18,8.1,2792000.0,0
30200.0,20,13.62,1514000.0,0
6100.0,12,4.19,1424000.0,0
56800.0,14,6.91,3972000.0,0
5300.0,14,5.13,1485000.0,0
154300.0,17,3.0,10808000.0,0
9400.0,9,0.79,1424000.0,0
79500.0,7,1.14,6221000.0,0
71800.0,13,15.89,5527000.0,0
157500.0,20,4.19,16439000.0,0
7100.0,19,1.02,1424000.0,0
30600.0,16,2.28,1745000.0,0
38500.0,18,8.18,1424000.0,0
8400.0,11,27.16,2022000.0,0
106700.0,13,1.18,2661000.0,0
34300.0,17,0.71,5982000.0,0
50400.0,8,7.28,1757000.0,0
39100.0,9,8.97,7511000.0,0
71400.0,9,5.41,5732000.0,0
95300.0,17,8.46,2513000.0,0
33100.0,10,9.14,2675000.0,0
16700.0,17,3.36,1424000.0,0
52400.0,19,1.43,3332000.0,0
173900.0,19,6.17,2109000.0,0
89400.0,22,4.34,3496000.0,0
772500.0,17,22.76,17311000.0,0
2100.0,20,1.87,1424000.0,0
13900.0,17,2.19,7368000.0,0
42500.0,3,11.72,2156000.0,0
87800.0,19,3.49,8753000.0,0
27600.0,4,754.29,1424000.0,0
56900.0,18,0.81,4842000.0,0
59500.0,19,5.34,6857000.0,0
7700.0,18,2.26,2598000.0,0
568800.0,13,43.17,7860000.0,0
124400.0,18,18.77,3461000.0,0
31900.0,16,2.2,1424000.0,0
28400.0,18,22.36,2480000.0,0
22300.0,19,3.03,5492000.0,0
79300.0,10,6.94,3847000.0,0
34700.0,19,1.49,3806000.0,0
1264300.0,22,5.74,24303000.0,0
263300.0,17,11.24,5115000.0,0
104500.0,18,10.1,2756000.0,0
6400.0,9,1.84,1424000.0,0
13900.0,15,7.78,4168000.0,0
209000.0,20,111.47,2180000.0,0
81100.0,19,21.73,5479000.0,0
54200.0,22,2.1,6808000.0,0
28800.0,22,0.36,1424000.0,0
2900.0,18,2.88,1664000.0,0
262500.0,15,11.98,2381000.0,0
75100.0,19,0.65,2661000.0,0
296600.0,18,9.42,8952000.0,0
28600.0,20,7.11,1424000.0,0
29800.0,8,5.71,2402000.0,0
90800.0,10,343.63,4022000.0,0
17600.0,15,9.48,4453000.0,0
129900.0,20,20.89,15335000.0,0
104600.0,15,100.87,2474000.0,0
4800.0,9,385.41,1424000.0,0
185400.0,15,53.1,7335000.0,0
1679500.0,19,0.21,35151000.0,0
16700.0,22,482.46,2026000.0,0
24100.0,18,4.24,3367000.0,0
9100.0,19,44.98,1520000.0,0
6400.0,8,1.55,1676000.0,0
172500.0,17,3.31,8688000.0,0
32500.0,16,3.63,2110000.0,0
4200.0,10,1.07,1424000.0,0
51400.0,13,1.02,4768000.0,0
25600.0,10,0.75,2242000.0,0
49000.0,12,4.6,4577000.0,0
62700.0,10,6.35,2132000.0,0
25000.0,22,2.2,8634000.0,0
68600.0,12,1.26,1532000.0,0
144800.0,8,6.51,3976000.0,0
131100.0,10,4.22,13810000.0,0
630700.0,9,10.52,44438000.0,0
78300.0,18,0.89,6042000.0,0
19300.0,18,19.36,1424000.0,0
155500.0,11,5.14,4233000.0,0
30600.0,10,3.49,4368000.0,0
80900.0,20,1.84,3555000.0,0
88600.0,9,4.07,5538000.0,0
2200.0,15,15.62,5942000.0,0
190200.0,12,2.47,14229000.0,0
1400.0,12,30.67,1474000.0,0
501300.0,12,4.04,11916000.0,0
49600.0,15,1.88,4882000.0,0
5000.0,14,15.33,1972000.0,0
18800.0,8,9.05,3565000.0,0
171900.0,14,6.69,12210000.0,0
344900.0,16,3.14,3256000.0,0
5771100.0,5,204.57,8904000.0,1
206400.0,22,5.35,3811000.0,0
12400.0,13,21.96,2983000.0,0
70500.0,17,1.97,2052000.0,0
107400.0,20,11.26,4304000.0,0
9900.0,12,6.12,1736000.0,0
75700.0,11,2.73,2870000.0,0
101700.0,9,1.02,5388000.0,0
146100.0,9,148.92,2554000.0,0
16700.0,9,8.16,2544000.0,0
12800.0,11,0.77,3641000.0,0
68700.0,13,2.5,1727000.0,0
30300.0,6,5.64,2406000.0,0
36000.0,17,2.81,4090000.0,0
4800.0,18,42.96,2748000.0,0
35500.0,11,29.78,1424000.0,0
30800.0,9,1395.64,6807000.0,0
41100.0,14,2.48,4448000.0,0
2400.0,7,1.79,3889000.0,0
123400.0,13,6.48,11194000.0,0
10200.0,18,0.49,2656000.0,0
78500.0,14,3.11,5942000.0,0
36600.0,15,44.81,4188000.0,0
444100.0,15,3.37,5902000.0,0
178100.0,20,25.61,4981000.0,0
129600.0,12,4.59,5444000.0,0
4200.0,19,0.94,1424000.0,0
12400.0,19,10.15,2026000.0,0
394400.0,16,1.85,1424000.0,0
113800.0,15,3.09,5938000.0,0
36800.0,9,14.77,2569000.0,0
23000.0,19,2.81,1424000.0,0
63400.0,12,4.19,4974000.0,0
95500.0,7,2.12,1424000.0,0
100900.0,14,6.76,3621000.0,0
60700.0,15,144.18,4765000.0,0
285300.0,7,0.74,17311000.0,0
111600.0,19,21.34,3625000.0,0
204000.0,0,1.68,3385000.0,0
34200.0,16,4.19,1424000.0,0
1274900.0,10,2.66,3406000.0,0
9000.0,7,4.95,2128000.0,0
628300.0,19,3.81,6560000.0,0
6400.0,1,8.75,1858000.0,0
34100.0,9,140.52,1884000.0,0
63300.0,17,9.6,1424000.0,0
2247800.0,18,269.64,4258000.0,1
48200.0,22,1.44,1424000.0,0
33700.0,20,2.36,4636000.0,0
230300.0,8,124.12,3809000.0,0
26400.0,17,16.1,3639000.0,0
29800.0,5,2.27,7928000.0,0
27900.0,14,11.1,4184000.0,0
677600.0,21,6.31,14930000.0,0
713800.0,11,5.81,12220000.0,0
43600.0,18,3.44,1719000.0,0
30900.0,19,3.24,1424000.0,0
3000.0,12,1.95,1424000.0,0
301400.0,19,2.67,14761000.0,0
226800.0,11,1.33,2339000.0,0
13400.0,16,9.12,3193000.0,0
21000.0,17,2.99,1490000.0,0
572800.0,11,3.59,5568000.0,0
72400.0,17,111.36,2611000.0,0
154500.0,16,76.73,1688000.0,0
115600.0,14,2.54,2885000.0,0
13500.0,8,5.75,1424000.0,0
14400.0,20,2.02,8679000.0,0
