monto,hora,distancia_km,ingreso_mensual,fraude
1790200.0,22,254.18,23166000.0,1
6399500.0,11,701.13,19976000.0,0
4673200.0,19,228.0,22438000.0,1
3705600.0,5,922.95,11598000.0,1
3549800.0,16,194.52,18782000.0,0
7905400.0,4,142.56,25621000.0,0
9051500.0,5,373.25,20054000.0,0
1774400.0,22,459.4,25798000.0,1
6528200.0,18,423.99,6671000.0,1
2983700.0,5,703.22,8322000.0,1
9669700.0,18,532.62,23692000.0,0
9198600.0,21,709.28,17646000.0,1
6359100.0,1,530.08,20556000.0,1
7527600.0,0,677.19,18233000.0,0
5152000.0,18,667.64,22386000.0,0
8259100.0,5,628.44,14986000.0,0
4484400.0,7,807.29,24535000.0,0
3388800.0,18,584.57,14587000.0,0
2779700.0,5,676.59,20689000.0,1
2264100.0,12,405.35,19306000.0,0
5258600.0,10,318.74,13678000.0,1
4309700.0,2,137.12,5366000.0,0
6632100.0,2,820.21,6328000.0,1
129400.0,13,708.02,18680000.0,0
4477600.0,8,282.19,11550000.0,0
3652400.0,8,857.57,11754000.0,1
1954800.0,1,322.76,11868000.0,0
5949100.0,1,601.23,26191000.0,1
4353700.0,22,567.1,7840000.0,1
3000600.0,20,792.55,20649000.0,0
2095000.0,12,183.68,5562000.0,1
8746400.0,16,520.55,13462000.0,0
7974800.0,1,854.09,9187000.0,1
6067500.0,0,653.95,4633000.0,1
3451700.0,1,51.37,16854000.0,1
9468300.0,3,963.4,8655000.0,1
5634200.0,19,375.88,20032000.0,1
4328200.0,23,566.54,15608000.0,1
9004600.0,18,167.12,5804000.0,1
3194100.0,23,348.75,15553000.0,1
6960300.0,19,729.88,6972000.0,0
3138900.0,3,460.15,7252000.0,0
2616300.0,15,689.49,6335000.0,1
7008700.0,14,177.45,23988000.0,1
2279700.0,14,162.27,28233000.0,1
4931600.0,10,47.55,7182000.0,0
5800700.0,3,118.76,7843000.0,0
1889900.0,9,83.03,25274000.0,1
7312700.0,22,295.51,17012000.0,1
5485300.0,3,262.87,5087000.0,0
6215400.0,20,287.7,14979000.0,1
3722100.0,8,466.52,5591000.0,1
4202500.0,14,499.59,22058000.0,1
4948800.0,16,22.81,24941000.0,1
4700200.0,16,904.9,9541000.0,1
6756700.0,0,27.23,22381000.0,1
5772200.0,14,912.04,15340000.0,0
4163300.0,12,58.4,6414000.0,1
19000.0,1,836.45,21037000.0,1
7940500.0,2,903.7,2804000.0,1
5194300.0,16,556.34,9108000.0,1
3266100.0,23,603.27,1067000.0,0
5000100.0,18,1.99,15677000.0,0
935400.0,10,353.82,2168000.0,1
9047100.0,4,496.51,24709000.0,0
9897400.0,9,41.57,15196000.0,0
588300.0,20,913.49,29196000.0,1
3583000.0,10,106.65,5711000.0,1
7300900.0,22,373.42,10891000.0,0
3143100.0,0,239.9,8589000.0,0
5670900.0,7,33.08,6094000.0,0
4166300.0,19,301.44,28225000.0,1
7742300.0,6,499.39,27284000.0,1
9584700.0,9,677.56,23285000.0,1
8884100.0,3,386.11,28752000.0,1
6209700.0,11,24.16,9140000.0,0
1603600.0,1,636.58,24442000.0,0
9470700.0,7,586.66,16841000.0,1
237300.0,10,429.19,27413000.0,1
2977800.0,20,664.89,15823000.0,0
2816900.0,20,956.42,23088000.0,0
6718600.0,19,72.76,3684000.0,0
4874100.0,20,827.52,4244000.0,0
929800.0,11,153.09,25194000.0,0
129600.0,13,434.67,17925000.0,1
6043600.0,18,636.66,13730000.0,1
4915300.0,19,76.3,23709000.0,0
6014200.0,23,11.88,27293000.0,0
5640700.0,10,148.34,6100000.0,0
8904700.0,6,575.45,25804000.0,0
9184100.0,0,523.09,17743000.0,0
1883400.0,8,914.48,12201000.0,0
9421300.0,8,463.87,16323000.0,1
7877500.0,15,565.42,6044000.0,0
6390600.0,21,271.44,3090000.0,0
6596400.0,9,581.74,9017000.0,0
5461100.0,22,528.74,6777000.0,1
9172700.0,21,777.42,25870000.0,0
2333400.0,5,698.42,11705000.0,1
5993600.0,12,120.59,16126000.0,1
8142600.0,4,934.94,10073000.0,0
1348500.0,1,834.46,12917000.0,0
6155500.0,18,583.1,23110000.0,1
4028900.0,22,669.75,6948000.0,1
7660600.0,3,88.97,2149000.0,0
678100.0,5,251.19,13095000.0,1
6068500.0,0,958.17,22580000.0,0
8570900.0,2,258.43,25735000.0,0
6283900.0,8,533.44,4522000.0,0
3214100.0,15,867.78,5560000.0,1
6558300.0,5,203.72,17934000.0,0
3382200.0,22,975.92,29012000.0,0
6686300.0,12,24.04,25017000.0,1
1284300.0,2,778.34,13730000.0,1
2800600.0,2,177.09,9766000.0,1
328200.0,18,228.59,2238000.0,0
840000.0,3,24.88,13635000.0,0
5548100.0,3,376.52,27952000.0,0
2317800.0,6,307.84,16628000.0,0
5161300.0,12,313.46,24403000.0,0
6596000.0,2,582.14,10193000.0,0
8812000.0,4,345.93,1950000.0,0
3551300.0,22,368.46,28545000.0,1
3187500.0,13,197.97,14273000.0,1
3137400.0,14,126.96,15125000.0,1
1179400.0,23,756.6,1154000.0,1
6632200.0,3,205.54,12490000.0,0
8196700.0,10,345.76,22526000.0,0
4730600.0,7,19.78,17285000.0,0
5583400.0,2,616.88,26417000.0,1
9584800.0,6,172.44,4144000.0,1
6989500.0,19,936.14,26880000.0,1
7450600.0,7,571.52,1399000.0,1
8895100.0,3,211.2,21401000.0,1
2158700.0,15,548.2,21404000.0,0
6502000.0,0,192.22,3222000.0,1
7174200.0,5,835.25,13646000.0,0
8422400.0,11,145.79,26306000.0,1
3438500.0,5,713.13,9223000.0,0
6888300.0,2,61.17,1561000.0,0
6044400.0,12,291.46,12269000.0,1
4094200.0,18,545.16,9637000.0,0
1017800.0,22,568.04,12281000.0,1
3531100.0,12,898.15,3951000.0,1
9634900.0,10,109.95,9669000.0,0
2166000.0,3,729.75,8352000.0,1
1137300.0,16,839.59,12359000.0,0
3677400.0,23,125.49,6040000.0,0
1010700.0,3,137.2,23677000.0,0
2672700.0,20,672.34,23410000.0,0
9144600.0,20,610.49,20956000.0,0
3188500.0,5,884.34,15052000.0,0
5859300.0,2,744.89,23766000.0,0
2388200.0,23,179.06,29489000.0,1
6680100.0,6,247.69,13677000.0,0
1277400.0,2,662.63,16625000.0,0
7898300.0,15,399.02,23719000.0,0
4230000.0,3,154.7,17260000.0,1
1837400.0,1,308.5,12350000.0,0
7582700.0,3,423.23,3806000.0,0
5543300.0,8,0.54,12925000.0,1
4382000.0,17,609.96,23097000.0,0
2407000.0,19,389.09,20168000.0,1
7813900.0,1,58.16,13144000.0,0
3653500.0,6,722.66,3958000.0,0
431900.0,16,930.36,7618000.0,0
9653700.0,10,120.39,8720000.0,0
305600.0,15,458.95,13531000.0,0
1205600.0,3,785.27,15970000.0,1
4658700.0,21,204.84,28598000.0,0
2079300.0,20,150.06,16448000.0,1
3352000.0,14,907.05,2813000.0,1
5676100.0,0,698.66,24435000.0,0
9578500.0,19,295.47,13570000.0,1
9363200.0,1,510.93,8938000.0,1
739900.0,3,690.82,29774000.0,1
8533300.0,3,216.08,12752000.0,1
1679100.0,4,555.74,11001000.0,1
8114500.0,18,421.37,23240000.0,1
2964200.0,17,552.84,4272000.0,1
7178600.0,21,652.69,18457000.0,1
7188200.0,0,111.68,17240000.0,0
8505700.0,1,46.9,25359000.0,0
9796300.0,21,681.58,18727000.0,0
2755500.0,16,528.48,6564000.0,1
6283500.0,20,78.51,11326000.0,0
7392900.0,9,663.12,2566000.0,1
797200.0,19,1.18,9624000.0,0
6630000.0,14,655.23,18593000.0,0
3215800.0,16,135.2,10181000.0,0
1615500.0,19,27.18,29725000.0,1
5495200.0,15,627.86,20692000.0,0
4619400.0,17,841.14,6707000.0,1
5771200.0,2,940.65,2077000.0,0
6419500.0,21,677.9,16078000.0,0
4987200.0,0,651.59,12267000.0,1
9051600.0,4,428.43,25468000.0,0
1780000.0,9,273.03,21413000.0,0
2888600.0,0,506.53,9198000.0,0
3562900.0,5,671.45,6067000.0,1
7744000.0,4,392.65,6846000.0,1
6521300.0,2,637.96,24495000.0,1
2065000.0,13,631.18,9785000.0,1
7444700.0,14,901.04,13537000.0,0
7715600.0,9,470.12,6132000.0,0
7702600.0,18,350.81,6872000.0,1
784700.0,7,461.14,4890000.0,0
2122200.0,7,869.66,7345000.0,0
8954000.0,4,933.94,26056000.0,0
8794400.0,16,870.95,13723000.0,0
2056500.0,6,403.78,4436000.0,1
5514200.0,20,8.51,22452000.0,0
2627600.0,4,27.94,9120000.0,1
4163400.0,20,156.08,19070000.0,0
210400.0,3,42.41,25120000.0,1
2818300.0,2,993.53,23757000.0,0
2707500.0,14,777.81,7772000.0,1
9191400.0,17,103.94,5528000.0,1
5880100.0,4,618.63,25061000.0,0
1776000.0,21,197.48,29755000.0,0
4276200.0,8,316.39,22169000.0,1
4929900.0,2,91.91,18194000.0,0
6374000.0,1,577.14,13223000.0,0
5324900.0,2,266.71,7024000.0,0
4210500.0,17,51.09,11781000.0,0
3108600.0,12,326.88,16692000.0,1
5750400.0,23,236.81,9611000.0,1
9758300.0,18,11.53,6293000.0,1
5530300.0,0,33.5,3051000.0,1
8870200.0,22,944.09,5234000.0,1
153700.0,17,712.3,12764000.0,1
2031800.0,22,711.15,13455000.0,0
8647800.0,5,18.09,29167000.0,0
5695200.0,1,468.21,20281000.0,1
4876100.0,7,486.98,16995000.0,0
3688700.0,2,112.35,6052000.0,1
2953400.0,1,424.87,29156000.0,0
6788600.0,23,801.0,26725000.0,1
3658000.0,22,476.59,11151000.0,1
4352900.0,16,637.0,16409000.0,0
7768700.0,5,74.6,29935000.0,0
9461900.0,2,600.48,2550000.0,1
9936600.0,19,270.18,14888000.0,0
4849700.0,1,61.92,13631000.0,0
1382600.0,1,324.48,18346000.0,0
250200.0,21,26.09,2772000.0,1
4947100.0,8,425.74,4783000.0,1
764500.0,11,429.28,14858000.0,0
1178000.0,2,771.16,20324000.0,0
2349200.0,5,651.33,12441000.0,0
9919900.0,11,123.91,22361000.0,0
1623100.0,9,401.5,1145000.0,1
1102200.0,3,663.93,20003000.0,0
9159300.0,18,66.93,26946000.0,1
6221100.0,17,531.24,3633000.0,1
7399300.0,10,717.24,14468000.0,1
3548000.0,7,128.72,10947000.0,0
9338400.0,15,702.94,26704000.0,1
9761000.0,17,202.72,19685000.0,1
5585000.0,7,421.01,1407000.0,0
9868400.0,11,360.21,13614000.0,1
5058400.0,13,586.22,14926000.0,1
4398000.0,3,492.7,5177000.0,0
7854600.0,13,227.71,27976000.0,1
6442800.0,4,497.36,8035000.0,0
2006100.0,22,630.56,15441000.0,1
5149900.0,20,200.24,9077000.0,1
165600.0,0,465.56,14580000.0,0
8756700.0,18,329.72,10552000.0,1
5424900.0,1,22.27,26069000.0,1
462800.0,1,656.98,4167000.0,1
9377700.0,13,233.84,10127000.0,0
9994400.0,20,669.57,12035000.0,0
7373300.0,17,881.0,29925000.0,1
4313800.0,12,216.11,5160000.0,0
5914600.0,21,984.52,3684000.0,1
103300.0,7,810.97,14072000.0,0
1085400.0,21,423.85,26805000.0,0
3310700.0,21,106.47,9246000.0,1
4113300.0,17,506.08,10325000.0,1
7559700.0,20,513.65,5844000.0,1
1708100.0,10,418.85,10992000.0,1
1161900.0,13,626.82,3124000.0,0
6974900.0,7,206.05,6747000.0,0
8880400.0,21,853.36,4069000.0,0
8796800.0,8,465.36,15281000.0,1
7419400.0,16,758.83,25546000.0,0
9835700.0,8,823.02,24654000.0,1
5221400.0,8,296.17,7272000.0,0
7744900.0,7,418.56,16175000.0,0
4172400.0,3,637.98,16264000.0,1
3533200.0,2,276.15,24953000.0,0
9108300.0,15,154.34,3775000.0,0
4307600.0,12,625.25,24551000.0,0
7465000.0,22,392.67,6697000.0,1
4970700.0,3,725.93,2958000.0,1
1123000.0,10,485.02,8713000.0,1
1269600.0,0,473.75,15336000.0,0
5101700.0,0,471.51,6300000.0,0
7077100.0,1,318.8,15375000.0,1
7425100.0,11,306.78,28966000.0,1
3357600.0,22,746.15,15294000.0,1
93100.0,19,533.77,21536000.0,0
5334000.0,20,349.32,7396000.0,1
1896500.0,1,358.5,13610000.0,1
3201900.0,21,577.87,4551000.0,0
5664900.0,16,407.33,25745000.0,1
3918900.0,11,166.04,1462000.0,0
4590600.0,8,499.05,29638000.0,0
505500.0,0,12.9,11303000.0,0
1831000.0,20,511.43,22548000.0,1
8419100.0,5,140.09,29681000.0,0
5119300.0,7,893.63,18953000.0,1
8851300.0,14,94.17,13005000.0,0
8573200.0,18,969.85,25772000.0,1
1932500.0,13,613.3,29907000.0,0
3996600.0,11,813.06,20546000.0,1
5258300.0,3,775.28,1464000.0,0
976100.0,10,971.78,25022000.0,0
854500.0,4,476.1,20389000.0,0
8415000.0,8,802.71,18318000.0,1
8267300.0,3,192.74,9719000.0,1
3833500.0,23,128.51,23390000.0,1
7066100.0,17,959.43,9281000.0,0
5179800.0,21,975.01,19911000.0,1
7476800.0,8,738.44,22350000.0,0
3152500.0,10,710.59,28039000.0,1
4740900.0,3,146.84,12125000.0,0
8929700.0,0,431.18,15251000.0,1
8166600.0,20,389.11,28526000.0,0
3100300.0,17,465.99,25134000.0,1
8817800.0,10,398.54,8482000.0,0
3987800.0,13,445.22,13037000.0,0
6824100.0,2,924.99,26061000.0,0
7115400.0,13,979.75,8751000.0,0
4017400.0,23,917.22,27534000.0,0
8271100.0,4,323.55,26303000.0,0
4654100.0,20,279.17,23321000.0,1
9606900.0,21,959.6,20455000.0,1
9367100.0,23,995.1,28127000.0,1
9002800.0,7,617.64,13478000.0,1
9083600.0,5,168.82,27723000.0,1
1471300.0,14,300.52,20738000.0,0
6483700.0,17,440.04,26082000.0,0
7411400.0,21,892.11,12479000.0,0
5288100.0,23,131.26,22316000.0,0
5292700.0,8,688.34,5870000.0,1
2015100.0,16,565.36,10082000.0,1
1608700.0,12,567.39,7104000.0,0
7831600.0,0,377.66,9658000.0,0
1496900.0,5,311.41,3957000.0,0
7282200.0,1,502.58,13226000.0,0
771600.0,14,781.29,1743000.0,1
4123100.0,8,637.17,23876000.0,1
241100.0,17,225.62,25703000.0,1
6604100.0,19,358.09,15844000.0,1
2929900.0,0,125.89,27634000.0,1
4677500.0,4,860.68,24218000.0,0
2865200.0,15,770.34,6322000.0,1
5158200.0,3,468.92,13851000.0,1
6576800.0,22,79.72,4519000.0,1
1670000.0,14,970.72,10067000.0,1
7770700.0,3,566.26,6718000.0,1
7825400.0,19,4.79,8916000.0,1
9421700.0,13,153.94,17923000.0,1
3807600.0,19,957.23,21870000.0,0
8731400.0,8,760.82,29218000.0,0
937800.0,23,288.41,22501000.0,1
9939100.0,19,529.4,29624000.0,0
2122900.0,2,565.65,19116000.0,1
3739100.0,20,586.02,12585000.0,0
935900.0,2,310.96,26687000.0,0
8351600.0,3,951.54,11426000.0,1
4859800.0,2,982.24,27439000.0,1
9624100.0,19,210.71,12261000.0,0
1447000.0,1,259.14,5813000.0,1
8918300.0,18,594.35,25105000.0,0
3596100.0,22,54.69,16814000.0,0
2363700.0,11,634.87,2274000.0,1
6571600.0,5,348.7,9150000.0,1
302900.0,3,681.49,7012000.0,0
5255200.0,12,724.79,3782000.0,1
4736600.0,1,29.39,16235000.0,1
486000.0,15,324.7,5559000.0,1
4342400.0,0,187.85,9904000.0,1
3049900.0,21,659.41,5687000.0,0
2487200.0,23,189.61,23583000.0,0
9303000.0,1,477.16,23295000.0,1
5983400.0,16,342.56,1933000.0,0
1542400.0,19,978.14,4471000.0,1
7571600.0,7,952.09,29067000.0,1
3696300.0,5,566.57,23223000.0,0
5988900.0,8,460.58,8410000.0,1
3800000.0,16,722.95,1544000.0,1
6385800.0,14,404.1,24621000.0,0
6819700.0,19,561.04,20803000.0,1
2836100.0,19,439.1,8271000.0,1
8310700.0,14,444.71,6858000.0,0
6181700.0,20,651.21,16541000.0,0
6053100.0,18,846.5,20658000.0,1
2180800.0,3,820.2,18410000.0,1
2540400.0,6,493.56,28251000.0,1
3954400.0,7,115.82,25963000.0,0
339700.0,16,937.92,10786000.0,1
548300.0,16,326.15,29602000.0,0
6627200.0,19,804.54,2067000.0,1
3165500.0,1,140.16,7806000.0,1
7202700.0,15,33.2,9708000.0,0
749200.0,18,43.32,6955000.0,1
7401600.0,0,722.02,8708000.0,1
2142600.0,12,423.88,2041000.0,0
8695600.0,6,489.38,11570000.0,0
9065400.0,17,665.69,4539000.0,1
6893400.0,14,904.75,5335000.0,0
3943500.0,10,512.08,28870000.0,1
257500.0,2,709.38,28490000.0,0
7611400.0,6,337.63,19240000.0,1
5628600.0,12,338.34,21465000.0,1
823800.0,16,944.6,10270000.0,0
5707800.0,2,858.93,26284000.0,1
62600.0,20,908.36,8390000.0,0
4514300.0,2,506.43,14204000.0,1
6133000.0,21,218.03,9261000.0,0
8026800.0,13,679.96,17371000.0,0
2906800.0,14,494.3,9399000.0,1
2321200.0,13,119.87,27276000.0,1
3311600.0,8,374.07,23256000.0,1
592900.0,15,98.79,7938000.0,1
9315100.0,10,568.99,11877000.0,1
8806500.0,16,731.25,3318000.0,1
6021800.0,17,150.29,13011000.0,0
746800.0,17,198.79,15924000.0,0
837200.0,17,202.85,15050000.0,0
9320900.0,13,244.09,25085000.0,0
1250900.0,11,840.05,19846000.0,1
1457500.0,4,283.28,23339000.0,0
7854900.0,20,470.39,20678000.0,1
3016000.0,13,914.33,20175000.0,0
4116100.0,21,872.35,10528000.0,0
4100800.0,12,783.84,6772000.0,0
7001000.0,23,549.5,15793000.0,1
4723900.0,10,257.47,16986000.0,1
8122200.0,15,440.62,17744000.0,0
4959900.0,5,43.5,11444000.0,0
2905300.0,0,530.49,7434000.0,0
1946600.0,5,940.33,27033000.0,1
7550400.0,9,674.16,4210000.0,0
2195900.0,10,817.55,10469000.0,0
6089500.0,4,990.63,26700000.0,1
6014400.0,19,119.37,1933000.0,1
9632500.0,3,675.91,29153000.0,1
897100.0,8,101.41,14119000.0,0
2076000.0,10,679.76,2580000.0,1
6615900.0,15,132.34,10121000.0,0
3309700.0,21,421.49,23949000.0,1
1286700.0,2,246.59,1440000.0,0
8953800.0,3,828.41,6695000.0,1
7315000.0,23,144.46,12919000.0,0
2226300.0,3,255.19,28613000.0,1
953000.0,1,500.25,14782000.0,0
8424300.0,22,964.82,1620000.0,0
5700000.0,20,962.15,1476000.0,1
9295900.0,23,2.21,25678000.0,1
5172300.0,0,108.24,6769000.0,1
2309600.0,23,419.7,12669000.0,1
1336500.0,15,859.87,22128000.0,1
4179700.0,12,471.62,25386000.0,1
6840500.0,5,304.05,13253000.0,0
44000.0,20,805.61,11330000.0,0
3954100.0,7,605.12,22176000.0,0
4038900.0,19,356.08,2403000.0,0
6710400.0,16,430.94,19539000.0,1
1950400.0,13,859.32,24847000.0,1
8760800.0,17,657.7,26041000.0,0
3251600.0,3,872.8,13954000.0,0
8268300.0,6,151.09,9960000.0,0
8276400.0,13,87.22,7143000.0,1
8848900.0,0,995.86,13983000.0,1
2589000.0,17,889.89,12154000.0,1
8398800.0,5,417.36,11751000.0,1
2305800.0,6,931.75,17384000.0,0
3995000.0,10,209.99,11868000.0,1
1777700.0,2,341.77,26084000.0,1
4841800.0,10,913.71,23505000.0,0
752900.0,14,842.54,12526000.0,0
9568500.0,9,709.16,5088000.0,1
131000.0,2,677.72,8401000.0,1
4966500.0,14,184.04,21896000.0,0
8381100.0,16,380.88,15202000.0,1
1326000.0,17,991.8,19304000.0,1
5971400.0,6,298.68,1992000.0,0
5311300.0,14,65.74,25256000.0,1
7575600.0,12,549.56,22075000.0,1
6986200.0,14,282.76,29927000.0,1
8250300.0,2,868.73,28910000.0,0
7933000.0,4,413.72,24780000.0,1
5829000.0,0,589.37,28239000.0,0
3500300.0,4,765.38,14341000.0,0
1075200.0,11,236.76,22481000.0,0
1639000.0,12,873.46,4499000.0,1
8712200.0,21,336.0,24442000.0,1
2665700.0,2,879.79,1973000.0,1
8940400.0,18,714.36,25923000.0,1
3061600.0,17,781.69,29185000.0,0
573500.0,7,901.03,17068000.0,1
2900700.0,10,826.56,4193000.0,0
3847100.0,21,852.44,7404000.0,0
1037700.0,17,804.64,9413000.0,1
4298200.0,17,332.83,7053000.0,1
7979600.0,8,481.0,22326000.0,1
4138800.0,3,63.17,28699000.0,0
4937800.0,22,221.79,3307000.0,0
9987700.0,5,674.06,22560000.0,0
2154000.0,23,478.19,20341000.0,0
5439600.0,15,980.4,5643000.0,1
9877600.0,8,243.98,1587000.0,0
4957700.0,7,263.54,23152000.0,1
5914600.0,20,463.93,7039000.0,0
5467500.0,18,576.96,2509000.0,1
1153600.0,7,443.02,28545000.0,1
7161600.0,4,213.97,19195000.0,1
9120800.0,18,18.38,12795000.0,0
9265800.0,12,689.59,5318000.0,1
5867100.0,16,468.12,6000000.0,0
3525800.0,12,721.36,20987000.0,1
6755400.0,3,516.07,24786000.0,1
9446200.0,12,651.13,8189000.0,1
9781400.0,17,627.25,12073000.0,1
2830300.0,17,586.51,15078000.0,0
9356900.0,17,830.25,21150000.0,1
7303200.0,1,979.66,22855000.0,0
8718500.0,10,748.29,24897000.0,0
1675600.0,18,146.38,27610000.0,0
9762500.0,17,703.35,22232000.0,1
7535400.0,11,594.22,13720000.0,1
1666000.0,23,264.03,11170000.0,1
5401700.0,2,284.75,22290000.0,0
1116200.0,1,710.14,25762000.0,0
7246200.0,6,816.67,25114000.0,1
5952200.0,16,707.37,20860000.0,0
5783300.0,19,917.89,28119000.0,0
8472400.0,3,283.36,8210000.0,0
7697500.0,2,56.24,25956000.0,1
918100.0,3,159.45,25812000.0,0
7621600.0,9,772.03,25938000.0,0
5415100.0,15,239.39,7480000.0,1
1888600.0,21,372.54,10176000.0,1
3472400.0,0,397.5,13002000.0,1
5092400.0,1,943.77,22904000.0,0
8588600.0,5,15.32,28719000.0,0
8819100.0,14,112.91,9233000.0,0
1021900.0,2,62.64,22356000.0,0
4422100.0,16,908.8,10285000.0,1
8435400.0,2,928.05,19304000.0,1
6024000.0,7,601.14,19610000.0,0
8551800.0,2,542.08,10619000.0,1
5973000.0,19,96.1,5997000.0,1
2231100.0,9,585.26,17190000.0,1
5029000.0,11,169.36,25061000.0,0
5152000.0,0,929.26,9157000.0,1
8940900.0,10,106.04,14181000.0,1
3558200.0,20,67.99,3819000.0,1
2350700.0,12,379.36,10936000.0,0
7488800.0,5,433.55,16460000.0,1
4196400.0,13,661.02,18082000.0,1
4844000.0,10,771.47,18252000.0,1
9765900.0,19,699.01,7314000.0,1
6746800.0,2,143.65,25317000.0,0
6718800.0,10,551.61,2451000.0,1
9338900.0,5,171.63,15777000.0,0
7163200.0,9,275.8,12269000.0,1
9547800.0,10,24.79,14462000.0,1
6333400.0,15,720.25,13566000.0,0
5874600.0,10,502.45,17694000.0,1
2843000.0,16,74.83,21265000.0,0
2308700.0,12,210.09,24116000.0,1
5315500.0,19,44.18,18138000.0,1
591500.0,2,764.85,29169000.0,0
1683700.0,11,422.7,27248000.0,0
7084000.0,12,10.91,10352000.0,1
6790400.0,19,464.27,21649000.0,0
284400.0,12,234.33,11909000.0,0
1632500.0,11,162.77,17637000.0,1
6178600.0,2,451.86,9790000.0,0
4077100.0,0,69.9,10544000.0,0
5890100.0,0,72.34,27839000.0,1
1287900.0,6,356.39,3641000.0,1
8625000.0,20,9.82,2381000.0,1
2590100.0,1,720.13,20796000.0,0
3744700.0,14,985.8,2799000.0,1
4494300.0,4,637.74,22868000.0,0
5928700.0,20,602.75,13045000.0,0
9805200.0,21,127.76,26228000.0,1
2095100.0,4,88.72,23812000.0,1
1624700.0,21,38.4,18565000.0,1
1454200.0,6,593.3,17502000.0,0
7747600.0,20,44.3,20630000.0,1
3825200.0,11,373.02,13565000.0,1
9269700.0,5,430.28,13081000.0,0
666500.0,14,783.09,3881000.0,0
5316000.0,7,74.91,28293000.0,1
7572600.0,5,422.63,9048000.0,1
5071300.0,16,236.71,25149000.0,0
4066600.0,15,818.17,25217000.0,1
8115300.0,2,499.35,10585000.0,1
5091500.0,15,842.9,21413000.0,1
9065500.0,9,287.54,12187000.0,0
2386800.0,16,401.48,3120000.0,0
5985000.0,19,393.63,3645000.0,0
6345200.0,17,47.64,10568000.0,1
9071400.0,3,6.33,27571000.0,0
933500.0,19,418.3,13204000.0,1
8057400.0,2,941.95,29343000.0,0
6835200.0,2,302.48,20837000.0,1
8606200.0,11,26.38,16680000.0,0
6089000.0,21,292.56,16669000.0,1
4538300.0,12,186.99,9362000.0,0
7963500.0,13,86.17,25285000.0,1
2842600.0,12,878.27,7950000.0,1
555100.0,18,348.86,2281000.0,0
7499900.0,11,435.84,9174000.0,1
8123900.0,13,20.94,18334000.0,1
8287000.0,13,641.73,24447000.0,1
4477400.0,20,379.57,5932000.0,0
7327000.0,4,727.19,3076000.0,0
7136700.0,4,21.74,22821000.0,0
2886200.0,21,652.71,17904000.0,0
7655600.0,7,685.81,20858000.0,0
9641900.0,21,740.72,5348000.0,1
3521700.0,4,707.65,27672000.0,0
2735200.0,4,583.59,12989000.0,0
5839000.0,10,724.0,16338000.0,0
8778200.0,17,457.44,6847000.0,0
6083300.0,19,265.44,18800000.0,0
9700500.0,17,35.04,18458000.0,0
9226200.0,14,201.93,14281000.0,0
7107500.0,0,799.96,10568000.0,1
7069200.0,15,682.06,3343000.0,0
1781400.0,14,165.31,5524000.0,1
3411200.0,5,787.22,7990000.0,1
8101600.0,6,143.15,14201000.0,1
4005200.0,3,178.63,29344000.0,0
2281300.0,8,590.92,22291000.0,1
632200.0,0,960.91,12888000.0,1
2231200.0,10,901.6,12910000.0,1
5771600.0,16,144.53,8349000.0,0
9241400.0,3,860.8,23537000.0,1
3915800.0,6,15.37,7937000.0,0
7895600.0,6,691.58,20947000.0,0
1288800.0,10,489.13,14088000.0,1
8227500.0,12,349.52,21408000.0,1
9275400.0,5,907.49,9724000.0,1
5026100.0,10,62.81,1251000.0,1
4548300.0,6,978.06,27647000.0,0
9081200.0,8,447.28,20011000.0,0
2279000.0,6,13.27,8903000.0,1
9206400.0,1,488.93,26789000.0,0
9175100.0,5,609.41,26301000.0,1
9575500.0,13,684.43,27677000.0,1
8911400.0,11,434.02,16828000.0,0
5257800.0,8,788.17,27551000.0,0
6818000.0,20,544.33,7283000.0,0
5330400.0,11,44.09,25718000.0,1
3018200.0,10,314.52,5422000.0,0
9906400.0,15,422.9,19803000.0,1
250700.0,17,234.11,22186000.0,0
2516000.0,9,544.98,13926000.0,1
9286500.0,4,202.75,6814000.0,1
9523100.0,6,37.54,29311000.0,0
2788900.0,23,907.54,14544000.0,1
9997800.0,1,113.0,9489000.0,0
8126600.0,5,505.93,26800000.0,0
7768800.0,18,358.16,19765000.0,0
5718900.0,7,186.31,12385000.0,1
3943300.0,14,80.76,17573000.0,1
93400.0,12,608.3,16662000.0,1
3656400.0,12,225.54,16534000.0,1
3748500.0,14,690.43,24154000.0,0
815800.0,20,82.87,28198000.0,1
846000.0,6,623.51,17782000.0,1
2634400.0,15,905.75,2045000.0,0
4944000.0,6,427.7,17784000.0,1
7741400.0,8,911.18,3862000.0,0
5889200.0,14,665.44,29436000.0,1
5410100.0,0,620.04,22028000.0,1
7966200.0,10,27.8,27967000.0,0
8480200.0,21,48.27,29824000.0,0
4399000.0,12,63.07,19750000.0,1
6072100.0,13,612.42,11333000.0,0
9212800.0,16,359.87,22745000.0,0
799000.0,7,834.41,6484000.0,0
6089500.0,11,342.44,18577000.0,0
7765300.0,22,717.72,25002000.0,1
4273900.0,16,717.44,26349000.0,1
7499700.0,10,958.22,3885000.0,1
8400500.0,16,264.98,29310000.0,1
7643700.0,7,453.34,1500000.0,1
5368500.0,14,865.33,4694000.0,1
7244000.0,15,255.79,6903000.0,1
7093600.0,2,103.28,6797000.0,0
3834300.0,21,188.64,23176000.0,0
213600.0,21,972.91,5636000.0,1
9497200.0,8,241.92,2892000.0,1
4677500.0,14,919.96,14069000.0,0
2985800.0,11,705.6,22862000.0,0
2506100.0,20,173.71,22494000.0,0
3995500.0,11,209.33,27335000.0,0
5779200.0,19,355.09,4923000.0,0
5178000.0,4,845.13,18289000.0,0
3822600.0,14,752.55,18108000.0,0
778600.0,13,786.74,20073000.0,0
9807600.0,16,147.44,5277000.0,0
158100.0,7,398.4,25037000.0,0
9197700.0,21,582.04,11390000.0,0
318800.0,14,621.41,5963000.0,0
5054800.0,22,493.8,6352000.0,1
7854900.0,2,980.8,16081000.0,1
6636100.0,16,324.84,29205000.0,1
7057700.0,3,971.93,19285000.0,1
975800.0,7,883.16,17882000.0,1
8640700.0,14,745.09,22285000.0,0
6498600.0,16,836.46,3485000.0,0
9417600.0,7,942.91,19505000.0,0
9952500.0,7,204.45,13451000.0,1
7546700.0,6,574.12,18263000.0,0
8051700.0,18,332.77,10645000.0,1
9610300.0,8,23.29,19117000.0,1
7193500.0,7,596.99,12521000.0,1
6117400.0,5,119.8,15306000.0,0
5270000.0,23,222.38,10360000.0,1
5228800.0,10,453.52,22520000.0,0
6399900.0,19,531.51,1344000.0,1
6247200.0,5,867.08,3898000.0,1
15100.0,21,990.49,27765000.0,0
1493400.0,15,954.35,19673000.0,1
4168200.0,12,60.41,28051000.0,1
2876600.0,20,548.55,13854000.0,1
6745500.0,15,107.02,24663000.0,0
9906700.0,7,219.7,12546000.0,1
2659100.0,17,509.63,13127000.0,1
8107100.0,4,905.19,21624000.0,1
3714300.0,11,977.19,18616000.0,0
7238200.0,17,608.23,1671000.0,0
888300.0,19,652.94,20686000.0,1
6239700.0,16,399.03,17661000.0,0
5206200.0,14,948.04,8770000.0,1
8291000.0,15,133.46,16193000.0,0
1186500.0,20,5.97,25430000.0,1
5217900.0,17,280.9,19784000.0,0
8633800.0,18,842.01,11813000.0,0
6947800.0,13,366.09,19100000.0,0
1608400.0,9,170.95,12191000.0,0
8533800.0,11,117.42,15329000.0,0
2310700.0,6,517.72,14409000.0,1
737900.0,8,312.43,13044000.0,1
849700.0,3,11.71,5453000.0,1
7842700.0,16,92.34,5652000.0,0
8403800.0,17,627.85,28024000.0,0
8806500.0,10,826.2,27075000.0,1
7544200.0,0,163.05,7422000.0,0
8940400.0,22,626.93,10200000.0,1
9276100.0,0,126.93,8826000.0,1
5372100.0,6,932.19,23967000.0,1
6323000.0,23,616.15,19925000.0,0
9534400.0,17,636.9,23169000.0,0
5142500.0,17,398.26,25130000.0,0
2408200.0,15,958.9,28012000.0,0
9386200.0,21,611.17,18931000.0,1
507700.0,2,336.6,18795000.0,1
5833900.0,20,557.54,5608000.0,1
9294600.0,12,902.62,3933000.0,0
7443900.0,8,96.14,5759000.0,0
6055200.0,23,365.27,19164000.0,1
4864900.0,21,46.27,4425000.0,1
2726400.0,11,953.22,11645000.0,0
5633800.0,18,266.86,8672000.0,0
7386100.0,8,483.05,22098000.0,1
5612600.0,4,520.63,10088000.0,0
7664200.0,13,395.18,24095000.0,1
9671200.0,6,708.64,5651000.0,0
6394500.0,10,884.11,27404000.0,1
7079100.0,7,654.99,19819000.0,0
8493000.0,16,444.97,9477000.0,1
5532100.0,11,137.85,1727000.0,0
2884200.0,21,396.52,13960000.0,0
7935100.0,4,268.43,20980000.0,0
8248500.0,13,58.08,9912000.0,0
9798700.0,3,887.68,29303000.0,1
212900.0,21,338.81,11859000.0,0
5070800.0,21,406.31,12927000.0,0
613300.0,7,12.32,18270000.0,0
4963400.0,17,735.59,16972000.0,0
4775000.0,13,825.95,6818000.0,0
2198500.0,23,43.31,22552000.0,1
9991800.0,9,374.02,24532000.0,1
7428600.0,5,242.2,21682000.0,1
3861400.0,16,348.52,27056000.0,1
7948900.0,19,158.37,8039000.0,0
2468900.0,22,250.74,17446000.0,0
2846200.0,9,768.18,1933000.0,1
7764100.0,6,839.46,5089000.0,0
6952100.0,13,81.18,22726000.0,1
7848400.0,22,984.83,12576000.0,0
3894000.0,18,578.72,19228000.0,0
1848800.0,4,833.92,3050000.0,0
4345800.0,22,626.21,8254000.0,1
7407100.0,0,445.74,10146000.0,1
8463400.0,15,862.25,10502000.0,0
9022500.0,23,171.99,5144000.0,0
9926700.0,0,663.66,29212000.0,1
3133100.0,20,247.39,23736000.0,0
8380700.0,21,288.72,8130000.0,1
9985000.0,6,774.98,16957000.0,1
2796800.0,18,742.92,22342000.0,0
51600.0,22,455.63,27856000.0,1
1425700.0,10,215.11,5190000.0,0
7777000.0,8,959.91,17772000.0,1
8038900.0,11,304.95,25698000.0,1
2598300.0,14,82.88,14467000.0,1
9402200.0,5,541.79,1479000.0,0
2365400.0,17,299.63,17094000.0,1
7285900.0,5,902.92,27757000.0,0
1845700.0,4,594.79,27526000.0,1
7572600.0,18,392.72,28181000.0,1
509100.0,22,233.7,25453000.0,0
5902100.0,8,718.82,18969000.0,1
3490400.0,21,85.66,29301000.0,1
6591400.0,9,681.44,4581000.0,1
8868000.0,14,47.42,10365000.0,1
3222000.0,7,190.76,27760000.0,1
9510800.0,8,392.8,24636000.0,0
4519300.0,2,889.41,6207000.0,0
3999500.0,8,597.06,10059000.0,0
2046100.0,8,544.36,5103000.0,1
557500.0,9,61.94,23410000.0,1
611800.0,4,834.99,29455000.0,0
8501600.0,10,566.37,7973000.0,1
74100.0,12,965.46,1414000.0,1
6483400.0,16,301.08,20354000.0,0
6096700.0,12,389.67,15787000.0,1
5872800.0,22,64.77,7435000.0,1
4599200.0,22,962.96,21875000.0,1
640300.0,5,891.5,16734000.0,0
1925000.0,6,754.74,6669000.0,0
6946100.0,21,998.15,15534000.0,1
8910000.0,5,93.1,17359000.0,1
4822500.0,12,610.9,23241000.0,1
3904700.0,4,907.35,11049000.0,0
8334300.0,9,835.64,8755000.0,0
402700.0,12,770.19,29615000.0,0
5986200.0,9,146.43,28554000.0,1
9712300.0,12,995.78,28173000.0,0
4301000.0,19,2.11,24387000.0,0
3019200.0,0,853.4,5590000.0,1
3724900.0,7,371.84,12331000.0,1
5746200.0,17,795.05,23223000.0,0
8817600.0,13,297.03,11176000.0,0
7292800.0,10,722.14,21187000.0,1
3425300.0,21,308.21,11890000.0,1
3826500.0,2,549.19,5342000.0,1
6350600.0,20,226.79,7572000.0,0
6281000.0,13,541.98,20878000.0,0
1139800.0,20,871.9,9838000.0,0
5769500.0,21,765.66,29542000.0,0
7470400.0,11,995.47,24233000.0,1
1273000.0,10,487.05,17048000.0,1
7759000.0,12,226.1,4485000.0,1
1486700.0,23,184.31,23718000.0,0
865700.0,18,444.81,7079000.0,0
5572500.0,1,161.41,11367000.0,1
7810100.0,14,44.86,8078000.0,0
6164100.0,18,590.69,18027000.0,1
6067600.0,14,58.75,16226000.0,1
923700.0,12,289.52,2940000.0,0
5791000.0,16,532.24,29953000.0,1
5149300.0,15,822.95,15470000.0,1
144100.0,16,175.93,5443000.0,0
7659800.0,16,366.36,7400000.0,0
2197100.0,7,544.88,7002000.0,0
4636200.0,1,222.57,14541000.0,0
4570700.0,22,412.29,4309000.0,1
6803200.0,7,352.5,1074000.0,1
8621500.0,18,466.72,6852000.0,0
7800500.0,0,464.44,8460000.0,1
2121600.0,17,625.02,22483000.0,1
2288300.0,19,555.83,23989000.0,1
4285600.0,10,643.16,2330000.0,0
3654800.0,14,905.72,18808000.0,0
7188700.0,19,748.14,27262000.0,0
5478800.0,13,411.75,5333000.0,1
4504900.0,0,907.48,19596000.0,0
6044400.0,13,480.87,9074000.0,0
3810400.0,16,183.76,24739000.0,0
8581300.0,0,527.45,14354000.0,0
7476300.0,19,40.54,17658000.0,0
7960300.0,6,998.13,9400000.0,0
9913600.0,16,466.2,24991000.0,1
6871400.0,11,436.67,4504000.0,1
6521000.0,1,255.91,16560000.0,0
7662900.0,3,427.03,24464000.0,0
6327600.0,1,655.83,25594000.0,1
9550500.0,7,821.33,7201000.0,0
4066800.0,22,741.28,24746000.0,1
3693400.0,16,306.6,14263000.0,0
858300.0,18,432.28,28471000.0,0
9428800.0,5,638.61,14169000.0,0
820000.0,7,240.0,11460000.0,1
9102100.0,15,201.39,25195000.0,0
3546800.0,21,764.09,25053000.0,1
9913900.0,2,24.8,6753000.0,1
1314400.0,22,969.62,6488000.0,0
2419300.0,5,998.0,16713000.0,1
7905700.0,8,915.04,23384000.0,0
3892300.0,3,258.02,28047000.0,0
4410100.0,3,728.39,23236000.0,1
2010800.0,1,472.21,14912000.0,1
1563700.0,5,100.25,10660000.0,0
8586700.0,4,209.34,17958000.0,0
5918400.0,9,87.59,23866000.0,0
7862400.0,5,466.56,18708000.0,1
3666500.0,15,706.08,12924000.0,1
4867400.0,17,829.4,12621000.0,1
9158300.0,10,174.28,11718000.0,1
9052500.0,13,440.5,2928000.0,0
5956200.0,17,922.41,17587000.0,1
6814500.0,8,381.03,13179000.0,1
749100.0,13,978.42,16439000.0,1
3441100.0,10,300.0,17771000.0,1
5673600.0,23,404.88,4504000.0,1
4420200.0,23,117.45,14477000.0,0
3075200.0,16,4.74,2138000.0,0
7028500.0,5,57.48,27727000.0,1
2357500.0,11,285.99,24022000.0,1
9101100.0,11,190.15,5517000.0,1
2071700.0,13,9.49,6481000.0,0
7179300.0,13,329.8,12042000.0,0
4943800.0,23,249.24,25405000.0,1
7330300.0,3,352.1,17453000.0,1
4056200.0,0,425.18,7325000.0,0
3538000.0,10,687.59,10923000.0,0
6444100.0,14,769.19,29284000.0,0
9632000.0,3,400.07,20721000.0,1
6885400.0,13,526.79,28917000.0,0
162000.0,4,912.41,13493000.0,1
310100.0,23,393.06,24809000.0,0
2133900.0,9,42.18,20542000.0,1
3533200.0,3,934.12,27315000.0,0
1595600.0,1,377.0,11271000.0,0
9535000.0,13,391.44,18689000.0,0
2658500.0,3,502.56,23703000.0,0
4587100.0,8,827.46,18212000.0,0
1407800.0,11,411.56,7259000.0,1
3051600.0,17,570.03,27909000.0,0
5458600.0,15,997.33,18538000.0,1
4186200.0,4,769.46,19187000.0,0
889500.0,3,486.81,12520000.0,0
7478500.0,20,465.02,27733000.0,1
9696000.0,14,147.84,3790000.0,1
2356200.0,22,913.65,22142000.0,1
2216500.0,4,680.34,18982000.0,1
7552400.0,17,748.39,5884000.0,1
4542600.0,23,256.84,4495000.0,1
404700.0,22,291.85,12748000.0,0
482400.0,16,619.99,3355000.0,0
9813800.0,4,230.49,3598000.0,1
7233700.0,9,608.76,4501000.0,0
5153600.0,8,697.48,13602000.0,0
1582500.0,16,372.69,7270000.0,1
9103500.0,2,82.98,8668000.0,0
3752300.0,9,81.72,27831000.0,1
3282000.0,19,677.06,10319000.0,0
7900800.0,5,405.12,24866000.0,1
8181900.0,4,750.93,23781000.0,0
193500.0,22,107.3,6656000.0,1
5502500.0,19,781.18,5021000.0,1
3510900.0,18,505.04,14538000.0,1
9702800.0,8,447.12,21506000.0,0
3146200.0,11,91.28,12140000.0,1
3007300.0,15,115.31,18260000.0,0
6584200.0,18,150.26,24465000.0,0
9037500.0,22,968.06,12342000.0,1
6420800.0,20,341.75,14803000.0,0
5598700.0,9,62.24,16550000.0,1
1208700.0,2,970.71,5975000.0,1
2571600.0,14,910.57,25687000.0,0
7988500.0,7,714.82,15980000.0,1
1361900.0,5,525.3,14934000.0,1
9402400.0,9,842.29,23928000.0,1
9473500.0,15,55.46,1436000.0,0
6390900.0,8,222.78,21082000.0,0
3022900.0,22,854.18,1062000.0,1
9241100.0,7,151.47,13118000.0,0
7976200.0,22,612.85,2490000.0,1
7370200.0,19,607.71,19693000.0,1
1417400.0,5,386.23,7438000.0,0
6105000.0,19,313.36,18373000.0,0
8173700.0,16,131.36,6418000.0,0
2318900.0,23,122.82,22979000.0,0
2585900.0,7,577.21,20134000.0,0
4475800.0,1,287.82,18256000.0,0
8035300.0,4,52.82,18526000.0,1
965800.0,7,729.28,26550000.0,1
7022800.0,8,480.15,20625000.0,0
5766600.0,7,524.01,15885000.0,0
7093400.0,6,76.69,16128000.0,0
1542800.0,12,909.83,25686000.0,1
9652200.0,12,915.74,13302000.0,0
1555500.0,0,306.99,7909000.0,1
8243700.0,7,397.24,5534000.0,0
92700.0,17,269.54,21210000.0,0
7195300.0,19,292.67,22485000.0,0
3047300.0,18,757.5,15645000.0,0
3784900.0,0,189.74,17234000.0,1
8796900.0,0,434.07,17358000.0,0
3935500.0,19,314.37,2899000.0,1
5339900.0,19,477.29,15419000.0,1
6163400.0,19,811.71,10774000.0,1
116900.0,16,381.58,12992000.0,1
6914700.0,17,836.62,7869000.0,0
9488000.0,8,832.77,11734000.0,1
4017600.0,3,248.13,14478000.0,1
8423900.0,1,102.14,12578000.0,0
2293300.0,17,4.75,1254000.0,1
5460700.0,12,299.19,15184000.0,1
2452300.0,1,998.7,9349000.0,0
2078800.0,8,604.77,7204000.0,1
6368300.0,0,158.88,5284000.0,0
286600.0,16,646.61,17020000.0,0
9897900.0,18,218.79,3711000.0,1
7011600.0,5,920.94,23660000.0,0
2691400.0,0,790.49,27233000.0,0
6045200.0,12,270.38,8272000.0,0
550900.0,4,592.83,22253000.0,1
6648400.0,16,157.27,27079000.0,1
8433800.0,11,302.46,1369000.0,1
8078400.0,12,368.31,3738000.0,0
1290900.0,4,723.16,26473000.0,0
1480100.0,20,539.86,9895000.0,0
6582500.0,20,61.78,3455000.0,0
2851500.0,22,358.62,25579000.0,1
9297600.0,21,132.78,4046000.0,1
5710000.0,10,214.21,17253000.0,1
5634600.0,20,621.35,2059000.0,0
7595000.0,13,122.84,9111000.0,1
8827700.0,19,671.49,8460000.0,1
4619600.0,1,757.77,14492000.0,1
5619300.0,6,229.29,7334000.0,0
777100.0,15,930.13,29555000.0,1
9244600.0,2,617.12,21023000.0,0
8944300.0,12,139.31,27625000.0,0
548800.0,8,256.77,8073000.0,0
3515600.0,5,932.0,5942000.0,0
8929100.0,18,96.11,13083000.0,0
5866800.0,19,475.18,1140000.0,1
3197100.0,5,897.54,19467000.0,1
3532600.0,0,206.43,19356000.0,0
6647400.0,8,898.22,10541000.0,1
6893000.0,9,343.96,5868000.0,0
1480200.0,21,118.94,28438000.0,1
4470600.0,1,315.41,17651000.0,0
8347800.0,8,700.66,26256000.0,0
8336700.0,18,845.44,22838000.0,0
6989000.0,11,208.02,24986000.0,1
8084300.0,16,171.44,3308000.0,1
6867000.0,0,56.61,27152000.0,1
8363700.0,6,907.46,1530000.0,0
3556500.0,6,885.31,7890000.0,0
711500.0,6,608.67,1609000.0,0
951800.0,7,40.54,9897000.0,1
5936200.0,3,251.29,10384000.0,0
126400.0,8,668.25,10270000.0,0
8410400.0,12,206.56,2461000.0,1
1898900.0,15,354.51,29375000.0,0
8168700.0,11,178.07,28857000.0,1
3558100.0,5,611.41,19178000.0,1
1066900.0,18,999.75,21354000.0,1
3698600.0,9,199.24,22489000.0,0
91900.0,1,656.76,17779000.0,1
2009400.0,0,898.1,1708000.0,1
1463900.0,6,337.78,5713000.0,1
9756600.0,11,61.22,5296000.0,0
4332300.0,6,885.38,15762000.0,0
5488900.0,9,459.48,21296000.0,0
561200.0,21,49.81,14819000.0,0
592000.0,11,928.07,3358000.0,0
6014900.0,3,876.98,8593000.0,0
3379200.0,1,551.77,17863000.0,0
2968500.0,8,19.37,24267000.0,0
1633400.0,20,50.87,18409000.0,1
7582600.0,0,888.65,1715000.0,0
9420900.0,23,818.55,26488000.0,1
3689300.0,20,58.79,11854000.0,0
3762900.0,18,191.62,17139000.0,0
2922800.0,21,613.17,18877000.0,0
1750500.0,7,454.86,8424000.0,0
3145500.0,3,713.05,8884000.0,0
8216900.0,1,859.17,14369000.0,1
834600.0,17,707.28,29012000.0,0
8197200.0,11,411.83,3712000.0,0
551400.0,14,424.98,14492000.0,1
5377800.0,16,233.53,17734000.0,0
7665400.0,6,967.38,11948000.0,1
3393800.0,18,160.91,8693000.0,1
8762700.0,14,60.26,2102000.0,1
7624100.0,12,279.01,20684000.0,0
6411300.0,16,594.79,28409000.0,0
3596900.0,1,479.96,21438000.0,1
1363200.0,6,307.03,5714000.0,1
5952400.0,17,412.86,17567000.0,1
2042200.0,7,189.04,28472000.0,0
8792400.0,16,242.67,13559000.0,0
8791900.0,4,231.33,16985000.0,1
4950600.0,9,901.63,29642000.0,1
6899400.0,0,955.97,18677000.0,1
7270000.0,14,635.95,28299000.0,1
3431900.0,2,702.15,18721000.0,1
1536500.0,17,717.76,14888000.0,1
4288000.0,23,394.58,17877000.0,0
5034400.0,13,464.62,11118000.0,1
6932500.0,20,680.64,11202000.0,0
6842500.0,16,691.68,23070000.0,1
555300.0,8,177.95,20386000.0,1
9220000.0,19,579.07,12454000.0,0
2052000.0,13,869.38,16913000.0,0
2337500.0,22,354.84,3618000.0,0
891900.0,5,469.67,24632000.0,0
4961200.0,8,110.35,26516000.0,1
9243700.0,6,330.46,23459000.0,0
6626900.0,10,41.06,25297000.0,1
4914000.0,12,138.47,12786000.0,0
8593000.0,13,234.51,4532000.0,0
9495700.0,16,614.26,26011000.0,1
5611600.0,13,48.55,14092000.0,1
7930100.0,10,383.51,4181000.0,0
9827900.0,3,126.81,3265000.0,0
295100.0,15,421.7,16501000.0,0
5851300.0,9,573.69,20889000.0,0
6885100.0,13,108.5,11745000.0,1
5445100.0,21,281.82,4537000.0,1
3036900.0,23,154.8,26618000.0,0
2672600.0,11,131.95,16774000.0,1
8851400.0,2,808.28,21665000.0,1
8807500.0,18,909.32,23422000.0,0
1377300.0,3,978.39,6428000.0,0
7443400.0,3,557.16,20083000.0,0
6991300.0,9,249.01,21988000.0,0
4619800.0,13,942.8,27137000.0,1
3975700.0,8,854.65,15620000.0,1
3241300.0,19,450.2,28675000.0,1
7174100.0,16,108.97,2928000.0,1
4525300.0,18,351.3,7657000.0,1
6777800.0,16,371.65,6547000.0,1
6989800.0,8,281.95,25024000.0,1
9812000.0,16,994.14,1670000.0,1
6835700.0,0,197.52,9071000.0,0
789700.0,12,213.34,5397000.0,0
2217500.0,19,339.93,7708000.0,1
5887600.0,0,479.09,25446000.0,1
249800.0,2,698.71,11847000.0,0
4535400.0,21,1.12,6538000.0,1
3061100.0,13,57.81,17998000.0,0
1790200.0,23,971.13,2710000.0,0
457100.0,12,622.67,2808000.0,0
169100.0,1,648.75,13895000.0,0
1699800.0,7,809.45,8377000.0,0
9384500.0,22,597.49,7811000.0,1
3274400.0,7,841.38,25350000.0,1
9373700.0,8,45.18,13310000.0,1
982900.0,1,794.25,23100000.0,1
6040600.0,8,852.81,6390000.0,0
5290400.0,4,483.83,1032000.0,0
6348200.0,10,687.47,19381000.0,1
8475000.0,15,827.56,3369000.0,1
3899500.0,13,543.52,5902000.0,0
6653600.0,2,401.12,17607000.0,0
2113800.0,23,977.26,27706000.0,1
7858100.0,15,54.78,8487000.0,0
5345100.0,1,568.04,16933000.0,0
804700.0,23,786.92,20230000.0,1
2930600.0,4,118.76,2836000.0,1
1349100.0,23,177.9,12732000.0,0
7452300.0,17,79.83,15203000.0,1
4038700.0,7,749.36,3828000.0,1
5234000.0,16,781.16,24658000.0,0
6095300.0,3,61.02,16899000.0,0
3728400.0,13,56.18,29908000.0,1
9859600.0,8,891.62,27589000.0,1
7530000.0,14,869.33,23935000.0,1
6485300.0,7,426.96,7228000.0,0
1521300.0,14,947.45,14460000.0,0
3710500.0,13,169.05,28861000.0,1
3792200.0,23,294.12,12912000.0,1
7037700.0,21,714.62,5262000.0,1
814600.0,6,423.15,11036000.0,0
1400500.0,3,869.44,23281000.0,0
7941300.0,2,727.47,14435000.0,1
3824200.0,17,250.22,17463000.0,1
2994800.0,17,231.58,25979000.0,0
1051400.0,1,569.0,27229000.0,0
846900.0,23,376.26,4875000.0,0
4190300.0,17,876.86,5300000.0,0
4600300.0,2,380.18,14539000.0,0
9699100.0,6,31.89,22029000.0,1
6644500.0,5,965.39,7600000.0,1
2221200.0,16,332.48,24966000.0,0
6832800.0,4,162.37,13568000.0,0
128900.0,4,617.19,20280000.0,1
7445800.0,11,100.74,26000000.0,0
3127700.0,19,82.21,11314000.0,1
6794800.0,8,603.19,9972000.0,1
9553800.0,15,972.17,24506000.0,0
9890900.0,4,996.81,20402000.0,0
5550700.0,14,939.44,10533000.0,1
699100.0,9,832.43,17384000.0,0
618600.0,6,496.76,9000000.0,1
2713300.0,3,652.59,18703000.0,1
943400.0,21,108.87,14334000.0,0
2879300.0,20,432.73,13134000.0,0
8856100.0,17,29.28,23242000.0,1
3075100.0,23,621.88,20412000.0,0
3294600.0,0,825.66,6147000.0,0
8310400.0,2,215.68,18156000.0,0
7609600.0,15,530.29,18788000.0,0
3227100.0,16,150.9,8532000.0,1
5024200.0,8,897.22,28975000.0,1
5601500.0,4,164.19,10462000.0,0
7229100.0,9,534.98,19616000.0,1
1340300.0,4,14.11,22058000.0,1
7535000.0,16,399.54,1944000.0,1
971700.0,11,337.91,25242000.0,1
5871500.0,19,672.81,27547000.0,1
9452100.0,21,231.4,25297000.0,0
1715300.0,8,820.99,9279000.0,0
7745900.0,1,89.79,27593000.0,1
3914500.0,10,774.3,4615000.0,1
2330900.0,22,393.95,18596000.0,0
5137400.0,5,154.01,5322000.0,0
1906300.0,8,834.54,19660000.0,1
4452600.0,3,715.55,12460000.0,0
5859800.0,15,13.65,24491000.0,0
7708100.0,22,471.3,28607000.0,0
8139900.0,1,494.4,13410000.0,0
8884000.0,18,748.57,5269000.0,1
4861800.0,15,136.52,15415000.0,0
9144900.0,0,514.08,12235000.0,1
8961600.0,5,669.34,25657000.0,0
4887600.0,3,252.3,4835000.0,1
1096100.0,7,751.2,21733000.0,1
3647300.0,9,782.39,8482000.0,1
7458300.0,10,348.12,5479000.0,0
5604600.0,23,246.8,1119000.0,0
1873400.0,14,498.43,26018000.0,1
8611700.0,7,951.99,24840000.0,0
6459500.0,15,29.52,14922000.0,0
1285600.0,9,796.44,20503000.0,1
8201300.0,19,653.33,5307000.0,0
5146800.0,10,702.26,21846000.0,1
3576100.0,2,869.6,5300000.0,0
5237100.0,12,925.65,5035000.0,0
5402600.0,8,424.41,19727000.0,0
9780600.0,9,163.01,14805000.0,0
6846100.0,15,246.12,14689000.0,0
2737400.0,5,860.47,26885000.0,1
4171100.0,9,587.98,2215000.0,0
1119700.0,6,91.42,16903000.0,0
3550100.0,21,488.26,17548000.0,1
8073900.0,0,820.91,15518000.0,1
4043300.0,22,381.02,25960000.0,0
8096400.0,0,882.13,5494000.0,0
3149800.0,21,231.29,9177000.0,0
6230500.0,20,302.85,12471000.0,0
736200.0,19,321.28,19090000.0,0
1337000.0,15,281.26,14725000.0,0
4088600.0,16,199.02,22597000.0,1
9167800.0,20,437.85,28948000.0,1
7120200.0,16,752.26,2983000.0,1
2204400.0,14,865.91,4129000.0,0
2976000.0,1,606.68,11170000.0,1
449500.0,22,417.26,27355000.0,0
6414400.0,4,723.41,17965000.0,1
9472400.0,4,35.69,13328000.0,0
6422900.0,22,914.65,7193000.0,1
7554800.0,19,171.52,8371000.0,1
3798300.0,13,776.17,24507000.0,0
7800800.0,5,994.36,6727000.0,0
4897100.0,16,182.37,18072000.0,1
7102900.0,7,177.65,13940000.0,1
2587500.0,8,317.72,11994000.0,0
7047500.0,3,575.16,17950000.0,1
2338000.0,1,577.88,1207000.0,0
3358600.0,11,128.75,29710000.0,0
2845200.0,5,214.28,6829000.0,0
4379800.0,23,157.29,3734000.0,1
2155500.0,12,515.02,23265000.0,1
6041700.0,2,540.0,20981000.0,0
6456600.0,2,427.77,18981000.0,0
2278200.0,9,208.92,4537000.0,0
7717400.0,22,543.73,3786000.0,0
6641400.0,13,677.97,16246000.0,1
9582400.0,1,190.95,22271000.0,0
8656200.0,5,106.55,2403000.0,1
9466600.0,10,538.87,4207000.0,0
9219100.0,8,615.01,14106000.0,0
9061300.0,14,817.45,15018000.0,1
9837300.0,3,835.3,27131000.0,1
9554000.0,22,407.2,18778000.0,0
3566100.0,10,815.91,12982000.0,0
1325600.0,19,433.98,29412000.0,0
9302300.0,13,618.59,9982000.0,1
3128100.0,2,112.23,5342000.0,0
8654900.0,17,987.99,10074000.0,1
9955600.0,13,661.37,15865000.0,1
6212300.0,0,922.21,28145000.0,0
2865600.0,16,417.51,6285000.0,0
6640600.0,22,258.72,23704000.0,1
8449600.0,0,802.59,25088000.0,1
1703400.0,15,399.58,8217000.0,1
8770800.0,22,780.76,12974000.0,0
7187700.0,20,916.69,8585000.0,1
9232000.0,13,753.54,2875000.0,1
3459100.0,20,62.68,19552000.0,1
9103700.0,14,538.37,5118000.0,1
1842500.0,22,622.19,12048000.0,1
7261900.0,19,149.3,27461000.0,1
9309400.0,20,232.41,18915000.0,1
5522900.0,15,534.78,10947000.0,0
1506900.0,1,528.47,10832000.0,1
9614700.0,19,890.06,8676000.0,0
5872800.0,22,95.48,7115000.0,1
2754300.0,6,563.58,8869000.0,1
9196500.0,5,349.81,1565000.0,1
8265300.0,22,409.27,8463000.0,1
9383600.0,16,106.58,19295000.0,1
6471300.0,23,368.33,5847000.0,1
2188800.0,3,278.75,17227000.0,0
5983300.0,10,839.69,1542000.0,1
5081300.0,2,711.64,18605000.0,0
5077100.0,5,226.18,3508000.0,0
144500.0,23,584.46,11078000.0,1
2573600.0,13,587.28,9472000.0,0
2694100.0,12,60.63,11789000.0,0
881400.0,22,457.23,16078000.0,1
3787800.0,3,555.45,9904000.0,0
4488300.0,20,826.74,28784000.0,1
6860300.0,16,880.22,29572000.0,0
5197000.0,22,476.67,15505000.0,1
4538300.0,10,845.6,24569000.0,1
1462900.0,0,605.6,14973000.0,1
2361200.0,17,249.92,26244000.0,1
3203600.0,9,883.88,26038000.0,1
1485800.0,4,908.66,12260000.0,0
2572700.0,6,469.37,21115000.0,0
4042600.0,3,473.91,6140000.0,0
2307000.0,6,41.24,1299000.0,1
2552400.0,19,931.05,18181000.0,0
7837000.0,5,164.87,6060000.0,0
3627700.0,16,138.57,10973000.0,1
3824700.0,8,598.29,15967000.0,1
7821300.0,4,918.47,15176000.0,1
7682600.0,16,806.58,22718000.0,0
7164100.0,19,254.01,15345000.0,1
5813200.0,18,86.62,26737000.0,0
633700.0,18,635.63,9737000.0,1
8600300.0,4,345.24,19402000.0,0
6269700.0,0,3.61,9266000.0,1
9403400.0,15,634.6,19001000.0,0
1811800.0,1,759.64,23509000.0,1
1170500.0,16,613.03,17020000.0,1
9021400.0,9,547.52,12328000.0,0
3153900.0,22,382.33,24983000.0,1
9597800.0,0,54.73,14098000.0,1
7563000.0,7,342.67,14767000.0,0
2250400.0,23,783.03,22432000.0,1
6266200.0,18,679.95,25503000.0,0
3414100.0,2,916.1,14855000.0,0
8204000.0,6,796.3,2906000.0,0
6433100.0,16,981.86,22535000.0,1
7294000.0,2,752.7,22321000.0,0
2863500.0,4,852.4,4030000.0,0
220900.0,3,171.04,4750000.0,0
4132100.0,7,987.35,20330000.0,0
7169500.0,2,187.68,26627000.0,1
9124100.0,6,460.71,29896000.0,0
3080700.0,6,48.83,9757000.0,0
4589900.0,14,139.8,2592000.0,0
8816200.0,17,130.31,27505000.0,1
2511400.0,19,984.8,18811000.0,0
6811700.0,15,871.09,14690000.0,1
8833700.0,15,995.71,28898000.0,0
6304100.0,22,410.61,19361000.0,0
1157400.0,15,80.26,23041000.0,0
6523200.0,3,497.5,27443000.0,0
416900.0,20,931.84,22389000.0,1
2818300.0,0,11.22,1171000.0,1
8843600.0,18,679.48,11212000.0,0
7143100.0,0,215.68,6415000.0,0
2151900.0,5,350.57,2465000.0,1
6917100.0,16,213.82,19837000.0,1
5736400.0,15,331.71,20017000.0,1
8090400.0,4,825.24,12586000.0,1
6721400.0,21,433.6,23641000.0,0
8255000.0,3,169.83,22665000.0,0
7296600.0,4,463.29,5187000.0,1
827600.0,18,509.54,24029000.0,1
4739800.0,15,758.66,18354000.0,1
613000.0,15,427.11,5045000.0,1
2858900.0,15,516.94,21838000.0,0
2809900.0,13,451.46,20593000.0,1
4682200.0,0,535.91,13866000.0,1
3293300.0,19,203.8,4476000.0,0
2323600.0,19,341.95,18274000.0,0
8600000.0,23,571.58,12387000.0,0
543600.0,1,806.7,21305000.0,0
4629700.0,6,110.46,1592000.0,1
6441200.0,17,573.5,4817000.0,1
1905400.0,18,248.9,2827000.0,0
4575300.0,16,687.68,19009000.0,1
3420400.0,21,489.32,27971000.0,1
8623900.0,15,855.57,22282000.0,1
506300.0,3,297.66,25074000.0,0
608600.0,17,364.71,18412000.0,0
4705100.0,19,196.8,17120000.0,0
7079200.0,23,198.31,9448000.0,0
8732900.0,2,530.98,28771000.0,0
5072100.0,13,565.92,28092000.0,1
9647800.0,1,891.35,12400000.0,0
6708700.0,17,527.85,24014000.0,1
9527200.0,14,969.79,3960000.0,1
8551600.0,18,921.2,12373000.0,1
8954200.0,7,814.26,7773000.0,0
308000.0,17,187.79,10657000.0,1
8803700.0,4,306.84,27942000.0,1
6576300.0,1,980.22,2766000.0,0
1428000.0,15,228.56,20832000.0,1
837200.0,10,201.56,5916000.0,1
1179000.0,8,671.57,14454000.0,0
4893800.0,4,514.46,9794000.0,0
678400.0,4,345.17,5281000.0,0
4169100.0,21,945.98,3623000.0,0
1624200.0,10,372.93,23311000.0,1
442700.0,7,471.87,11445000.0,1
1090600.0,19,251.79,11787000.0,0
880400.0,17,242.09,2851000.0,0
9005900.0,12,425.65,10998000.0,1
6589000.0,9,558.93,13055000.0,1
6386400.0,3,719.36,10672000.0,0
9800500.0,9,643.36,19238000.0,0
5586400.0,15,663.02,28564000.0,1
9332600.0,4,378.28,26027000.0,1
6532200.0,1,931.98,26296000.0,1
4474500.0,14,410.59,16163000.0,0
6992100.0,2,271.34,18740000.0,0
4317900.0,9,461.21,11619000.0,0
1925300.0,4,430.03,28227000.0,1
554100.0,10,818.89,14623000.0,1
9238800.0,9,12.21,20997000.0,1
3670400.0,19,501.41,7333000.0,1
8377200.0,9,1.22,25108000.0,1
4340700.0,6,882.62,29642000.0,1
671900.0,13,813.58,20657000.0,0
5564300.0,6,103.02,26445000.0,0
885600.0,19,449.21,26879000.0,0
7260300.0,3,787.73,8776000.0,0
3918600.0,20,302.46,17093000.0,0
7995300.0,7,493.8,11288000.0,0
1036600.0,9,765.43,15203000.0,0
265400.0,21,483.39,2321000.0,0
1231000.0,8,347.87,22738000.0,0
9420000.0,17,230.43,19983000.0,1
2745500.0,5,702.59,23892000.0,0
5888900.0,14,936.69,13656000.0,1
3903000.0,17,733.66,10584000.0,1
2162700.0,12,411.85,23626000.0,1
1591500.0,21,706.9,4470000.0,0
5939500.0,4,315.02,20231000.0,1
4640600.0,21,453.24,11655000.0,0
9593700.0,13,220.94,22996000.0,0
8295000.0,6,541.01,6687000.0,0
8198700.0,8,411.9,15919000.0,0
662300.0,17,670.77,9761000.0,0
4516200.0,22,189.0,27045000.0,1
34000.0,3,632.56,23744000.0,1
8488300.0,3,788.23,15788000.0,0
2561500.0,20,446.8,28420000.0,0
4286700.0,18,13.95,24805000.0,0
2362000.0,1,548.67,20344000.0,0
881400.0,18,10.28,20503000.0,0
9586100.0,4,59.4,7410000.0,1
5665800.0,20,980.75,23650000.0,1
4595600.0,3,609.36,3483000.0,0
7762100.0,21,867.49,7982000.0,0
4892600.0,15,253.8,12506000.0,1
8468700.0,9,883.48,4954000.0,0
8103100.0,18,574.7,17996000.0,1
230800.0,18,41.9,10142000.0,0
4893800.0,16,623.61,4693000.0,1
363500.0,17,508.86,28928000.0,1
3870200.0,1,357.73,8974000.0,0
3699900.0,6,171.84,8329000.0,0
7988600.0,18,380.57,28311000.0,1
2293000.0,15,257.79,26070000.0,1
5878500.0,13,720.73,25474000.0,0
4664300.0,4,209.61,6255000.0,1
8263200.0,19,679.88,20828000.0,0
8123000.0,11,610.66,9035000.0,0
663500.0,0,80.47,10515000.0,0
7977900.0,8,220.93,18609000.0,1
1494700.0,18,411.93,6528000.0,1
6593900.0,2,36.92,5416000.0,1
666300.0,20,577.97,17286000.0,1
806400.0,15,521.09,25496000.0,0
9372600.0,10,737.49,6878000.0,1
8602100.0,0,519.31,22428000.0,0
4563200.0,8,650.4,23362000.0,0
2085500.0,21,409.43,23958000.0,1
2244500.0,8,440.55,1996000.0,1
2905100.0,6,538.32,7919000.0,1
3512200.0,17,162.47,26640000.0,0
686300.0,17,643.4,15051000.0,0
3254700.0,23,932.29,13361000.0,0
491200.0,12,833.4,10426000.0,0
550600.0,12,514.54,22354000.0,1
8676400.0,21,300.11,13798000.0,0
6797300.0,8,1.56,24421000.0,1
7618500.0,23,372.95,16956000.0,0
6813900.0,15,914.2,19113000.0,0
3150800.0,18,611.26,17969000.0,1
6656800.0,17,779.45,5015000.0,1
8808200.0,14,147.55,28326000.0,1
9266900.0,18,610.68,26130000.0,1
4109100.0,18,597.44,10201000.0,0
8819600.0,16,900.09,4925000.0,1
7447300.0,5,269.41,2626000.0,1
2143400.0,22,17.55,24210000.0,0
5633700.0,20,82.29,13494000.0,1
2817900.0,18,399.34,9070000.0,0
2086000.0,19,325.75,17072000.0,1
4975100.0,18,601.58,12546000.0,0
6275200.0,16,522.46,17528000.0,1
257600.0,13,95.72,12828000.0,0
3102400.0,15,621.64,23006000.0,0
3867300.0,1,736.53,3978000.0,0
2280600.0,23,110.3,18849000.0,1
7171000.0,9,652.12,24120000.0,1
2253800.0,19,957.81,18098000.0,0
5903600.0,12,159.87,20685000.0,0
8279800.0,14,751.37,12182000.0,1
9276600.0,7,567.05,12867000.0,1
1758000.0,5,502.21,28009000.0,0
2273000.0,21,317.99,22124000.0,1
2722800.0,18,341.33,9257000.0,1
3413600.0,5,644.25,4287000.0,1
2814600.0,5,51.3,17683000.0,1
7036200.0,0,567.68,8588000.0,0
4717100.0,22,505.73,27651000.0,1
508300.0,23,184.88,13450000.0,0
2020000.0,2,490.34,24867000.0,0
2495900.0,11,589.78,22548000.0,0
7721700.0,12,707.62,13357000.0,0
1311800.0,21,38.51,15043000.0,0
946700.0,7,351.02,23963000.0,1
6349600.0,17,819.3,23175000.0,0
851600.0,5,419.57,1594000.0,0
7028300.0,18,909.83,4831000.0,0
1788900.0,18,807.79,1798000.0,0
6323900.0,4,423.53,8734000.0,0
3481700.0,11,951.1,16110000.0,0
773800.0,6,819.73,2384000.0,0
6986700.0,10,891.35,24303000.0,1
32700.0,14,281.76,11382000.0,0
7532700.0,1,609.33,25059000.0,1
9035100.0,3,414.6,14061000.0,0
2099700.0,15,894.5,23617000.0,1
4832000.0,6,169.04,19966000.0,1
7194100.0,5,974.97,11489000.0,0
3010200.0,6,426.0,11878000.0,0
5979400.0,18,509.25,12931000.0,1
299200.0,15,825.74,16481000.0,0
3215000.0,5,147.66,14309000.0,1
2937500.0,2,604.06,21048000.0,1
6701400.0,16,286.45,27422000.0,1
6248700.0,0,44.26,21869000.0,1
6832200.0,9,811.7,28001000.0,0
8779700.0,19,486.48,17608000.0,0
9358600.0,8,997.64,7413000.0,1
1041200.0,7,121.65,6650000.0,0
6377400.0,17,697.02,10510000.0,1
3400400.0,18,385.26,20520000.0,1
3178500.0,5,505.13,15731000.0,1
8265800.0,12,339.42,4041000.0,0
5289100.0,19,936.37,10767000.0,0
4433100.0,5,125.93,16772000.0,0
1922100.0,10,56.19,4702000.0,1
7402200.0,11,85.15,2334000.0,0
8676000.0,4,749.42,20605000.0,0
6669000.0,14,722.53,1331000.0,1
7211300.0,20,370.59,8964000.0,0
1095800.0,9,690.47,28836000.0,0
3163700.0,11,205.27,9564000.0,1
4689600.0,8,489.64,18734000.0,1
7813000.0,23,696.87,14594000.0,1
982100.0,18,568.59,10535000.0,0
2072800.0,6,660.7,5049000.0,1
9517000.0,6,594.0,19778000.0,0
1429900.0,2,153.19,13747000.0,0
7325200.0,5,507.35,28571000.0,1
4103300.0,0,695.44,14168000.0,0
8766700.0,3,485.22,29245000.0,0
685700.0,10,313.29,23486000.0,0
7363900.0,15,802.59,25796000.0,1
9499900.0,7,245.48,26659000.0,1
7009500.0,23,691.28,21592000.0,0
3639000.0,13,964.14,27314000.0,1
9670900.0,4,191.09,3831000.0,1
8025500.0,13,785.8,29362000.0,1
6784500.0,15,155.72,2406000.0,1
2677000.0,14,401.5,24149000.0,1
7533000.0,19,262.69,21335000.0,1
9065200.0,22,489.58,10019000.0,0
6387500.0,7,900.07,3658000.0,1
3835900.0,22,813.69,26185000.0,0
9802200.0,18,700.31,23610000.0,1
587400.0,17,402.61,17959000.0,0
3218500.0,3,979.35,28846000.0,0
9621400.0,18,160.33,24002000.0,0
6192700.0,4,163.68,26481000.0,0
977600.0,7,346.98,18486000.0,0
5613200.0,14,496.69,11105000.0,1
9982500.0,12,341.12,4108000.0,0
9293200.0,15,528.46,9143000.0,0
3091000.0,22,262.64,22640000.0,1
2493200.0,13,902.3,11128000.0,0
2685800.0,9,913.42,24702000.0,1
2184100.0,18,685.5,22799000.0,1
1938000.0,6,316.0,28842000.0,1
3035500.0,5,830.29,29653000.0,0
7857100.0,18,383.3,22131000.0,0
5273100.0,8,384.0,13045000.0,0
2239800.0,3,461.41,21364000.0,0
8362700.0,13,760.58,23425000.0,0
4358300.0,22,494.13,22992000.0,1
1537500.0,10,765.74,22761000.0,0
6271600.0,21,355.38,3483000.0,1
535800.0,20,3.46,15618000.0,0
224500.0,13,528.46,17218000.0,0
7804800.0,4,463.93,21708000.0,1
3080900.0,5,36.15,7494000.0,0
6199100.0,10,564.83,1474000.0,0
4456900.0,4,127.58,27448000.0,0
9939200.0,7,282.34,17157000.0,1
879500.0,7,943.42,19286000.0,0
9849100.0,8,419.13,21351000.0,0
6945800.0,13,78.5,13940000.0,0
9970700.0,21,575.87,19648000.0,1
1855900.0,17,777.92,24669000.0,0
2945200.0,14,926.2,24359000.0,0
1181000.0,20,424.4,8594000.0,1
9896800.0,13,956.7,24609000.0,0
2921800.0,17,698.79,4576000.0,0
2481500.0,13,248.11,22353000.0,0
5436300.0,21,625.38,19949000.0,1
8839100.0,22,869.6,20922000.0,0
5453400.0,15,827.25,29189000.0,1
153100.0,4,613.67,9864000.0,0
3251200.0,9,509.95,24040000.0,0
6311100.0,3,445.38,3128000.0,1
4773400.0,14,6.61,15551000.0,0
2136400.0,18,569.89,19324000.0,1
3499300.0,14,973.94,17949000.0,1
4278300.0,19,45.59,20735000.0,1
111400.0,2,462.52,1713000.0,1
6232300.0,15,487.02,2138000.0,1
8509700.0,7,646.86,27969000.0,0
1671700.0,21,89.11,28954000.0,0
7932100.0,0,458.6,11841000.0,0
3975100.0,21,597.25,19189000.0,1
2640700.0,13,979.59,21686000.0,0
5747800.0,10,852.05,15091000.0,0
1789600.0,23,166.32,20161000.0,1
3056400.0,1,809.1,10651000.0,0
8133800.0,16,751.56,28853000.0,1
4370400.0,4,982.9,29754000.0,0
9628300.0,3,69.52,18920000.0,0
2731900.0,3,925.3,3517000.0,1
2377600.0,15,511.31,29765000.0,1
5358900.0,7,244.96,21532000.0,1
8096900.0,19,415.14,15439000.0,0
7957000.0,22,277.99,23546000.0,1
2370000.0,7,616.77,26006000.0,1
1961800.0,23,100.68,28183000.0,0
3325700.0,12,489.94,3858000.0,0
4021400.0,21,776.58,28733000.0,0
1886300.0,20,174.17,28422000.0,1
1762400.0,9,60.24,3495000.0,0
7417700.0,14,200.74,11176000.0,1
3072000.0,1,613.49,10288000.0,0
9278900.0,14,722.41,3964000.0,1
5338200.0,20,89.78,17463000.0,0
334000.0,19,426.36,13904000.0,0
7194400.0,10,967.09,20788000.0,1
1809300.0,22,859.44,2009000.0,0
4144700.0,23,759.26,17482000.0,0
4363900.0,12,586.01,3480000.0,1
432400.0,11,413.03,27363000.0,0
9065200.0,17,639.49,11111000.0,1
2810800.0,14,850.78,20556000.0,0
6043500.0,6,153.86,2135000.0,1
2558400.0,5,463.99,23808000.0,0
5872700.0,18,987.51,26520000.0,0
8522800.0,2,724.3,14031000.0,0
1801900.0,15,195.61,28242000.0,1
4210400.0,13,517.29,25090000.0,0
5255500.0,6,40.53,7039000.0,0
1042100.0,20,985.18,15226000.0,0
5960500.0,18,641.73,3288000.0,0
9993900.0,2,378.79,9381000.0,0
8071300.0,4,690.51,28063000.0,0
5185500.0,4,210.9,16661000.0,0
2029500.0,20,697.19,3868000.0,0
1071000.0,19,309.28,25382000.0,1
8766600.0,12,529.13,4114000.0,1
7383300.0,18,801.62,5753000.0,0
7686700.0,12,810.83,12653000.0,0
4681300.0,4,920.09,13976000.0,0
477100.0,4,548.97,13126000.0,0
5721300.0,20,451.68,12594000.0,1
5062400.0,2,261.56,16365000.0,1
445000.0,8,275.33,22440000.0,0
3861300.0,19,823.91,16915000.0,0
6487600.0,0,527.46,27409000.0,1
1337800.0,11,225.12,28411000.0,0
2706300.0,9,664.67,8564000.0,0
2246300.0,20,278.99,26149000.0,0
7397200.0,1,712.76,14260000.0,1
3860200.0,23,189.55,5285000.0,1
6416700.0,19,250.08,12181000.0,0
3994400.0,4,279.81,29479000.0,1
4283900.0,21,658.1,27077000.0,1
1235800.0,9,165.56,10057000.0,0
4286600.0,14,701.01,7436000.0,1
9984500.0,23,196.06,9013000.0,1
7519300.0,9,737.39,17619000.0,1
6925000.0,15,943.64,28940000.0,0
8072700.0,7,384.89,18702000.0,1
635200.0,8,270.82,14716000.0,1
7998700.0,19,20.81,25531000.0,1
7948900.0,20,923.72,25687000.0,0
6598800.0,0,995.02,2099000.0,1
9143900.0,1,768.92,1819000.0,0
632700.0,9,106.94,16690000.0,0
898600.0,5,265.65,8398000.0,0
9215200.0,7,101.27,27475000.0,0
4106000.0,11,339.41,24775000.0,0
9453300.0,7,459.09,10341000.0,1
4759900.0,12,516.86,24747000.0,0
4340500.0,12,444.6,10327000.0,0
8065800.0,1,530.87,12490000.0,0
4648100.0,0,332.6,8248000.0,1
1782400.0,16,838.74,27759000.0,1
4294100.0,23,30.27,25812000.0,0
2074000.0,14,652.84,23928000.0,1
9044000.0,2,100.66,7300000.0,1
8521400.0,13,209.2,14448000.0,0
1255600.0,22,382.69,21571000.0,0
3459000.0,23,639.53,26080000.0,1
8121900.0,21,925.62,10525000.0,0
237000.0,22,606.87,23602000.0,1
32900.0,8,94.47,20829000.0,0
1855300.0,4,57.33,22794000.0,0
9309000.0,0,977.55,9341000.0,0
4815200.0,2,921.65,27934000.0,0
1749100.0,23,568.76,7597000.0,0
2134800.0,16,758.73,11889000.0,0
1361100.0,1,242.75,13592000.0,0
5734500.0,6,311.79,28963000.0,0
2015700.0,18,210.24,10429000.0,0
6198800.0,6,382.25,21210000.0,1
9774400.0,7,433.77,9588000.0,0
6192100.0,3,909.22,13908000.0,1
2355900.0,18,731.12,9387000.0,0
1641200.0,23,629.57,16294000.0,0
2819100.0,6,281.25,9141000.0,1
4805000.0,17,640.4,25211000.0,0
2130500.0,21,565.2,25069000.0,1
72900.0,11,995.09,22225000.0,1
7909700.0,2,111.77,7314000.0,1
5608100.0,6,952.84,23967000.0,1
7267400.0,19,92.25,6307000.0,1
3961300.0,7,131.37,13040000.0,0
2270500.0,7,431.0,13539000.0,1
6078300.0,3,50.76,11120000.0,1
4169900.0,7,138.62,4744000.0,0
2808100.0,15,718.36,6469000.0,1
8515300.0,14,979.45,9357000.0,1
9710400.0,16,694.02,21843000.0,0
7838300.0,7,406.18,17410000.0,1
8973100.0,23,944.9,27700000.0,1
5935000.0,18,386.62,28764000.0,0
2504200.0,20,22.29,13536000.0,1
8457400.0,18,696.94,28979000.0,1
7281200.0,11,873.38,24184000.0,1
1444700.0,22,463.12,17913000.0,1
9830600.0,21,379.15,29921000.0,1
9407400.0,10,920.12,23649000.0,0
3733700.0,6,328.74,4261000.0,1
4480000.0,22,500.07,1015000.0,1
4097200.0,7,449.92,15447000.0,0
5041500.0,9,208.65,28484000.0,0
2686100.0,3,898.66,16097000.0,1
1603300.0,15,515.58,4859000.0,0
9394000.0,5,35.64,20593000.0,0
6710200.0,23,403.88,16056000.0,0
9858700.0,11,182.7,3098000.0,1
6982700.0,17,320.88,25912000.0,1
3248100.0,14,772.43,2993000.0,0
8010400.0,14,387.94,12644000.0,1
2433900.0,9,627.06,25729000.0,1
9988000.0,20,927.09,17107000.0,1
3842900.0,11,345.08,14468000.0,0
4164600.0,0,458.05,27940000.0,0
6914700.0,0,165.84,24239000.0,0
3048600.0,21,714.53,13461000.0,1
4448000.0,10,17.69,6053000.0,0
3487800.0,0,651.96,25626000.0,0
238800.0,6,63.36,19481000.0,0
5877900.0,6,16.72,15461000.0,1
5757200.0,5,523.25,29127000.0,1
3493300.0,2,941.21,20948000.0,0
3709400.0,19,690.18,4889000.0,1
381600.0,18,12.79,12975000.0,1
3088500.0,0,939.52,29311000.0,1
7368200.0,10,492.87,24732000.0,0
4909800.0,6,382.76,20057000.0,0
1851400.0,8,695.17,25000000.0,1
1325600.0,6,784.62,10714000.0,1
4822900.0,18,685.83,26996000.0,0
4721600.0,14,309.14,25549000.0,1
4602100.0,13,150.98,16391000.0,0
5900300.0,16,88.08,15555000.0,0
3491000.0,13,917.67,1696000.0,0
3945800.0,1,898.88,13829000.0,0
3288800.0,10,555.03,14905000.0,0
6228600.0,20,164.61,28655000.0,0
342500.0,6,301.27,5187000.0,0
7037700.0,12,141.47,20472000.0,0
8024200.0,3,402.94,18147000.0,1
3658100.0,7,122.32,23315000.0,0
298000.0,13,299.66,27616000.0,1
7033300.0,15,782.91,1499000.0,0
6345800.0,12,575.02,7549000.0,1
7535200.0,17,215.25,19593000.0,1
1400400.0,8,761.93,28325000.0,1
5718000.0,6,918.25,21293000.0,0
3855900.0,22,101.69,20082000.0,1
623500.0,23,858.78,1717000.0,1
6350000.0,4,49.42,21925000.0,0
5054500.0,19,420.88,16006000.0,0
8047900.0,22,976.66,23650000.0,0
3518900.0,14,529.18,2035000.0,0
4086300.0,22,905.07,7343000.0,0
2598800.0,1,319.09,9285000.0,0
4879200.0,3,731.79,15452000.0,0
4752600.0,0,824.55,7502000.0,1
713500.0,9,492.95,23717000.0,1
9588800.0,3,909.09,20236000.0,0
8231300.0,0,917.18,4968000.0,0
8493300.0,10,526.1,27540000.0,0
4893100.0,12,258.61,11467000.0,1
3779500.0,6,951.92,29809000.0,1
7244600.0,9,774.44,2869000.0,0
9878700.0,3,251.97,10905000.0,1
7555100.0,10,2.38,27081000.0,0
913600.0,3,871.84,8434000.0,0
8007100.0,19,64.2,23651000.0,0
4547700.0,4,691.21,27583000.0,1
125600.0,16,754.69,16579000.0,1
2544200.0,18,124.91,25391000.0,0
9056000.0,13,736.65,26279000.0,0
4873900.0,13,412.98,10351000.0,0
7465500.0,16,10.89,27068000.0,1
4411800.0,1,464.56,7576000.0,0
79600.0,15,487.71,13622000.0,1
6054500.0,22,882.8,1504000.0,0
2828000.0,13,697.2,16420000.0,1
1390300.0,13,170.63,22406000.0,1
6861400.0,10,1.98,24686000.0,0
6116100.0,22,792.61,4104000.0,0
2473700.0,6,258.15,13587000.0,0
472600.0,3,184.05,21156000.0,0
8152800.0,22,493.6,15340000.0,0
6976400.0,1,55.15,29507000.0,0
1279700.0,12,787.58,5629000.0,0
7825000.0,3,761.81,7313000.0,1
3856400.0,14,52.6,11318000.0,0
7850000.0,2,285.52,9195000.0,0
8575400.0,10,656.74,7445000.0,0
1569500.0,21,583.9,18913000.0,1
4813800.0,0,758.96,18193000.0,0
7682300.0,3,708.96,25379000.0,1
9569300.0,0,450.16,24313000.0,1
6634500.0,22,817.86,17931000.0,1
6546500.0,16,898.47,7572000.0,1
9558000.0,11,898.79,25200000.0,0
1267600.0,13,297.24,25561000.0,1
6155600.0,6,272.0,1836000.0,1
7092900.0,21,598.43,26006000.0,1
3851200.0,11,243.6,10690000.0,0
5866900.0,13,905.82,12489000.0,1
4494600.0,17,194.86,10215000.0,0
700600.0,22,876.01,10954000.0,0
3843300.0,19,358.94,23446000.0,1
18600.0,23,1.73,15276000.0,0
7166200.0,3,957.14,19270000.0,1
8931200.0,13,791.32,19996000.0,0
1787100.0,13,34.45,10846000.0,1
8895200.0,16,926.32,18729000.0,1
2471600.0,16,550.8,6460000.0,1
265600.0,16,256.16,1838000.0,0
3189600.0,11,800.69,1570000.0,0
4417500.0,15,261.02,20242000.0,0
8395400.0,16,669.73,5120000.0,0
5761400.0,7,958.6,20503000.0,1
840100.0,14,745.44,21437000.0,0
2108800.0,15,807.09,29276000.0,0
7250400.0,22,897.63,2038000.0,0
4920000.0,7,626.06,22576000.0,1
6071600.0,2,242.93,25932000.0,0
1432600.0,17,648.67,28471000.0,0
5800600.0,0,90.81,14439000.0,1
3197500.0,5,76.41,23375000.0,0
476200.0,12,756.6,18377000.0,1
3729000.0,18,134.97,12983000.0,0
5920200.0,16,170.87,22922000.0,0
5787500.0,0,763.66,20240000.0,0
3064800.0,3,957.46,24068000.0,0
4554600.0,0,730.32,16824000.0,1
3280000.0,17,640.26,8333000.0,1
4711900.0,19,98.4,5841000.0,1
7878700.0,14,623.07,15596000.0,0
6360400.0,3,901.25,1892000.0,0
4447000.0,16,94.51,17791000.0,0
1791400.0,3,306.21,14858000.0,0
2273700.0,16,436.24,5101000.0,0
7561600.0,22,446.4,8515000.0,1
2880200.0,8,993.91,27807000.0,0
6982600.0,10,696.84,27109000.0,0
1475900.0,13,804.23,18138000.0,0
1415000.0,23,200.52,1497000.0,1
8436200.0,0,144.2,3945000.0,1
6547100.0,9,127.76,7706000.0,0
1462900.0,16,16.0,27377000.0,1
9073700.0,1,53.91,4563000.0,1
8505200.0,10,381.05,24142000.0,1
5527200.0,14,177.33,28008000.0,0
3697300.0,15,17.09,22341000.0,1
2224100.0,14,375.68,11392000.0,1
3391100.0,6,182.18,6321000.0,1
6962200.0,10,370.34,16072000.0,0
2037000.0,9,977.16,23973000.0,0
7534500.0,7,644.67,9731000.0,0
9726300.0,14,464.9,4238000.0,0
7289200.0,11,705.1,16241000.0,0
777500.0,9,390.38,25518000.0,1
2532800.0,2,155.08,14064000.0,0
1185900.0,19,391.09,20454000.0,1
5863300.0,23,333.6,12959000.0,0
2507400.0,4,818.79,23708000.0,0
3026900.0,19,717.31,29672000.0,1
287800.0,23,185.56,1421000.0,0
6403700.0,22,458.3,22262000.0,1
6880300.0,11,654.7,1956000.0,1
5599300.0,0,767.23,1589000.0,1
1069000.0,2,674.31,14380000.0,1
7011000.0,11,479.29,9218000.0,0
9285700.0,17,430.75,2502000.0,1
9051200.0,3,473.96,3426000.0,1
9673200.0,4,382.45,24998000.0,0
8732100.0,8,170.32,20559000.0,0
7087900.0,11,206.99,10693000.0,0
1761900.0,17,662.18,16511000.0,1
9981300.0,0,35.9,8008000.0,1
2194400.0,15,851.32,11469000.0,1
3847700.0,18,537.85,15033000.0,0
9399200.0,15,236.62,4430000.0,1
9943900.0,13,316.44,12948000.0,1
3101200.0,5,615.79,17646000.0,0
9387000.0,10,531.06,3891000.0,1
1623200.0,21,78.64,22719000.0,0
2349300.0,18,904.88,22811000.0,1
613900.0,6,615.04,13469000.0,1
6888200.0,22,259.58,5993000.0,1
729600.0,18,723.01,19231000.0,0
5541400.0,18,560.88,28383000.0,0
4382000.0,15,887.13,7876000.0,0
3078500.0,10,124.31,25615000.0,0
7283900.0,0,660.39,16791000.0,0
6405600.0,21,474.59,27731000.0,1
3548900.0,9,80.26,10457000.0,0
2135000.0,21,210.66,2734000.0,1
8340900.0,18,683.34,12349000.0,1
6486400.0,0,424.15,20922000.0,1
9823000.0,17,610.25,8748000.0,0
1938900.0,14,730.06,10465000.0,1
9649900.0,0,912.19,18239000.0,1
9497900.0,5,725.86,1256000.0,0
9181800.0,9,878.15,27274000.0,1
4236300.0,13,281.7,22517000.0,1
7839900.0,6,262.08,27132000.0,1
4859200.0,18,929.57,6132000.0,0
8198900.0,14,133.66,11724000.0,0
2636700.0,3,11.8,22382000.0,1
7616600.0,3,900.09,18366000.0,1
1615700.0,13,950.14,13995000.0,1
2931700.0,19,452.6,17754000.0,0
4270400.0,7,273.92,19099000.0,1
1498900.0,22,107.15,2571000.0,1
2758200.0,14,310.18,6979000.0,0
7152000.0,12,282.29,2564000.0,1
7115800.0,17,440.61,3360000.0,1
8365800.0,19,494.76,20870000.0,1
9082300.0,10,723.5,26263000.0,1
2566300.0,10,863.55,10158000.0,1
7437500.0,16,399.36,9675000.0,0
1563100.0,20,796.33,1520000.0,0
6764500.0,9,609.02,13900000.0,0
185300.0,23,979.53,5967000.0,0
371300.0,11,628.43,10790000.0,0
8362300.0,12,174.86,26514000.0,1
7229200.0,15,180.95,19037000.0,1
2989800.0,13,152.41,11273000.0,0
7489000.0,14,26.17,23293000.0,0
3130000.0,19,248.85,10985000.0,0
5586400.0,6,140.79,23031000.0,0
7742100.0,3,529.91,29837000.0,0
1915400.0,8,826.09,26249000.0,1
3632800.0,0,464.73,6606000.0,0
3530200.0,8,502.81,22619000.0,1
6728700.0,20,762.39,4954000.0,0
2164600.0,14,911.11,4748000.0,1
6189300.0,22,268.02,26718000.0,1
7543700.0,4,52.54,11892000.0,1
2309700.0,11,830.05,11801000.0,0
3649400.0,10,793.95,11345000.0,1
442500.0,12,557.38,21620000.0,1
5371500.0,5,522.9,18215000.0,0
5045300.0,7,961.16,21959000.0,1
6858600.0,7,97.45,12424000.0,0
5415900.0,17,671.03,22615000.0,1
8639800.0,1,139.4,15500000.0,0
8451900.0,21,5.98,5352000.0,0
1165900.0,6,837.62,15034000.0,1
5903700.0,2,376.31,3864000.0,1
6842500.0,13,393.37,15920000.0,0
4631700.0,10,126.18,26734000.0,0
2753700.0,21,909.22,7768000.0,0
1504900.0,5,406.3,1505000.0,1
7522400.0,1,429.46,8250000.0,0
168600.0,11,991.43,9300000.0,1
5259800.0,19,297.65,3292000.0,1
9938400.0,2,197.44,1611000.0,0
7204900.0,3,134.38,17396000.0,1
1664000.0,8,97.37,6465000.0,1
8486500.0,8,980.6,26220000.0,1
6567700.0,5,546.0,18308000.0,0
7820600.0,11,775.93,4135000.0,1
2675000.0,8,4.6,19064000.0,0
9425100.0,8,480.21,6530000.0,1
6784400.0,3,856.64,5902000.0,0
2349700.0,10,659.06,4293000.0,0
3461100.0,19,898.15,19243000.0,0
1771900.0,6,855.75,20975000.0,1
98200.0,5,21.0,19458000.0,0
742300.0,2,154.09,10550000.0,1
1527200.0,13,372.63,13230000.0,1
8708100.0,3,829.55,2136000.0,1
6092700.0,5,229.96,15208000.0,0
4444800.0,9,756.66,18645000.0,0
5196300.0,20,587.62,6770000.0,0
9425600.0,11,851.21,3070000.0,0
3915900.0,12,112.76,5422000.0,1
4014200.0,11,158.66,19444000.0,0
1766400.0,12,781.14,21951000.0,1
1480000.0,18,482.77,13828000.0,0
232500.0,11,833.03,6877000.0,1
5539800.0,0,73.67,4434000.0,1
5691600.0,5,374.67,27754000.0,1
5272500.0,4,883.51,28662000.0,1
7387700.0,2,515.31,12498000.0,1
1480000.0,12,372.52,27617000.0,1
5775400.0,3,926.43,20161000.0,0
9446800.0,9,197.37,10877000.0,1
6062700.0,22,141.53,1832000.0,1
7774200.0,1,300.03,27505000.0,0
5071000.0,2,255.08,11185000.0,0
1096800.0,1,204.61,29901000.0,0
9850500.0,8,688.43,6176000.0,1
3485000.0,21,589.7,14242000.0,1
1737500.0,6,336.63,5526000.0,0
5722000.0,11,152.8,21766000.0,0
1202900.0,8,126.22,29141000.0,0
3722800.0,13,142.08,23833000.0,1
5465700.0,0,77.43,27923000.0,0
78100.0,5,43.43,2942000.0,0
8869200.0,1,138.55,6393000.0,1
2415900.0,5,107.29,7415000.0,0
5735300.0,19,947.42,27740000.0,0
6733300.0,18,218.33,8458000.0,0
4068300.0,21,74.35,5491000.0,1
9088600.0,15,838.87,22410000.0,0
7791700.0,0,810.99,7968000.0,0
6625600.0,21,807.64,6417000.0,1
5888500.0,9,765.02,28018000.0,0
7988500.0,7,415.39,15829000.0,0
920600.0,1,205.44,3478000.0,1
8792800.0,23,576.61,24650000.0,0
3260500.0,2,443.71,17607000.0,0
496500.0,2,658.81,7838000.0,1
3655500.0,11,894.69,21851000.0,1
3377100.0,15,356.74,26474000.0,1
9999600.0,18,134.94,22240000.0,0
2883100.0,7,721.6,6289000.0,0
3439900.0,21,276.41,17634000.0,1
8329700.0,19,343.82,13306000.0,0
8106200.0,10,685.55,6981000.0,0
4611700.0,23,870.49,11148000.0,1
8722600.0,2,916.49,8745000.0,1
150500.0,2,937.95,28694000.0,0
7245500.0,7,584.46,5848000.0,1
796900.0,12,139.14,29608000.0,1
1712400.0,22,201.67,29155000.0,0
9614200.0,19,624.17,26274000.0,1
9873300.0,0,188.4,1481000.0,1
6361300.0,16,724.02,5681000.0,1
4483100.0,12,616.19,14134000.0,0
8727000.0,1,225.12,21498000.0,0
4143700.0,17,17.9,18531000.0,1
5507500.0,19,323.91,22171000.0,0
1099800.0,21,409.92,28921000.0,0
5175600.0,2,724.34,24952000.0,1
1345500.0,19,778.37,13207000.0,0
3199000.0,7,169.81,4726000.0,0
2467300.0,13,989.61,22497000.0,1
7322400.0,2,612.27,19927000.0,1
6497900.0,8,515.07,26687000.0,1
8363300.0,10,550.48,12420000.0,0
8896300.0,16,521.46,23710000.0,0
1102200.0,13,471.9,18272000.0,1
9898900.0,10,186.11,14418000.0,1
8514600.0,18,948.93,11238000.0,0
3523500.0,8,69.93,12039000.0,0
5709400.0,13,520.5,21542000.0,0
735200.0,15,974.75,12554000.0,1
2120200.0,9,779.33,5889000.0,1
3164100.0,1,833.75,15726000.0,1
5100800.0,9,362.07,17031000.0,1
896700.0,16,344.55,25465000.0,1
9897800.0,10,288.94,20464000.0,0
9045800.0,9,162.52,9961000.0,1
3887000.0,17,369.17,22048000.0,0
8226200.0,4,378.05,21349000.0,1
5049100.0,16,2.47,1530000.0,0
2428200.0,13,465.96,10789000.0,1
5475600.0,4,404.69,10362000.0,1
1350300.0,21,136.98,13310000.0,1
6356200.0,16,36.15,10415000.0,0
8418000.0,3,942.24,22821000.0,1
426200.0,19,719.62,10082000.0,0
840300.0,19,78.42,27844000.0,1
2563700.0,3,384.75,8586000.0,1
1627500.0,10,578.56,8016000.0,1
922100.0,6,736.65,18894000.0,0
7538100.0,16,698.99,27556000.0,1
2418300.0,10,902.07,16638000.0,0
7499400.0,2,34.59,22598000.0,1
2912900.0,14,563.19,9297000.0,0
4446400.0,20,325.28,19884000.0,1
7377200.0,0,366.76,6484000.0,1
9124900.0,3,247.89,11343000.0,0
4596200.0,23,324.66,27090000.0,1
3478500.0,11,977.1,7349000.0,1
6589200.0,22,421.6,19477000.0,0
2476100.0,12,870.05,2491000.0,1
2363100.0,5,749.66,12411000.0,1
1484600.0,6,594.09,12644000.0,1
2845500.0,9,628.36,15244000.0,1
5601900.0,6,204.76,12634000.0,1
6331400.0,6,156.91,27098000.0,0
9325800.0,8,393.77,9857000.0,0
2879400.0,22,72.76,29695000.0,1
7483600.0,16,770.7,2381000.0,0
6299600.0,22,599.97,4395000.0,0
9476400.0,3,328.92,3456000.0,1
9645600.0,23,874.55,28656000.0,1
4707800.0,16,587.58,3405000.0,1
4053300.0,8,307.64,26271000.0,1
8383900.0,7,688.03,6012000.0,0
222200.0,8,686.26,22881000.0,0
7366800.0,19,632.54,23977000.0,0
8408800.0,0,178.95,26872000.0,1
8898200.0,0,353.4,2531000.0,1
201300.0,3,752.89,24044000.0,1
6122700.0,9,2.67,14005000.0,0
4053900.0,23,515.21,5194000.0,1
691700.0,13,258.64,11895000.0,0
7961900.0,11,639.37,6314000.0,1
4109200.0,1,486.51,13726000.0,1
5752700.0,18,554.53,23936000.0,1
3651000.0,7,162.03,3295000.0,0
2991200.0,12,444.23,9882000.0,1
8037000.0,5,651.87,16967000.0,1
8269800.0,8,949.77,3135000.0,0
1472700.0,23,368.5,23452000.0,1
5072600.0,13,737.04,24032000.0,1
1409600.0,19,402.73,5606000.0,1
1184600.0,12,538.27,13394000.0,0
1261300.0,2,646.2,4198000.0,1
7883000.0,10,882.28,12860000.0,1
7847500.0,18,896.16,21900000.0,0
4465600.0,6,55.07,29340000.0,0
1795200.0,9,230.84,4116000.0,1
252100.0,4,154.01,6387000.0,0
779200.0,19,395.17,16207000.0,0
9165600.0,13,45.99,6070000.0,1
3271100.0,6,959.96,20699000.0,1
1194100.0,16,397.85,28208000.0,0
9272400.0,9,508.3,19798000.0,1
9251000.0,9,113.13,2528000.0,1
4340100.0,18,407.54,6874000.0,0
3312500.0,17,79.25,20250000.0,1
2306200.0,4,198.81,20318000.0,1
5797600.0,0,265.53,1766000.0,1
2336000.0,10,398.26,22222000.0,1
2440400.0,16,372.29,11116000.0,0
9290100.0,8,40.53,16747000.0,1
599600.0,20,290.21,21232000.0,0
1890600.0,0,544.42,23075000.0,1
784000.0,8,915.34,18617000.0,1
371600.0,0,161.68,27156000.0,1
989800.0,17,527.02,24366000.0,1
9202500.0,20,984.72,20019000.0,0
9482400.0,12,505.46,10413000.0,1
9794800.0,15,121.55,25722000.0,1
3433700.0,16,872.99,11232000.0,0
9747600.0,15,819.49,16423000.0,1
9219600.0,13,798.83,23253000.0,0
3236700.0,20,11.47,1933000.0,1
5868200.0,6,675.43,7445000.0,0
6339200.0,18,499.07,14403000.0,0
1765500.0,14,230.6,16384000.0,1
7699600.0,9,724.68,29686000.0,1
6129000.0,5,10.22,22192000.0,1
3211200.0,1,927.05,29799000.0,0
7387500.0,2,947.26,17155000.0,1
4520700.0,17,848.56,17137000.0,1
1295200.0,0,461.19,10179000.0,0
4205300.0,19,113.71,10892000.0,1
1172000.0,2,402.57,6855000.0,1
4097100.0,1,358.69,7527000.0,0
2516100.0,13,165.76,24043000.0,0
723100.0,4,488.03,17764000.0,0
1438200.0,5,422.62,1905000.0,0
1022900.0,15,775.46,11172000.0,1
7459700.0,6,804.11,4635000.0,1
8711700.0,8,676.31,12109000.0,0
2579600.0,7,690.15,6764000.0,1
4142000.0,21,726.7,28643000.0,1
8994900.0,14,41.2,23041000.0,1
3390300.0,0,82.66,26181000.0,1
6235900.0,11,119.79,29304000.0,1
7206400.0,7,8.7,16049000.0,0
5987400.0,18,160.05,27129000.0,0
9887200.0,3,57.18,21736000.0,1
626800.0,3,295.92,23157000.0,0
1076400.0,9,103.97,16434000.0,0
9865700.0,22,441.94,22626000.0,0
5657400.0,4,335.51,24465000.0,1
3723000.0,4,679.45,26139000.0,1
9417100.0,1,324.21,1149000.0,0
9098400.0,12,265.56,13586000.0,0
8827100.0,4,563.21,16648000.0,1
287600.0,2,335.3,12277000.0,1
4078400.0,2,187.28,10665000.0,0
8323900.0,9,1.64,22567000.0,1
4220500.0,16,152.04,18867000.0,0
6910400.0,4,834.54,20323000.0,1
8226800.0,11,130.76,22387000.0,0
6760300.0,9,427.27,8297000.0,1
2809700.0,6,470.27,19302000.0,1
7183300.0,18,363.69,2809000.0,1
9425100.0,15,668.41,3675000.0,1
4272600.0,16,606.08,14485000.0,0
3093400.0,19,72.27,6325000.0,1
6420200.0,17,685.57,12496000.0,0
2433700.0,1,236.68,7649000.0,0
3354300.0,7,427.64,9637000.0,0
3731500.0,22,739.64,16910000.0,1
8380700.0,17,993.51,20727000.0,1
7452200.0,0,556.96,15508000.0,0
8569100.0,0,809.99,26907000.0,0
35300.0,0,105.07,1704000.0,0
1817700.0,5,986.13,11104000.0,1
9132200.0,6,188.15,3388000.0,0
5978200.0,6,402.43,11992000.0,0
9464900.0,1,498.15,14573000.0,1
3884400.0,23,324.6,22912000.0,0
2030100.0,0,975.68,9400000.0,0
6443900.0,8,759.62,6571000.0,1
2068800.0,0,386.56,28629000.0,1
2816800.0,8,579.19,3731000.0,1
4112100.0,20,448.57,6468000.0,0
7556500.0,11,224.35,24911000.0,1
5427000.0,8,11.75,5801000.0,1
5659500.0,21,710.3,6800000.0,1
4868000.0,16,663.19,24103000.0,1
9498000.0,6,660.28,25106000.0,0
9970500.0,10,863.43,15205000.0,0
5009600.0,15,205.65,26251000.0,0
5393100.0,6,222.18,10014000.0,0
76400.0,14,850.79,21707000.0,0
7631800.0,11,572.0,28270000.0,1
7001700.0,6,99.9,27250000.0,1
768900.0,22,68.92,27319000.0,1
1302600.0,21,140.63,14945000.0,1
571800.0,6,664.65,12522000.0,0
4300300.0,20,63.02,1917000.0,1
5677200.0,6,282.16,4426000.0,0
791500.0,1,488.28,6254000.0,0
9501300.0,8,980.9,20570000.0,1
530400.0,19,73.95,15110000.0,1
1558300.0,13,261.42,8866000.0,0
7889200.0,16,879.87,9990000.0,1
6541900.0,16,943.36,22194000.0,0
8493200.0,2,915.48,20041000.0,0
9074400.0,19,190.67,17975000.0,1
9834100.0,15,703.41,20960000.0,0
6081700.0,13,362.36,5890000.0,1
5745100.0,9,797.85,25781000.0,1
150500.0,18,891.51,24000000.0,0
4737100.0,15,165.46,29948000.0,1
2813800.0,16,515.88,22407000.0,1
619500.0,14,151.24,24340000.0,0
6202300.0,22,959.62,13962000.0,0
453900.0,7,643.84,22013000.0,1
6300400.0,14,479.77,22591000.0,0
9630800.0,7,428.15,25680000.0,1
4168800.0,13,308.45,9827000.0,0
6556300.0,19,126.1,24684000.0,1
94600.0,10,180.93,10517000.0,1
3557300.0,20,507.71,28834000.0,1
1104700.0,2,834.69,5583000.0,1
2540300.0,15,818.89,21615000.0,1
249200.0,2,394.24,5953000.0,1
4917700.0,10,339.37,1705000.0,1
7773200.0,0,905.19,18231000.0,1
7317100.0,17,222.42,7210000.0,0
9839800.0,13,107.77,27155000.0,1
9015900.0,12,234.88,12142000.0,1
7069300.0,2,239.75,28782000.0,1
7602500.0,2,999.8,8768000.0,0
5827300.0,12,784.02,19258000.0,0
178400.0,2,136.87,14643000.0,1
7651400.0,14,138.85,15934000.0,1
6141700.0,5,222.72,27560000.0,1
9332800.0,22,526.35,17111000.0,1
1864500.0,0,746.27,19091000.0,1
9319100.0,0,218.36,29260000.0,0
1627100.0,0,388.66,3676000.0,0
644000.0,7,31.83,12268000.0,1
6328700.0,2,696.36,9843000.0,0
3242400.0,0,776.02,5293000.0,1
5327000.0,13,783.78,5470000.0,1
3773100.0,11,893.97,5696000.0,1
1805800.0,10,323.71,20833000.0,0
8569400.0,17,564.63,11268000.0,0
8024800.0,3,688.01,19857000.0,1
2863800.0,22,634.12,27651000.0,1
3340600.0,2,836.66,19165000.0,0
7657400.0,8,520.66,21061000.0,1
4559300.0,4,897.42,8708000.0,0
7004400.0,7,930.4,22355000.0,0
9171900.0,8,16.7,1454000.0,0
8369500.0,8,813.82,5479000.0,1
5976500.0,0,586.46,9841000.0,1
7880100.0,4,806.93,4694000.0,0
1855300.0,17,208.99,21427000.0,0
8430100.0,3,534.05,27655000.0,1
2489600.0,4,349.66,13562000.0,0
4230300.0,4,57.22,13499000.0,0
6089400.0,7,822.16,25914000.0,1
3246200.0,2,850.06,23921000.0,1
8268300.0,6,649.71,9597000.0,0
5943900.0,0,370.92,19189000.0,1
9497200.0,16,928.51,11687000.0,0
2790400.0,16,714.01,6378000.0,1
7004300.0,15,148.16,15792000.0,1
1541400.0,4,443.24,3048000.0,0
1716300.0,22,919.64,27769000.0,1
5156700.0,4,135.01,21973000.0,0
9009100.0,11,453.65,23833000.0,0
4723600.0,16,858.64,28117000.0,1
5579800.0,21,82.83,11773000.0,0
9507800.0,21,598.28,24843000.0,1
2036700.0,9,770.49,16467000.0,0
8413700.0,2,785.01,28390000.0,1
7645700.0,3,244.14,1644000.0,1
6666600.0,23,684.57,27006000.0,0
3794900.0,7,686.43,24660000.0,1
8660600.0,16,313.18,25700000.0,1
9697600.0,20,512.41,4899000.0,0
3854100.0,12,981.24,19873000.0,1
4171200.0,10,438.33,22460000.0,0
7361100.0,14,500.35,12129000.0,0
5245400.0,7,374.16,5006000.0,1
2067000.0,19,351.3,25838000.0,1
8900400.0,5,59.83,2491000.0,1
6756700.0,18,499.48,17378000.0,0
4411100.0,10,411.68,9785000.0,0
4120900.0,7,995.34,17637000.0,0
6304900.0,2,199.73,8247000.0,1
3091400.0,4,234.24,9923000.0,0
6193400.0,17,407.37,26107000.0,0
1169300.0,0,210.94,19921000.0,1
3914700.0,23,26.98,8212000.0,1
8077500.0,21,691.54,22161000.0,0
1389400.0,13,494.22,21127000.0,0
7006200.0,23,262.31,11786000.0,0
7140100.0,0,880.5,4868000.0,1
7411600.0,22,291.67,26975000.0,0
325800.0,20,729.12,29517000.0,0
8264400.0,14,76.94,10290000.0,0
2600800.0,16,190.63,10150000.0,0
1736100.0,13,127.61,17523000.0,0
1039700.0,0,461.97,14732000.0,1
5967800.0,14,662.8,26303000.0,1
7178200.0,14,803.15,4683000.0,0
6377800.0,10,132.45,9351000.0,1
9232500.0,19,455.41,23661000.0,0
3862800.0,14,74.5,22564000.0,1
1036500.0,6,601.67,19227000.0,1
2917400.0,12,509.67,18611000.0,1
1976100.0,0,216.45,29679000.0,1
7209300.0,1,306.03,29304000.0,1
7736400.0,15,866.3,1012000.0,0
4802500.0,8,801.27,6758000.0,0
2626500.0,14,859.79,5628000.0,0
4560400.0,1,546.61,21721000.0,1
6692300.0,11,994.42,2571000.0,1
1700600.0,21,920.91,2326000.0,0
5238100.0,18,177.8,12190000.0,1
2369800.0,2,290.21,14102000.0,0
7664200.0,4,499.71,6162000.0,1
5258100.0,15,730.22,17160000.0,0
4865200.0,13,305.48,1170000.0,1
5154600.0,16,662.1,1441000.0,1
3439900.0,7,64.99,23737000.0,1
8543700.0,1,580.83,11795000.0,0
222300.0,21,780.86,5139000.0,0
2677400.0,17,247.57,2996000.0,1
3129000.0,15,703.79,6864000.0,0
1818900.0,4,58.8,7671000.0,1
6870000.0,1,485.3,12611000.0,0
258500.0,12,269.12,29754000.0,1
6105400.0,10,770.75,21277000.0,1
7412200.0,20,113.73,21685000.0,0
2760600.0,0,450.22,25486000.0,0
2747900.0,20,226.32,17913000.0,0
4560100.0,3,306.39,26260000.0,1
3387100.0,20,750.21,1860000.0,1
2697000.0,6,447.42,7685000.0,0
6469200.0,0,119.47,2210000.0,0
2743700.0,11,436.45,14535000.0,0
6948900.0,5,651.48,19086000.0,1
3681000.0,8,72.88,6757000.0,1
8427600.0,13,117.43,21522000.0,1
9474100.0,4,470.26,8854000.0,1
7382200.0,10,689.16,5066000.0,0
3508900.0,18,789.24,19082000.0,0
6022200.0,22,774.76,25225000.0,0
7778100.0,6,474.15,2238000.0,1
3618400.0,19,477.07,1606000.0,0
5455100.0,8,623.52,20120000.0,0
1248400.0,15,517.91,5742000.0,0
4864800.0,21,451.41,19868000.0,1
4117200.0,11,651.36,9982000.0,0
2771100.0,23,903.59,5533000.0,0
2273000.0,9,976.8,12643000.0,1
1196500.0,10,357.09,15522000.0,0
889800.0,8,616.68,24093000.0,1
218400.0,16,575.86,10155000.0,1
1128300.0,13,58.77,1410000.0,1
9737100.0,2,348.67,24663000.0,1
1740700.0,8,431.81,8458000.0,1
3884800.0,0,955.9,4746000.0,0
9907100.0,23,93.35,4821000.0,0
4027100.0,21,162.12,25368000.0,1
8664700.0,23,395.31,4816000.0,0
2638100.0,17,472.76,18139000.0,0
9573200.0,12,592.75,21954000.0,1
4433100.0,4,330.73,5302000.0,1
6640700.0,0,139.81,21314000.0,0
3207900.0,6,819.93,5326000.0,1
2072700.0,11,875.58,16269000.0,0
1980100.0,4,94.23,5412000.0,1
2371000.0,10,917.55,24093000.0,0
5489100.0,5,240.98,28563000.0,1
5634300.0,4,776.82,13035000.0,0
6982300.0,19,527.16,6913000.0,1
3998400.0,22,250.16,15137000.0,0
1355500.0,23,367.74,21252000.0,0
6208400.0,6,539.6,7376000.0,0
1113200.0,14,974.98,23412000.0,1
9440600.0,22,896.01,14560000.0,0
7601600.0,9,931.27,22484000.0,1
5731300.0,17,357.08,22433000.0,0
1105600.0,1,935.58,3006000.0,1
4707000.0,3,592.43,28749000.0,1
1534400.0,11,11.34,14902000.0,0
9798800.0,10,940.12,2290000.0,1
4167800.0,22,787.0,23148000.0,1
6572300.0,9,685.09,17586000.0,0
1156000.0,9,617.94,26331000.0,1
4286000.0,10,255.39,2946000.0,0
1638900.0,19,868.23,9947000.0,0
5764600.0,22,401.44,6778000.0,1
9817100.0,19,456.97,16484000.0,1
4364200.0,10,816.29,7067000.0,1
7085700.0,9,519.48,21960000.0,1
888600.0,22,470.68,24439000.0,1
2501300.0,19,729.19,10628000.0,0
1255200.0,1,169.82,11613000.0,0
1795000.0,1,620.55,5798000.0,0
1631500.0,17,272.09,13193000.0,1
6453700.0,21,158.04,15419000.0,0
4631100.0,6,70.33,12692000.0,0
5780900.0,6,809.41,11535000.0,0
6120600.0,20,122.25,24711000.0,1
3351800.0,1,483.66,14071000.0,1
8523000.0,2,324.36,5966000.0,1
5202400.0,15,830.73,6975000.0,0
8744800.0,14,103.92,22330000.0,0
7914000.0,12,424.01,26958000.0,0
7023900.0,20,84.02,8292000.0,1
5064400.0,1,909.15,12087000.0,1
8331900.0,1,74.43,7056000.0,1
6829600.0,1,628.98,27079000.0,1
7463100.0,9,95.47,21084000.0,1
622500.0,13,431.64,16310000.0,0
3975900.0,19,4.21,13779000.0,0
6568400.0,15,795.04,14794000.0,1
710300.0,18,16.06,5138000.0,0
5067600.0,16,702.72,11464000.0,0
5399500.0,12,157.41,9170000.0,1
2598700.0,13,760.76,9780000.0,1
2922300.0,4,797.28,12725000.0,1
7285800.0,7,730.31,3046000.0,1
813000.0,19,818.98,23156000.0,0
105100.0,12,477.93,3472000.0,1
9314500.0,12,218.72,9004000.0,0
7119000.0,9,428.57,18521000.0,1
5566500.0,10,452.28,26311000.0,0
7723200.0,21,659.8,23839000.0,1
2667400.0,15,393.7,16984000.0,0
6845100.0,6,405.81,18558000.0,1
5962100.0,16,691.41,20177000.0,0
2994200.0,12,578.62,4191000.0,0
2911500.0,15,488.35,8106000.0,0
4856400.0,11,119.73,4352000.0,1
878900.0,5,739.98,15184000.0,1
7168800.0,12,482.59,23716000.0,1
9146600.0,22,615.09,4871000.0,1
9065300.0,20,891.45,14531000.0,0
5891000.0,12,81.43,22481000.0,1
2121600.0,18,864.31,28620000.0,1
86400.0,5,897.75,26161000.0,0
5440700.0,2,984.84,14692000.0,1
2477400.0,17,7.96,4051000.0,1
2889900.0,15,32.08,15876000.0,1
6651500.0,5,79.59,8257000.0,0
1230000.0,11,477.27,9596000.0,0
6018800.0,20,495.74,15818000.0,0
7463400.0,14,689.35,13707000.0,0
345400.0,1,854.3,16070000.0,0
5606000.0,22,83.04,1150000.0,0
7216300.0,16,174.54,6875000.0,0
4332300.0,22,0.02,8519000.0,1
3015500.0,4,48.76,28687000.0,0
1565800.0,7,995.81,29921000.0,1
9554000.0,8,154.98,18911000.0,0
4073400.0,3,387.58,25574000.0,1
1953800.0,11,906.62,4951000.0,1
509000.0,8,175.29,17228000.0,1
2346200.0,0,405.89,22952000.0,0
8284400.0,18,765.31,27439000.0,1
1853200.0,18,504.06,1915000.0,1
6707700.0,5,53.42,3979000.0,0
9166100.0,22,45.54,9259000.0,0
3846500.0,9,202.89,12827000.0,0
5302200.0,10,825.56,24675000.0,1
1554400.0,21,203.36,17965000.0,0
2282500.0,16,970.01,29276000.0,1
3866700.0,20,22.09,7949000.0,1
6828800.0,14,679.42,6332000.0,0
4853300.0,15,537.63,10520000.0,1
8494600.0,23,753.75,10020000.0,1
7477900.0,20,314.08,29648000.0,0
5679300.0,10,675.38,25289000.0,0
4339200.0,13,117.47,11415000.0,1
5590700.0,14,484.81,13108000.0,1
4343300.0,16,173.29,9740000.0,0
4674500.0,16,764.66,12766000.0,0
3046800.0,16,818.02,24683000.0,1
1711500.0,7,742.25,1332000.0,1
9642600.0,20,316.71,7664000.0,0
473900.0,14,89.5,8084000.0,0
508000.0,14,93.34,3559000.0,0
1094300.0,6,324.43,8924000.0,0
3997200.0,11,835.55,20421000.0,1
5096300.0,19,443.76,4285000.0,0
3054900.0,3,377.09,11130000.0,0
7437300.0,9,355.1,6631000.0,1
3602200.0,2,978.16,21159000.0,0
1229200.0,22,42.55,16821000.0,0
4284300.0,11,886.83,4769000.0,1
4444900.0,0,407.59,17804000.0,1
5091000.0,8,57.76,7191000.0,0
2979100.0,14,609.08,4999000.0,1
4121700.0,18,498.38,17215000.0,1
3478400.0,13,875.83,18130000.0,1
1813000.0,14,970.69,14460000.0,1
3570300.0,18,94.36,7741000.0,1
6445900.0,1,580.14,18629000.0,1
9759900.0,4,516.92,28412000.0,1
4927000.0,15,7.62,17255000.0,1
4871700.0,17,960.38,18429000.0,0
2786800.0,5,754.02,14237000.0,1
4006500.0,0,532.2,27753000.0,0
8973600.0,18,336.99,6147000.0,1
1992800.0,14,798.26,1352000.0,0
4655600.0,7,11.87,7866000.0,1
9444700.0,18,212.72,14941000.0,0
7044500.0,11,961.15,11750000.0,1
6100500.0,2,981.53,27573000.0,1
5455700.0,19,420.5,14718000.0,0
159200.0,7,834.22,23414000.0,1
5583200.0,7,510.79,10735000.0,0
3512400.0,22,779.61,21993000.0,1
1502200.0,20,751.03,21313000.0,1
4066400.0,19,332.12,24852000.0,0
4860300.0,8,525.77,7341000.0,1
7183900.0,17,951.8,6440000.0,1
6011200.0,11,343.68,20730000.0,0
2442000.0,23,133.45,10299000.0,1
6003500.0,18,548.38,24946000.0,1
4903600.0,6,116.66,1207000.0,0
4120100.0,22,525.57,16417000.0,1
6175900.0,9,389.01,7386000.0,0
4483900.0,9,924.67,24764000.0,1
6586800.0,1,744.87,7779000.0,1
9264000.0,20,470.71,11741000.0,1
5543900.0,0,474.73,5650000.0,0
6365900.0,9,762.62,23504000.0,1
2797600.0,18,20.14,23546000.0,0
3332000.0,17,79.61,27799000.0,1
1220300.0,8,136.49,8324000.0,1
6120500.0,16,210.94,12150000.0,0
2974100.0,19,656.15,20619000.0,1
2237500.0,17,146.0,13800000.0,1
9495700.0,12,780.9,13417000.0,1
3476400.0,14,515.41,1146000.0,0
2556900.0,13,593.7,13903000.0,1
2777700.0,5,475.8,15743000.0,0
6401200.0,22,461.44,5221000.0,0
5129100.0,19,446.59,6544000.0,0
5705000.0,21,912.28,19091000.0,0
3188200.0,12,981.03,22326000.0,0
9505600.0,15,681.43,24909000.0,0
3241800.0,17,592.32,29853000.0,1
763400.0,22,500.91,15535000.0,0
5994700.0,14,369.24,19059000.0,1
9194800.0,20,600.58,19444000.0,0
1881700.0,19,576.99,21796000.0,0
1550300.0,16,389.3,9813000.0,1
177500.0,1,802.73,13679000.0,1
8931000.0,17,827.82,23642000.0,0
5341300.0,3,701.37,4279000.0,1
7566300.0,2,73.29,3103000.0,0
9923600.0,9,401.0,8956000.0,0
7892300.0,7,707.45,12454000.0,1
6357700.0,20,475.51,5361000.0,0
2854700.0,20,704.5,7449000.0,1
809700.0,21,481.34,2488000.0,0
3144100.0,19,599.68,24024000.0,0
350000.0,10,320.71,2764000.0,0
8476200.0,2,494.24,6585000.0,1
7534800.0,10,507.41,17663000.0,1
6751900.0,9,328.86,20215000.0,0
5703300.0,7,168.51,13142000.0,1
6226100.0,6,649.72,17889000.0,1
4844900.0,18,413.81,1313000.0,1
693300.0,10,226.07,22958000.0,1
9867300.0,21,210.11,11714000.0,1
1890900.0,10,356.48,6806000.0,0
441700.0,0,208.45,28297000.0,1
5154400.0,7,979.32,21555000.0,0
1187000.0,8,535.96,16538000.0,0
3781100.0,3,190.33,23219000.0,0
8314300.0,5,350.47,24924000.0,0
4188100.0,5,841.97,9358000.0,1
2491100.0,18,593.44,3576000.0,1
5234100.0,1,273.49,19003000.0,1
1846800.0,2,150.91,23269000.0,1
3457100.0,12,423.58,10463000.0,1
9571600.0,14,816.28,7332000.0,0
2252300.0,16,920.32,6170000.0,1
8125700.0,23,60.09,10124000.0,0
9216000.0,6,976.41,26458000.0,0
9944900.0,15,42.56,2630000.0,0
7000.0,5,137.86,10239000.0,0
35400.0,16,869.02,2591000.0,0
1362200.0,16,783.89,28143000.0,0
5993100.0,11,888.77,19333000.0,1
5287800.0,13,337.74,2847000.0,0
8430800.0,14,857.38,17295000.0,0
643300.0,1,349.05,26301000.0,1
4557700.0,9,620.28,17320000.0,1
7894100.0,6,1.58,15474000.0,0
6447000.0,20,409.71,15613000.0,1
3421500.0,2,112.39,11867000.0,0
2011500.0,6,117.03,28910000.0,1
4127500.0,8,452.77,10745000.0,1
1551500.0,5,216.92,9218000.0,0
1652400.0,14,242.22,19963000.0,0
8202400.0,1,899.02,8712000.0,1
578300.0,13,601.53,20389000.0,1
8439300.0,4,961.79,11814000.0,1
1379700.0,13,533.59,22151000.0,1
1680600.0,2,965.69,19025000.0,0
934300.0,0,358.0,8795000.0,1
3265100.0,1,494.09,3119000.0,1
5502300.0,3,940.27,22102000.0,0
4401000.0,7,611.19,13308000.0,1
8795600.0,8,511.44,12547000.0,1
6376500.0,0,39.81,25166000.0,0
3538300.0,10,558.13,15215000.0,0
4436900.0,15,961.76,21549000.0,1
2197100.0,10,328.52,7089000.0,0
6990800.0,1,632.37,21418000.0,0
5271200.0,17,499.14,27779000.0,1
6292400.0,21,533.44,21795000.0,0
313400.0,22,590.17,15427000.0,1
8744600.0,3,826.91,11723000.0,0
8931600.0,18,380.37,21972000.0,1
7231700.0,3,663.4,7383000.0,1
842600.0,16,142.38,29964000.0,1
3470000.0,7,82.85,13687000.0,1
2745500.0,3,87.79,20392000.0,1
4227300.0,23,497.72,19438000.0,1
1021900.0,9,846.46,7584000.0,0
2285100.0,21,850.54,3734000.0,0
4475400.0,13,151.42,21111000.0,1
8662400.0,21,358.57,7347000.0,1
8369100.0,9,302.17,27093000.0,0
6521300.0,7,281.96,20467000.0,1
222600.0,8,694.8,5915000.0,1
4978500.0,19,577.28,27996000.0,0
9310800.0,8,204.79,2262000.0,0
2458300.0,10,862.61,15220000.0,1
346900.0,23,277.2,7386000.0,0
3290000.0,5,347.96,15365000.0,1
4429000.0,3,757.43,25282000.0,0
9583400.0,8,411.0,19712000.0,1
9866400.0,15,760.74,11166000.0,1
833000.0,1,793.57,3334000.0,1
6246900.0,4,71.14,29632000.0,0
3990600.0,13,503.73,20212000.0,1
7027800.0,12,457.43,9355000.0,0
8997400.0,0,734.17,12445000.0,1
7536900.0,3,512.58,28204000.0,1
4540700.0,12,58.38,28848000.0,0
374000.0,22,641.03,20358000.0,0
9253500.0,4,512.9,28984000.0,0
9347800.0,19,315.1,8793000.0,1
6418800.0,16,898.29,2425000.0,0
8856800.0,13,660.09,21299000.0,0
3302000.0,17,310.06,28191000.0,1
3492400.0,16,824.01,11599000.0,1
9663300.0,4,905.0,18178000.0,0
3361200.0,3,553.95,17126000.0,1
4542200.0,0,511.97,2250000.0,0
3252500.0,7,927.27,18785000.0,1
2160400.0,14,277.63,25812000.0,0
4369700.0,13,761.8,27887000.0,1
7530000.0,2,165.24,22269000.0,1
7383600.0,21,941.48,3253000.0,1
472600.0,1,464.31,28409000.0,1
3274700.0,2,338.77,8163000.0,0
8072400.0,5,810.33,10707000.0,1
8314900.0,7,457.41,10322000.0,0
3268400.0,21,660.26,7357000.0,1
8001800.0,1,814.52,5890000.0,0
7213900.0,19,696.15,12195000.0,0
3494300.0,18,346.31,20302000.0,1
5327100.0,14,717.0,4350000.0,1
1726300.0,18,246.33,19610000.0,1
296200.0,23,919.97,29515000.0,1
2219200.0,11,651.89,4556000.0,0
5750800.0,1,221.16,29219000.0,0
7779700.0,18,59.86,20952000.0,0
9132800.0,21,648.82,21279000.0,1
8908400.0,19,293.33,3615000.0,0
466900.0,10,743.57,4448000.0,0
8598900.0,8,266.95,15452000.0,1
1044900.0,8,748.84,26955000.0,0
831300.0,3,103.93,10560000.0,0
3121200.0,0,263.61,6848000.0,0
2916600.0,4,620.84,26699000.0,0
8448500.0,0,386.08,3371000.0,1
3830600.0,23,199.01,5753000.0,0
2918900.0,1,67.2,22149000.0,0
5386900.0,12,105.92,6494000.0,0
9431700.0,10,179.91,6347000.0,1
2818200.0,17,380.7,9254000.0,1
8273400.0,5,85.09,12531000.0,0
7285400.0,7,541.68,14746000.0,0
4691600.0,15,660.61,28344000.0,0
7449400.0,22,561.72,28190000.0,1
4972000.0,8,888.86,25881000.0,1
7017800.0,11,596.56,7898000.0,1
3530500.0,14,664.04,20146000.0,1
4751500.0,14,209.93,20965000.0,0
2106500.0,8,655.4,15613000.0,0
3153600.0,10,104.64,2475000.0,0
9929000.0,6,962.56,22801000.0,1
5971000.0,17,910.66,22002000.0,0
6270500.0,1,440.46,23291000.0,1
3261900.0,8,418.35,19807000.0,1
6141800.0,15,321.37,29548000.0,1
2572800.0,21,292.7,12029000.0,0
3744100.0,14,850.65,16111000.0,1
9790200.0,1,347.49,16087000.0,1
7654900.0,15,691.54,28719000.0,1
4319800.0,11,306.22,24857000.0,0
5596400.0,1,730.58,29013000.0,1
3102200.0,20,883.4,11725000.0,0
7035300.0,17,774.09,5340000.0,0
2920500.0,0,750.29,27277000.0,1
8422400.0,18,920.21,13899000.0,1
9463700.0,12,516.99,4685000.0,0
6695800.0,7,448.33,21247000.0,1
2012500.0,13,202.8,6312000.0,0
4376600.0,3,938.94,25570000.0,0
2891100.0,20,54.0,28467000.0,1
3678800.0,7,862.23,23999000.0,1
1622400.0,23,881.37,14415000.0,0
6046800.0,14,602.49,22460000.0,1
3245400.0,11,566.25,12649000.0,0
1663500.0,3,590.85,15745000.0,1
9391100.0,0,43.32,8129000.0,0
293700.0,20,826.21,7698000.0,0
9985600.0,16,300.42,11958000.0,1
1040700.0,6,274.55,6377000.0,0
4438300.0,11,704.62,5845000.0,1
4857800.0,18,944.8,21415000.0,0
7413100.0,14,58.0,7545000.0,1
9144900.0,7,148.86,18784000.0,1
3856200.0,11,947.91,7852000.0,1
7058600.0,18,465.96,6454000.0,1
248900.0,0,785.13,13571000.0,0
244700.0,7,133.34,25324000.0,0
3359300.0,3,423.79,6972000.0,0
3855300.0,8,26.92,5027000.0,0
3855700.0,18,281.66,17365000.0,0
4198300.0,16,945.07,5002000.0,0
6209900.0,23,864.01,9729000.0,0
2172700.0,4,604.38,1085000.0,0
3801100.0,23,541.68,7072000.0,1
3316800.0,0,398.88,7677000.0,0
9926000.0,21,379.77,4366000.0,1
1690100.0,12,518.87,17214000.0,0
524000.0,18,923.4,5032000.0,0
1875200.0,18,454.21,7385000.0,1
7245600.0,23,853.4,25294000.0,0
1688600.0,6,5.77,8308000.0,0
5898300.0,21,694.25,27559000.0,1
6783100.0,1,560.65,24117000.0,1
2768000.0,16,282.37,7129000.0,1
8247100.0,16,748.34,18353000.0,0
9491900.0,8,395.25,23336000.0,0
2559600.0,13,741.1,18820000.0,0
3433200.0,2,134.09,19599000.0,0
5464800.0,17,510.57,6767000.0,0
3341700.0,11,940.7,26246000.0,1
8744100.0,16,803.71,15549000.0,0
9889800.0,17,884.03,28751000.0,0
4730200.0,13,279.63,6551000.0,1
6889400.0,1,882.49,23579000.0,1
548700.0,20,837.43,12146000.0,0
6875600.0,3,121.17,12490000.0,0
1835300.0,12,400.34,14969000.0,1
4125500.0,19,256.01,1697000.0,1
9987300.0,4,770.53,29526000.0,1
1956500.0,20,162.66,15222000.0,1
8148900.0,10,676.7,20029000.0,0
662600.0,13,369.45,11416000.0,1
8403600.0,19,803.68,26957000.0,1
918000.0,15,834.96,26578000.0,0
104900.0,15,828.64,14733000.0,0
938700.0,17,166.88,20597000.0,1
7191000.0,17,119.25,1637000.0,0
3541100.0,3,157.57,21968000.0,0
1554200.0,6,333.72,26344000.0,1
7495800.0,22,701.22,9113000.0,0
6587600.0,23,398.75,3184000.0,1
915200.0,20,673.39,26583000.0,0
5780400.0,7,671.4,24812000.0,1
4698200.0,10,353.65,22754000.0,1
8818500.0,20,780.61,3968000.0,1
8722500.0,1,430.66,16988000.0,0
4265500.0,11,240.89,13070000.0,0
5543000.0,22,959.73,10349000.0,0
4000900.0,15,13.8,14284000.0,1
2123500.0,22,672.3,8263000.0,0
7146100.0,12,207.08,21949000.0,1
6790400.0,0,573.12,7849000.0,0
893600.0,8,421.6,17590000.0,0
8139200.0,3,464.86,17633000.0,0
9136100.0,7,304.22,9995000.0,1
4111700.0,5,732.72,23170000.0,1
3175800.0,16,995.24,7018000.0,0
2136500.0,4,63.9,9602000.0,1
7881600.0,19,171.17,5712000.0,0
1962200.0,13,385.49,18407000.0,1
8541100.0,11,550.62,25016000.0,0
3369900.0,13,811.29,3225000.0,1
1992900.0,3,339.56,19898000.0,0
9965800.0,5,40.62,6308000.0,0
8574800.0,0,598.58,14158000.0,1
3518500.0,16,292.81,24821000.0,0
2284700.0,7,501.02,25429000.0,0
6815000.0,22,565.5,11233000.0,1
6075900.0,7,987.18,20903000.0,0
8296100.0,16,21.7,16133000.0,1
6118500.0,11,802.23,20423000.0,0
4074600.0,21,720.47,2469000.0,1
4247200.0,15,48.11,26994000.0,0
3060200.0,15,19.65,4060000.0,1
2201900.0,17,477.91,9128000.0,0
3480400.0,12,886.71,5085000.0,1
6879600.0,12,549.89,3302000.0,1
9963200.0,2,976.55,1526000.0,0
8752800.0,1,602.63,16671000.0,1
2062100.0,3,799.44,25085000.0,0
7874800.0,16,471.57,4343000.0,1
1283500.0,10,276.62,7277000.0,0
8828800.0,14,268.32,9325000.0,1
2685900.0,3,469.75,6509000.0,1
4846500.0,17,211.56,6077000.0,1
1486100.0,6,748.18,21597000.0,0
5019200.0,10,873.58,29383000.0,0
9588700.0,10,177.82,15973000.0,1
8658900.0,14,507.64,20929000.0,0
3879000.0,13,490.32,20557000.0,0
949200.0,19,200.48,12819000.0,0
6113500.0,7,824.87,21283000.0,1
7253500.0,3,192.06,5584000.0,1
9058900.0,18,335.56,20657000.0,0
7566500.0,8,232.1,26887000.0,0
8903300.0,6,99.83,29403000.0,1
7403100.0,23,687.75,19228000.0,0
3696500.0,8,588.71,14100000.0,0
9754200.0,15,146.77,9490000.0,0
2789300.0,21,209.75,20570000.0,1
4681700.0,18,243.06,27078000.0,1
6240300.0,22,350.46,2049000.0,0
6053500.0,15,120.51,13506000.0,0
6848600.0,13,591.71,29667000.0,1
5740600.0,23,940.1,6033000.0,1
1279200.0,1,202.35,16894000.0,1
8115000.0,17,506.66,5185000.0,1
7012700.0,15,663.51,20673000.0,1
1441600.0,3,527.43,15073000.0,1
6545200.0,3,199.62,29507000.0,1
2292400.0,11,967.47,23300000.0,1
5156400.0,14,462.96,1609000.0,0
4584500.0,20,969.83,2552000.0,1
1816900.0,8,882.37,15939000.0,0
4057800.0,3,903.26,26231000.0,0
2990500.0,8,205.29,26666000.0,0
7408900.0,11,585.08,23351000.0,0
532600.0,11,442.34,9928000.0,0
3183900.0,12,600.73,21726000.0,1
280300.0,9,707.49,12648000.0,1
6367200.0,23,353.21,26764000.0,0
9180700.0,20,69.47,26556000.0,1
5358600.0,23,238.21,25750000.0,1
9271100.0,10,402.77,4690000.0,1
6057700.0,16,204.45,21677000.0,0
8253700.0,19,235.95,25247000.0,0
5044900.0,17,206.32,16849000.0,0
8633600.0,5,271.65,2356000.0,0
998700.0,8,941.37,24098000.0,1
4850200.0,15,27.9,20122000.0,0
2881700.0,13,977.19,24537000.0,1
2601800.0,11,559.27,16375000.0,1
5783000.0,14,637.22,15693000.0,0
1187400.0,2,417.75,7350000.0,0
9090300.0,9,684.99,5447000.0,0
3245600.0,9,940.62,9148000.0,1
741000.0,15,252.36,8615000.0,0
2332000.0,10,467.39,19305000.0,0
3625700.0,22,125.47,16721000.0,0
4032600.0,9,904.52,29927000.0,0
124900.0,0,69.9,22360000.0,0
1880400.0,17,639.99,11210000.0,0
5343200.0,11,217.27,14462000.0,0
2684800.0,2,858.15,1699000.0,0
3562300.0,13,666.58,4329000.0,1
6750100.0,3,939.5,3288000.0,1
7459900.0,14,746.52,23170000.0,1
5380100.0,2,925.54,24985000.0,1
4197700.0,5,869.31,20319000.0,1
4253900.0,22,814.83,13834000.0,0
2966600.0,18,206.86,1245000.0,0
9907100.0,8,641.04,28810000.0,1
1278000.0,20,954.95,11556000.0,1
8000800.0,11,825.02,21512000.0,1
2986200.0,6,653.56,14231000.0,1
8621500.0,6,533.53,2996000.0,0
9353400.0,18,658.82,28750000.0,0
6240200.0,5,533.88,2983000.0,1
8359700.0,17,909.34,4932000.0,0
8617000.0,19,864.42,7854000.0,1
3224000.0,9,655.27,15696000.0,1
922700.0,6,489.5,15531000.0,1
9606300.0,9,79.42,5983000.0,0
7380600.0,6,355.82,27105000.0,1
8728800.0,13,970.3,9281000.0,1
83500.0,10,839.01,19822000.0,0
7747400.0,8,686.18,28276000.0,0
7749500.0,5,632.55,21566000.0,0
7422000.0,13,979.38,1804000.0,1
9951700.0,3,228.37,25497000.0,0
9267400.0,9,226.63,17094000.0,1
8895200.0,16,698.45,13964000.0,1
3639800.0,21,788.73,6095000.0,1
1749000.0,1,861.54,9230000.0,1
4462000.0,21,542.63,19009000.0,0
145400.0,0,98.99,22083000.0,1
6098400.0,23,436.52,29540000.0,0
3296500.0,5,592.4,21488000.0,0
55100.0,21,554.46,19866000.0,0
9420400.0,11,685.61,18755000.0,0
4215000.0,1,161.86,28719000.0,1
8613600.0,7,778.87,27115000.0,0
5503600.0,8,582.87,26850000.0,1
3820000.0,8,882.13,4511000.0,1
2165200.0,11,652.15,21961000.0,1
7183000.0,13,88.99,29375000.0,0
1971400.0,0,144.92,25853000.0,0
9354300.0,2,435.71,15045000.0,1
8335800.0,17,836.99,26818000.0,0
5479000.0,23,764.74,4696000.0,1
7297000.0,0,884.73,19357000.0,1
2312200.0,5,449.89,2846000.0,1
4926900.0,11,996.4,29857000.0,0
7439700.0,9,233.56,28833000.0,1
2649400.0,7,658.1,1442000.0,1
3946900.0,18,942.51,1659000.0,0
9454000.0,7,729.48,6037000.0,0
4383000.0,1,120.6,4136000.0,0
1190000.0,12,180.61,20972000.0,1
3403700.0,21,196.2,26510000.0,1
2182600.0,18,146.19,8713000.0,1
16200.0,23,353.5,23350000.0,1
9615400.0,9,789.12,6037000.0,0
4121500.0,0,769.34,8014000.0,0
4535300.0,1,892.41,21037000.0,0
373900.0,7,665.02,9867000.0,0
3616500.0,8,67.47,10262000.0,1
927200.0,21,982.9,24611000.0,1
604700.0,12,52.56,27621000.0,0
5586500.0,19,32.86,28121000.0,1
9005100.0,12,678.94,12121000.0,1
2527100.0,11,43.81,15992000.0,1
5307600.0,7,932.64,14303000.0,0
4240800.0,16,301.86,19733000.0,0
6312000.0,1,928.36,21288000.0,0
9198700.0,7,312.54,19545000.0,0
1544800.0,1,519.05,16153000.0,0
6020600.0,6,466.11,25678000.0,0
8754700.0,18,948.11,9809000.0,0
5924300.0,20,505.1,18390000.0,1
3277900.0,14,154.54,11097000.0,1
659400.0,8,651.9,16781000.0,1
5396900.0,8,924.94,13160000.0,0
5173900.0,17,120.51,5950000.0,1
3923700.0,13,953.18,27201000.0,0
3411300.0,12,110.53,18087000.0,0
803100.0,16,656.82,12021000.0,0
3497100.0,17,385.48,25347000.0,0
5604400.0,12,558.12,7354000.0,1
9558500.0,0,472.2,6657000.0,0
8385500.0,20,111.02,18239000.0,0
3347900.0,2,865.61,20482000.0,1
8509000.0,21,208.85,28365000.0,0
4289800.0,7,664.52,29675000.0,0
3094900.0,19,887.2,16859000.0,1
4746300.0,23,650.88,24732000.0,0
3407700.0,9,971.59,1022000.0,1
3041900.0,15,393.29,6203000.0,1
8136400.0,20,601.04,7482000.0,0
5744500.0,2,848.55,27716000.0,1
9733600.0,13,263.98,19390000.0,0
6574700.0,16,965.22,20043000.0,1
9712000.0,3,373.32,13846000.0,0
5279000.0,15,109.55,5380000.0,1
5700800.0,15,64.87,16505000.0,1
9901500.0,16,332.12,20580000.0,1
8685900.0,23,3.32,1338000.0,0
2988600.0,2,872.55,7469000.0,0
3799900.0,16,152.13,17412000.0,0
7673300.0,20,115.05,19192000.0,0
5332300.0,0,881.56,22077000.0,0
398500.0,17,365.08,27444000.0,1
9826400.0,1,695.56,29708000.0,0
5144500.0,11,138.81,18350000.0,0
2215900.0,18,168.27,28633000.0,0
6921100.0,1,399.78,7997000.0,0
8109500.0,14,160.22,28021000.0,0
3461600.0,10,344.08,12469000.0,1
7106100.0,7,640.39,15326000.0,1
2655000.0,6,497.04,23062000.0,1
7993600.0,22,926.94,3666000.0,1
4703600.0,15,290.68,28900000.0,1
3033400.0,13,75.33,23820000.0,0
135400.0,16,704.8,13959000.0,0
3403400.0,21,76.7,12045000.0,1
777200.0,9,727.55,16170000.0,1
3817500.0,8,683.94,23967000.0,1
5728200.0,0,272.06,26489000.0,0
7007100.0,3,687.97,21857000.0,1
3899900.0,1,389.94,22834000.0,1
5991400.0,21,200.9,20652000.0,0
4907300.0,20,628.99,19051000.0,0
7664600.0,20,364.35,13610000.0,1
5877800.0,4,963.31,4287000.0,0
4378900.0,2,321.6,5681000.0,1
6385500.0,1,927.26,17581000.0,0
2910300.0,13,805.29,27007000.0,0
9088400.0,10,112.99,13462000.0,1
9033900.0,5,900.77,13260000.0,0
2335100.0,16,930.83,22217000.0,1
7061000.0,14,417.15,23592000.0,0
1308900.0,15,304.44,6874000.0,0
6364500.0,0,195.73,6478000.0,0
9968200.0,10,731.98,21413000.0,1
6671900.0,20,895.04,25184000.0,1
5260500.0,17,561.8,28500000.0,1
3447700.0,18,87.11,10290000.0,1
9911100.0,16,436.86,7050000.0,1
3777400.0,18,781.11,9343000.0,1
3833800.0,13,190.21,11701000.0,1
4990900.0,22,348.13,5588000.0,1
7599300.0,16,130.82,13596000.0,1
1071700.0,22,774.73,7204000.0,0
2689700.0,3,208.54,17121000.0,0
5781600.0,16,477.84,4765000.0,0
1877200.0,10,243.12,3980000.0,0
5277800.0,16,446.37,29433000.0,0
6469700.0,17,35.54,11411000.0,0
2387400.0,23,882.32,23974000.0,1
2739000.0,6,547.5,17445000.0,1
6493800.0,4,567.03,28663000.0,1
4312900.0,20,893.85,15612000.0,1
3744300.0,23,519.59,12777000.0,1
9289300.0,21,679.04,3020000.0,1
6245300.0,22,62.02,11841000.0,0
2214300.0,6,580.17,9030000.0,1
2192500.0,3,305.64,8792000.0,0
5927600.0,19,582.84,24829000.0,0
5717100.0,11,50.53,29365000.0,1
1753100.0,12,525.75,6253000.0,0
1030400.0,0,193.51,2692000.0,0
2923000.0,14,815.04,27351000.0,1
9092800.0,21,783.5,4078000.0,1
7917300.0,12,328.89,20312000.0,0
8995900.0,12,884.94,5335000.0,1
6627700.0,2,193.18,9469000.0,0
8104500.0,3,343.41,9527000.0,1
9775200.0,1,967.16,6791000.0,1
7904500.0,22,698.79,12300000.0,0
2580300.0,21,650.33,28496000.0,0
584700.0,23,686.76,3115000.0,0
7904900.0,23,815.72,18875000.0,0
9480700.0,4,466.89,26359000.0,0
3201100.0,16,571.06,27111000.0,0
6387800.0,2,201.02,26901000.0,0
2209300.0,12,480.81,2493000.0,0
6360400.0,19,332.82,7704000.0,1
714200.0,9,247.41,2970000.0,1
1294100.0,5,106.01,13684000.0,1
8288900.0,14,957.36,9766000.0,0
6155100.0,15,575.46,4941000.0,1
7194000.0,15,771.44,13907000.0,1
3703600.0,18,422.98,29752000.0,0
8662800.0,5,271.29,2760000.0,0
2966300.0,11,722.01,27736000.0,0
1373700.0,10,827.48,2677000.0,0
1645400.0,8,350.22,25048000.0,0
1404600.0,1,568.63,29995000.0,1
6985900.0,22,752.4,11882000.0,0
9932300.0,1,216.22,13340000.0,1
5283500.0,6,88.1,24001000.0,1
2678700.0,18,495.32,22054000.0,1
238200.0,8,88.78,14114000.0,1
7841900.0,18,431.38,3297000.0,1
1801100.0,23,96.82,15200000.0,0
7003100.0,15,697.88,7038000.0,1
2733300.0,18,759.25,7820000.0,1
7761400.0,8,322.28,26163000.0,0
6256500.0,11,933.45,28048000.0,1
4400800.0,2,609.11,7133000.0,1
2641100.0,14,645.03,11239000.0,0
5889200.0,14,84.01,22404000.0,0
6941300.0,19,77.35,1125000.0,0
358500.0,12,283.21,13477000.0,1
3062800.0,1,635.99,22396000.0,1
7571000.0,6,134.5,18354000.0,1
2678700.0,5,531.25,14610000.0,0
7270800.0,20,524.22,28614000.0,0
4068200.0,15,333.34,22999000.0,0
6847800.0,10,413.19,24530000.0,1
9231700.0,10,621.6,22039000.0,0
1670600.0,9,761.0,22407000.0,0
9242200.0,21,717.15,18677000.0,1
8898700.0,20,63.6,3015000.0,0
5096700.0,20,839.72,6938000.0,1
454100.0,20,320.15,28114000.0,1
8083000.0,8,257.2,25123000.0,1
5908100.0,13,881.33,20464000.0,0
3135500.0,7,4.17,26004000.0,0
425700.0,7,800.77,19175000.0,0
3867500.0,7,227.38,9426000.0,1
738100.0,22,708.13,28514000.0,1
4480100.0,3,698.73,23445000.0,1
650900.0,16,10.82,18269000.0,1
6632300.0,12,780.34,2329000.0,0
6233800.0,22,659.45,3198000.0,1
2316800.0,10,720.61,13327000.0,1
6300000.0,10,564.38,16199000.0,0
1749600.0,22,624.05,15116000.0,1
1278300.0,19,961.2,1366000.0,1
3590600.0,19,886.21,24700000.0,1
1810100.0,7,725.44,17139000.0,1
4658400.0,18,737.25,6090000.0,1
5669700.0,7,530.49,27757000.0,1
4632500.0,22,943.15,4911000.0,0
5389100.0,12,913.19,6763000.0,1
8477800.0,3,334.87,8524000.0,0
9887900.0,19,697.07,29423000.0,0
734700.0,10,135.15,19690000.0,0
6126300.0,21,928.72,4332000.0,1
215800.0,5,373.66,1951000.0,0
5213400.0,6,474.94,26612000.0,1
4018700.0,11,98.72,2158000.0,0
87000.0,6,382.23,5597000.0,1
9337500.0,5,631.31,28644000.0,0
3916800.0,20,461.2,22783000.0,1
5088100.0,16,226.45,18818000.0,0
7639000.0,12,44.11,16381000.0,1
5900900.0,21,126.52,16608000.0,0
8618000.0,9,948.39,25385000.0,0
645200.0,5,154.91,25600000.0,0
285500.0,5,642.75,27504000.0,0
1841900.0,2,335.45,3039000.0,1
6276800.0,21,626.61,4672000.0,1
6197500.0,4,54.39,9398000.0,0
1829400.0,2,626.73,6211000.0,1
554100.0,5,251.0,10068000.0,0
5370400.0,20,186.2,17458000.0,0
9026200.0,12,823.5,26529000.0,0
1850000.0,11,730.56,22315000.0,1
4282400.0,9,770.38,2448000.0,1
8359600.0,21,823.49,13186000.0,1
8157300.0,19,115.72,2098000.0,1
6173300.0,19,450.23,8258000.0,1
7470000.0,4,719.22,19619000.0,0
4323000.0,0,191.85,2982000.0,1
7495500.0,13,93.6,8052000.0,0
1299600.0,8,721.34,19586000.0,1
1151800.0,16,163.19,24539000.0,1
5556100.0,3,119.18,22052000.0,1
8092700.0,12,948.83,7096000.0,0
9092900.0,11,254.64,9501000.0,1
4602200.0,10,412.85,15686000.0,1
5439400.0,7,906.22,14204000.0,1
9909200.0,8,842.68,11960000.0,1
9021700.0,3,102.58,10975000.0,1
4978100.0,10,61.04,7363000.0,0
3117700.0,15,556.89,23332000.0,1
2639500.0,12,784.56,29109000.0,1
3454200.0,14,304.34,5040000.0,0
541100.0,4,599.05,2453000.0,0
1410400.0,15,552.16,1164000.0,1
5060400.0,4,20.16,17672000.0,0
4355300.0,21,901.25,10658000.0,1
2959200.0,19,863.04,7039000.0,1
4844900.0,19,48.02,24465000.0,1
3141200.0,8,711.65,2522000.0,0
9725700.0,16,957.9,17908000.0,0
1089600.0,22,318.57,1716000.0,1
2787100.0,21,489.39,22885000.0,0
8438500.0,3,809.99,1354000.0,0
4123300.0,10,809.87,20846000.0,0
2456300.0,12,295.6,14296000.0,1
8262600.0,5,721.26,15800000.0,1
8908700.0,0,585.62,1434000.0,0
1182200.0,17,479.01,29440000.0,0
9307900.0,4,610.38,24680000.0,0
3790500.0,23,611.88,26983000.0,1
8206700.0,22,130.29,15418000.0,1
8354300.0,22,300.75,5743000.0,0
3051500.0,19,13.86,27010000.0,0
4952600.0,3,231.52,12369000.0,0
3480700.0,14,812.69,5651000.0,0
4896100.0,17,324.99,26434000.0,0
2610700.0,12,296.92,5017000.0,0
2947300.0,10,212.54,21494000.0,0
614600.0,3,930.57,12440000.0,1
1180700.0,7,866.75,22649000.0,0
8031100.0,2,662.44,5664000.0,0
4467000.0,19,84.39,21140000.0,0
2713100.0,3,414.46,2379000.0,1
805500.0,10,549.31,8638000.0,1
5495000.0,20,917.08,28729000.0,1
6885900.0,15,136.12,16283000.0,0
2797700.0,7,531.06,14989000.0,1
3660800.0,3,401.5,14335000.0,0
5964000.0,22,616.6,7116000.0,0
6434700.0,5,856.11,18387000.0,1
1444400.0,7,881.39,28002000.0,0
4588800.0,18,700.35,18652000.0,1
5244800.0,20,874.16,17540000.0,1
4058300.0,18,228.69,26055000.0,1
7246400.0,20,42.88,4094000.0,0
6193300.0,14,560.73,25819000.0,0
5362500.0,23,189.07,27854000.0,0
5612500.0,17,883.8,27716000.0,0
9045900.0,22,888.58,27316000.0,0
2474700.0,22,495.84,5192000.0,1
8282300.0,5,36.15,12789000.0,1
4552200.0,23,673.24,23382000.0,0
3301300.0,12,266.87,23395000.0,0
7443500.0,21,677.12,10420000.0,1
8511500.0,19,971.55,25220000.0,1
5964300.0,14,946.58,8086000.0,1
9281200.0,14,875.87,6163000.0,1
2488100.0,3,669.3,28067000.0,1
657200.0,15,57.87,21243000.0,1
5805800.0,22,127.18,24917000.0,0
4584300.0,6,286.3,15306000.0,0
707200.0,20,743.23,21204000.0,1
8386900.0,22,556.02,14540000.0,1
8747100.0,1,76.21,29014000.0,0
4893300.0,0,261.57,12242000.0,0
3193200.0,20,531.05,27876000.0,1
701300.0,18,127.0,24982000.0,0
8642700.0,7,936.6,17618000.0,1
9489900.0,9,929.52,6700000.0,0
6814400.0,20,894.04,24849000.0,1
3996500.0,5,509.16,6282000.0,0
1851800.0,9,159.5,23184000.0,1
3976700.0,18,929.8,19328000.0,0
1473300.0,18,37.52,16746000.0,0
9344500.0,23,239.66,3453000.0,1
680500.0,1,180.66,13439000.0,1
304300.0,8,297.89,10964000.0,1
224600.0,7,319.74,16007000.0,0
5661000.0,18,699.03,23871000.0,0
4826000.0,6,461.65,28921000.0,1
3592200.0,13,296.07,18244000.0,1
3135800.0,10,29.18,5332000.0,0
2145200.0,21,836.94,7250000.0,0
5005800.0,22,172.81,21786000.0,0
521200.0,13,301.0,8442000.0,1
9264600.0,19,763.41,13176000.0,1
8910300.0,7,892.74,13749000.0,0
3647800.0,17,804.68,10794000.0,0
7490000.0,9,748.38,6565000.0,1
3068000.0,8,750.72,26276000.0,0
1746100.0,2,674.5,28084000.0,1
911900.0,15,74.01,12160000.0,0
5247500.0,4,859.57,2240000.0,1
729400.0,6,734.79,20609000.0,1
8301600.0,1,576.0,6696000.0,1
7833700.0,7,831.85,11970000.0,1
9515700.0,6,405.09,16093000.0,1
9436900.0,10,397.47,4093000.0,0
4119500.0,21,482.17,28833000.0,1
8076700.0,22,718.99,15367000.0,0
6405000.0,21,718.44,15857000.0,1
2019400.0,14,804.86,17009000.0,1
5215500.0,10,468.58,12364000.0,1
2610800.0,4,347.02,20737000.0,1
1415800.0,5,971.58,5325000.0,0
7591300.0,22,803.77,5701000.0,0
6310400.0,16,800.0,1128000.0,1
3469300.0,21,522.7,20530000.0,0
6098600.0,1,221.42,24024000.0,0
2175400.0,1,625.96,3439000.0,0
5323900.0,22,304.49,11906000.0,1
3471000.0,7,48.72,26036000.0,1
910000.0,0,73.19,22693000.0,0
8477900.0,18,338.81,16891000.0,0
9398900.0,20,36.8,5137000.0,1
3738800.0,13,774.61,8372000.0,1
2804000.0,5,900.06,12839000.0,1
881100.0,0,915.53,16377000.0,1
4905500.0,23,524.82,8530000.0,0
7488600.0,19,348.79,1451000.0,0
2633200.0,8,622.04,7570000.0,1
9722600.0,17,672.83,3094000.0,1
6267300.0,1,515.09,14483000.0,1
9295400.0,2,692.81,25206000.0,1
9212300.0,10,915.37,5133000.0,0
6603900.0,1,423.27,11483000.0,1
2294600.0,9,428.1,16458000.0,1
6438300.0,10,986.86,15915000.0,0
3376500.0,6,157.77,28097000.0,1
5058500.0,7,434.7,14637000.0,0
3918300.0,9,444.23,16055000.0,1
159300.0,2,345.38,14406000.0,1
3945700.0,10,439.59,21458000.0,0
703100.0,16,117.62,9597000.0,1
9283000.0,17,984.78,15346000.0,0
2716000.0,16,434.5,29545000.0,1
283400.0,18,851.76,27877000.0,1
4200200.0,7,631.07,13518000.0,1
7232100.0,8,788.19,1197000.0,1
9529200.0,21,85.71,17908000.0,0
4067300.0,5,971.49,14752000.0,0
3666000.0,10,13.97,27423000.0,0
837400.0,22,712.04,8182000.0,1
9923000.0,5,188.04,5744000.0,0
408900.0,13,224.65,11422000.0,0
371900.0,12,645.27,19135000.0,0
150100.0,16,902.9,29634000.0,1
6846200.0,22,557.52,7822000.0,1
2678400.0,7,359.95,20919000.0,0
8486000.0,22,308.37,8660000.0,0
7526500.0,1,898.42,6632000.0,1
7952200.0,6,181.39,8169000.0,0
1653100.0,16,341.55,21687000.0,0
6827900.0,2,813.39,4401000.0,0
9674400.0,6,797.81,19351000.0,1
8382300.0,21,460.57,2383000.0,0
2033100.0,4,695.98,29152000.0,0
584200.0,18,965.91,23120000.0,0
5006900.0,14,737.12,5883000.0,1
2146800.0,9,481.41,4550000.0,0
188000.0,7,147.65,2159000.0,1
1714400.0,21,66.76,21107000.0,0
3769400.0,9,171.49,17350000.0,0
6682800.0,21,430.55,29376000.0,1
1645800.0,9,176.23,7291000.0,0
2177100.0,15,831.87,9328000.0,1
1867600.0,4,63.62,10811000.0,1
7962100.0,11,228.11,18176000.0,0
2073100.0,0,592.48,26511000.0,1
1158000.0,10,931.73,3875000.0,1
8440000.0,4,108.81,11268000.0,0
7046900.0,6,644.51,19906000.0,1
1380900.0,17,851.98,9462000.0,0
2948800.0,13,929.36,15815000.0,1
9443000.0,21,383.73,23410000.0,0
2014300.0,6,534.69,18036000.0,1
8069000.0,17,959.86,26627000.0,1
4938100.0,18,152.7,25259000.0,1
7794400.0,21,281.01,28355000.0,0
3150200.0,11,568.88,10771000.0,0
3980600.0,9,235.68,5187000.0,1
1252800.0,1,118.0,12344000.0,1
6886400.0,6,230.04,18794000.0,0
9600100.0,1,650.79,2507000.0,0
3595100.0,3,172.73,27276000.0,0
3816100.0,2,255.7,19936000.0,0
7421400.0,12,834.0,19834000.0,1
6696300.0,18,368.29,9820000.0,0
7700000.0,11,351.72,6214000.0,1
1569400.0,4,104.23,18703000.0,0
8303300.0,8,539.3,24514000.0,0
9127400.0,11,772.3,13933000.0,1
6789400.0,13,414.96,19428000.0,0
358600.0,10,783.96,3733000.0,1
5701900.0,23,424.53,16821000.0,1
4663400.0,9,484.78,4767000.0,1
9393500.0,3,878.23,7614000.0,1
5500600.0,13,262.31,5655000.0,1
4664200.0,9,415.17,4027000.0,0
4733200.0,23,937.87,25784000.0,0
2729100.0,21,857.34,24718000.0,0
9636000.0,2,304.47,13521000.0,1
6595600.0,15,750.36,20768000.0,0
7073100.0,20,249.64,16343000.0,1
6264700.0,13,598.75,27890000.0,1
1695200.0,18,213.38,4894000.0,1
6873400.0,14,123.36,12345000.0,0
2049000.0,19,571.83,17255000.0,0
1377000.0,15,496.79,1320000.0,0
4434600.0,21,883.7,28833000.0,0
5118800.0,12,801.2,5172000.0,1
5423400.0,15,787.36,5371000.0,1
9375400.0,8,851.15,8769000.0,1
3493600.0,15,56.32,26280000.0,0
7236300.0,21,589.43,27858000.0,0
3134100.0,17,614.02,10717000.0,0
7859700.0,7,683.03,2080000.0,1
6387900.0,5,310.86,13011000.0,0
4385300.0,18,600.56,12061000.0,1
4091700.0,0,232.89,17896000.0,0
4543500.0,2,219.57,2105000.0,1
5633000.0,7,759.73,25828000.0,1
8293300.0,18,381.86,10446000.0,0
2225700.0,18,161.32,16892000.0,0
3113800.0,0,791.8,12829000.0,1
7315900.0,4,335.35,29611000.0,0
3927100.0,3,923.31,12475000.0,1
6397000.0,6,811.91,16778000.0,1
9842300.0,18,70.62,12626000.0,1
5174700.0,20,230.34,26963000.0,1
8549900.0,4,737.38,10422000.0,1
212500.0,12,470.98,3250000.0,1
6521700.0,12,690.47,18988000.0,0
6513500.0,21,238.78,9226000.0,1
5359200.0,18,372.43,24761000.0,0
816000.0,12,759.04,4468000.0,1
2482200.0,12,158.66,29469000.0,1
5967100.0,18,138.06,5887000.0,0
346600.0,15,620.89,27777000.0,1
5142400.0,0,505.45,7518000.0,0
5550900.0,20,318.47,24600000.0,1
9884700.0,10,120.63,5588000.0,0
9717800.0,10,449.62,19746000.0,1
5825200.0,15,949.06,10883000.0,1
9098800.0,21,381.9,26589000.0,0
6150800.0,16,340.29,14377000.0,0
5696100.0,15,589.96,24187000.0,1
3875200.0,2,921.56,3697000.0,1
7740900.0,6,948.87,29388000.0,1
1611000.0,23,371.81,20367000.0,1
1853400.0,11,155.72,23654000.0,0
6523100.0,22,413.73,9741000.0,0
7450800.0,2,492.34,21297000.0,1
850100.0,17,59.49,26542000.0,0
9924700.0,9,941.71,25268000.0,0
7933400.0,12,702.33,18816000.0,1
2174800.0,6,805.97,12267000.0,1
7635100.0,14,636.87,11827000.0,1
1582100.0,3,137.04,20175000.0,1
7816200.0,3,801.02,23887000.0,0
2935100.0,22,11.67,27830000.0,0
1985800.0,17,709.87,3875000.0,1
3735400.0,17,479.37,23735000.0,1
5832400.0,15,798.47,16657000.0,1
5871400.0,23,997.2,11293000.0,1
3518300.0,17,542.1,3554000.0,0
7409100.0,19,445.45,25935000.0,1
4771900.0,20,70.48,16201000.0,0
4391600.0,10,300.47,7507000.0,0
6808500.0,19,475.26,1929000.0,1
7135600.0,11,257.38,13102000.0,0
9750000.0,3,667.27,9744000.0,0
651700.0,9,912.34,28624000.0,0
9621700.0,2,413.11,18929000.0,0
2166700.0,7,678.5,3951000.0,0
1222400.0,16,781.54,9614000.0,1
6659000.0,11,646.23,6128000.0,0
2422100.0,3,819.03,9369000.0,0
6499700.0,12,560.7,4949000.0,1
4498000.0,11,709.03,16324000.0,0
9727000.0,2,799.78,13989000.0,0
7694800.0,1,493.46,23982000.0,0
4520100.0,7,558.89,8078000.0,0
6715700.0,21,542.6,2121000.0,1
462300.0,22,148.58,20312000.0,1
5227000.0,6,833.46,27867000.0,1
8187400.0,8,590.36,3033000.0,1
5048100.0,16,672.17,24991000.0,1
4216600.0,19,428.22,4556000.0,0
2566500.0,9,374.16,19164000.0,0
4602800.0,15,864.54,12570000.0,0
7801100.0,16,519.34,25248000.0,1
7135500.0,23,125.84,7361000.0,0
1339500.0,19,270.54,18207000.0,0
3273500.0,3,319.47,20238000.0,1
3960500.0,22,888.46,5138000.0,0
4076600.0,18,374.79,1604000.0,1
9622200.0,5,106.83,16189000.0,0
8098400.0,11,523.28,1077000.0,1
2609700.0,21,718.94,14871000.0,0
6418500.0,0,336.53,27052000.0,1
2378400.0,12,533.27,13637000.0,0
4424900.0,11,476.05,14660000.0,1
5912200.0,22,984.86,23243000.0,0
4116500.0,21,212.53,20237000.0,0
4935200.0,2,374.53,8278000.0,0
5212700.0,4,101.85,16535000.0,1
1305600.0,12,341.71,18925000.0,0
2647700.0,0,185.08,3008000.0,0
5734200.0,16,483.14,19934000.0,0
6001800.0,0,754.78,29449000.0,0
9363000.0,8,847.34,22660000.0,0
345500.0,9,138.25,5964000.0,0
9218800.0,12,998.97,29107000.0,1
1396600.0,12,958.81,24588000.0,0
7330100.0,22,292.53,4957000.0,0
4322400.0,22,603.43,14400000.0,1
9936100.0,14,387.36,22859000.0,1
2028100.0,8,539.8,25847000.0,1
500700.0,2,442.2,21087000.0,0
5626500.0,4,662.56,10261000.0,0
7502700.0,2,880.39,15685000.0,0
8202600.0,3,288.49,6190000.0,1
9094800.0,23,776.29,10820000.0,1
7026100.0,6,52.47,6980000.0,1
9947600.0,21,495.65,28634000.0,0
382600.0,17,379.44,25789000.0,0
3546900.0,3,192.63,23571000.0,0
1084700.0,5,938.99,9479000.0,1
7167400.0,21,247.5,12833000.0,1
4760200.0,17,116.03,18648000.0,0
5369700.0,3,275.39,3359000.0,1
2876700.0,14,451.93,26910000.0,0
8796400.0,13,595.38,24139000.0,0
4724700.0,12,740.88,9043000.0,1
78100.0,13,985.32,7229000.0,1
1777300.0,3,281.1,17398000.0,0
6030900.0,19,3.88,14298000.0,0
6394700.0,23,714.55,11194000.0,0
7731700.0,12,955.51,22144000.0,1
2100600.0,23,579.34,10897000.0,1
1148000.0,8,464.49,14689000.0,1
4409800.0,7,21.65,13126000.0,0
780600.0,4,479.41,14394000.0,0
6474900.0,11,4.04,27371000.0,1
8431400.0,11,754.42,8252000.0,1
4238400.0,9,807.93,25743000.0,0
532300.0,21,539.09,7866000.0,0
9307500.0,18,73.44,19171000.0,1
9431700.0,12,788.37,19178000.0,1
3434400.0,7,933.39,14078000.0,1
7444200.0,7,423.94,26348000.0,1
1991200.0,15,75.12,13250000.0,0
7864100.0,11,532.47,20076000.0,1
954600.0,23,278.97,8529000.0,0
7095500.0,3,851.49,12875000.0,0
2719400.0,0,49.47,5537000.0,0
5055900.0,9,688.84,3268000.0,0
6333200.0,3,729.51,3220000.0,1
8430300.0,18,697.1,17448000.0,1
4649200.0,23,314.12,12071000.0,0
5042300.0,10,991.41,1842000.0,0
1834800.0,0,669.67,14805000.0,0
3607600.0,20,294.43,24419000.0,0
4969200.0,16,18.0,20534000.0,1
4254400.0,11,43.7,28178000.0,1
5579100.0,10,276.83,13456000.0,0
9853300.0,10,629.99,4725000.0,0
1008200.0,20,917.56,15309000.0,1
4743800.0,22,989.1,18326000.0,1
46400.0,14,783.15,23651000.0,0
1201500.0,14,890.24,3362000.0,1
2638800.0,4,313.8,28582000.0,0
9439400.0,17,218.23,3894000.0,0
8558700.0,21,726.81,4303000.0,0
16000.0,20,574.16,8757000.0,0
7217900.0,23,559.23,27987000.0,0
1030600.0,5,492.27,20494000.0,0
5304200.0,22,282.66,20539000.0,0
3753600.0,3,906.92,4306000.0,0
8182300.0,21,272.73,21013000.0,0
5021200.0,7,762.27,8447000.0,0
7458800.0,11,355.61,8715000.0,1
7224800.0,17,254.77,15653000.0,1
9066900.0,1,602.86,25209000.0,0
6763700.0,8,247.39,5577000.0,0
6530100.0,16,458.15,9345000.0,1
3667900.0,23,71.72,2072000.0,1
5223200.0,3,755.66,14001000.0,0
1297200.0,10,175.54,7213000.0,1
7864700.0,11,267.56,26857000.0,1
409700.0,19,379.63,4010000.0,0
1232100.0,18,791.35,22663000.0,0
4222300.0,15,629.75,27218000.0,1
4355100.0,13,270.28,24130000.0,1
9787900.0,20,876.89,6128000.0,1
6491900.0,10,159.46,23257000.0,0
4415100.0,5,37.57,5012000.0,0
9519800.0,23,172.61,11103000.0,1
9601100.0,9,739.84,6422000.0,0
5680500.0,9,942.7,12178000.0,1
2867800.0,0,368.81,21288000.0,0
4151400.0,0,220.4,4195000.0,1
9233000.0,0,879.45,23636000.0,0
6585300.0,6,456.89,20931000.0,0
2789400.0,13,558.8,21759000.0,0
4975400.0,5,599.77,16517000.0,0
6996100.0,15,787.12,14443000.0,1
4170000.0,8,307.04,22844000.0,0
5936900.0,19,722.88,28888000.0,1
9967900.0,17,197.98,15703000.0,1
1352200.0,1,922.63,3428000.0,1
6793700.0,1,896.71,17693000.0,0
8722300.0,19,637.21,18871000.0,1
5370000.0,23,463.39,11852000.0,0
4929300.0,9,536.59,13497000.0,1
3238100.0,10,675.41,25561000.0,0
5265600.0,23,679.81,1831000.0,0
7527600.0,1,160.05,21714000.0,1
7667400.0,3,530.85,11271000.0,0
6367300.0,8,961.1,26330000.0,1
6280900.0,20,588.32,18743000.0,0
8045100.0,12,353.35,10275000.0,0
892400.0,3,520.7,8324000.0,0
5521500.0,21,3.2,16257000.0,0
9827500.0,19,914.54,8612000.0,0
3375200.0,5,542.77,15322000.0,1
7782700.0,17,402.73,23303000.0,0
4404900.0,3,296.03,10219000.0,0
2927300.0,7,691.59,5543000.0,1
3861300.0,6,8.21,3404000.0,1
8196800.0,4,289.19,24421000.0,1
6201800.0,11,890.04,21002000.0,1
7499500.0,17,240.82,20696000.0,1
3555100.0,3,758.59,27732000.0,1
3013000.0,22,556.95,8651000.0,1
1868700.0,12,439.01,19427000.0,1
9759600.0,9,215.49,14709000.0,1
3692200.0,20,82.7,4335000.0,1
7954300.0,10,952.16,3021000.0,0
3890500.0,1,223.78,21001000.0,1
5480800.0,9,44.01,26333000.0,0
8643600.0,1,661.07,28736000.0,0
2079800.0,18,685.45,26313000.0,1
5446400.0,2,12.43,6378000.0,0
2443400.0,2,390.79,15955000.0,0
9830200.0,23,311.69,12006000.0,0
9208200.0,0,956.21,9963000.0,1
4618900.0,20,612.9,13389000.0,1
2747000.0,10,685.68,20094000.0,1
6138500.0,5,438.34,5577000.0,0
8656600.0,15,904.24,1362000.0,1
6465900.0,15,938.71,26349000.0,0
8392100.0,4,889.17,21788000.0,1
8361600.0,0,596.91,8735000.0,1
1552600.0,22,140.52,13325000.0,0
4807700.0,16,87.73,27835000.0,1
2483800.0,12,888.56,28110000.0,1
567800.0,19,343.31,26785000.0,1
968800.0,0,23.51,12921000.0,1
9660000.0,13,873.46,22482000.0,1
8499300.0,8,552.91,10686000.0,1
9015000.0,17,936.85,24847000.0,1
1633800.0,7,803.35,8310000.0,0
2682100.0,3,717.16,16639000.0,1
2683700.0,20,90.08,6965000.0,0
4335900.0,21,628.91,3065000.0,0
8313500.0,0,878.32,28359000.0,1
5502500.0,12,712.47,25956000.0,0
5903200.0,4,102.52,25515000.0,0
8502700.0,20,724.65,22633000.0,0
3809300.0,21,921.35,27073000.0,0
8711100.0,17,438.62,9015000.0,0
9910700.0,10,342.4,7140000.0,1
4913300.0,12,863.42,5056000.0,0
6574200.0,7,644.72,6851000.0,0
7942000.0,21,137.87,15830000.0,0
2038100.0,14,914.4,2944000.0,1
3672600.0,9,344.74,24654000.0,0
492000.0,2,48.11,8373000.0,1
9504500.0,4,420.99,16319000.0,1
4605800.0,15,210.34,23161000.0,0
4866700.0,0,859.43,8686000.0,1
730400.0,22,667.28,26309000.0,0
8846500.0,18,959.96,27911000.0,1
3630300.0,22,231.2,18279000.0,0
2209500.0,0,419.4,28278000.0,1
4212000.0,17,482.09,23329000.0,0
4301300.0,17,576.9,12328000.0,1
6154600.0,5,230.13,26877000.0,0
4971700.0,18,883.95,4164000.0,1
2800700.0,17,546.49,26098000.0,0
1288300.0,20,872.89,17106000.0,0
1369800.0,20,443.07,7174000.0,0
5961400.0,7,175.51,22555000.0,1
7252300.0,17,962.4,24870000.0,0
1094700.0,0,659.72,18665000.0,1
5616700.0,5,810.13,6748000.0,1
7739800.0,23,224.31,26371000.0,1
433100.0,20,911.22,18729000.0,0
7941900.0,18,904.65,9123000.0,0
2007300.0,15,734.79,21870000.0,0
7961600.0,11,894.34,8981000.0,1
6063800.0,1,408.18,4867000.0,1
6305300.0,11,534.38,1982000.0,1
1145300.0,12,545.11,26474000.0,0
8716000.0,17,728.48,2280000.0,0
3968500.0,3,322.59,27941000.0,0
3844200.0,16,313.57,18862000.0,0
8581200.0,13,438.28,1928000.0,0
2737700.0,6,351.89,25701000.0,1
8559200.0,9,459.88,7057000.0,0
2170700.0,19,530.85,1552000.0,1
9269800.0,18,293.56,15439000.0,0
3043900.0,16,997.57,11897000.0,1
8610200.0,12,389.61,5001000.0,0
319500.0,0,535.81,24710000.0,0
5043800.0,14,82.38,16993000.0,1
7626200.0,6,674.08,29630000.0,1
2997300.0,9,441.09,15544000.0,0
689400.0,0,578.12,15475000.0,0
3790300.0,2,127.96,4696000.0,1
5462400.0,11,956.54,5151000.0,1
499700.0,4,236.46,26828000.0,0
1780900.0,16,553.66,9787000.0,1
5856600.0,4,439.33,10101000.0,0
5846200.0,3,803.08,12808000.0,0
7131200.0,11,220.07,2132000.0,1
3017800.0,12,807.62,21858000.0,0
5451100.0,21,901.3,10175000.0,1
7115300.0,15,116.78,9389000.0,1
6325900.0,23,337.55,6210000.0,1
7417600.0,4,868.35,6612000.0,1
695800.0,3,260.1,7940000.0,1
6483700.0,21,127.3,10353000.0,1
1890300.0,14,628.54,13591000.0,0
3948900.0,17,430.68,19912000.0,1
4632700.0,15,882.73,8352000.0,0
1251600.0,18,168.94,2622000.0,0
1456300.0,12,267.62,24839000.0,1
969400.0,13,588.78,9537000.0,0
2615200.0,5,165.11,20630000.0,1
7180500.0,1,375.96,4466000.0,1
3097000.0,17,284.77,16984000.0,1
5440000.0,23,554.04,10049000.0,1
8936600.0,23,17.05,6524000.0,1
1927900.0,5,579.48,24719000.0,0
3104800.0,9,214.54,23206000.0,0
5846000.0,9,236.0,8390000.0,0
135700.0,9,855.69,13478000.0,1
6304000.0,17,408.26,5436000.0,0
1361000.0,15,489.29,15706000.0,1
9479100.0,17,33.58,13660000.0,1
9404100.0,2,296.9,19148000.0,0
3681200.0,23,256.98,18220000.0,1
4357000.0,4,569.83,21379000.0,0
6638400.0,19,825.85,27171000.0,0
5509500.0,22,676.88,17375000.0,1
9594100.0,20,743.28,20187000.0,0
8835100.0,21,362.12,29875000.0,0
8539700.0,1,516.25,29322000.0,1
4780200.0,14,420.91,27008000.0,1
5336300.0,8,491.52,27253000.0,1
1712900.0,0,383.49,29722000.0,0
8427700.0,4,853.14,1614000.0,1
4193100.0,7,475.3,20256000.0,1
7142400.0,5,296.11,25046000.0,1
2859000.0,3,158.16,19626000.0,0
8625000.0,8,472.87,24099000.0,1
5425400.0,15,359.37,9059000.0,0
5153800.0,10,149.98,29901000.0,1
4960000.0,22,290.45,17412000.0,0
202000.0,8,922.79,3112000.0,0
6380400.0,19,462.27,9894000.0,1
3611900.0,9,552.36,3403000.0,0
5952700.0,14,367.7,20386000.0,0
7663800.0,2,170.13,21116000.0,0
3787200.0,15,473.11,16448000.0,0
1166800.0,2,899.47,22877000.0,1
5553200.0,20,173.82,9308000.0,1
4493200.0,5,421.97,3320000.0,0
2357300.0,8,700.67,3541000.0,1
6929700.0,19,548.49,20251000.0,0
8735100.0,7,525.71,19861000.0,0
7448700.0,14,158.92,27985000.0,1
7925300.0,15,798.34,25077000.0,0
5397700.0,8,30.87,7243000.0,1
8385100.0,12,777.81,22541000.0,0
9516000.0,17,678.94,25276000.0,1
5010500.0,20,83.62,27162000.0,0
6788500.0,2,219.04,15397000.0,1
1325700.0,11,907.86,21883000.0,0
6601800.0,11,317.76,26072000.0,1
7211100.0,18,564.48,3752000.0,0
7899100.0,15,692.99,29003000.0,0
9998800.0,8,898.84,9395000.0,0
9049700.0,6,308.54,5140000.0,0
1280500.0,6,760.32,23946000.0,0
5148200.0,16,161.98,27583000.0,1
5974800.0,3,662.99,8674000.0,1
575900.0,18,979.52,25013000.0,0
8854600.0,3,398.12,24415000.0,0
9887500.0,20,155.6,14678000.0,1
2857100.0,12,880.37,9233000.0,1
1609100.0,4,411.9,23824000.0,0
9481800.0,10,290.05,6114000.0,1
4174300.0,5,500.29,27305000.0,1
2963300.0,4,914.68,3535000.0,0
1127900.0,4,570.85,22690000.0,1
9043500.0,17,432.77,11750000.0,1
1026500.0,21,943.26,23395000.0,0
6659500.0,22,723.58,12937000.0,0
1872100.0,0,888.94,27298000.0,1
2906400.0,8,260.66,1166000.0,0
7336900.0,19,466.82,24382000.0,0
7959000.0,22,257.89,3071000.0,1
2610500.0,19,252.14,22677000.0,1
2530000.0,11,799.58,20907000.0,0
2982200.0,16,946.19,11776000.0,1
5294100.0,22,131.83,25571000.0,1
5726700.0,13,692.5,23963000.0,1
7269100.0,15,647.13,22133000.0,0
1048600.0,17,568.55,25738000.0,0
6275700.0,1,315.73,25613000.0,1
1984800.0,3,431.17,15130000.0,0
2443700.0,2,186.95,10069000.0,0
277800.0,2,352.54,20692000.0,1
361700.0,16,361.47,23505000.0,1
4142000.0,16,570.03,17102000.0,0
4081200.0,5,203.63,28256000.0,0
2087300.0,13,373.64,24095000.0,0
9815100.0,21,697.87,11151000.0,1
9064200.0,9,741.54,24864000.0,0
6556500.0,15,667.53,3081000.0,1
1898400.0,11,542.07,2127000.0,1
3668000.0,13,463.0,13507000.0,1
5838800.0,18,862.3,11529000.0,0
320900.0,23,705.54,9344000.0,1
2873900.0,21,816.69,11400000.0,0
2367500.0,13,48.32,15383000.0,1
462000.0,16,311.37,29977000.0,1
4498700.0,19,642.89,24731000.0,0
8788900.0,12,803.83,7002000.0,1
3858800.0,4,460.29,17220000.0,1
7880100.0,15,355.22,28394000.0,1
6936700.0,9,441.14,13591000.0,0
5650200.0,16,161.81,6016000.0,1
4277000.0,11,560.47,21589000.0,1
3127900.0,14,534.57,24313000.0,0
7951500.0,11,979.62,1692000.0,0
2863700.0,0,182.95,14442000.0,0
312900.0,7,915.66,1085000.0,1
6241000.0,18,688.61,4503000.0,0
9920200.0,3,976.6,15800000.0,0
7257700.0,20,511.58,10664000.0,1
4497000.0,18,367.4,26122000.0,0
8602700.0,13,704.31,16603000.0,1
8637800.0,7,59.69,6631000.0,1
5073200.0,1,575.88,29503000.0,1
3639000.0,11,849.07,6835000.0,0
1948000.0,4,262.32,29446000.0,1
7292700.0,6,484.84,20911000.0,0
1624600.0,18,714.46,21594000.0,1
2591900.0,5,942.7,15329000.0,0
6174200.0,11,738.8,17239000.0,1
6201400.0,20,47.02,21515000.0,0
9927600.0,15,829.56,25748000.0,0
987500.0,17,595.97,4278000.0,0
6307700.0,0,534.23,10910000.0,0
6342800.0,14,103.43,3557000.0,1
4922900.0,20,93.79,12583000.0,0
5930400.0,14,372.42,17226000.0,1
6611000.0,10,598.46,7354000.0,0
9545900.0,22,852.11,6162000.0,1
4031700.0,12,546.44,25904000.0,0
3183900.0,22,159.99,4517000.0,0
2531900.0,16,709.06,25146000.0,0
723500.0,12,327.29,29188000.0,0
7831700.0,0,818.03,11715000.0,0
3268500.0,14,691.89,28499000.0,0
5376200.0,21,154.86,24685000.0,0
6630900.0,21,684.61,27355000.0,1
3292400.0,6,796.48,11179000.0,0
5712600.0,16,31.54,3516000.0,0
4732300.0,14,539.57,18392000.0,1
2168400.0,2,246.42,22348000.0,0
2487600.0,19,709.24,18958000.0,1
8362900.0,1,800.85,8560000.0,0
5495400.0,9,147.11,27323000.0,1
4045200.0,10,265.55,10970000.0,1
991800.0,21,442.62,29985000.0,0
1061200.0,1,764.71,9438000.0,1
3560000.0,7,909.34,9533000.0,0
6405900.0,4,581.19,2212000.0,0
1226000.0,8,111.24,20550000.0,0
6791900.0,7,197.58,22171000.0,0
368100.0,16,220.14,18427000.0,1
5904900.0,23,814.47,6358000.0,1
3563900.0,3,892.35,11086000.0,1
398400.0,1,144.44,29322000.0,0
8548400.0,5,924.16,29564000.0,0
3282900.0,21,477.35,17941000.0,1
9553000.0,15,869.85,27739000.0,1
224200.0,7,925.11,15962000.0,1
7755700.0,21,350.74,9368000.0,1
9869000.0,9,66.11,19332000.0,1
4635100.0,22,133.03,21871000.0,1
5789200.0,2,415.78,4608000.0,1
6154000.0,2,845.81,16470000.0,1
2141200.0,19,779.67,17017000.0,0
7473900.0,19,471.36,7082000.0,0
8171500.0,14,340.72,7936000.0,1
8962200.0,23,148.78,14166000.0,0
6888900.0,19,764.5,20563000.0,1
1421800.0,0,583.9,9858000.0,0
1064300.0,8,846.2,13913000.0,1
3808500.0,17,929.71,14162000.0,1
6571300.0,17,747.62,27302000.0,1
2324800.0,18,719.81,10826000.0,1
6784000.0,23,870.63,18063000.0,0
5417100.0,21,712.64,4680000.0,0
5799000.0,5,216.43,22752000.0,0
6099100.0,20,121.29,15695000.0,1
8533800.0,14,658.02,22638000.0,0
9988600.0,23,710.97,29296000.0,0
817200.0,5,133.03,18724000.0,0
8778100.0,14,222.9,12141000.0,0
9792500.0,14,40.86,5076000.0,1
2589300.0,2,44.39,15377000.0,1
750100.0,12,887.0,15810000.0,0
2033600.0,20,933.04,6862000.0,0
3725900.0,1,1.42,20144000.0,1
6267700.0,12,874.99,14508000.0,1
5308000.0,15,745.67,15564000.0,0
2059300.0,23,204.48,19190000.0,0
795800.0,23,433.84,23852000.0,1
245500.0,8,791.34,23623000.0,1
7064000.0,4,499.66,28176000.0,0
5026000.0,12,233.25,1222000.0,1
2831000.0,20,54.17,17760000.0,0
5076500.0,12,205.22,23536000.0,0
1935400.0,11,798.46,21901000.0,1
6757100.0,3,578.15,28414000.0,0
3642500.0,8,746.62,20093000.0,1
5412600.0,22,794.26,10060000.0,1
3227600.0,4,58.35,29730000.0,0
7525900.0,2,36.57,18429000.0,1
9120500.0,20,752.91,19337000.0,0
4138100.0,17,605.12,4251000.0,1
7292200.0,11,779.07,14402000.0,0
3331600.0,23,612.47,4590000.0,1
2124500.0,14,967.77,9264000.0,1
1157900.0,11,331.44,1866000.0,0
6702000.0,22,235.19,10429000.0,1
8943400.0,3,669.73,29825000.0,1
3117000.0,14,342.38,12641000.0,1
4473100.0,10,848.27,1467000.0,0
4865100.0,5,548.19,29317000.0,0
2391700.0,2,903.7,12019000.0,0
8732700.0,22,405.04,8683000.0,1
6183400.0,0,887.24,22849000.0,1
7632200.0,18,429.32,23585000.0,1
5724400.0,12,145.44,22942000.0,1
5915100.0,0,295.79,7936000.0,1
7047500.0,6,837.11,29252000.0,0
9635200.0,4,389.08,19352000.0,1
8019800.0,10,433.25,3887000.0,0
6682100.0,2,821.26,10936000.0,0
7915100.0,17,146.87,19167000.0,0
4547000.0,21,272.7,8094000.0,1
9236600.0,17,301.85,3365000.0,0
2056200.0,14,685.08,14268000.0,0
5670400.0,17,429.7,8607000.0,1
9134300.0,16,41.31,19112000.0,0
1090200.0,5,462.86,16509000.0,0
2116600.0,22,392.46,2873000.0,1
4478700.0,19,692.89,21561000.0,0
9077000.0,7,508.19,2312000.0,0
3828000.0,12,48.3,19178000.0,1
4446800.0,7,180.58,24203000.0,1
1012200.0,1,63.62,29722000.0,1
9758400.0,4,291.97,19790000.0,1
7715300.0,15,959.73,26755000.0,1
6189100.0,22,903.79,13482000.0,0
6612700.0,16,832.64,6092000.0,1
6377700.0,12,503.88,23761000.0,0
8231900.0,1,853.5,23741000.0,1
4472100.0,15,436.91,26327000.0,1
9211000.0,0,908.46,17640000.0,0
2476800.0,12,818.49,6287000.0,1
2041600.0,9,646.32,12302000.0,1
8502500.0,11,259.95,4981000.0,1
3700400.0,17,660.5,1214000.0,0
2980100.0,0,706.29,6755000.0,1
1394800.0,16,223.18,3429000.0,0
8262800.0,8,857.93,23932000.0,0
8443700.0,19,556.87,19445000.0,1
6815300.0,22,578.0,14248000.0,1
8148800.0,21,78.69,28310000.0,1
8555500.0,17,659.6,9680000.0,0
391000.0,20,685.96,6000000.0,1
5528200.0,8,532.82,27796000.0,1
7945500.0,17,253.84,22820000.0,1
8547500.0,5,194.1,13149000.0,1
6564600.0,9,924.4,29795000.0,1
3893500.0,18,38.33,5972000.0,0
7205300.0,23,149.33,12480000.0,1
7104600.0,6,363.0,11929000.0,0
1723300.0,19,160.45,4602000.0,0
2525000.0,22,372.19,6483000.0,0
4514700.0,9,470.34,9834000.0,1
8976800.0,16,189.48,1339000.0,1
3496700.0,18,76.17,18351000.0,1
4553700.0,16,523.19,26197000.0,0
6360700.0,14,769.13,2255000.0,0
6873000.0,3,592.4,15771000.0,0
2889200.0,1,78.5,8151000.0,0
737900.0,21,567.56,26768000.0,0
8705600.0,10,374.61,11249000.0,1
604900.0,5,573.27,10993000.0,0
9488000.0,8,618.47,13477000.0,1
3092600.0,14,892.18,4028000.0,0
2951300.0,5,408.42,2416000.0,1
3559600.0,23,848.15,4593000.0,1
624600.0,10,397.19,2147000.0,1
7252100.0,18,38.98,2495000.0,1
6556500.0,8,352.64,19437000.0,1
1627400.0,19,220.47,5274000.0,1
1533000.0,0,214.03,22612000.0,1
6892100.0,3,863.44,20913000.0,1
9317400.0,2,708.72,14523000.0,1
3389700.0,19,628.22,11461000.0,0
7978600.0,17,343.52,12481000.0,0
5305700.0,3,681.58,4218000.0,0
877800.0,9,404.89,10627000.0,1
192000.0,1,356.7,29819000.0,0
7779400.0,22,862.62,16038000.0,0
8410900.0,4,829.01,29540000.0,1
5256000.0,12,740.35,23680000.0,1
5746400.0,22,102.35,23266000.0,1
4743500.0,15,873.79,22363000.0,1
2149400.0,5,790.78,1628000.0,1
6354700.0,2,684.41,22225000.0,1
3800700.0,23,514.22,12123000.0,1
1771900.0,2,524.48,11175000.0,0
3775300.0,12,150.62,2188000.0,0
6015100.0,15,888.09,8491000.0,1
318600.0,10,547.4,17336000.0,1
9618700.0,21,593.23,4706000.0,1
4256700.0,21,430.96,3537000.0,1
4876900.0,20,175.69,23813000.0,0
4873900.0,12,801.26,11463000.0,1
2169800.0,3,83.52,1359000.0,0
4818800.0,9,683.13,29995000.0,0
3863300.0,3,673.59,24790000.0,1
3266800.0,2,300.48,13874000.0,0
6238900.0,23,156.3,16275000.0,0
6301700.0,4,230.82,7044000.0,1
4679600.0,14,109.6,21314000.0,0
8598900.0,0,86.61,22818000.0,0
5280400.0,16,367.55,9828000.0,0
7984800.0,15,698.05,21638000.0,0
5316500.0,2,1.85,4478000.0,1
4526000.0,8,918.9,8741000.0,0
7868400.0,16,9.44,10654000.0,1
5455700.0,2,100.31,4245000.0,1
9344200.0,7,503.66,13120000.0,1
7295500.0,10,124.07,7523000.0,1
8730000.0,0,486.46,14413000.0,1
6772200.0,13,493.52,20718000.0,1
6762400.0,16,404.37,11442000.0,1
3904200.0,1,352.63,23026000.0,1
8090800.0,14,761.33,21494000.0,1
8943900.0,5,101.09,10414000.0,1
3275100.0,4,526.62,25205000.0,1
1140300.0,17,802.84,2545000.0,1
219400.0,3,227.27,22445000.0,1
1644900.0,19,185.45,11684000.0,0
3629300.0,13,917.2,12259000.0,1
1380100.0,5,807.35,28931000.0,1
2878700.0,1,848.27,14431000.0,1
6257100.0,4,482.33,22403000.0,1
1212000.0,3,489.63,28941000.0,1
5273200.0,11,250.56,13306000.0,1
8710500.0,7,694.37,5359000.0,1
1644000.0,7,261.99,19074000.0,1
106300.0,20,110.76,20429000.0,1
6772900.0,14,537.13,10150000.0,0
346100.0,16,432.82,15057000.0,0
7043800.0,4,81.67,2861000.0,0
6315100.0,3,968.0,29409000.0,1
613500.0,17,490.36,9370000.0,0
7051700.0,12,501.18,20612000.0,1
7285500.0,11,267.49,2357000.0,0
5167500.0,17,412.64,15447000.0,1
9970400.0,1,161.19,15900000.0,0
1922900.0,7,899.29,15391000.0,0
8157700.0,22,732.21,5633000.0,1
6511100.0,13,689.44,7568000.0,1
581800.0,1,378.6,7593000.0,0
8067100.0,11,399.17,21787000.0,1
5595700.0,13,631.16,13506000.0,0
2524700.0,13,559.45,25609000.0,1
9378300.0,21,283.01,20122000.0,0
6386700.0,1,758.8,20121000.0,1
4022500.0,12,453.41,9889000.0,0
7924900.0,14,283.2,8886000.0,1
5501800.0,2,576.82,28719000.0,1
6987300.0,1,870.89,23183000.0,0
9005700.0,12,973.58,13732000.0,1
9309300.0,5,155.49,13571000.0,0
1388100.0,20,136.6,3425000.0,0
5855800.0,17,725.01,16821000.0,0
3866300.0,9,937.48,29601000.0,1
4621100.0,13,902.52,6297000.0,0
440700.0,18,719.33,20458000.0,1
1312800.0,17,151.28,7873000.0,0
8288900.0,11,3.72,3326000.0,0
7786100.0,0,655.64,17217000.0,1
1635600.0,1,832.38,11926000.0,0
7078400.0,7,798.0,8293000.0,1
5003400.0,11,497.77,10990000.0,0
8982500.0,4,124.93,16143000.0,1
3916600.0,1,357.49,23336000.0,0
3079800.0,18,717.39,8376000.0,0
263400.0,13,595.61,15535000.0,1
2462600.0,18,190.15,26463000.0,1
84800.0,20,816.89,6451000.0,1
4755700.0,22,772.23,13600000.0,0
2987300.0,20,263.35,20776000.0,1
4160300.0,7,659.59,13233000.0,0
1725400.0,12,281.49,19233000.0,1
5292900.0,19,824.35,28510000.0,1
6467500.0,5,622.64,12282000.0,0
3529400.0,0,971.31,7934000.0,0
2564100.0,23,761.48,7030000.0,0
6968400.0,20,641.83,29356000.0,0
8094900.0,0,241.37,24171000.0,1
3847500.0,1,635.72,24393000.0,1
7080900.0,13,162.72,26310000.0,0
9520900.0,15,689.32,23910000.0,0
6523900.0,17,243.24,13968000.0,0
8269400.0,4,403.87,3675000.0,0
9863800.0,21,815.98,2019000.0,0
4986300.0,4,715.24,17285000.0,1
9754700.0,5,208.32,3081000.0,0
1606900.0,3,743.35,11584000.0,1
5588200.0,14,831.97,15447000.0,1
4784000.0,0,980.22,9177000.0,0
4942100.0,22,751.91,8065000.0,0
259600.0,1,759.42,28840000.0,0
9820700.0,20,138.79,18532000.0,1
1284200.0,20,355.03,3021000.0,1
1109400.0,2,437.41,21818000.0,1
7961500.0,13,213.22,24781000.0,0
8391100.0,22,350.5,24594000.0,1
3942100.0,4,70.78,23812000.0,0
5893800.0,12,107.47,25061000.0,1
7982500.0,21,743.49,13456000.0,0
9303700.0,1,995.47,18447000.0,1
1497500.0,2,452.16,1711000.0,0
7151500.0,11,638.39,10709000.0,0
4930900.0,14,810.14,11888000.0,1
9247700.0,10,234.6,17560000.0,1
5285600.0,16,340.32,22785000.0,0
680700.0,4,577.13,27192000.0,0
9699800.0,6,550.24,7467000.0,0
9441800.0,20,196.01,11095000.0,1
989800.0,3,149.54,3706000.0,0
1877200.0,16,363.11,23050000.0,1
918900.0,18,605.51,14842000.0,1
4873900.0,4,19.47,18824000.0,0
1232900.0,17,174.95,1657000.0,0
8533700.0,5,791.0,24683000.0,1
3632600.0,7,807.77,10233000.0,1
6588900.0,0,447.28,13400000.0,1
5722200.0,14,962.99,15998000.0,0
9450000.0,20,5.22,11271000.0,0
8477900.0,17,122.29,24677000.0,1
7798500.0,12,357.04,20412000.0,1
151900.0,4,700.59,4665000.0,0
4134300.0,23,684.04,29344000.0,1
6626500.0,0,832.95,26627000.0,1
4384600.0,17,829.98,23747000.0,1
1061300.0,22,175.29,29720000.0,0
1977100.0,18,596.28,18062000.0,1
6534700.0,13,874.59,19710000.0,0
207000.0,21,572.98,11056000.0,0
5173700.0,20,485.26,12742000.0,1
3950000.0,7,772.89,18968000.0,0
1052400.0,5,965.74,19412000.0,0
7867900.0,13,916.07,17192000.0,0
6511100.0,16,566.49,1128000.0,1
9116400.0,7,383.94,23811000.0,1
7136700.0,1,26.32,9371000.0,0
8494200.0,12,255.55,29118000.0,1
7539900.0,3,397.7,23260000.0,1
3015900.0,13,811.08,2605000.0,1
6205700.0,6,57.78,10361000.0,1
7633900.0,23,549.51,28133000.0,1
6705000.0,12,442.58,20882000.0,1
1292600.0,23,59.34,1869000.0,1
7224000.0,6,293.59,2458000.0,1
9837800.0,18,414.43,15013000.0,1
4784300.0,12,507.84,16589000.0,0
6973800.0,23,167.19,21831000.0,1
1901800.0,3,89.27,24898000.0,1
2774200.0,6,952.4,15397000.0,0
8244400.0,6,58.89,27517000.0,1
2873600.0,11,980.06,7120000.0,0
4582000.0,3,645.82,27263000.0,0
1304600.0,21,688.74,23242000.0,0
5832200.0,9,591.85,15812000.0,0
5275700.0,4,763.96,12785000.0,1
6214900.0,21,792.93,18084000.0,0
3187200.0,16,599.84,9472000.0,1
4898800.0,23,556.42,25006000.0,0
1134300.0,4,540.61,2653000.0,1
8734700.0,12,461.84,29600000.0,1
4439300.0,3,801.2,4784000.0,1
1385900.0,22,691.72,5751000.0,1
6160100.0,23,734.67,11101000.0,0
7734200.0,11,23.07,10240000.0,1
5254100.0,3,495.58,16827000.0,1
8002300.0,10,531.08,4179000.0,1
1185800.0,8,209.47,8866000.0,0
9430700.0,10,773.21,21687000.0,1
1316600.0,11,756.75,12418000.0,1
4817600.0,1,677.98,6822000.0,0
7126900.0,23,217.0,27776000.0,1
5612000.0,13,961.25,29366000.0,0
4008600.0,10,895.59,13271000.0,0
8900400.0,16,178.01,6303000.0,0
1281300.0,20,606.51,2711000.0,0
7489800.0,19,806.6,9385000.0,1
1745600.0,3,154.96,23024000.0,0
1053800.0,12,403.04,3191000.0,1
1663400.0,8,72.78,10256000.0,0
6887500.0,7,754.61,29806000.0,0
478800.0,15,105.33,19143000.0,0
5853100.0,15,608.99,13504000.0,0
6581300.0,8,508.85,25374000.0,0
5803400.0,16,372.81,20877000.0,0
2957900.0,13,955.03,27717000.0,0
1721100.0,9,172.16,19233000.0,0
3913700.0,1,725.63,7307000.0,0
9808700.0,16,460.12,8776000.0,0
2588400.0,14,355.75,12373000.0,0
6085200.0,12,945.4,16906000.0,1
1576600.0,11,35.9,15336000.0,0
1018200.0,18,29.27,17421000.0,0
4636400.0,15,19.01,22783000.0,1
6149200.0,20,503.36,3918000.0,1
2845400.0,4,562.95,12618000.0,1
9196500.0,3,862.47,22728000.0,1
9196700.0,19,762.66,6166000.0,1
886600.0,13,600.45,13324000.0,1
8139100.0,7,909.56,4428000.0,0
1511900.0,0,42.03,15812000.0,0
3723100.0,16,324.71,1058000.0,1
7268500.0,20,642.9,6636000.0,1
3966200.0,13,228.71,5808000.0,1
7421500.0,22,52.07,15795000.0,1
6000100.0,23,67.29,23588000.0,1
8855800.0,6,185.07,2929000.0,0
1129100.0,22,556.17,16143000.0,0
9211600.0,8,418.4,17448000.0,1
8227700.0,8,707.85,9226000.0,0
6765300.0,5,340.29,24682000.0,0
7578600.0,1,880.16,28793000.0,1
6452800.0,15,392.96,11710000.0,0
64700.0,9,826.78,17891000.0,1
1939200.0,0,525.62,26412000.0,1
4841300.0,13,854.65,18199000.0,0
2147000.0,20,886.17,4417000.0,1
3383500.0,4,162.9,12999000.0,1
1110800.0,14,296.3,10148000.0,1
5460800.0,13,597.43,29996000.0,0
4249400.0,21,44.17,3028000.0,1
7185100.0,2,107.83,25534000.0,0
1741900.0,4,404.28,28644000.0,0
1564000.0,7,861.13,13404000.0,1
1164400.0,13,263.34,24427000.0,1
8998100.0,15,690.53,20184000.0,1
7027600.0,9,927.08,14538000.0,1
8763200.0,5,946.02,29487000.0,1
1747500.0,6,123.25,28238000.0,1
2958700.0,10,598.97,8778000.0,0
7460600.0,10,498.66,3628000.0,0
2793500.0,3,40.41,24751000.0,0
3378500.0,5,595.48,20165000.0,0
4143500.0,6,31.69,27230000.0,1
4757300.0,21,360.61,24438000.0,0
1397300.0,2,160.83,1794000.0,0
9401200.0,8,665.91,1840000.0,0
6062300.0,17,325.6,12468000.0,0
8990500.0,4,499.49,29091000.0,0
6029000.0,15,685.49,25964000.0,0
1421800.0,21,393.31,8622000.0,1
9809400.0,9,966.21,14714000.0,0
7477300.0,16,188.87,5828000.0,1
8550400.0,11,606.33,2185000.0,0
6810600.0,11,137.86,25845000.0,0
221600.0,21,435.55,25607000.0,1
9555700.0,8,170.66,29716000.0,0
562300.0,11,86.74,4371000.0,1
575600.0,0,406.82,17810000.0,1
3604100.0,21,74.46,19347000.0,1
3416700.0,20,77.25,18830000.0,0
5291900.0,22,717.63,3003000.0,1
6116200.0,6,580.09,3469000.0,1
8228200.0,10,870.73,7472000.0,1
9832600.0,8,511.08,8845000.0,1
7860000.0,15,270.56,29774000.0,0
9186400.0,14,124.22,6970000.0,1
9526900.0,23,178.36,23108000.0,0
6300400.0,11,317.61,27938000.0,0
2920000.0,12,221.44,4409000.0,0
1608000.0,17,115.38,11089000.0,0
769300.0,14,41.97,22567000.0,0
6494100.0,8,103.78,26337000.0,0
9227400.0,14,230.19,9557000.0,1
7072100.0,10,240.7,11694000.0,1
5798800.0,7,557.01,7936000.0,1
8945900.0,2,921.73,4419000.0,1
6706900.0,12,599.61,19535000.0,0
4789500.0,7,176.4,9355000.0,1
8253400.0,6,920.7,21713000.0,0
7745400.0,16,946.83,17936000.0,0
9278600.0,2,202.35,19831000.0,1
8087200.0,1,908.28,13463000.0,0
3243200.0,18,434.21,29022000.0,0
9441300.0,11,331.5,14510000.0,1
5002900.0,16,239.55,27907000.0,1
303200.0,1,950.36,24659000.0,1
7108000.0,1,500.49,25698000.0,0
4485200.0,16,88.56,12914000.0,0
4986100.0,4,500.1,4151000.0,0
7880500.0,6,728.03,17796000.0,0
5733400.0,0,856.45,6928000.0,0
3715100.0,13,929.8,10059000.0,0
1861900.0,20,815.45,3799000.0,1
6362200.0,16,407.82,24284000.0,0
6000300.0,21,689.5,14790000.0,1
203600.0,16,698.92,17223000.0,0
3382600.0,11,510.9,27132000.0,1
7840300.0,13,374.84,1276000.0,0
9099000.0,18,260.76,23782000.0,0
6807700.0,12,390.02,3342000.0,1
7857800.0,2,547.8,26301000.0,1
4537200.0,16,600.72,8103000.0,1
2273900.0,16,237.79,3454000.0,1
3953700.0,3,84.34,10480000.0,1
3501900.0,13,340.19,18460000.0,0
7187100.0,22,959.42,16898000.0,0
5018600.0,7,205.63,25655000.0,1
6866600.0,20,478.11,22219000.0,0
7651200.0,21,285.17,21085000.0,0
4252800.0,4,169.65,5533000.0,1
1110200.0,21,465.09,3552000.0,0
8360100.0,21,101.16,14144000.0,1
8642300.0,6,908.64,23604000.0,1
2966000.0,10,278.0,23896000.0,0
4165700.0,18,898.66,16890000.0,1
5867800.0,12,468.83,2934000.0,0
575000.0,3,975.55,8367000.0,1
3219200.0,22,701.22,14255000.0,0
8609600.0,17,282.87,28818000.0,1
4405800.0,12,246.45,7144000.0,1
7215600.0,6,0.53,24477000.0,1
2221700.0,7,806.15,7121000.0,1
9927000.0,8,801.72,5303000.0,1
8519000.0,15,898.81,14026000.0,1
5998700.0,16,376.43,20688000.0,0
9263900.0,18,675.33,17929000.0,1
9219100.0,5,373.95,5927000.0,1
6377300.0,12,794.17,29310000.0,0
7775600.0,17,31.87,6942000.0,1
8737400.0,21,910.49,8467000.0,1
7893900.0,1,480.08,3118000.0,1
7533600.0,21,759.46,25094000.0,1
5157200.0,7,940.69,20359000.0,1
6253000.0,5,936.03,3319000.0,0
4582700.0,10,696.69,2591000.0,0
4091900.0,15,14.07,2792000.0,0
4753600.0,10,692.05,12356000.0,1
2312200.0,1,823.28,27619000.0,1
343800.0,1,689.37,5956000.0,0
5401500.0,4,194.66,18465000.0,1
6041500.0,16,448.96,14087000.0,0
8063600.0,15,326.44,24529000.0,0
7299500.0,8,583.04,5105000.0,1
3404900.0,8,419.7,7272000.0,1
5898200.0,8,463.61,3576000.0,0
2094100.0,20,636.56,2894000.0,1
1976100.0,4,941.87,29225000.0,1
4986500.0,1,315.21,26402000.0,0
8684900.0,12,969.76,6333000.0,0
5414700.0,7,152.89,3563000.0,0
298500.0,2,826.98,26154000.0,1
8897700.0,8,392.12,6112000.0,0
3548100.0,1,447.41,24478000.0,1
2988600.0,14,527.23,1223000.0,0
7944300.0,23,862.51,21722000.0,0
7460900.0,12,676.8,26235000.0,1
1057800.0,8,968.81,15917000.0,1
6030900.0,2,516.32,29478000.0,1
6765700.0,5,968.66,5260000.0,0
9138800.0,11,621.88,14015000.0,1
5556800.0,18,31.33,24978000.0,1
3310300.0,8,433.95,14563000.0,0
3616900.0,22,820.36,1458000.0,1
3169700.0,20,169.04,24150000.0,0
871700.0,8,597.11,4048000.0,0
2955600.0,23,945.99,21402000.0,0
2557300.0,14,961.87,18569000.0,1
7481300.0,20,489.05,24281000.0,1
8629100.0,23,769.87,9585000.0,0
8973900.0,5,850.28,28515000.0,0
3232700.0,3,64.23,24005000.0,1
4392200.0,23,815.41,12752000.0,0
1936900.0,11,400.02,22925000.0,1
9976600.0,11,888.04,4961000.0,1
6857300.0,0,613.51,4569000.0,1
8483800.0,1,929.7,4380000.0,0
9265700.0,20,594.78,21530000.0,0
4633000.0,11,422.64,4629000.0,1
5361500.0,17,883.44,25663000.0,0
4281800.0,10,528.26,26315000.0,0
9337700.0,9,463.51,17263000.0,1
6880900.0,5,812.99,17713000.0,1
1358400.0,1,352.07,21486000.0,1
6188100.0,15,372.75,25964000.0,1
987500.0,18,25.61,13265000.0,0
2610900.0,6,247.56,14209000.0,1
8566300.0,5,411.22,29408000.0,1
6607500.0,21,390.26,29694000.0,0
8839700.0,16,70.11,21318000.0,0
1117000.0,12,238.91,12623000.0,1
9315600.0,3,501.32,25744000.0,1
4273400.0,7,739.5,26739000.0,1
3056400.0,2,157.84,27053000.0,1
9865400.0,8,278.2,22836000.0,1
1026500.0,6,979.58,2109000.0,1
374300.0,17,117.84,23899000.0,0
2263400.0,8,923.19,4613000.0,1
8182600.0,14,824.21,10270000.0,0
6410600.0,14,69.95,17828000.0,0
8707600.0,5,604.96,28713000.0,1
7117600.0,8,832.29,20981000.0,1
9670100.0,9,328.22,13864000.0,0
8940700.0,23,775.36,24750000.0,1
5177500.0,8,327.34,20357000.0,1
8034400.0,19,631.76,2679000.0,0
8161700.0,0,182.76,6640000.0,1
1268600.0,13,220.96,22091000.0,0
7054000.0,22,772.29,18668000.0,1
4734000.0,5,3.16,1811000.0,0
1104700.0,2,241.72,21438000.0,0
4304200.0,18,943.41,28125000.0,0
181300.0,22,340.32,5209000.0,1
4648900.0,4,860.7,2220000.0,1
70700.0,7,59.41,27248000.0,1
8091400.0,20,882.21,26956000.0,0
1986900.0,15,979.1,19300000.0,1
2414800.0,4,344.81,15497000.0,0
8878300.0,19,483.05,8031000.0,0
4345700.0,20,284.39,17616000.0,0
3062600.0,11,963.23,3888000.0,1
661300.0,0,246.48,17517000.0,1
6060300.0,7,751.75,24897000.0,0
7727200.0,11,354.01,22888000.0,1
298000.0,9,22.67,18774000.0,1
8984000.0,11,102.02,2725000.0,0
1792500.0,12,627.66,29801000.0,0
5216600.0,20,335.56,21454000.0,1
654400.0,15,847.28,2080000.0,0
7464300.0,18,588.51,26642000.0,0
8617600.0,16,859.02,14904000.0,1
2232400.0,0,151.59,20253000.0,0
6808300.0,8,420.71,27846000.0,0
6534200.0,5,618.71,16090000.0,0
9460100.0,13,6.39,12693000.0,0
5848600.0,14,263.39,24421000.0,0
4706700.0,0,192.31,5184000.0,0
1786900.0,2,194.67,11098000.0,0
1715100.0,4,118.39,17216000.0,1
1644000.0,14,285.59,4156000.0,0
215800.0,1,642.89,26881000.0,1
5662400.0,11,396.2,1180000.0,0
8579900.0,12,579.12,13567000.0,0
8364400.0,22,461.91,13147000.0,1
2672100.0,7,903.68,15909000.0,1
4788400.0,23,135.64,22673000.0,1
8657800.0,5,291.39,17796000.0,0
1636300.0,6,520.24,5288000.0,1
4577000.0,18,50.1,16705000.0,1
4127700.0,9,556.22,14533000.0,1
9348500.0,0,766.62,15239000.0,0
6441100.0,8,69.49,15121000.0,0
7507200.0,6,983.12,5512000.0,0
9067100.0,0,451.37,4231000.0,1
2811700.0,5,789.86,28792000.0,1
843500.0,10,467.79,21340000.0,0
8672600.0,19,325.96,24340000.0,0
6098600.0,12,513.66,3799000.0,1
6496300.0,13,339.29,6472000.0,0
3583600.0,15,482.6,20010000.0,1
8349500.0,7,264.63,21479000.0,1
8589400.0,1,485.39,23693000.0,1
6787900.0,8,630.46,7942000.0,0
4055500.0,15,430.13,8399000.0,1
2261000.0,5,760.9,9154000.0,0
8432900.0,2,955.7,19539000.0,0
891000.0,1,611.92,26215000.0,1
5139600.0,7,134.74,5994000.0,1
4577300.0,10,171.6,21567000.0,0
292800.0,4,327.01,14321000.0,1
1751700.0,17,969.93,25843000.0,0
6465800.0,13,900.13,5399000.0,0
7583200.0,22,541.14,6523000.0,1
5907000.0,2,32.35,9038000.0,1
7933700.0,13,999.93,7980000.0,0
1759600.0,17,916.85,19385000.0,0
57100.0,18,793.44,18851000.0,0
1999200.0,6,270.16,19315000.0,0
1127100.0,4,914.22,3601000.0,1
4028200.0,13,126.35,28712000.0,0
2865300.0,1,457.0,25254000.0,1
9730500.0,8,628.66,17400000.0,1
916800.0,21,392.53,22510000.0,1
223700.0,10,220.2,12318000.0,1
8624600.0,2,685.83,24272000.0,1
1706900.0,3,514.39,18349000.0,1
1125900.0,1,168.22,10012000.0,1
147500.0,17,628.43,29739000.0,0
8286000.0,2,167.5,28304000.0,0
3301800.0,2,517.64,12188000.0,1
1074900.0,12,319.8,10299000.0,1
7027500.0,16,809.19,25647000.0,0
6583800.0,11,802.54,15352000.0,0
3963000.0,21,23.0,8287000.0,0
821500.0,4,190.24,10287000.0,1
3144900.0,21,852.57,12126000.0,1
6995200.0,16,216.49,7876000.0,0
6906900.0,23,11.89,28594000.0,1
6390300.0,8,31.23,8922000.0,0
2401000.0,17,897.95,2531000.0,0
3447900.0,7,611.65,18480000.0,0
7086100.0,21,804.76,12778000.0,1
8147200.0,2,306.08,22182000.0,1
8376300.0,5,321.93,16367000.0,1
4542500.0,15,285.54,28882000.0,1
8750900.0,12,292.51,6738000.0,0
8391100.0,22,748.85,8407000.0,0
9707900.0,22,863.01,11736000.0,0
802700.0,3,987.74,13596000.0,0
3190800.0,15,119.01,3792000.0,1
6460800.0,18,920.35,20631000.0,0
6657000.0,7,707.39,1637000.0,0
4595300.0,1,291.86,20245000.0,1
1058100.0,4,856.64,1848000.0,1
8642300.0,22,859.12,17590000.0,1
3979000.0,22,49.36,7013000.0,1
1749700.0,18,310.54,15854000.0,0
966500.0,15,178.75,16474000.0,1
6196700.0,18,503.71,10847000.0,0
2831200.0,12,843.76,13598000.0,1
7269400.0,18,160.08,1959000.0,1
1639600.0,1,875.82,14265000.0,0
2508500.0,13,57.88,7928000.0,0
3969600.0,2,248.03,13780000.0,0
3872900.0,19,747.87,3535000.0,0
4037200.0,19,820.74,21014000.0,1
5123400.0,1,260.92,10203000.0,0
6673000.0,7,857.26,11294000.0,1
2291800.0,23,328.47,20363000.0,0
2685800.0,7,482.37,8155000.0,0
9995700.0,9,785.36,5093000.0,1
6431700.0,6,108.04,1481000.0,0
1566800.0,13,794.83,26046000.0,1
5240700.0,22,558.84,20469000.0,0
3254100.0,0,857.1,6153000.0,1
7950400.0,21,957.38,11310000.0,1
245300.0,9,635.95,2812000.0,1
8333000.0,3,974.39,24012000.0,1
2476100.0,12,291.16,17717000.0,1
2771200.0,10,757.03,8424000.0,1
4466800.0,15,913.21,2836000.0,0
7379000.0,14,338.5,20196000.0,1
5264000.0,21,235.81,4135000.0,0
3932700.0,22,373.35,7653000.0,0
7902700.0,21,12.14,4464000.0,0
7143600.0,17,440.16,21464000.0,0
4874400.0,7,234.6,17016000.0,1
7470600.0,20,857.05,29086000.0,1
7725300.0,15,667.0,12676000.0,0
6552300.0,2,155.61,11771000.0,0
2853700.0,21,880.85,1989000.0,1
9328100.0,2,555.92,24017000.0,1
7113200.0,10,973.93,13944000.0,0
146800.0,6,738.38,24205000.0,0
6847100.0,21,19.16,27824000.0,0
6802500.0,0,936.18,13048000.0,0
7961400.0,1,519.73,2465000.0,0
1963500.0,9,367.86,25560000.0,1
1778000.0,8,269.48,8562000.0,1
6946900.0,17,236.71,14145000.0,1
4398300.0,17,111.96,3080000.0,1
5353900.0,17,521.96,9613000.0,1
9833400.0,5,598.17,27799000.0,1
4329700.0,19,998.52,6573000.0,1
1364400.0,15,633.51,29082000.0,0
2137000.0,13,675.94,23325000.0,0
9855600.0,21,758.51,3545000.0,1
282400.0,19,225.99,24499000.0,0
8759500.0,19,425.33,15423000.0,0
2890100.0,17,687.08,10622000.0,0
7800900.0,7,995.21,2470000.0,1
4864700.0,23,130.12,6400000.0,1
5359000.0,7,186.35,20973000.0,0
433500.0,4,156.96,14783000.0,0
6128500.0,4,429.07,18163000.0,1
7053500.0,3,268.21,8359000.0,1
3209600.0,12,432.75,27178000.0,1
2059300.0,10,733.26,3686000.0,0
6996500.0,12,937.79,24129000.0,1
2288900.0,14,581.29,8099000.0,1
6862100.0,21,709.09,26462000.0,0
4510100.0,7,117.77,8810000.0,0
5128300.0,11,846.16,3444000.0,1
334600.0,17,336.56,11990000.0,0
4082000.0,7,944.07,21008000.0,0
2273400.0,16,533.79,2536000.0,1
137700.0,11,754.94,13282000.0,1
5054000.0,12,623.37,27863000.0,0
260700.0,0,869.92,4735000.0,0
3012700.0,14,639.21,17950000.0,1
1010100.0,23,925.87,10153000.0,1
6713500.0,13,216.35,2316000.0,1
844100.0,7,493.06,8279000.0,1
8194300.0,11,357.99,13977000.0,1
4481200.0,2,367.66,20433000.0,1
4651700.0,7,14.39,16896000.0,0
7958500.0,6,516.38,12392000.0,1
726900.0,18,176.0,13958000.0,1
3790100.0,3,399.63,5929000.0,0
2490700.0,18,340.56,3927000.0,0
4833900.0,5,23.89,29696000.0,1
8304300.0,8,399.93,7344000.0,1
8030000.0,10,912.75,28410000.0,0
2446600.0,18,293.64,3275000.0,1
5312100.0,6,829.96,14441000.0,1
7752600.0,22,369.71,19677000.0,0
5318100.0,17,423.08,9681000.0,0
7026400.0,4,551.27,13863000.0,0
1664800.0,17,454.92,26011000.0,0
6196000.0,21,993.35,7353000.0,1
1924300.0,6,233.54,20806000.0,1
4045400.0,11,421.73,26734000.0,1
2973800.0,23,13.35,16879000.0,0
3332400.0,1,463.86,7377000.0,0
6185800.0,15,338.72,26215000.0,1
9551000.0,16,846.36,16502000.0,1
9243600.0,10,713.22,24967000.0,1
3777000.0,18,371.29,4938000.0,0
2218500.0,19,688.9,1424000.0,0
6222000.0,12,138.15,28781000.0,1
7347200.0,16,44.66,13870000.0,1
6676100.0,5,856.62,5269000.0,1
4493600.0,10,230.19,14075000.0,0
5898200.0,19,698.75,11778000.0,0
9845400.0,19,954.9,8972000.0,0
743100.0,20,276.04,13345000.0,0
8199800.0,13,420.96,10151000.0,1
2566400.0,17,975.65,24948000.0,0
6170400.0,3,124.11,10637000.0,1
9198500.0,20,627.71,6383000.0,1
8782300.0,8,300.91,12523000.0,0
449400.0,14,779.06,15143000.0,1
9141300.0,16,747.33,19791000.0,0
4822500.0,14,640.12,7554000.0,0
455500.0,13,766.73,27996000.0,1
1997900.0,16,889.35,3914000.0,0
5203900.0,10,829.95,28485000.0,1
1384400.0,17,890.83,10404000.0,1
1737700.0,5,410.73,25599000.0,1
8632000.0,18,138.86,20408000.0,1
1488300.0,12,918.95,17518000.0,1
8371200.0,6,760.1,11705000.0,1
5259400.0,4,409.25,17023000.0,0
1570000.0,4,259.95,5033000.0,1
8368300.0,21,81.24,4529000.0,0
1960500.0,6,224.06,10868000.0,0
790100.0,16,26.97,17635000.0,1
9651900.0,22,178.4,26113000.0,0
4235600.0,10,966.35,2359000.0,0
7753200.0,23,386.95,5103000.0,1
6548400.0,22,320.0,28782000.0,1
7241300.0,2,597.99,20720000.0,1
3470600.0,21,179.81,25737000.0,1
2185000.0,13,171.34,24621000.0,1
4894300.0,5,199.13,7837000.0,1
5881800.0,4,990.56,24975000.0,1
7517500.0,17,292.0,10965000.0,0
6394700.0,13,686.25,9289000.0,0
5075800.0,6,106.4,7193000.0,1
9581300.0,3,381.74,3881000.0,1
3456400.0,19,579.33,8774000.0,1
960900.0,6,5.8,3377000.0,1
9840100.0,21,622.85,16957000.0,1
6837600.0,8,777.75,13012000.0,0
6413600.0,0,136.31,15836000.0,1
1073700.0,7,533.16,5815000.0,0
7844200.0,16,844.03,21149000.0,0
5878700.0,12,874.67,9711000.0,1
5445700.0,1,97.73,27457000.0,1
5605300.0,12,786.34,23572000.0,0
2913500.0,13,402.82,4557000.0,1
3172300.0,23,115.67,20886000.0,0
5718900.0,23,944.73,26667000.0,0
2892200.0,22,889.46,26938000.0,0
8323700.0,9,833.69,24369000.0,0
7627200.0,0,786.44,1048000.0,1
150700.0,14,614.99,17598000.0,1
1785900.0,7,165.24,18317000.0,0
9487300.0,1,943.99,1236000.0,0
408400.0,13,601.56,3617000.0,0
8188100.0,4,934.6,21879000.0,1
5973400.0,13,990.1,9217000.0,1
9154200.0,10,926.15,17384000.0,1
4807800.0,2,786.58,24130000.0,0
1054100.0,20,787.58,7515000.0,0
4768800.0,23,294.1,22017000.0,1
7547100.0,14,239.04,28994000.0,1
1636200.0,9,259.13,17634000.0,0
2992800.0,1,133.83,10057000.0,0
3025200.0,0,321.19,18308000.0,1
8934400.0,23,614.2,13124000.0,0
3232700.0,12,749.11,19879000.0,1
243100.0,14,776.06,27408000.0,0
8865000.0,5,560.89,4750000.0,0
9703400.0,6,160.54,12732000.0,1
7354200.0,2,536.23,26465000.0,1
1245900.0,11,25.0,8417000.0,0
5979600.0,22,629.67,12665000.0,1
8966100.0,17,389.36,3303000.0,1
7789100.0,17,971.33,19072000.0,1
8650800.0,6,245.17,11580000.0,1
3800600.0,0,675.62,12454000.0,0
9921100.0,20,44.55,20745000.0,1
1119600.0,7,360.12,6772000.0,0
5112600.0,6,677.68,10814000.0,0
9142900.0,19,782.86,6041000.0,1
8220700.0,18,966.32,23445000.0,1
4998700.0,5,617.7,23400000.0,1
5331500.0,0,730.49,28348000.0,1
5632700.0,9,132.59,25676000.0,1
6027400.0,12,433.02,7358000.0,0
763500.0,12,776.16,15916000.0,0
5899400.0,15,431.82,1369000.0,0
6756700.0,19,879.88,2574000.0,1
7385900.0,14,96.84,16604000.0,1
2012300.0,6,109.68,23638000.0,1
4477500.0,23,95.16,7252000.0,1
4912200.0,1,324.68,2095000.0,0
7082200.0,6,33.4,18613000.0,1
3481300.0,8,704.92,22154000.0,0
8816900.0,22,191.41,3090000.0,0
5381800.0,16,614.4,28476000.0,0
5316200.0,23,843.12,4150000.0,1
300500.0,8,123.46,15343000.0,1
8190200.0,15,816.16,27978000.0,1
4246900.0,18,59.26,9831000.0,1
1555700.0,7,634.75,15959000.0,1
1982000.0,15,844.75,29799000.0,0
7035900.0,5,670.7,9438000.0,0
5559000.0,15,607.71,6416000.0,0
9296100.0,16,228.29,16066000.0,0
2223000.0,0,774.97,15449000.0,0
8909900.0,1,911.32,10763000.0,1
3031500.0,5,313.02,17640000.0,0
8014600.0,13,137.82,12341000.0,1
911800.0,1,950.13,22000000.0,0
6726100.0,22,312.1,24003000.0,1
5392400.0,2,250.31,29425000.0,0
3088200.0,8,544.08,25590000.0,1
8892000.0,4,849.92,9842000.0,1
4374400.0,7,796.08,11652000.0,0
9565000.0,10,796.23,11617000.0,0
2756100.0,12,407.49,23364000.0,0
408800.0,3,970.53,17228000.0,0
7249700.0,5,452.24,9549000.0,0
3162500.0,3,11.67,15846000.0,1
5171500.0,20,980.26,14505000.0,1
1898100.0,12,527.54,21219000.0,0
7838000.0,19,831.83,25872000.0,1
4582000.0,7,817.43,8599000.0,0
5010600.0,0,893.28,29950000.0,1
8043500.0,18,465.47,14495000.0,1
9717200.0,19,514.86,16043000.0,0
944800.0,10,519.51,16003000.0,0
2332900.0,11,743.98,2261000.0,1
8751300.0,16,887.72,4041000.0,1
5916400.0,15,139.17,10142000.0,0
6902700.0,22,662.56,24516000.0,1
5439300.0,19,83.01,22077000.0,0
3112300.0,4,282.48,4675000.0,0
7279000.0,22,595.12,6960000.0,1
6919100.0,19,695.47,4533000.0,1
6673700.0,23,219.64,29864000.0,0
4371400.0,15,138.22,18660000.0,1
3092700.0,8,834.89,21480000.0,0
6357600.0,11,389.48,4182000.0,0
6763700.0,13,912.31,26201000.0,1
8996900.0,3,736.38,12656000.0,0
1887600.0,15,937.33,11980000.0,1
7274500.0,0,426.96,3617000.0,1
2722900.0,20,682.62,27166000.0,0
4476600.0,6,418.86,27833000.0,0
3362100.0,6,879.8,24897000.0,0
9394300.0,9,532.87,20602000.0,1
3035100.0,0,941.78,20829000.0,1
2723700.0,0,246.47,21905000.0,0
3797400.0,4,848.48,8561000.0,1
2822500.0,0,379.48,5800000.0,0
6447800.0,2,519.01,3676000.0,0
9155400.0,8,227.46,18846000.0,0
7522200.0,5,389.79,20033000.0,0
8790600.0,12,343.13,18011000.0,0
1504800.0,23,300.21,11923000.0,0
4006800.0,0,422.74,1173000.0,1
2226800.0,19,424.02,13845000.0,1
7938600.0,4,222.31,21989000.0,0
2926800.0,13,576.11,26641000.0,0
2086500.0,19,198.55,11245000.0,0
4851400.0,7,806.75,23049000.0,1
8059000.0,13,998.58,5992000.0,1
740000.0,20,343.2,7501000.0,1
3274300.0,19,597.33,11173000.0,0
3413200.0,18,809.96,23285000.0,1
1622500.0,8,716.23,4234000.0,0
2706700.0,13,713.49,12330000.0,0
3772900.0,17,128.35,28069000.0,0
9444200.0,16,951.99,25478000.0,0
8136800.0,21,69.29,1038000.0,1
5667400.0,17,521.35,23711000.0,1
9050100.0,21,238.37,12249000.0,1
5382600.0,8,583.67,23342000.0,1
4608500.0,9,896.08,11216000.0,1
8545400.0,8,109.62,5062000.0,1
9020900.0,9,444.15,12189000.0,1
5552700.0,12,290.4,24394000.0,1
1861800.0,15,838.46,8218000.0,1
5724800.0,19,351.3,8264000.0,1
661600.0,6,316.48,29736000.0,0
9959500.0,15,829.41,12963000.0,1
4063000.0,9,427.12,24545000.0,0
6487600.0,2,708.58,20799000.0,0
2801500.0,18,753.29,25206000.0,1
4970300.0,6,168.3,11197000.0,0
9469500.0,4,370.6,7212000.0,0
8549700.0,12,896.61,15767000.0,1
6205300.0,1,116.92,19195000.0,0
9696200.0,13,930.5,10701000.0,1
4696400.0,6,834.22,12741000.0,1
6750000.0,11,725.77,1338000.0,0
5543800.0,15,548.62,19481000.0,0
5550300.0,2,826.55,29394000.0,0
2600600.0,5,474.79,8771000.0,0
160700.0,2,398.19,24958000.0,1
2095200.0,12,674.35,18611000.0,0
4180900.0,12,797.54,26269000.0,1
1565300.0,12,362.49,10416000.0,0
7838200.0,14,969.4,18547000.0,0
8952200.0,19,19.53,14181000.0,0
4145200.0,16,74.37,21829000.0,1
7837700.0,10,259.11,11456000.0,1
8376000.0,21,273.32,19891000.0,0
5545900.0,8,697.55,22980000.0,0
9229600.0,21,934.33,6049000.0,0
8864700.0,5,532.24,17656000.0,0
927800.0,4,730.15,27925000.0,0
5691800.0,12,121.0,9652000.0,0
9306100.0,18,726.48,14482000.0,0
7446100.0,15,559.38,23458000.0,1
2014000.0,1,168.77,15662000.0,0
6372600.0,21,623.4,8165000.0,0
3964600.0,3,163.19,1324000.0,0
2635000.0,9,596.67,8098000.0,1
7525700.0,15,806.34,10684000.0,0
1651000.0,14,636.23,21832000.0,0
7184000.0,21,204.16,2254000.0,0
4221700.0,7,410.02,8522000.0,0
4934300.0,14,884.12,21740000.0,0
2288000.0,11,413.98,14968000.0,0
4304300.0,15,831.55,1199000.0,1
9902400.0,20,785.01,27521000.0,1
6508600.0,8,691.9,8910000.0,0
8848300.0,19,848.38,13782000.0,1
8660200.0,18,300.17,12574000.0,1
7155000.0,19,629.77,11241000.0,1
1180400.0,15,903.43,7795000.0,0
7419900.0,6,880.96,9374000.0,1
4530100.0,22,951.29,4269000.0,1
7950500.0,6,443.8,21186000.0,1
5351400.0,11,148.37,2991000.0,1
1066700.0,20,607.26,5377000.0,1
4519000.0,18,314.8,22601000.0,0
1370700.0,4,493.04,2724000.0,1
7788700.0,7,517.4,29022000.0,1
4619900.0,21,138.5,2469000.0,0
9122100.0,4,705.96,20006000.0,1
1488800.0,3,471.91,11131000.0,0
3867000.0,16,173.97,12769000.0,1
1625200.0,11,510.52,19493000.0,0
835700.0,14,96.45,7344000.0,0
2022900.0,2,753.55,4264000.0,1
298500.0,0,686.49,13572000.0,1
2135100.0,3,604.77,20518000.0,0
5723600.0,3,69.35,14609000.0,0
4437300.0,15,639.8,1162000.0,0
259300.0,22,857.77,11230000.0,1
1721700.0,21,202.05,23699000.0,1
341300.0,6,974.5,24560000.0,0
7040700.0,3,120.4,25043000.0,0
2741500.0,11,841.23,8010000.0,0
8316500.0,0,363.98,25611000.0,0
3888200.0,0,953.42,22581000.0,0
6742200.0,4,925.62,16317000.0,0
6813800.0,4,987.87,4253000.0,0
7965200.0,8,407.11,8908000.0,1
5705800.0,13,567.96,2242000.0,1
3495400.0,11,324.57,1012000.0,0
730300.0,6,805.05,20927000.0,1
483800.0,21,602.34,20932000.0,0
5084300.0,17,286.65,5875000.0,1
8507300.0,11,785.41,4143000.0,0
2461000.0,15,456.83,11956000.0,0
8404200.0,7,191.84,8982000.0,0
3509000.0,11,878.34,8589000.0,1
9713200.0,18,63.04,20316000.0,1
8498400.0,16,806.14,26958000.0,0
932600.0,18,939.92,21495000.0,1
6608300.0,8,89.35,13425000.0,0
9068100.0,11,305.66,8003000.0,0
3149200.0,9,708.19,27242000.0,0
5169200.0,15,753.06,23253000.0,1
8082500.0,20,87.68,11564000.0,1
5574800.0,15,76.53,20300000.0,0
7818500.0,8,550.12,12075000.0,1
1395700.0,9,387.19,4345000.0,1
9242800.0,12,622.22,20872000.0,0
1242300.0,0,399.02,14264000.0,0
3109300.0,13,296.89,16107000.0,1
6890900.0,15,742.49,21008000.0,1
3453400.0,19,58.57,3688000.0,1
9246900.0,17,990.75,8356000.0,0
3202200.0,16,522.84,3088000.0,0
2734800.0,5,551.37,25412000.0,0
8077200.0,5,356.12,13507000.0,1
6777400.0,5,620.78,6670000.0,0
2872400.0,13,181.93,14992000.0,0
619900.0,10,488.61,16250000.0,1
4135700.0,4,397.76,10944000.0,1
3496800.0,22,603.59,14581000.0,0
8823400.0,2,448.25,9818000.0,0
9053600.0,15,73.69,29009000.0,1
5423400.0,6,623.63,25215000.0,1
9667600.0,0,693.0,14663000.0,1
3252400.0,6,919.2,11838000.0,1
6163100.0,3,693.83,8739000.0,1
2953800.0,12,898.33,3654000.0,1
505400.0,10,165.28,26617000.0,1
968900.0,1,717.01,1280000.0,0
145200.0,7,838.98,24981000.0,1
946300.0,11,505.07,19940000.0,0
9959500.0,6,444.15,6274000.0,1
866800.0,3,124.96,11459000.0,0
8757500.0,1,575.38,3718000.0,1
8986300.0,20,722.14,14088000.0,1
5284000.0,18,226.25,7181000.0,0
5181600.0,12,651.23,6920000.0,0
6962000.0,9,818.13,26886000.0,1
2484000.0,5,406.5,28613000.0,1
2871600.0,0,752.06,18988000.0,0
109400.0,5,234.68,28239000.0,0
1715600.0,15,747.69,18007000.0,0
5502800.0,7,984.97,21448000.0,0
3068900.0,13,423.49,20645000.0,1
8303100.0,19,12.22,10050000.0,0
8099600.0,0,778.68,22268000.0,1
3971300.0,11,769.5,1785000.0,0
7148500.0,14,469.8,21702000.0,0
8242100.0,18,225.97,6578000.0,1
7808200.0,23,454.09,24264000.0,1
9463000.0,10,566.65,29785000.0,1
2108600.0,8,14.73,7212000.0,0
5984400.0,4,403.86,10534000.0,0
4672900.0,19,441.8,4816000.0,1
36000.0,9,314.7,9652000.0,1
7176000.0,11,248.4,27483000.0,0
876600.0,14,981.08,24251000.0,1
1848500.0,4,860.19,12876000.0,1
7493900.0,1,146.14,29133000.0,0
9317300.0,2,795.61,21518000.0,1
7268700.0,17,264.66,1193000.0,1
8832800.0,12,894.53,19146000.0,1
5138600.0,0,315.77,1343000.0,0
4867200.0,1,572.26,13038000.0,0
2844500.0,23,310.96,15617000.0,0
689300.0,16,124.88,20593000.0,1
1681600.0,21,99.61,16484000.0,0
2233700.0,15,393.99,24174000.0,0
8732600.0,19,877.28,23741000.0,1
24500.0,21,3.78,21741000.0,1
4221700.0,14,365.27,29627000.0,1
9717300.0,19,366.25,3317000.0,0
9067700.0,3,56.72,4079000.0,1
1111200.0,9,661.58,28458000.0,0
7441600.0,1,72.27,23266000.0,0
8720500.0,16,622.83,12370000.0,0
1877400.0,15,732.9,7500000.0,1
2517700.0,9,124.56,2673000.0,0
6837000.0,4,32.93,23363000.0,0
7576900.0,11,700.58,7460000.0,1
8755900.0,12,580.88,28587000.0,0
3979600.0,9,946.8,18207000.0,1
479600.0,16,492.37,23436000.0,0
9765600.0,13,829.87,9918000.0,0
2588700.0,19,115.01,2169000.0,0
7699700.0,6,88.22,5392000.0,1
9193200.0,5,215.89,12829000.0,0
5412300.0,10,845.52,22231000.0,0
5236400.0,17,499.2,29493000.0,0
2404100.0,17,439.03,23601000.0,1
610500.0,20,51.73,20763000.0,1
1106400.0,23,787.69,19472000.0,0
7235700.0,23,570.16,1283000.0,1
1990700.0,15,517.94,4152000.0,1
4956500.0,8,372.25,11662000.0,1
5184800.0,1,987.3,3264000.0,0
9268300.0,15,907.12,28404000.0,1
5404500.0,8,360.64,21094000.0,1
6155600.0,0,632.67,7622000.0,1
8112300.0,1,163.08,28814000.0,1
3013400.0,16,370.92,27007000.0,1
6876700.0,22,449.56,4213000.0,1
981400.0,22,703.53,5580000.0,0
711000.0,13,893.05,17024000.0,1
9690300.0,3,606.72,6139000.0,0
3159300.0,16,53.12,3414000.0,0
4581000.0,5,927.47,9317000.0,0
1528700.0,9,410.24,13268000.0,0
3041200.0,8,639.43,27722000.0,1
9019100.0,18,985.12,19287000.0,1
9323200.0,11,812.92,6530000.0,1
6239400.0,5,67.51,16319000.0,1
2038800.0,10,376.08,11703000.0,0
9559700.0,5,329.15,11223000.0,0
7825800.0,18,648.55,25264000.0,1
986100.0,12,20.87,26028000.0,0
6834200.0,19,651.11,10548000.0,1
4135300.0,13,6.36,13785000.0,0
355600.0,15,618.49,16041000.0,0
2472500.0,21,315.16,6836000.0,1
5471800.0,5,589.15,29006000.0,0
5738500.0,7,603.81,4540000.0,1
9650400.0,20,207.68,24107000.0,0
4668900.0,2,647.19,27916000.0,0
3453800.0,5,602.39,18923000.0,0
8877300.0,19,800.53,7350000.0,0
5110800.0,21,143.51,28174000.0,0
5453700.0,17,729.56,6894000.0,1
1963100.0,14,608.46,3928000.0,0
7842600.0,20,698.14,12386000.0,1
7815900.0,12,873.81,18107000.0,1
5572200.0,3,451.81,18221000.0,0
3706800.0,13,465.33,17077000.0,1
5778800.0,2,890.69,9297000.0,0
8223600.0,1,521.76,29293000.0,0
6770300.0,5,532.55,25664000.0,1
8955500.0,17,300.05,21416000.0,0
4342700.0,7,972.88,27944000.0,0
6530500.0,11,433.35,5682000.0,0
5714900.0,8,135.43,28349000.0,0
6534500.0,6,517.15,4074000.0,0
4943000.0,13,413.81,11797000.0,1
5565400.0,12,833.65,27429000.0,0
4125900.0,14,614.93,22266000.0,1
5344700.0,19,450.13,23429000.0,0
2761900.0,5,153.14,18080000.0,1
9005100.0,18,610.7,29526000.0,1
3280900.0,20,687.13,29827000.0,0
8722600.0,7,796.36,14270000.0,1
8237700.0,15,740.83,24546000.0,0
7103700.0,6,7.11,6715000.0,1
6170800.0,17,249.69,21733000.0,1
7990000.0,21,162.58,28127000.0,0
7382600.0,9,785.5,13441000.0,1
5379500.0,9,917.95,29294000.0,1
301300.0,0,550.69,16985000.0,0
4535500.0,18,647.06,21308000.0,0
3328900.0,7,126.98,10773000.0,1
9737800.0,9,215.07,28395000.0,1
3565800.0,21,131.22,24034000.0,0
6682200.0,8,606.01,27501000.0,1
2639600.0,3,818.32,2491000.0,0
9678800.0,3,168.88,24575000.0,1
9753600.0,3,521.96,18498000.0,0
5690000.0,22,234.05,16287000.0,1
9944900.0,1,82.44,13584000.0,1
3896000.0,0,783.29,14032000.0,1
227700.0,18,161.47,13267000.0,0
9278200.0,9,83.63,9885000.0,0
2592600.0,15,130.9,27775000.0,0
5540800.0,6,594.54,6544000.0,1
9238500.0,16,882.52,28366000.0,1
2393300.0,14,905.44,6698000.0,0
5348000.0,12,698.03,20737000.0,0
5479200.0,6,531.82,22596000.0,1
5486200.0,14,998.73,24773000.0,0
6209900.0,13,432.35,16291000.0,0
4264000.0,16,423.12,24415000.0,0
4528600.0,21,175.73,7710000.0,0
6810900.0,16,539.59,10164000.0,0
9424500.0,9,82.66,23027000.0,1
9186800.0,5,296.43,13889000.0,1
3512300.0,8,295.95,27433000.0,0
3029100.0,3,402.68,3274000.0,1
5099900.0,18,669.47,13044000.0,0
8100600.0,0,162.28,2136000.0,1
7487000.0,7,590.93,6780000.0,0
1344000.0,0,159.77,12430000.0,0
9460700.0,14,311.98,11328000.0,0
4301800.0,0,859.17,23633000.0,1
2699400.0,13,976.23,16323000.0,1
6059800.0,19,639.42,27096000.0,0
3809300.0,2,190.55,15192000.0,1
7450600.0,2,958.14,4805000.0,0
7624800.0,2,249.14,13468000.0,1
8620100.0,19,565.54,21559000.0,1
8001500.0,17,235.95,13765000.0,0
9964400.0,9,874.21,20880000.0,0
2329700.0,12,675.3,23276000.0,0
5551200.0,6,129.66,21666000.0,1
4287300.0,5,561.56,26303000.0,1
8128600.0,4,901.54,6284000.0,1
6948700.0,10,764.81,8717000.0,0
4853700.0,12,349.85,23431000.0,1
7143500.0,17,166.87,3512000.0,0
4723900.0,19,392.21,2896000.0,1
9334400.0,23,419.33,29243000.0,1
4540200.0,19,422.86,24213000.0,1
3439800.0,18,9.86,10426000.0,0
4932400.0,6,514.29,28822000.0,1
4341300.0,1,320.84,19960000.0,1
4814600.0,0,530.79,2633000.0,0
7257400.0,17,635.15,21393000.0,0
4421600.0,2,977.33,17187000.0,1
5022500.0,13,648.85,7675000.0,0
719700.0,14,103.08,20591000.0,1
7613300.0,5,77.11,3124000.0,0
9645100.0,11,380.63,3158000.0,0
7012100.0,19,522.01,28089000.0,0
8706600.0,20,200.59,10945000.0,0
3214000.0,15,419.02,3364000.0,1
9118600.0,13,859.42,14132000.0,1
881500.0,4,211.47,29587000.0,1
9888600.0,11,386.13,3106000.0,1
8988500.0,14,615.09,24029000.0,0
9967100.0,8,685.05,18003000.0,1
3562200.0,18,720.43,13516000.0,1
362100.0,0,901.56,15162000.0,0
7766000.0,14,842.24,11223000.0,0
1328500.0,13,331.87,23943000.0,1
7485000.0,17,791.05,11398000.0,1
3766100.0,16,207.6,3005000.0,1
1488700.0,16,701.43,11375000.0,1
3159200.0,8,945.74,18890000.0,0
973200.0,20,559.61,11288000.0,0
4957500.0,4,654.43,12111000.0,1
2796000.0,4,684.64,13472000.0,0
2556000.0,11,691.83,1972000.0,1
41500.0,10,689.78,27836000.0,0
7616900.0,19,835.33,11764000.0,1
7931100.0,10,552.76,11935000.0,0
5522300.0,3,692.9,5224000.0,1
5803700.0,2,186.4,8835000.0,1
7493500.0,19,181.41,7020000.0,0
9684200.0,3,686.86,10765000.0,1
8322500.0,21,737.75,24138000.0,1
5529800.0,4,357.71,3292000.0,1
9446800.0,22,838.85,5367000.0,1
6625700.0,5,540.0,29871000.0,0
3616700.0,8,532.79,25935000.0,0
7079900.0,10,239.7,8577000.0,0
6969000.0,3,422.94,7480000.0,1
9600200.0,10,709.09,14546000.0,1
5194300.0,6,317.16,19590000.0,1
4603700.0,0,765.4,21113000.0,1
169600.0,18,706.37,29943000.0,1
5437700.0,19,560.48,6617000.0,1
2739500.0,14,300.56,22033000.0,1
7808800.0,2,810.19,27762000.0,1
9052300.0,22,516.36,18726000.0,1
8886100.0,13,751.97,15446000.0,1
895800.0,16,333.35,18157000.0,1
6215800.0,14,254.58,11748000.0,1
6626400.0,21,842.89,20750000.0,1
2627000.0,11,866.31,3082000.0,1
5181000.0,16,261.22,20296000.0,0
5959900.0,0,378.2,6112000.0,0
2654000.0,20,227.43,23393000.0,0
4221500.0,9,425.08,24194000.0,0
8435200.0,16,301.75,18264000.0,1
1974700.0,17,385.55,24997000.0,0
9985000.0,13,506.26,8722000.0,0
6419900.0,15,429.5,29275000.0,1
9980000.0,16,247.79,28680000.0,1
5508900.0,7,613.82,16370000.0,1
7699200.0,20,296.62,5474000.0,0
8332300.0,14,773.33,5385000.0,0
2999300.0,6,303.85,26515000.0,1
9112900.0,11,312.56,11789000.0,0
1142000.0,23,0.71,24245000.0,1
7627100.0,10,695.78,1641000.0,0
5019400.0,11,308.45,6428000.0,0
9437600.0,1,365.31,4374000.0,1
5249500.0,6,159.61,8413000.0,0
7396200.0,21,176.05,2643000.0,0
3652500.0,11,503.32,3578000.0,0
3443000.0,3,409.21,18690000.0,0
7062600.0,11,861.26,17521000.0,0
2305000.0,9,97.64,4268000.0,1
2931900.0,22,559.81,29443000.0,1
5406100.0,0,534.48,21125000.0,0
7720400.0,16,904.19,23544000.0,1
6376300.0,10,189.55,21878000.0,0
1965800.0,1,108.46,2408000.0,1
9105000.0,8,57.43,19524000.0,0
4423200.0,17,910.11,17496000.0,1
1421600.0,4,108.74,16342000.0,1
7419200.0,15,107.92,2428000.0,1
7636400.0,4,114.51,12802000.0,1
454000.0,3,653.1,1936000.0,1
7968500.0,20,269.33,14157000.0,1
4472800.0,21,768.52,13352000.0,1
3148700.0,9,954.62,9982000.0,0
6517100.0,2,568.72,1607000.0,0
5021300.0,4,582.5,22653000.0,0
7007700.0,19,334.03,28738000.0,1
9680600.0,4,908.91,6552000.0,0
1808400.0,3,747.09,13125000.0,1
2657700.0,23,116.54,19798000.0,0
7456400.0,16,606.57,28992000.0,0
7287800.0,2,520.6,15122000.0,1
1264900.0,8,511.01,9522000.0,1
3127700.0,20,92.69,1854000.0,0
5838300.0,16,629.97,27153000.0,1
9102500.0,9,209.0,17615000.0,1
7882300.0,1,150.97,18659000.0,1
9704600.0,1,438.87,2561000.0,0
4581900.0,0,197.11,8321000.0,0
8007300.0,1,720.94,22026000.0,0
9045500.0,6,467.82,13005000.0,1
4350600.0,12,19.68,5501000.0,1
9272000.0,7,659.19,26271000.0,1
3794100.0,16,386.75,12992000.0,0
4476500.0,21,174.5,4980000.0,0
2650400.0,10,611.42,13482000.0,1
793700.0,18,164.02,3175000.0,0
5737200.0,4,972.51,15963000.0,0
8166900.0,16,658.86,23706000.0,1
8474600.0,23,701.81,19730000.0,0
8802200.0,16,481.93,5294000.0,1
882600.0,14,172.92,1819000.0,1
8317700.0,22,939.09,10931000.0,0
7341300.0,10,41.98,26149000.0,0
8954600.0,11,586.62,23968000.0,0
1130400.0,18,264.02,1130000.0,0
4201200.0,17,618.02,1350000.0,1
2468600.0,20,149.44,13029000.0,1
1069600.0,2,168.63,25024000.0,0
6442400.0,8,68.15,23987000.0,0
6542700.0,1,8.14,14559000.0,1
8354200.0,11,967.59,5974000.0,0
9791300.0,19,490.17,2032000.0,1
3043500.0,22,860.0,5471000.0,1
1134400.0,18,408.34,28645000.0,1
5063800.0,9,212.06,10357000.0,1
9734800.0,14,732.79,6580000.0,0
9569200.0,23,878.83,29542000.0,0
2867100.0,3,955.65,11404000.0,1
2675300.0,21,717.69,18026000.0,0
5046700.0,2,371.59,25839000.0,0
8495600.0,16,474.8,14498000.0,1
7970500.0,4,219.02,10657000.0,1
2883200.0,2,905.68,25073000.0,1
4121500.0,7,976.49,25370000.0,0
2850000.0,15,879.14,10851000.0,1
9890000.0,11,255.76,15060000.0,0
70700.0,22,862.35,28854000.0,0
3599000.0,4,988.31,23507000.0,0
9513000.0,1,369.34,2399000.0,1
6509900.0,4,174.84,14472000.0,1
1418400.0,17,606.98,17281000.0,1
325700.0,15,577.56,7604000.0,0
9193400.0,21,16.05,28045000.0,0
6562600.0,0,889.74,27421000.0,1
9547400.0,7,490.24,12296000.0,0
8608900.0,2,830.55,20263000.0,0
1578400.0,5,453.35,9298000.0,1
3593100.0,0,3.09,6187000.0,1
6105400.0,12,670.43,6904000.0,0
3019700.0,0,535.46,3307000.0,0
3791100.0,23,232.64,27573000.0,1
9560300.0,19,262.27,10558000.0,1
6918400.0,19,16.45,20247000.0,1
9124800.0,13,73.81,5293000.0,1
3126100.0,22,297.79,12667000.0,0
8930200.0,8,833.98,24817000.0,1
3132900.0,15,299.32,12348000.0,0
6478100.0,22,734.68,21240000.0,1
7009200.0,18,852.11,16768000.0,1
2187500.0,20,715.38,11099000.0,0
5480400.0,10,728.06,26599000.0,0
9486900.0,23,925.07,6782000.0,0
7628800.0,18,872.66,19167000.0,1
2456100.0,16,708.82,8652000.0,0
1751900.0,5,775.47,13656000.0,1
145900.0,20,393.28,21478000.0,1
8669300.0,20,311.81,28537000.0,1
1198700.0,0,30.72,6889000.0,1
654700.0,4,741.58,17997000.0,1
2518100.0,3,603.43,26143000.0,1
99300.0,18,56.75,19227000.0,1
2774600.0,23,470.07,27163000.0,0
351300.0,5,2.3,10841000.0,0
3799200.0,9,14.12,14157000.0,1
7794400.0,9,778.55,29878000.0,0
7902300.0,19,864.15,11902000.0,1
6234400.0,1,598.48,21650000.0,1
1863700.0,19,980.68,7966000.0,0
9583000.0,14,944.49,18356000.0,0
5636900.0,6,575.83,21042000.0,0
719500.0,18,101.37,2707000.0,0
6681400.0,7,226.29,26923000.0,1
9828700.0,2,827.22,19207000.0,0
9232500.0,0,682.22,10561000.0,0
3292100.0,8,124.52,1506000.0,1
1361800.0,7,53.06,27462000.0,1
9277000.0,2,474.16,28891000.0,1
5066000.0,4,307.41,17822000.0,0
8869100.0,23,386.6,6341000.0,0
7571100.0,1,221.85,15519000.0,0
7088900.0,18,554.44,29274000.0,0
9164500.0,14,13.11,26548000.0,1
9099700.0,20,642.71,26469000.0,0
9945700.0,12,536.46,29286000.0,1
2579800.0,10,895.51,24267000.0,0
8206100.0,14,424.08,12092000.0,1
362300.0,22,491.26,24090000.0,1
9037900.0,8,947.56,26196000.0,0
6576400.0,0,685.88,4670000.0,1
6280000.0,4,335.61,4237000.0,0
1045400.0,8,88.26,12424000.0,1
3624100.0,12,746.88,24536000.0,0
1662300.0,15,251.11,5290000.0,0
9296100.0,6,152.29,11336000.0,0
6396700.0,23,511.73,26753000.0,0
705500.0,9,40.6,26022000.0,1
3912800.0,21,817.54,23739000.0,0
699600.0,1,421.79,23350000.0,0
7128200.0,21,829.63,23804000.0,1
7013300.0,10,433.11,4051000.0,0
243900.0,14,425.02,7338000.0,1
3918100.0,21,897.19,3551000.0,1
692600.0,14,966.94,17809000.0,0
6674400.0,4,280.49,18897000.0,0
3869800.0,23,29.89,10978000.0,1
2405900.0,7,576.35,27516000.0,0
1421500.0,6,45.79,12035000.0,0
7936400.0,1,153.93,21135000.0,1
9981000.0,20,503.1,9734000.0,1
2283200.0,0,832.15,11733000.0,1
8753500.0,14,984.94,21366000.0,0
5174600.0,10,548.0,17017000.0,1
6608900.0,5,581.76,28217000.0,1
8137100.0,9,95.05,7741000.0,0
1395300.0,15,907.79,22952000.0,0
970500.0,1,180.86,15468000.0,1
2695200.0,14,652.06,5594000.0,1
8059900.0,14,396.2,11752000.0,1
1907400.0,5,238.28,6753000.0,1
7939200.0,4,58.01,24677000.0,1
6287100.0,20,146.98,28029000.0,1
6046100.0,22,882.32,11154000.0,0
854900.0,2,601.54,10296000.0,0
7068900.0,17,9.09,2293000.0,0
5863300.0,18,444.47,26764000.0,1
7411400.0,5,565.77,19650000.0,0
3413000.0,22,462.01,6955000.0,0
6449000.0,16,374.2,18046000.0,1
150600.0,19,326.0,8898000.0,0
4785100.0,18,988.9,29425000.0,1
3174700.0,5,901.16,21320000.0,1
9444500.0,19,489.3,16244000.0,1
7911400.0,0,127.47,24737000.0,1
9895900.0,7,787.24,14279000.0,0
4209800.0,8,524.87,28831000.0,0
2852600.0,3,269.32,11503000.0,1
6145800.0,20,847.13,17370000.0,0
6365800.0,2,428.23,3294000.0,1
2803600.0,9,858.43,28585000.0,1
5579600.0,20,865.97,18098000.0,1
945200.0,3,331.41,23281000.0,1
9360000.0,9,907.09,20329000.0,0
791600.0,18,279.84,23877000.0,0
9421000.0,9,497.04,4856000.0,0
5374800.0,23,82.77,16658000.0,1
6984100.0,11,856.24,15697000.0,0
5981900.0,9,542.22,10987000.0,0
1393600.0,10,609.31,13291000.0,1
6898200.0,18,313.79,16433000.0,0
6199100.0,23,659.06,13197000.0,1
2378700.0,19,487.07,14602000.0,0
7679600.0,2,820.92,27120000.0,0
9713000.0,0,338.62,10312000.0,0
4377400.0,15,359.65,19866000.0,0
8056600.0,23,380.85,26336000.0,1
1875100.0,3,210.8,27293000.0,0
3518300.0,10,151.16,24850000.0,1
9128900.0,11,854.24,12506000.0,0
3346300.0,16,320.2,3666000.0,1
5981800.0,10,11.33,26012000.0,0
1012500.0,6,40.3,7843000.0,0
9013700.0,6,361.28,24351000.0,0
5847300.0,4,750.73,3153000.0,0
1734200.0,7,319.15,22149000.0,1
6291700.0,22,658.01,4393000.0,0
9653800.0,19,509.43,10843000.0,1
2359400.0,20,38.35,14358000.0,0
2457000.0,19,37.72,21117000.0,0
942400.0,7,219.05,11614000.0,0
2913000.0,14,813.57,17674000.0,0
7338500.0,7,495.2,25253000.0,0
7741300.0,20,165.86,20491000.0,1
2009300.0,10,89.28,25401000.0,0
9401000.0,11,358.28,3301000.0,0
4737000.0,12,817.88,26713000.0,1
9489900.0,6,870.49,3985000.0,0
9545200.0,22,287.26,11807000.0,0
3666900.0,8,627.95,20140000.0,1
5949600.0,1,83.74,15768000.0,0
1267000.0,11,931.04,5659000.0,0
9458800.0,12,25.89,3208000.0,0
8804600.0,4,885.68,20178000.0,0
2366200.0,6,572.67,24482000.0,0
8712700.0,3,787.62,28561000.0,0
3145800.0,8,916.81,9960000.0,0
7253800.0,22,311.22,10708000.0,1
6570900.0,23,827.41,19159000.0,0
2408400.0,9,523.15,24134000.0,0
5983900.0,14,96.12,17001000.0,1
8125900.0,14,999.2,8491000.0,0
9497100.0,17,514.09,1640000.0,1
8119200.0,11,849.45,14612000.0,0
9397300.0,12,38.87,6779000.0,0
2188300.0,10,874.62,8794000.0,0
3926100.0,10,237.7,29442000.0,1
7740400.0,11,864.31,2086000.0,1
8315200.0,12,971.67,22226000.0,1
4154900.0,2,383.6,5545000.0,1
4296600.0,11,284.42,13284000.0,0
1342900.0,18,921.0,5166000.0,0
7037000.0,0,406.06,5595000.0,0
1605300.0,15,297.55,26755000.0,0
6025800.0,7,263.4,7409000.0,0
7121200.0,2,187.1,11902000.0,1
5283100.0,12,558.8,20092000.0,0
4155900.0,23,519.72,13636000.0,0
2332500.0,1,606.55,29924000.0,0
8243500.0,15,355.08,13854000.0,1
7339900.0,8,905.14,23965000.0,1
4390200.0,14,541.08,22718000.0,1
4794700.0,6,657.08,24654000.0,0
6692900.0,13,840.67,4285000.0,0
2359200.0,23,449.95,28398000.0,0
1021000.0,22,46.69,19726000.0,0
1342300.0,17,84.28,3631000.0,1
8319400.0,12,243.96,10491000.0,0
8354800.0,22,303.51,29560000.0,1
4504100.0,9,565.37,19232000.0,0
901700.0,15,526.25,12844000.0,0
8165000.0,14,927.67,22918000.0,0
6871400.0,3,16.13,6613000.0,0
6702900.0,23,705.14,28788000.0,1
7224000.0,16,174.81,2757000.0,1
6838200.0,16,191.69,8859000.0,0
1074100.0,20,682.74,16880000.0,1
3400800.0,19,267.64,10759000.0,0
3950500.0,11,548.06,14495000.0,1
9063600.0,17,833.42,1499000.0,0
2397700.0,21,689.77,15325000.0,0
6306300.0,22,757.45,10744000.0,0
70400.0,4,631.06,26878000.0,0
3279000.0,3,108.04,9227000.0,1
4072900.0,15,269.35,16459000.0,1
5251100.0,4,991.31,10232000.0,0
9836800.0,11,374.68,25159000.0,0
153000.0,2,845.91,23525000.0,0
6308500.0,11,946.6,8572000.0,1
9284200.0,1,613.13,2651000.0,1
7372000.0,0,925.73,16588000.0,0
3722600.0,2,816.95,27402000.0,1
7358600.0,17,318.37,26972000.0,1
7126200.0,22,630.94,19886000.0,1
3414000.0,17,257.31,5869000.0,1
2711100.0,0,264.8,14301000.0,0
6309700.0,23,32.41,24573000.0,0
7240800.0,21,579.32,17377000.0,0
3569600.0,12,14.33,11056000.0,0
8847100.0,3,575.31,9602000.0,1
5765600.0,11,625.91,4115000.0,1
4222800.0,22,881.24,27672000.0,1
6415700.0,6,416.01,27822000.0,1
4817100.0,8,56.65,17090000.0,1
2596100.0,6,869.73,6677000.0,1
8875500.0,2,255.63,4376000.0,1
1939000.0,21,248.4,5190000.0,1
6451100.0,8,148.71,22547000.0,1
9500700.0,14,341.83,19262000.0,0
456000.0,13,758.44,21590000.0,0
2633800.0,19,312.33,16493000.0,1
9455200.0,11,786.41,14198000.0,1
1344700.0,5,711.21,15206000.0,1
5036500.0,0,18.63,29562000.0,1
9656900.0,7,23.56,6241000.0,0
1527500.0,21,40.4,11376000.0,0
697000.0,20,941.53,20061000.0,1
2796500.0,20,202.0,5745000.0,0
1466200.0,0,85.56,24494000.0,1
30400.0,2,941.66,8481000.0,0
4881200.0,7,948.02,16803000.0,1
4780200.0,0,135.92,15090000.0,1
9827100.0,4,178.83,20074000.0,1
9191300.0,13,798.28,12412000.0,0
25200.0,10,8.74,23856000.0,1
4445800.0,0,413.3,12274000.0,1
1952700.0,20,484.16,5260000.0,0
3745100.0,4,481.82,15391000.0,0
3500100.0,6,216.9,20358000.0,0
5301100.0,9,432.65,26911000.0,0
1111200.0,10,459.24,13203000.0,0
9439400.0,3,515.93,6268000.0,1
5418100.0,23,450.26,12173000.0,0
1861200.0,20,647.74,10005000.0,0
4234000.0,4,493.56,5762000.0,0
8389000.0,14,384.72,19704000.0,1
4206200.0,2,896.48,11951000.0,0
5276900.0,14,111.53,1293000.0,1
8520100.0,23,576.97,18539000.0,0
1576300.0,18,65.98,22606000.0,1
9535900.0,11,101.77,14269000.0,0
9602100.0,0,780.5,9768000.0,1
2573000.0,9,436.04,5249000.0,0
3067900.0,18,200.38,17336000.0,1
6240500.0,17,31.82,20495000.0,1
9033500.0,23,848.7,28510000.0,0
2273100.0,5,114.01,14966000.0,0
4185200.0,20,104.55,13533000.0,0
9786500.0,13,279.97,1744000.0,0
9690000.0,16,381.7,9149000.0,1
7067800.0,7,492.53,8542000.0,0
4469300.0,8,341.71,21842000.0,1
3033500.0,6,867.25,4921000.0,1
9530400.0,1,915.33,29843000.0,0
5059600.0,10,14.05,2812000.0,0
8829500.0,4,501.71,9996000.0,0
8152300.0,14,994.82,9807000.0,1
4471000.0,15,289.21,8833000.0,1
1206300.0,6,338.03,14898000.0,1
4265300.0,5,707.4,23813000.0,1
7830400.0,8,10.24,3631000.0,0
9817700.0,1,408.95,20897000.0,1
4526900.0,14,635.58,24192000.0,0
8629100.0,7,583.21,3615000.0,0
2617900.0,16,953.13,8790000.0,0
9065300.0,11,281.6,8901000.0,1
2914200.0,17,693.36,20581000.0,1
3946100.0,1,953.06,11367000.0,1
7312400.0,9,222.47,28112000.0,1
8579500.0,11,117.86,18241000.0,1
2038300.0,5,336.87,21694000.0,1
5345600.0,5,552.2,21644000.0,1
5331400.0,8,477.91,3641000.0,0
8794300.0,21,679.19,22248000.0,0
5725500.0,18,122.63,16575000.0,1
2995700.0,0,854.66,3958000.0,0
1239900.0,13,407.41,5205000.0,1
4743700.0,21,761.07,9786000.0,1
586900.0,17,351.02,21224000.0,1
8685500.0,16,713.63,18818000.0,1
4829500.0,10,345.26,25883000.0,1
5367000.0,11,934.81,18372000.0,0
2582500.0,0,366.49,24072000.0,0
8305300.0,19,297.51,17964000.0,0
7707300.0,11,210.5,21627000.0,1
1620100.0,10,50.52,10424000.0,1
9347000.0,16,901.89,20831000.0,0
3832800.0,4,351.2,7296000.0,1
1532200.0,3,25.9,5068000.0,0
1003600.0,17,862.6,9190000.0,1
7086300.0,17,273.67,6005000.0,0
2476600.0,10,267.17,5806000.0,0
7027600.0,3,849.75,19477000.0,1
7458400.0,2,502.65,10648000.0,1
91400.0,5,688.07,4379000.0,1
8488300.0,11,297.78,7288000.0,0
8017900.0,12,475.52,17376000.0,0
4131800.0,3,135.11,14784000.0,0
7354000.0,6,258.11,24091000.0,0
5032600.0,1,325.95,13571000.0,0
5559100.0,22,665.32,1229000.0,1
1685100.0,10,889.36,10702000.0,0
5000600.0,10,183.28,18205000.0,1
1784900.0,19,288.71,2523000.0,0
8187500.0,5,784.72,14750000.0,1
1441000.0,19,925.45,14799000.0,1
5301700.0,18,307.81,26924000.0,0
8082300.0,4,730.72,6142000.0,1
9217900.0,22,735.58,17633000.0,0
6259700.0,3,927.23,7460000.0,1
4267400.0,20,751.23,11565000.0,1
4832700.0,15,328.85,18049000.0,0
9133500.0,2,181.16,1374000.0,1
8361300.0,12,720.65,13088000.0,0
5101800.0,18,199.52,7329000.0,0
9224500.0,4,1.23,13506000.0,0
2845800.0,13,92.38,16713000.0,1
817300.0,23,247.78,22420000.0,0
9799400.0,3,985.66,8675000.0,1
8570800.0,5,945.71,20219000.0,1
5715400.0,15,818.09,3225000.0,1
387700.0,5,175.76,25394000.0,0
6750400.0,5,201.86,19907000.0,1
6552700.0,13,609.82,18764000.0,1
1488300.0,7,551.11,28221000.0,0
2227100.0,22,997.44,22493000.0,1
2805400.0,16,611.84,1364000.0,0
9215400.0,0,446.54,7176000.0,0
727400.0,13,847.25,13830000.0,0
806800.0,1,950.98,1522000.0,0
2695800.0,17,790.52,13999000.0,0
4589700.0,14,75.3,16114000.0,0
3884900.0,8,909.2,20627000.0,0
3667100.0,14,249.66,13497000.0,1
6301400.0,19,983.95,19988000.0,1
3457500.0,4,818.41,3590000.0,0
5662300.0,0,763.95,27102000.0,1
5130700.0,4,282.12,26490000.0,0
3891900.0,2,735.33,1652000.0,1
1835500.0,15,617.93,14601000.0,1
1356700.0,12,109.18,27620000.0,0
2922000.0,1,169.21,28177000.0,0
8904300.0,7,649.79,25280000.0,0
9826300.0,7,662.69,9038000.0,0
1056600.0,2,880.82,2456000.0,0
9202600.0,23,169.55,10833000.0,0
3015400.0,21,74.7,28872000.0,0
2266900.0,9,849.26,15715000.0,0
939600.0,7,720.73,26511000.0,1
1941200.0,7,324.41,17051000.0,1
1138100.0,23,458.15,12566000.0,1
2982600.0,15,759.56,3971000.0,1
9754300.0,7,911.1,17824000.0,0
9085100.0,1,45.09,28439000.0,0
7995400.0,3,237.16,20851000.0,1
7572100.0,18,194.17,20268000.0,0
4729700.0,12,207.57,25895000.0,1
2866000.0,13,435.49,12186000.0,0
4210100.0,22,493.07,4985000.0,1
6132400.0,11,768.27,20747000.0,0
5200000.0,18,636.47,17870000.0,1
5402500.0,0,272.65,18141000.0,1
3219200.0,18,855.14,6437000.0,1
1545900.0,14,853.7,13325000.0,0
6182600.0,3,599.06,7297000.0,0
7097800.0,23,720.68,16198000.0,1
9920000.0,12,145.75,12802000.0,0
8527700.0,5,194.6,8680000.0,1
6328500.0,16,189.34,3493000.0,0
5478000.0,3,975.88,17786000.0,1
1667800.0,10,747.78,17556000.0,1
6074100.0,9,849.72,5340000.0,0
314400.0,5,516.64,27825000.0,0
3418900.0,10,108.7,20490000.0,0
987000.0,1,870.66,6787000.0,1
9882800.0,14,454.01,20350000.0,1
7640700.0,2,8.89,2651000.0,0
2530900.0,11,39.89,7694000.0,1
8259600.0,22,588.44,17680000.0,0
3967300.0,11,341.62,11648000.0,1
3395500.0,22,653.0,18608000.0,1
6437900.0,3,530.48,21046000.0,0
2423600.0,15,966.67,24576000.0,1
601700.0,9,308.19,2419000.0,0
5154100.0,20,107.86,19132000.0,0
8717200.0,22,360.03,5444000.0,1
2470500.0,3,12.73,21072000.0,0
4618900.0,21,331.46,18359000.0,1
653200.0,5,279.35,16961000.0,1
9827700.0,13,433.48,3560000.0,1
1247400.0,18,176.6,22904000.0,0
7483100.0,22,938.74,24567000.0,0
3608400.0,0,177.92,16578000.0,1
836000.0,2,310.78,24502000.0,0
9035800.0,20,544.66,16179000.0,0
1065400.0,18,674.82,7445000.0,1
661300.0,2,320.45,7418000.0,1
3773100.0,23,823.03,19537000.0,0
1577000.0,22,712.74,26008000.0,1
7032900.0,4,832.76,13928000.0,1
9139500.0,19,978.07,27014000.0,0
1759000.0,2,760.2,29743000.0,1
7734700.0,18,978.92,26516000.0,1
5046700.0,14,278.53,7272000.0,0
1095500.0,11,458.45,8134000.0,1
4364100.0,3,291.02,6237000.0,1
5663300.0,5,108.45,16799000.0,1
2804600.0,1,256.14,1937000.0,0
1199300.0,10,571.21,3614000.0,1
5729300.0,23,231.41,29008000.0,0
8445700.0,16,655.76,28417000.0,1
3586300.0,0,43.89,20309000.0,1
633800.0,1,73.75,21868000.0,0
6136600.0,14,887.68,9313000.0,0
9403700.0,7,52.5,27179000.0,1
9761700.0,5,460.34,2417000.0,1
8439900.0,9,413.95,6676000.0,1
1015600.0,10,18.28,17381000.0,1
4985200.0,13,368.85,17719000.0,0
5111200.0,16,657.33,3706000.0,1
1462900.0,10,446.65,10777000.0,1
763300.0,11,934.95,26028000.0,0
6309200.0,22,477.72,29472000.0,1
662100.0,12,231.88,23832000.0,0
8898100.0,19,188.42,21770000.0,1
4722800.0,8,920.41,21215000.0,1
1122100.0,13,330.73,26368000.0,1
3683200.0,17,808.97,14124000.0,0
6637800.0,12,367.82,1713000.0,0
2312500.0,9,204.25,17724000.0,1
2230400.0,8,420.3,29913000.0,1
3534300.0,2,351.48,23439000.0,0
1815700.0,18,300.75,19517000.0,0
248000.0,5,734.93,3085000.0,1
9831700.0,15,53.54,8740000.0,0
6694500.0,12,165.19,6967000.0,1
8459200.0,18,281.44,27894000.0,0
6547100.0,6,281.49,21730000.0,1
2349300.0,15,711.67,1679000.0,0
6493400.0,10,100.76,21045000.0,0
4965300.0,11,445.96,15230000.0,1
2377200.0,20,226.41,20266000.0,0
4172000.0,14,157.94,27727000.0,1
3840000.0,21,201.59,5568000.0,1
9850800.0,9,225.09,11272000.0,1
8598800.0,8,444.14,9732000.0,0
2346800.0,16,291.99,25923000.0,0
333500.0,5,919.19,29977000.0,1
6052200.0,0,193.81,9583000.0,1
186300.0,6,263.32,3366000.0,1
9291900.0,9,874.16,21921000.0,0
9921800.0,15,115.37,7331000.0,0
4633200.0,22,849.99,15670000.0,0
1303600.0,9,469.28,23275000.0,1
6551100.0,14,781.34,5574000.0,0
8760900.0,9,874.1,8125000.0,0
5985000.0,2,952.26,12912000.0,1
8057400.0,12,902.66,1402000.0,0
7588800.0,9,929.57,22144000.0,0
1196600.0,5,34.77,3739000.0,0
5984600.0,17,605.75,23415000.0,0
3390700.0,14,693.26,3213000.0,1
9501000.0,5,980.82,23997000.0,0
7592000.0,17,668.16,8904000.0,1
1004100.0,9,837.13,4402000.0,1
3254900.0,18,674.12,16185000.0,1
4349200.0,12,701.47,6091000.0,1
9704500.0,17,110.93,6144000.0,1
7442300.0,8,7.51,20376000.0,1
8320400.0,11,766.12,29770000.0,0
1817500.0,16,21.83,11698000.0,0
5707900.0,5,472.53,16378000.0,0
7279000.0,21,748.84,8767000.0,0
2974000.0,2,291.85,7914000.0,1
9461500.0,12,648.11,23798000.0,1
2354500.0,5,396.98,1323000.0,1
8547400.0,1,357.5,27768000.0,0
7878700.0,13,677.45,29751000.0,0
9418300.0,4,877.22,25354000.0,1
8145000.0,18,297.95,10476000.0,1
6637700.0,7,633.86,6332000.0,0
6264000.0,8,34.48,7258000.0,0
1869600.0,6,803.5,6715000.0,0
908900.0,1,129.05,19646000.0,1
4164700.0,6,553.55,19416000.0,0
4080700.0,8,853.24,22812000.0,0
3203600.0,9,748.48,5303000.0,0
4174900.0,18,490.76,20852000.0,0
3577400.0,0,952.44,13214000.0,1
1776700.0,16,750.7,17295000.0,0
6908900.0,3,613.28,19727000.0,1
2613400.0,19,800.41,9243000.0,1
4510500.0,4,147.74,27832000.0,1
8143900.0,17,745.48,14831000.0,0
1088900.0,18,124.42,4608000.0,0
8693400.0,9,39.99,29036000.0,0
9595900.0,23,875.76,27308000.0,1
5812900.0,16,102.4,13647000.0,0
5467800.0,9,799.74,1342000.0,0
3107200.0,6,136.56,7419000.0,0
169300.0,22,242.5,15314000.0,0
6339300.0,0,818.18,17040000.0,0
76800.0,0,34.67,7926000.0,0
9773600.0,17,609.38,23859000.0,1
1119300.0,1,794.25,16374000.0,1
7774600.0,15,501.47,10564000.0,1
149500.0,7,461.9,8244000.0,1
9284400.0,13,532.2,16744000.0,1
139100.0,2,859.53,29309000.0,0
4175800.0,7,946.66,7439000.0,0
993000.0,9,669.15,7976000.0,0
4729100.0,8,423.67,15744000.0,1
7981600.0,7,171.03,6568000.0,1
2972800.0,19,768.39,19366000.0,0
2669500.0,15,957.21,8664000.0,1
5007100.0,3,687.07,5505000.0,1
7857000.0,14,817.09,6411000.0,1
6758500.0,15,11.11,20664000.0,1
7554400.0,22,909.08,11077000.0,0
7716200.0,23,945.25,21731000.0,0
8319400.0,19,975.98,19162000.0,0
5350600.0,7,958.04,27860000.0,1
5595900.0,6,911.81,16447000.0,1
6885400.0,4,564.87,25318000.0,0
5864800.0,14,979.03,29053000.0,0
3399200.0,16,399.48,25225000.0,0
3333300.0,16,715.5,25471000.0,0
34700.0,5,814.64,2059000.0,1
9344200.0,20,74.1,7484000.0,0
5097200.0,11,986.25,8516000.0,1
779500.0,13,718.16,21239000.0,1
9000200.0,11,950.01,26417000.0,1
6667400.0,11,53.21,23907000.0,0
9711600.0,2,434.95,15006000.0,0
1542200.0,8,791.42,24078000.0,0
3938000.0,8,426.9,19596000.0,1
2376900.0,8,329.71,4805000.0,0
3606200.0,11,425.02,3588000.0,1
2130800.0,20,415.82,7251000.0,0
1618900.0,2,897.21,17710000.0,0
6242100.0,18,838.89,5173000.0,1
916600.0,1,114.88,8461000.0,0
3410500.0,10,91.06,26975000.0,0
4417900.0,17,273.53,27634000.0,1
9753600.0,1,162.07,14887000.0,1
5793600.0,0,268.52,7660000.0,1
2885200.0,4,929.36,22914000.0,1
2882700.0,6,289.56,25908000.0,1
8243000.0,5,181.65,22903000.0,0
7771400.0,15,920.8,1218000.0,1
5568500.0,11,39.23,16143000.0,0
6555700.0,7,490.84,7046000.0,0
5222200.0,20,466.59,18978000.0,1
9940600.0,14,234.08,6706000.0,1
9880800.0,11,19.05,6415000.0,0
8832500.0,3,284.17,11276000.0,1
6236400.0,4,915.48,13965000.0,0
1057900.0,14,599.62,8595000.0,0
6126300.0,16,503.43,2355000.0,0
7009700.0,22,626.7,8649000.0,1
3999500.0,22,968.11,29696000.0,1
6815000.0,4,400.94,5832000.0,1
461500.0,11,301.69,27579000.0,1
3793500.0,16,445.06,2353000.0,1
338600.0,15,775.65,3875000.0,0
5367600.0,20,746.64,20381000.0,1
1980500.0,22,586.07,25130000.0,1
1245600.0,5,209.4,20567000.0,0
8011100.0,21,924.62,21957000.0,0
8149800.0,20,16.9,19380000.0,0
8124800.0,22,86.19,22429000.0,1
6090700.0,7,521.78,19700000.0,0
3127100.0,12,352.16,16392000.0,1
274200.0,15,667.32,17918000.0,1
2353600.0,20,256.42,13003000.0,0
9493800.0,5,471.18,22314000.0,1
4439200.0,4,35.01,9786000.0,0
6823000.0,2,335.08,12968000.0,1
6030000.0,17,314.61,17952000.0,0
8288300.0,4,675.91,16897000.0,0
6242900.0,11,247.7,11276000.0,1
6941100.0,19,16.59,14389000.0,1
4912400.0,3,301.4,27291000.0,0
293100.0,18,982.94,15237000.0,0
6045400.0,0,153.65,15117000.0,1
6209800.0,15,565.69,1259000.0,0
8800600.0,0,503.63,11319000.0,0
6759800.0,20,958.16,15747000.0,1
5398700.0,0,132.74,28319000.0,0
5759000.0,16,307.59,20794000.0,1
5150600.0,23,9.98,10652000.0,1
7703100.0,22,113.05,28883000.0,1
7022800.0,16,962.71,21707000.0,0
5913100.0,15,668.53,15214000.0,0
3988500.0,0,708.77,20423000.0,1
7621700.0,4,629.85,11633000.0,0
5319900.0,14,201.75,3520000.0,0
2499800.0,7,761.08,7821000.0,1
3373800.0,17,370.77,26544000.0,1
780100.0,23,376.93,3938000.0,1
1222800.0,8,403.6,20252000.0,1
8903700.0,6,526.8,28792000.0,0
7781300.0,10,954.75,11035000.0,1
2280000.0,18,7.07,16318000.0,0
263600.0,19,182.94,12388000.0,1
576300.0,2,88.96,26709000.0,1
1943400.0,1,741.25,21436000.0,0
8262800.0,1,759.29,28883000.0,0
1227500.0,5,797.28,9907000.0,0
1692800.0,6,754.92,7388000.0,1
7261000.0,7,998.86,23571000.0,0
8392500.0,10,759.1,25426000.0,1
8543900.0,16,307.43,9277000.0,0
9662400.0,22,396.21,27624000.0,1
6324000.0,1,834.06,22702000.0,0
7174700.0,20,823.15,27386000.0,0
9234800.0,19,42.58,2342000.0,1
9396300.0,2,44.59,10825000.0,0
57800.0,5,650.08,8184000.0,0
7383700.0,5,66.06,24654000.0,0
6636000.0,6,778.05,27311000.0,1
8522900.0,8,433.68,23376000.0,1
2187500.0,6,555.25,17815000.0,1
7439900.0,23,112.53,6104000.0,0
8948200.0,3,629.58,16938000.0,1
612800.0,21,721.59,19598000.0,1
2489200.0,6,722.82,19789000.0,1
4738400.0,23,716.04,6107000.0,1
8754000.0,15,793.63,12028000.0,1
9012100.0,18,606.36,20532000.0,1
3508900.0,17,994.89,16583000.0,0
9552800.0,1,684.12,16105000.0,1
8739400.0,17,116.31,21181000.0,1
3077900.0,0,609.47,8359000.0,1
9306300.0,21,490.64,26424000.0,1
1340700.0,11,392.84,9133000.0,1
2830800.0,14,846.91,10846000.0,0
6048900.0,9,68.97,23711000.0,0
1235800.0,20,922.55,26910000.0,0
4555600.0,2,352.24,20251000.0,1
7820500.0,17,97.26,1961000.0,0
1150400.0,8,312.11,15842000.0,1
7177400.0,1,300.09,14698000.0,1
8831000.0,7,449.35,10242000.0,1
9017200.0,20,591.35,18466000.0,0
7815700.0,20,635.28,3831000.0,1
6797900.0,11,78.25,12122000.0,1
7861000.0,6,194.86,29603000.0,1
1221400.0,11,880.1,12581000.0,1
5615800.0,3,866.71,13193000.0,0
9587300.0,10,233.3,20894000.0,1
9567400.0,14,57.82,16742000.0,0
5967800.0,12,449.13,1305000.0,0
6139800.0,20,249.9,8854000.0,0
5954800.0,11,760.61,29342000.0,0
4415700.0,20,535.88,3153000.0,1
2900200.0,23,639.81,20419000.0,0
2439900.0,0,61.48,19579000.0,0
4679300.0,17,418.31,6619000.0,0
2150500.0,10,202.46,8739000.0,0
2343100.0,1,12.33,20244000.0,1
876700.0,8,216.74,22078000.0,0
4474900.0,21,440.29,19497000.0,0
5948100.0,23,254.85,3902000.0,0
5194100.0,3,60.86,14459000.0,1
1453200.0,12,453.71,11187000.0,1
8345000.0,11,498.29,16502000.0,0
6767500.0,20,945.59,10862000.0,1
6228100.0,11,456.12,12870000.0,0
1991400.0,12,463.63,9550000.0,1
7360400.0,22,99.86,16956000.0,1
7054200.0,9,97.0,17583000.0,0
4339700.0,11,795.94,27720000.0,0
6884300.0,15,394.49,26187000.0,0
2496100.0,16,600.61,24856000.0,0
5689200.0,4,816.3,3525000.0,1
4119600.0,17,668.44,12966000.0,1
4846000.0,2,886.55,15272000.0,0
4877100.0,16,799.36,7057000.0,0
4026300.0,18,135.65,10184000.0,0
2385700.0,6,94.04,25546000.0,1
4422900.0,1,655.86,15907000.0,0
7385800.0,23,419.19,16294000.0,1
6131800.0,10,17.82,29780000.0,0
5883700.0,4,351.47,23309000.0,0
4437800.0,15,66.42,2427000.0,0
8954800.0,19,630.25,28233000.0,0
2199700.0,4,740.3,21731000.0,1
7334000.0,19,90.26,6625000.0,1
4254000.0,14,14.62,28774000.0,1
68400.0,22,791.72,20216000.0,0
3953300.0,8,264.89,1578000.0,0
6267300.0,7,310.67,10426000.0,0
9769600.0,7,902.25,22690000.0,1
8619500.0,11,229.74,25725000.0,0
8060900.0,17,771.58,15721000.0,1
9667700.0,14,76.17,15239000.0,0
5901100.0,5,601.78,28870000.0,1
156500.0,4,49.0,17117000.0,1
2375700.0,19,644.29,29789000.0,1
8198800.0,15,678.02,27668000.0,1
3636000.0,20,678.46,24642000.0,1
8079200.0,11,543.98,2906000.0,1
3556400.0,12,286.3,23490000.0,1
2242300.0,11,759.01,10911000.0,1
3587200.0,22,657.84,4624000.0,1
1872800.0,8,462.3,4252000.0,1
1473000.0,6,602.73,15180000.0,1
4506500.0,14,343.98,1613000.0,0
9769200.0,15,677.93,3588000.0,0
9342100.0,6,451.7,17777000.0,1
7617300.0,19,203.06,20720000.0,0
7509700.0,11,172.96,16036000.0,0
6452700.0,3,881.13,24382000.0,1
7259500.0,11,324.1,3393000.0,0
3474500.0,7,722.09,4137000.0,1
8747900.0,8,657.94,8640000.0,0
7834100.0,2,229.68,27170000.0,0
7850100.0,4,261.13,7303000.0,0
4371100.0,22,465.7,7276000.0,0
4084000.0,5,74.61,4708000.0,1
8701300.0,4,332.37,15812000.0,1
9333900.0,16,98.63,17333000.0,0
8825700.0,16,748.18,22704000.0,1
5446000.0,13,403.67,15633000.0,0
1543200.0,1,616.08,6115000.0,0
5826000.0,2,656.34,22892000.0,1
2301600.0,11,489.75,16071000.0,0
8744400.0,13,663.81,11801000.0,1
9420300.0,17,537.95,23926000.0,0
5833100.0,11,460.34,19594000.0,1
6554400.0,14,979.39,11395000.0,0
1491600.0,0,249.8,13468000.0,0
2395600.0,18,491.06,1582000.0,0
8930500.0,20,986.56,23439000.0,1
8060600.0,21,590.7,28725000.0,0
7833400.0,0,704.53,1545000.0,0
674800.0,0,506.92,27405000.0,0
1695400.0,3,21.37,4862000.0,0
6789800.0,11,21.53,24421000.0,1
7007500.0,6,41.61,20474000.0,0
3818600.0,9,14.63,12389000.0,1
3203300.0,22,217.2,26426000.0,0
5889000.0,13,127.89,25990000.0,1
964800.0,6,579.66,11861000.0,0
3541300.0,6,860.63,7808000.0,0
5132400.0,7,492.53,22770000.0,0
2361700.0,5,404.22,8422000.0,1
494800.0,13,101.28,1873000.0,0
5385600.0,22,774.02,18064000.0,0
2210500.0,10,604.07,14307000.0,1
4218600.0,3,153.62,16417000.0,1
1529400.0,20,238.39,11925000.0,1
6093600.0,4,102.22,6132000.0,0
2694000.0,18,80.13,6691000.0,1
2091900.0,7,876.34,26948000.0,1
9822800.0,20,365.17,13861000.0,0
1326200.0,22,903.98,5073000.0,0
9306000.0,16,86.83,1748000.0,0
4603900.0,5,914.09,17924000.0,1
6254900.0,20,93.5,4378000.0,0
8681800.0,12,388.35,13290000.0,0
4344400.0,18,719.23,22232000.0,1
5866800.0,19,286.06,19448000.0,0
563300.0,23,796.25,3291000.0,0
9842400.0,13,641.24,15819000.0,1
5600.0,8,100.37,26431000.0,0
9344100.0,21,269.41,6702000.0,0
4774200.0,23,463.67,18887000.0,0
7882100.0,10,945.54,5021000.0,0
6703100.0,10,155.29,24367000.0,1
7014300.0,8,916.83,4805000.0,0
7352600.0,13,26.32,2869000.0,1
2246700.0,2,480.62,27487000.0,0
5999500.0,12,348.34,14820000.0,0
2281200.0,17,721.54,23336000.0,0
458200.0,14,53.72,17307000.0,0
3056900.0,3,828.74,19951000.0,0
3253800.0,23,740.26,13688000.0,0
9768600.0,12,775.73,24668000.0,1
2155900.0,20,24.87,24470000.0,0
314800.0,15,600.39,18017000.0,1
8856900.0,13,604.46,4151000.0,1
4947000.0,14,451.14,14767000.0,0
909400.0,22,372.87,20278000.0,0
2203600.0,19,448.04,19259000.0,0
9743900.0,22,279.95,4825000.0,1
1845400.0,5,5.26,11541000.0,1
3842400.0,18,19.48,4549000.0,1
8989900.0,6,769.48,20016000.0,1
9702800.0,17,391.07,3169000.0,0
9794100.0,20,309.37,17303000.0,0
754100.0,22,546.8,12418000.0,0
338200.0,16,925.95,5467000.0,0
8669000.0,20,219.36,13270000.0,0
8135300.0,3,749.22,24418000.0,1
2683600.0,17,822.0,5500000.0,1
2217400.0,13,502.84,19456000.0,0
290700.0,7,843.03,17002000.0,0
6278900.0,4,759.1,6027000.0,0
4636100.0,0,599.34,9579000.0,0
8961500.0,18,528.35,7982000.0,1
4056400.0,12,618.76,6691000.0,1
5439100.0,16,235.08,6961000.0,1
4995000.0,0,191.76,22089000.0,1
3860400.0,15,724.73,15736000.0,1
4007300.0,18,738.33,17294000.0,1
5072400.0,21,682.9,18141000.0,1
9558800.0,5,373.04,16514000.0,1
9847600.0,6,55.67,3273000.0,0
3891000.0,16,801.28,3726000.0,1
6590800.0,12,168.27,4791000.0,1
8270500.0,7,70.09,13210000.0,0
699500.0,23,453.89,15698000.0,1
5668900.0,11,595.35,14192000.0,0
8946800.0,22,209.0,26570000.0,0
6084100.0,17,44.84,15648000.0,0
6187900.0,13,385.81,8846000.0,1
5675500.0,2,793.66,4287000.0,1
3673000.0,11,373.81,16807000.0,1
2447400.0,6,836.6,24456000.0,0
6486900.0,5,153.49,1634000.0,1
5430300.0,12,7.18,1918000.0,0
7655900.0,17,865.84,13547000.0,0
1530200.0,7,365.32,22880000.0,1
8302800.0,2,895.09,19444000.0,1
1838300.0,19,490.76,1456000.0,1
892300.0,13,380.82,3271000.0,0
5872400.0,6,294.51,12861000.0,0
6315800.0,16,588.58,23085000.0,1
4760700.0,8,176.53,21449000.0,0
1332400.0,0,914.23,12898000.0,0
4375900.0,19,376.74,6169000.0,1
8505600.0,4,782.72,25426000.0,1
404400.0,13,328.81,15695000.0,1
2371600.0,23,129.08,2845000.0,1
3018100.0,22,628.21,8649000.0,1
721400.0,17,581.89,2582000.0,1
6889300.0,5,564.53,18162000.0,0
5057600.0,15,7.91,21216000.0,0
5462700.0,23,983.22,22260000.0,1
4841200.0,8,475.41,28775000.0,0
5562700.0,13,873.91,8335000.0,0
6186600.0,20,505.17,26772000.0,0
516800.0,16,545.72,14198000.0,0
6614400.0,11,598.77,7371000.0,0
8677500.0,5,192.88,17355000.0,1
1910900.0,23,936.03,24722000.0,0
2125900.0,7,94.74,18030000.0,0
769500.0,23,532.64,26652000.0,0
1279100.0,7,437.44,10148000.0,0
2223500.0,15,827.26,29013000.0,0
3504800.0,5,33.09,11913000.0,0
3592700.0,22,119.65,20570000.0,1
888600.0,13,840.21,8060000.0,1
7914600.0,11,723.55,17453000.0,1
4190200.0,18,349.07,19741000.0,1
6034400.0,4,422.88,17977000.0,1
4065900.0,12,52.1,11029000.0,0
4160700.0,0,961.89,29661000.0,1
1386500.0,1,236.62,23582000.0,0
4486100.0,9,90.32,17723000.0,0
4562200.0,9,548.25,2594000.0,1
3070500.0,0,588.46,12340000.0,1
5632700.0,0,767.41,27395000.0,0
654400.0,14,225.43,25747000.0,0
7186600.0,23,238.56,7221000.0,0
1249100.0,4,394.2,6687000.0,1
4793600.0,1,196.25,22208000.0,1
2912400.0,18,618.36,26900000.0,1
4686100.0,4,270.21,18412000.0,1
1157500.0,9,341.08,1199000.0,0
7233100.0,23,763.21,9605000.0,0
1174300.0,20,595.66,3521000.0,0
7034700.0,15,928.08,11720000.0,1
3817000.0,3,895.03,8502000.0,1
1608000.0,2,803.01,25235000.0,0
104700.0,13,320.1,7258000.0,1
3760500.0,1,684.42,17605000.0,0
7186000.0,16,6.77,5692000.0,1
4649400.0,12,699.23,18277000.0,0
3235900.0,22,81.74,14238000.0,0
7640700.0,16,988.31,11077000.0,1
1717900.0,18,231.22,13464000.0,0
9033200.0,3,991.91,28303000.0,0
886600.0,18,831.65,18989000.0,0
7099000.0,3,708.85,1872000.0,0
6161300.0,11,973.64,12293000.0,0
3008500.0,19,566.17,24430000.0,1
7212400.0,20,593.13,25123000.0,1
5476500.0,8,985.58,23900000.0,0
8122400.0,4,977.34,11584000.0,0
4566400.0,8,23.2,9631000.0,0
5416200.0,16,26.35,20326000.0,1
6284700.0,2,654.64,9703000.0,1
680100.0,6,807.15,13947000.0,1
1210100.0,13,813.22,28706000.0,0
1348500.0,7,711.75,4706000.0,0
6681700.0,3,606.53,29806000.0,1
8409800.0,2,432.7,11307000.0,0
2900800.0,6,308.74,21811000.0,1
7187700.0,11,278.09,25415000.0,1
2479900.0,5,302.26,16326000.0,1
5589900.0,2,508.49,15764000.0,1
7812900.0,4,221.94,9963000.0,1
6401700.0,14,806.49,1178000.0,1
8221900.0,3,369.65,6889000.0,0
597200.0,13,985.87,26180000.0,1
4294800.0,19,404.21,27494000.0,0
8771100.0,4,2.27,5316000.0,0
3072300.0,12,528.64,2457000.0,1
8562100.0,1,719.39,22713000.0,0
2490700.0,14,683.95,25897000.0,1
5324000.0,2,760.81,19624000.0,0
5725100.0,20,697.02,9589000.0,0
4300400.0,19,754.6,12899000.0,1
6367200.0,1,854.88,11889000.0,1
320300.0,6,266.63,18126000.0,1
1948700.0,2,113.54,25536000.0,1
7220700.0,12,411.49,6989000.0,1
1823200.0,23,738.93,9262000.0,1
4674200.0,22,228.47,19284000.0,1
6123100.0,12,519.45,18279000.0,0
8958200.0,18,947.39,6666000.0,0
6430600.0,13,481.53,5212000.0,0
4349000.0,21,550.75,16215000.0,0
9288200.0,4,570.17,7779000.0,1
3291200.0,2,561.46,7094000.0,0
9276300.0,0,520.36,17149000.0,1
2602900.0,22,928.28,23026000.0,0
4568300.0,4,409.88,1136000.0,1
5647500.0,4,747.71,28436000.0,0
7766400.0,10,614.19,10403000.0,0
7004400.0,8,42.75,25620000.0,0
1266600.0,5,717.39,11146000.0,0
987700.0,3,967.32,8411000.0,1
6606800.0,7,14.03,27175000.0,0
144100.0,19,317.48,13357000.0,0
1242600.0,15,434.37,23795000.0,0
3358900.0,19,249.53,21803000.0,0
8121400.0,15,504.19,19676000.0,0
2777200.0,14,494.92,1908000.0,0
3916100.0,11,161.65,12277000.0,0
6263500.0,18,250.76,11394000.0,0
8753900.0,21,109.8,6669000.0,1
8381000.0,14,357.34,24694000.0,0
6366500.0,15,561.97,14299000.0,0
8290500.0,9,827.21,16632000.0,0
1777600.0,9,524.58,23455000.0,0
2858900.0,0,473.04,9685000.0,0
5489600.0,12,651.95,17713000.0,0
1486100.0,1,138.5,2905000.0,1
4983800.0,12,128.39,16230000.0,0
9630100.0,18,846.9,19044000.0,1
4779800.0,20,397.48,20381000.0,0
715700.0,6,321.99,25005000.0,1
7275100.0,3,891.55,22272000.0,1
4838000.0,13,396.21,25678000.0,0
5445100.0,23,126.27,13057000.0,1
7229100.0,10,728.05,25497000.0,1
1733500.0,19,148.02,12526000.0,1
1652700.0,2,788.84,11604000.0,0
6807100.0,20,364.55,22307000.0,1
3507500.0,15,741.69,14293000.0,0
5861800.0,21,944.15,17934000.0,0
9146900.0,19,822.28,9461000.0,1
1251800.0,8,225.03,24957000.0,0
7795300.0,17,73.05,26384000.0,0
6969500.0,10,390.28,25483000.0,1
7873500.0,11,858.7,25375000.0,1
1917800.0,9,448.27,29601000.0,1
2167300.0,3,102.93,8235000.0,1
3922700.0,9,481.51,24944000.0,1
9492900.0,6,348.37,8666000.0,0
663400.0,12,578.92,28306000.0,0
1744800.0,23,847.28,4975000.0,1
2800.0,10,395.86,17460000.0,1
3186800.0,15,180.7,9231000.0,1
2204400.0,23,608.65,22986000.0,1
6482100.0,6,888.38,28072000.0,1
4944600.0,5,249.29,24337000.0,0
3974700.0,10,600.69,5023000.0,1
2052400.0,13,649.61,2753000.0,0
2122100.0,3,331.43,17476000.0,0
4642500.0,8,71.79,25077000.0,1
2065200.0,23,48.99,16855000.0,0
2581900.0,22,252.18,29688000.0,1
5559700.0,7,490.51,26350000.0,0
5942700.0,5,661.87,25361000.0,1
7415600.0,16,645.46,23434000.0,0
5724800.0,20,924.44,21395000.0,1
6611300.0,20,885.79,27254000.0,0
7416400.0,3,302.31,27335000.0,0
1012500.0,15,616.09,6595000.0,1
750100.0,23,408.03,7822000.0,0
5919800.0,19,879.7,22538000.0,0
466400.0,14,507.45,16050000.0,1
509000.0,22,846.6,2248000.0,0
1676600.0,22,908.41,24020000.0,1
7228000.0,19,556.78,18426000.0,0
3163000.0,13,150.43,28748000.0,1
8600.0,20,483.53,10837000.0,0
5542600.0,15,4.69,20847000.0,0
2525100.0,16,881.1,3973000.0,0
2736200.0,4,356.72,14766000.0,1
6674200.0,17,614.56,5148000.0,1
4704100.0,10,411.95,18009000.0,1
407000.0,3,224.53,11062000.0,1
3884500.0,4,446.49,25113000.0,1
3734200.0,2,18.48,17904000.0,1
7946400.0,14,138.51,21150000.0,1
1120200.0,12,418.24,1187000.0,0
5700100.0,6,820.21,17056000.0,1
250800.0,11,801.89,16056000.0,0
8989100.0,20,117.57,29500000.0,1
2094700.0,16,324.21,1958000.0,0
7812300.0,19,591.03,24058000.0,0
7148600.0,19,446.91,22281000.0,1
8790600.0,11,683.02,6780000.0,1
3760400.0,10,933.14,13008000.0,1
4305200.0,11,668.59,21153000.0,0
8350300.0,0,660.63,21589000.0,1
3325600.0,8,33.9,9329000.0,1
1476000.0,2,476.92,9484000.0,0
6176700.0,3,455.95,27302000.0,1
2841700.0,0,747.7,24064000.0,0
3379700.0,2,20.25,4185000.0,1
5176200.0,10,863.45,26330000.0,0
4551200.0,4,849.64,8856000.0,1
7325400.0,9,442.09,29850000.0,0
9379100.0,14,209.7,24283000.0,0
8359900.0,13,857.72,3568000.0,1
3646700.0,1,809.07,10066000.0,0
7066700.0,23,362.87,24221000.0,0
2528900.0,4,981.56,26317000.0,1
5085400.0,1,332.39,12096000.0,1
1770200.0,11,621.24,11909000.0,1
9007000.0,13,922.62,18073000.0,1
2914400.0,22,151.18,3218000.0,0
3389500.0,11,448.22,19705000.0,0
8992700.0,10,354.9,29014000.0,1
5663300.0,4,102.2,18119000.0,0
7567800.0,11,514.21,24434000.0,0
8630500.0,21,24.76,22545000.0,1
632100.0,6,965.21,5046000.0,1
5757100.0,1,387.9,26794000.0,1
9313400.0,18,31.34,15906000.0,0
69600.0,5,615.81,3820000.0,0
5058800.0,16,626.16,18684000.0,1
2032300.0,22,947.91,17450000.0,0
4731800.0,7,956.58,3284000.0,0
3424300.0,8,570.55,12831000.0,0
2219700.0,2,602.16,24119000.0,0
3197000.0,13,979.28,25087000.0,1
5138900.0,17,53.52,8350000.0,0
2991500.0,8,862.53,24526000.0,0
2340100.0,9,723.44,11340000.0,1
1256500.0,20,955.23,21637000.0,0
1717100.0,21,650.57,18606000.0,0
6995300.0,19,686.37,10850000.0,0
9186500.0,2,606.48,20682000.0,0
6868800.0,4,540.17,22483000.0,0
8297700.0,14,253.53,1977000.0,1
1653600.0,2,713.57,9705000.0,1
6862200.0,15,696.31,15074000.0,0
9737200.0,9,143.9,6571000.0,1
9517700.0,15,265.35,17774000.0,0
113000.0,18,408.69,16494000.0,0
1544500.0,23,609.48,11018000.0,1
3573000.0,19,761.88,14407000.0,1
726600.0,23,466.29,13719000.0,1
9759000.0,15,119.5,17576000.0,0
620100.0,19,792.17,17548000.0,1
4771000.0,5,548.81,3258000.0,0
9704500.0,17,191.24,7086000.0,0
9538700.0,19,708.13,29912000.0,1
5420200.0,16,257.46,13496000.0,1
3207400.0,11,593.09,3854000.0,1
5589600.0,22,848.14,29755000.0,0
2259800.0,20,598.41,29951000.0,1
863500.0,12,839.06,2444000.0,0
6918100.0,7,893.74,13409000.0,1
1408800.0,13,294.53,23704000.0,1
2129200.0,7,570.6,27535000.0,1
9418200.0,21,564.02,7623000.0,0
302600.0,9,561.08,13359000.0,0
7516900.0,7,941.94,29312000.0,0
2324400.0,8,199.85,22960000.0,1
5927700.0,8,986.59,19023000.0,0
2428300.0,1,298.28,11047000.0,1
4898200.0,6,94.23,5641000.0,1
5401500.0,0,955.62,7091000.0,0
8602800.0,22,241.79,25837000.0,0
1078500.0,17,750.82,2292000.0,0
7151500.0,15,519.19,13268000.0,0
6267700.0,1,695.22,28764000.0,1
6822000.0,4,1.58,5202000.0,1
9389000.0,10,109.79,28813000.0,0
7392900.0,19,151.84,11090000.0,1
5258300.0,16,217.1,25806000.0,1
525900.0,1,40.52,18365000.0,1
4781200.0,5,504.17,24345000.0,1
9523500.0,23,760.8,18522000.0,0
8058300.0,12,500.27,14041000.0,0
4280600.0,21,958.05,9213000.0,0
6146200.0,7,647.57,6644000.0,1
8097200.0,8,860.21,15545000.0,1
8131800.0,6,506.15,15912000.0,1
1963500.0,7,539.47,5839000.0,1
1622000.0,10,288.99,10710000.0,0
6294600.0,12,981.89,20870000.0,1
9391600.0,8,368.14,21175000.0,1
667900.0,9,119.98,3937000.0,1
5416700.0,22,154.21,25769000.0,0
9472300.0,18,679.51,10671000.0,0
4859200.0,16,445.28,2550000.0,0
1603900.0,19,225.25,1590000.0,1
4220500.0,23,35.59,19594000.0,1
814900.0,19,777.18,20586000.0,1
8353900.0,7,338.82,7058000.0,1
4585400.0,4,906.06,12636000.0,1
6722400.0,14,236.39,4461000.0,0
2395300.0,2,493.56,6853000.0,0
7421200.0,0,140.24,16019000.0,0
3533200.0,4,424.78,2351000.0,1
6944900.0,0,185.97,3055000.0,0
3982900.0,10,99.28,16122000.0,0
8762800.0,22,442.76,16931000.0,1
7080900.0,9,310.3,14384000.0,1
899700.0,12,588.66,3938000.0,1
7609400.0,6,112.76,28136000.0,1
2929100.0,19,976.69,2360000.0,0
2002300.0,8,46.27,8568000.0,0
5733100.0,4,739.87,4452000.0,0
4393500.0,9,503.64,4579000.0,0
3850900.0,23,462.17,17295000.0,0
112000.0,3,653.66,27143000.0,0
8158400.0,18,916.26,4379000.0,1
1464400.0,8,577.94,19063000.0,1
636100.0,11,350.68,19943000.0,1
4735000.0,7,687.75,3486000.0,0
829500.0,7,689.23,24152000.0,1
6812700.0,4,616.95,7966000.0,0
4008600.0,15,748.86,20446000.0,1
2840400.0,14,245.46,7677000.0,1
1451500.0,12,443.37,21811000.0,1
8873400.0,3,673.83,26193000.0,1
8187000.0,2,224.87,22080000.0,1
1293100.0,2,461.61,16147000.0,0
9187000.0,22,279.82,26131000.0,0
8479400.0,2,874.28,8525000.0,1
1561700.0,16,201.76,28784000.0,1
8383800.0,1,328.0,23578000.0,1
6644500.0,21,28.4,4161000.0,0
3105900.0,10,220.16,16622000.0,1
4445300.0,20,911.16,11841000.0,0
7138400.0,4,202.57,22078000.0,0
451100.0,14,950.15,13235000.0,0
2598300.0,22,231.6,7974000.0,0
5102600.0,22,199.15,27228000.0,1
1419700.0,4,165.81,11031000.0,1
8165800.0,10,636.29,18256000.0,1
1700800.0,2,138.62,13996000.0,0
845300.0,4,102.08,5771000.0,1
8660900.0,8,429.99,12638000.0,1
1495300.0,10,210.39,3053000.0,1
7928700.0,9,984.54,26629000.0,1
5685900.0,14,812.51,11511000.0,0
4858900.0,12,493.36,5346000.0,1
4901100.0,14,419.25,9867000.0,0
8284800.0,12,407.49,13238000.0,0
8955100.0,11,634.64,22993000.0,1
5843200.0,23,429.26,28295000.0,1
8319900.0,4,583.88,26567000.0,1
9352500.0,3,114.85,3765000.0,1
8324600.0,22,719.39,20812000.0,1
5778600.0,10,317.81,4812000.0,0
886900.0,15,544.73,7315000.0,0
2486000.0,18,424.1,17356000.0,0
3631300.0,20,101.58,2189000.0,1
511700.0,9,50.35,29386000.0,0
5107700.0,7,357.66,19732000.0,1
2434700.0,4,408.62,17473000.0,0
4177700.0,18,263.58,3982000.0,0
1916900.0,17,586.43,26700000.0,1
4654100.0,5,925.11,18821000.0,1
3038600.0,12,841.48,22433000.0,0
5333000.0,15,517.14,16998000.0,1
1751700.0,7,138.35,21909000.0,1
9513900.0,9,439.48,15024000.0,1
4389800.0,4,58.5,1203000.0,0
851600.0,1,641.03,19668000.0,1
4175400.0,19,671.88,9671000.0,0
1363700.0,12,495.61,15370000.0,0
5959900.0,11,338.43,11153000.0,1
1893200.0,11,197.41,25612000.0,1
8914900.0,23,780.89,8213000.0,1
309300.0,21,776.45,12985000.0,0
5467300.0,15,136.4,18500000.0,0
3389800.0,9,185.32,1988000.0,0
2767500.0,13,322.07,1708000.0,1
9132500.0,23,665.8,7634000.0,1
1533000.0,14,625.56,7979000.0,0
8894000.0,3,197.95,17390000.0,0
4677900.0,13,208.36,26401000.0,0
7196000.0,23,673.75,8171000.0,1
2050100.0,4,344.48,28485000.0,0
7137600.0,10,211.84,3825000.0,1
6104500.0,15,691.88,8517000.0,0
2617200.0,14,955.92,5283000.0,1
9577600.0,0,469.41,1716000.0,0
7408100.0,23,428.01,15751000.0,0
8280400.0,11,926.64,24669000.0,1
489400.0,11,111.63,1759000.0,1
6547200.0,4,868.03,18289000.0,1
5774400.0,4,836.13,24046000.0,1
3675600.0,2,744.65,23105000.0,1
1430400.0,2,658.88,25334000.0,1
2426900.0,21,569.18,16781000.0,1
9170400.0,5,858.22,15535000.0,0
1946800.0,8,24.01,3668000.0,0
592100.0,4,430.77,17027000.0,0
1068300.0,22,225.52,24116000.0,0
3876600.0,19,477.27,24971000.0,0
707800.0,2,914.2,12476000.0,1
356400.0,21,321.97,6320000.0,0
900500.0,2,216.41,4116000.0,0
5481300.0,5,33.07,27585000.0,1
8806500.0,20,462.87,20477000.0,0
9505000.0,8,706.81,8810000.0,0
1071400.0,12,336.81,1875000.0,1
5379700.0,3,475.58,26517000.0,1
7360600.0,15,715.37,10341000.0,0
403600.0,12,663.18,2712000.0,0
8741100.0,5,232.94,22371000.0,0
9394300.0,15,329.38,16968000.0,1
2926700.0,20,628.68,18857000.0,0
9590100.0,13,20.64,9997000.0,0
5386500.0,8,360.99,24064000.0,0
3247600.0,0,189.74,6199000.0,0
1516200.0,6,349.24,4823000.0,1
7368900.0,17,329.91,10083000.0,0
4403400.0,7,699.38,20264000.0,0
2672300.0,5,68.03,15616000.0,1
7298500.0,23,409.14,5933000.0,1
6221600.0,1,218.43,5352000.0,1
8119100.0,14,113.12,20945000.0,1
3603400.0,15,520.74,24519000.0,1
3032200.0,9,386.73,25748000.0,1
1298000.0,2,162.09,4817000.0,1
8399300.0,9,784.05,15163000.0,0
7302400.0,12,788.47,15604000.0,0
968100.0,14,357.48,9665000.0,1
499600.0,17,890.58,10127000.0,1
3456100.0,3,636.81,21031000.0,1
2026200.0,16,242.33,15578000.0,1
3679100.0,14,875.75,12690000.0,1
5590800.0,5,68.75,7896000.0,0
3863900.0,6,293.58,13923000.0,1
3187200.0,4,105.75,18089000.0,1
5291900.0,18,207.7,16135000.0,1
7655400.0,21,225.78,29898000.0,0
6576300.0,22,660.43,25159000.0,0
7456200.0,13,949.37,27218000.0,0
9694300.0,5,603.41,4804000.0,1
7529100.0,21,720.21,16519000.0,1
2546900.0,16,203.72,15558000.0,0
9560200.0,8,319.44,10186000.0,0
6603600.0,19,638.91,4498000.0,0
7241600.0,1,397.57,16540000.0,1
8872400.0,7,85.2,29895000.0,1
9204100.0,12,168.43,15749000.0,1
4136600.0,11,845.79,27424000.0,1
1406100.0,6,512.92,12698000.0,0
6515000.0,3,400.42,7737000.0,0
7976100.0,4,763.22,13023000.0,1
2230900.0,8,865.62,11306000.0,0
2981600.0,8,399.83,19119000.0,0
742400.0,10,711.09,1572000.0,1
4708300.0,6,755.94,28357000.0,0
9963800.0,18,152.25,11684000.0,0
1372600.0,21,127.81,6036000.0,1
8480500.0,15,445.9,23348000.0,1
6089500.0,1,180.38,14399000.0,0
4036300.0,21,605.86,6373000.0,0
8083300.0,16,453.32,17664000.0,0
9898500.0,13,455.67,5998000.0,1
9464600.0,19,329.75,1436000.0,1
6810800.0,13,349.46,27380000.0,1
3026700.0,13,513.76,4450000.0,0
9945700.0,10,90.74,17221000.0,0
7076900.0,13,358.89,8067000.0,1
9506300.0,11,579.93,5327000.0,1
1558300.0,23,404.49,12067000.0,0
7024200.0,19,244.81,10086000.0,1
9720800.0,17,2.24,29855000.0,0
481600.0,18,881.88,6250000.0,0
4906500.0,20,510.26,29964000.0,1
202500.0,7,547.81,20586000.0,0
2412900.0,15,379.33,5452000.0,0
2790700.0,15,845.23,1261000.0,1
6273000.0,17,295.13,18615000.0,0
5333000.0,17,937.85,2903000.0,0
6200400.0,8,148.3,19426000.0,1
4088500.0,11,575.69,23005000.0,1
5762400.0,9,618.41,24418000.0,1
2693500.0,14,4.4,22691000.0,1
4561600.0,1,412.44,23521000.0,0
9037200.0,16,84.23,11264000.0,1
4279100.0,9,859.42,12754000.0,1
9971700.0,21,340.2,4508000.0,0
7695200.0,8,569.47,7598000.0,0
9087700.0,2,731.32,19304000.0,0
6434600.0,2,188.43,21480000.0,0
8608800.0,19,368.88,1053000.0,1
5060600.0,0,449.9,1248000.0,1
4490000.0,19,924.22,15923000.0,1
3142000.0,1,809.67,13898000.0,1
8568200.0,9,280.8,13264000.0,1
2553500.0,16,840.07,2076000.0,0
8920800.0,2,127.02,23460000.0,1
8359000.0,20,825.62,3743000.0,0
7801400.0,18,710.34,9978000.0,1
2228900.0,16,111.43,16706000.0,0
9315600.0,5,14.59,20820000.0,1
5871900.0,13,380.09,22831000.0,1
5381700.0,2,574.71,26034000.0,1
7923800.0,15,520.34,28719000.0,0
368900.0,19,538.79,4203000.0,1
4879300.0,14,916.83,7302000.0,1
4935900.0,15,236.05,20693000.0,0
1448100.0,4,295.59,22226000.0,0
8242700.0,12,849.87,24837000.0,0
4118400.0,9,120.26,23840000.0,0
336800.0,2,433.83,2712000.0,0
2740100.0,5,389.25,8664000.0,1
9546400.0,18,192.12,20435000.0,1
2377200.0,3,962.01,6145000.0,1
5077100.0,12,1.72,29816000.0,1
1188200.0,17,501.06,10437000.0,0
920700.0,2,631.42,24636000.0,1
8176500.0,5,50.22,9863000.0,1
6822800.0,22,806.39,26852000.0,0
6429400.0,18,7.76,27310000.0,0
9867500.0,14,716.48,6175000.0,0
7213700.0,11,9.3,10546000.0,0
1857700.0,3,789.7,1990000.0,0
5673600.0,0,577.7,26034000.0,0
7007800.0,1,804.04,18612000.0,1
4365600.0,3,931.24,18371000.0,0
9781800.0,4,897.1,18211000.0,1
9472600.0,7,824.47,19082000.0,0
5656000.0,9,203.32,7597000.0,0
3286400.0,18,77.71,23596000.0,1
6668200.0,15,833.88,24262000.0,0
4776000.0,11,126.12,10075000.0,1
2439700.0,0,808.81,22010000.0,0
4896700.0,23,948.55,20942000.0,0
8035800.0,16,239.38,12494000.0,0
6606800.0,22,429.5,15762000.0,0
6064600.0,20,504.39,5967000.0,1
2137100.0,19,182.92,5948000.0,0
8561200.0,2,218.41,27944000.0,0
2583400.0,14,210.15,7330000.0,0
2220100.0,23,184.95,3665000.0,0
7385800.0,9,942.37,18215000.0,1
7453000.0,11,61.83,15280000.0,1
1746400.0,2,592.27,11029000.0,0
8185200.0,1,945.78,13451000.0,1
7187800.0,21,376.26,6635000.0,0
3527100.0,18,945.35,29751000.0,1
1611500.0,14,413.12,26909000.0,1
1925500.0,1,677.34,16222000.0,1
4503500.0,12,179.32,11655000.0,0
3675700.0,14,638.59,19357000.0,0
1578300.0,1,217.87,10024000.0,1
5135500.0,6,329.17,9554000.0,0
3079400.0,3,464.42,1774000.0,0
7925400.0,0,541.06,16667000.0,0
8349400.0,16,265.13,24429000.0,1
7877000.0,7,223.26,18167000.0,1
313500.0,12,333.17,29921000.0,0
1022200.0,2,555.69,26307000.0,0
4858300.0,5,491.36,2987000.0,0
3583900.0,22,922.64,25235000.0,0
6115500.0,0,467.1,8751000.0,0
5696800.0,0,939.34,13460000.0,0
5680600.0,1,811.64,24161000.0,1
2849600.0,2,59.15,18190000.0,1
1874100.0,18,960.68,22504000.0,0
4167800.0,17,680.74,17635000.0,1
1180600.0,3,933.47,2204000.0,1
7707400.0,7,43.15,19610000.0,0
1145600.0,17,137.93,11805000.0,1
4179700.0,9,278.91,10166000.0,0
3634000.0,1,432.55,24865000.0,1
2085200.0,18,402.29,14198000.0,1
3275200.0,11,935.92,10976000.0,1
7084400.0,10,657.2,15440000.0,1
4585700.0,14,137.46,24278000.0,0
3496400.0,2,46.78,18782000.0,0
8211000.0,11,321.51,10060000.0,1
4540800.0,13,397.16,2716000.0,1
141600.0,6,720.5,16420000.0,1
5044600.0,13,899.04,28386000.0,1
9310600.0,7,5.69,1312000.0,0
5033400.0,3,741.78,14190000.0,1
493900.0,22,215.89,18523000.0,1
7464100.0,8,956.08,4789000.0,0
5920400.0,0,429.08,22356000.0,0
1348400.0,18,121.69,27767000.0,1
6232500.0,10,197.32,27560000.0,1
6785700.0,14,954.8,1049000.0,1
8279800.0,14,159.45,11760000.0,0
4240700.0,12,270.34,1578000.0,0
9013200.0,20,326.71,25946000.0,1
4892200.0,18,131.07,6121000.0,0
7238200.0,2,349.16,24779000.0,0
8508400.0,8,361.79,24580000.0,1
9538300.0,3,728.18,12321000.0,0
7698200.0,6,494.93,20495000.0,0
9171100.0,8,436.78,16451000.0,0
1826700.0,17,284.78,11474000.0,0
2934500.0,15,590.61,26268000.0,1
5121000.0,2,472.26,20363000.0,0
7401200.0,11,711.41,26251000.0,1
3718100.0,5,432.3,22040000.0,1
7753000.0,3,686.07,2729000.0,1
1110500.0,18,940.26,4725000.0,0
6403800.0,0,927.59,28625000.0,1
1866700.0,16,964.01,27714000.0,1
4869900.0,5,139.92,12898000.0,1
9770200.0,6,178.41,4367000.0,1
2562200.0,3,923.67,19992000.0,0
5727000.0,22,218.65,12938000.0,1
9924200.0,18,390.3,19560000.0,0
7131000.0,16,980.21,24801000.0,0
11200.0,12,967.81,1419000.0,0
3544600.0,19,40.25,21585000.0,0
8974500.0,9,302.94,2414000.0,0
379100.0,7,640.4,18878000.0,0
1651700.0,14,753.21,27480000.0,0
8597400.0,3,402.44,3675000.0,0
9307100.0,14,734.7,23432000.0,0
2816600.0,4,481.66,11686000.0,1
94400.0,7,852.44,8199000.0,0
199900.0,21,25.08,21084000.0,1
7315800.0,1,399.2,18925000.0,1
3907800.0,9,467.09,14466000.0,0
1005300.0,0,338.55,26068000.0,0
2491000.0,7,754.29,22171000.0,0
2943700.0,7,433.29,22291000.0,1
9503000.0,12,538.33,27991000.0,0
8280200.0,17,178.32,1718000.0,0
5525800.0,18,877.78,2413000.0,1
7057300.0,2,677.66,3621000.0,1
9285000.0,7,201.48,13271000.0,0
5436700.0,7,912.94,11861000.0,1
4535900.0,7,991.54,23603000.0,1
2281400.0,17,31.09,24881000.0,1
1097700.0,0,312.33,22758000.0,0
614100.0,21,390.38,22267000.0,0
5498900.0,19,771.75,26081000.0,1
7502000.0,21,965.24,13290000.0,0
5147000.0,1,837.22,16682000.0,1
6420200.0,15,625.31,25681000.0,0
8243900.0,11,890.17,13544000.0,1
6838000.0,7,118.39,14995000.0,1
9316900.0,2,349.82,1307000.0,1
5559300.0,3,569.6,24031000.0,1
5221600.0,8,253.77,19144000.0,1
1094600.0,6,711.07,9728000.0,0
7162300.0,8,212.2,4244000.0,1
9923200.0,0,567.57,4238000.0,1
1927200.0,2,229.57,10382000.0,1
2014300.0,7,445.78,15161000.0,0
4757400.0,9,482.56,25484000.0,0
8746900.0,6,636.57,16776000.0,1
9198300.0,12,337.57,13565000.0,0
8420500.0,9,102.27,25680000.0,0
512900.0,0,234.48,11213000.0,1
4674000.0,9,474.81,4034000.0,0
2180100.0,16,278.59,23748000.0,0
9234000.0,18,128.03,20400000.0,1
5215800.0,5,246.45,15290000.0,0
1595400.0,18,806.43,23985000.0,1
8330000.0,13,826.66,20432000.0,1
5411600.0,17,998.79,7846000.0,1
8168100.0,10,15.87,24366000.0,1
7569200.0,9,790.48,13526000.0,1
80500.0,9,814.06,4675000.0,1
5585600.0,3,871.81,8711000.0,1
3196900.0,21,103.68,11026000.0,0
1793800.0,0,181.95,26363000.0,0
2362200.0,3,858.81,9189000.0,0
7679700.0,5,985.88,7966000.0,0
9284700.0,13,297.29,29457000.0,0
9332600.0,19,934.87,6834000.0,0
7717800.0,6,408.82,28900000.0,1
6480800.0,5,482.52,9927000.0,0
339800.0,22,133.52,2135000.0,0
5145400.0,4,197.68,22140000.0,1
4271700.0,11,718.27,2648000.0,0
7154200.0,14,63.46,14069000.0,1
4840800.0,1,45.5,10324000.0,0
1446000.0,15,119.19,4394000.0,1
5910800.0,16,171.58,25915000.0,1
734200.0,23,893.06,7217000.0,0
1817900.0,6,847.46,14536000.0,1
2802100.0,18,502.45,19512000.0,1
9360700.0,15,829.49,5065000.0,0
413400.0,17,617.39,20745000.0,1
9841800.0,7,406.04,1011000.0,1
8442700.0,9,173.24,3445000.0,0
9327200.0,21,375.99,6070000.0,1
7337100.0,9,13.17,25712000.0,0
4815000.0,7,495.13,19899000.0,0
7966100.0,16,736.88,6227000.0,0
9982900.0,1,886.1,16538000.0,0
7687300.0,13,17.22,18588000.0,0
315700.0,4,770.7,19334000.0,0
4384600.0,14,647.76,7521000.0,0
9201700.0,10,545.09,26953000.0,0
3354100.0,7,25.69,5826000.0,1
532600.0,5,644.36,6419000.0,1
5741700.0,21,496.89,25933000.0,0
14500.0,11,126.51,5391000.0,1
4615100.0,20,812.87,3155000.0,1
2494800.0,11,952.68,1952000.0,1
5851400.0,6,336.74,27787000.0,0
3064800.0,10,759.77,27031000.0,0
5485900.0,3,357.74,28725000.0,0
7388600.0,18,805.09,23523000.0,1
811900.0,0,752.57,26933000.0,1
2511400.0,20,515.45,2423000.0,1
889200.0,17,436.34,23733000.0,0
9717500.0,0,750.87,8015000.0,0
1283900.0,4,146.73,9631000.0,1
9407700.0,11,837.78,29170000.0,0
148400.0,21,84.22,13029000.0,1
4888600.0,5,155.78,14293000.0,1
6967500.0,19,822.15,2026000.0,0
866700.0,12,799.33,5179000.0,1
1718700.0,12,654.94,9781000.0,0
7185300.0,16,556.45,22031000.0,0
2330700.0,2,105.52,12613000.0,1
1208800.0,21,222.69,9195000.0,0
6905500.0,1,110.42,22523000.0,0
224800.0,1,547.87,10144000.0,1
4002500.0,6,194.86,12076000.0,1
1667300.0,7,184.69,9837000.0,1
4620900.0,16,530.55,3557000.0,0
8842900.0,5,626.86,2887000.0,1
2971500.0,9,833.56,12206000.0,1
3994100.0,4,221.62,27647000.0,0
3318300.0,6,408.23,28642000.0,1
4162100.0,12,668.96,12072000.0,0
4308800.0,21,97.39,27587000.0,0
9576400.0,19,361.9,23898000.0,1
7714100.0,5,4.69,3507000.0,1
8784500.0,8,108.98,14452000.0,1
6972100.0,14,634.75,5874000.0,0
2343700.0,18,766.92,9185000.0,1
8657800.0,21,58.3,9482000.0,0
3368100.0,11,379.68,18671000.0,1
9206000.0,3,759.1,19268000.0,1
2014500.0,12,545.5,9421000.0,1
9205000.0,17,368.1,3216000.0,0
2027200.0,22,684.94,12896000.0,1
8076700.0,11,200.9,13180000.0,1
9158900.0,4,48.24,26287000.0,0
5756000.0,14,752.84,24970000.0,0
6809100.0,4,406.84,27198000.0,0
377900.0,9,290.12,20878000.0,1
3976300.0,1,84.38,9082000.0,1
4344900.0,4,177.85,25421000.0,0
9816500.0,3,54.02,21211000.0,1
6422300.0,15,407.56,6716000.0,1
1369900.0,13,293.67,9428000.0,1
5533000.0,1,852.91,2196000.0,1
651400.0,8,391.73,25940000.0,0
8973400.0,2,226.42,27235000.0,0
3989800.0,13,98.52,1840000.0,0
8023300.0,6,65.59,17901000.0,0
5611000.0,5,670.69,1266000.0,0
6252200.0,18,802.45,24716000.0,0
9234500.0,22,513.38,20138000.0,1
3032800.0,6,70.44,2367000.0,0
1735700.0,8,416.07,13565000.0,0
1919800.0,16,856.24,9402000.0,1
8333200.0,9,978.85,4469000.0,1
1969100.0,10,642.21,27002000.0,0
435400.0,3,797.11,1853000.0,0
894500.0,1,291.76,2893000.0,1
9053000.0,6,565.77,16000000.0,1
3686700.0,5,280.4,3771000.0,1
1260400.0,21,407.04,8606000.0,1
1224600.0,21,357.13,11624000.0,0
8038600.0,22,19.82,11615000.0,0
6343900.0,13,47.99,22849000.0,1
4422800.0,19,56.76,29465000.0,1
2010800.0,14,539.26,27897000.0,1
1877200.0,7,256.64,13712000.0,0
3476700.0,7,850.21,28626000.0,1
9653300.0,1,17.43,16865000.0,0
1834700.0,13,651.02,1101000.0,1
3010400.0,8,277.27,9514000.0,0
5392200.0,5,212.5,13643000.0,0
5574400.0,4,466.76,11918000.0,0
3209800.0,2,409.21,1134000.0,0
5122300.0,16,135.89,9036000.0,0
7904100.0,5,439.7,25317000.0,0
7619800.0,2,274.65,20902000.0,0
6862800.0,8,618.56,18256000.0,0
9241300.0,17,110.67,18036000.0,1
328100.0,8,293.84,22535000.0,1
1675500.0,17,101.47,25223000.0,1
1168400.0,11,670.82,3855000.0,1
2149800.0,17,732.16,6302000.0,0
7432000.0,9,115.18,26295000.0,1
9593700.0,23,383.2,19397000.0,0
3845600.0,4,72.17,17786000.0,0
9212300.0,2,535.18,13045000.0,0
7718500.0,7,282.59,2718000.0,0
264400.0,1,337.47,23995000.0,1
1208900.0,14,915.68,10278000.0,0
1386100.0,19,79.46,2107000.0,0
8702600.0,14,666.94,29377000.0,0
2699000.0,23,212.67,9868000.0,1
4208300.0,4,980.25,16160000.0,0
2464000.0,12,769.24,2920000.0,1
3985100.0,11,417.06,14685000.0,1
2916000.0,9,57.94,9854000.0,1
1499200.0,6,169.12,3220000.0,1
4980500.0,22,714.8,21212000.0,0
7273800.0,4,470.18,2923000.0,0
9899600.0,12,704.49,29750000.0,0
1472400.0,3,383.42,19582000.0,1
3203000.0,18,957.35,4796000.0,1
2743500.0,6,77.35,13029000.0,0
8731900.0,15,199.19,12572000.0,1
2289300.0,18,67.58,13914000.0,0
3178400.0,7,680.4,19211000.0,0
5203300.0,1,744.51,1424000.0,0
1022800.0,4,934.72,28583000.0,1
9932100.0,1,313.64,21041000.0,0
3862600.0,17,733.93,14583000.0,0
5913700.0,6,302.58,28400000.0,1
3027200.0,20,55.75,14547000.0,1
706000.0,18,308.66,21062000.0,0
6355600.0,10,94.97,23414000.0,0
6504900.0,0,680.58,6048000.0,0
8207000.0,20,206.82,21444000.0,1
3563000.0,16,603.76,29232000.0,1
6158300.0,21,499.74,25052000.0,0
7528200.0,6,724.74,28625000.0,1
7198900.0,6,402.68,23681000.0,1
8841500.0,13,671.31,29707000.0,0
1125300.0,8,480.48,6487000.0,1
6643600.0,18,131.8,1475000.0,1
1004400.0,10,790.58,13317000.0,0
5380100.0,17,783.27,6702000.0,0
933700.0,14,121.59,24506000.0,0
3585600.0,19,975.48,2845000.0,0
5988300.0,15,811.12,22959000.0,1
4396300.0,20,385.34,8157000.0,1
574400.0,0,98.96,18693000.0,0
4434900.0,17,817.21,11624000.0,1
7799200.0,20,836.24,21739000.0,1
783200.0,2,980.58,6776000.0,1
6851800.0,7,599.34,26973000.0,0
3525700.0,12,495.6,22681000.0,0
720500.0,19,533.4,21821000.0,1
5067700.0,19,557.04,25666000.0,0
821100.0,12,390.35,26105000.0,1
7871100.0,23,525.85,6247000.0,0
2239300.0,21,452.55,8984000.0,0
5111400.0,8,649.98,26699000.0,1
2650100.0,18,91.57,6998000.0,0
6880900.0,13,569.88,28693000.0,1
1347000.0,2,760.93,2798000.0,1
9467200.0,11,281.96,4855000.0,1
1522000.0,18,516.78,4980000.0,0
6348100.0,6,552.63,14896000.0,0
3457600.0,12,897.75,24836000.0,1
5673100.0,20,3.83,19664000.0,0
8360100.0,22,354.99,12247000.0,1
1627000.0,22,232.57,28608000.0,1
293200.0,6,777.69,18852000.0,1
9587600.0,9,692.05,23314000.0,1
47400.0,1,42.28,6781000.0,1
7115300.0,8,502.61,20566000.0,0
5730100.0,12,522.93,26195000.0,0
7444100.0,19,468.48,15487000.0,1
1361400.0,11,777.36,22285000.0,0
8313500.0,13,493.67,12718000.0,1
8021600.0,8,146.86,22599000.0,0
4232500.0,13,932.26,22840000.0,0
1604200.0,6,11.65,16661000.0,0
1255700.0,20,923.6,8887000.0,1
316800.0,13,475.04,20263000.0,1
1908100.0,17,260.08,2052000.0,0
9185500.0,21,302.29,26733000.0,1
6850700.0,4,703.1,28846000.0,0
4727100.0,17,686.12,13608000.0,0
3588200.0,14,240.55,8652000.0,0
683300.0,0,586.88,15187000.0,0
7077600.0,19,591.02,12992000.0,1
4351100.0,23,701.99,16807000.0,1
4179600.0,15,429.07,20821000.0,1
3129700.0,5,278.97,22854000.0,1
7450600.0,17,848.95,12387000.0,1
2925400.0,1,244.61,8243000.0,0
3044800.0,12,292.98,27346000.0,0
3622900.0,18,666.72,27251000.0,0
1023800.0,7,52.43,23331000.0,1
9168400.0,6,875.51,7867000.0,1
7354900.0,22,576.73,13401000.0,0
8260800.0,19,199.17,28063000.0,0
1032700.0,7,630.6,8774000.0,1
5860200.0,14,106.44,4802000.0,1
138400.0,1,190.65,6469000.0,1
686900.0,8,548.12,17399000.0,1
886000.0,18,451.0,3584000.0,0
4679600.0,19,702.75,3510000.0,0
8306300.0,9,726.34,13816000.0,1
6708200.0,21,299.9,29926000.0,0
3640800.0,6,990.84,21526000.0,0
5620800.0,10,446.69,20674000.0,1
9088600.0,22,839.57,18134000.0,0
1963500.0,2,47.8,18202000.0,0
3272700.0,2,749.45,11710000.0,1
8851300.0,3,143.58,12369000.0,1
3322900.0,3,807.14,3228000.0,1
3100600.0,22,811.93,27587000.0,0
2385500.0,14,975.73,9688000.0,1
5271600.0,13,724.14,13424000.0,1
7191500.0,19,983.75,21609000.0,0
1001400.0,3,722.86,21477000.0,1
428800.0,20,465.86,21069000.0,0
8403200.0,3,426.99,22274000.0,0
7594000.0,13,121.56,27044000.0,1
1503900.0,7,411.19,27647000.0,1
9343700.0,20,809.18,9557000.0,0
2780500.0,9,674.8,1772000.0,0
2975800.0,20,28.56,17987000.0,0
6931700.0,3,661.5,19157000.0,0
9134300.0,23,175.21,22686000.0,0
5886000.0,20,416.61,2845000.0,1
7199200.0,13,180.61,28738000.0,1
5290100.0,7,555.86,12758000.0,0
4704600.0,20,927.53,4037000.0,1
9151400.0,15,718.82,26819000.0,0
2318800.0,19,68.5,24548000.0,0
9535000.0,19,986.21,12615000.0,1
3889200.0,13,288.52,13049000.0,1
8394000.0,20,973.74,1400000.0,0
8405800.0,7,274.67,24824000.0,1
6111600.0,0,519.6,25082000.0,1
608000.0,23,915.83,6762000.0,0
8787900.0,3,525.08,1021000.0,0
5891700.0,22,27.99,3960000.0,0
168800.0,23,931.77,26359000.0,1
1224600.0,6,213.03,8069000.0,0
9120800.0,0,342.88,15824000.0,0
9834400.0,12,867.06,21541000.0,1
1412900.0,13,710.44,24243000.0,0
8373400.0,20,57.56,5113000.0,1
2139600.0,4,904.19,19378000.0,0
9215700.0,2,507.88,19934000.0,1
3129000.0,11,724.86,25785000.0,1
8100800.0,8,553.87,26788000.0,1
1852000.0,13,521.1,23731000.0,1
9068600.0,18,410.02,25729000.0,0
6150000.0,12,364.38,17511000.0,0
2921200.0,20,78.02,20157000.0,1
5904600.0,19,753.31,3214000.0,1
9886800.0,15,246.75,6533000.0,0
3712100.0,11,172.48,6644000.0,0
8553200.0,6,456.72,12626000.0,1
6110700.0,17,350.89,29447000.0,0
154400.0,14,134.93,20994000.0,1
5815300.0,20,28.23,10416000.0,0
7369100.0,13,439.09,29141000.0,1
5794200.0,10,594.33,9587000.0,1
8720000.0,3,633.5,2306000.0,0
3677800.0,18,302.42,28315000.0,1
7044700.0,21,89.76,5267000.0,1
9346900.0,1,417.19,23558000.0,1
2215000.0,15,609.22,4158000.0,1
1318700.0,16,974.3,27548000.0,0
5679200.0,12,293.78,13109000.0,0
8490300.0,19,294.65,7664000.0,1
2130000.0,19,348.37,29858000.0,0
9338600.0,4,379.15,26259000.0,1
6953200.0,22,473.5,19796000.0,1
7001100.0,4,698.65,3935000.0,1
8815900.0,5,649.32,29823000.0,0
9610300.0,1,643.17,1857000.0,1
1888800.0,6,702.33,13956000.0,0
8801600.0,13,146.33,9691000.0,0
6031100.0,10,452.22,7619000.0,1
9556700.0,9,477.14,5600000.0,0
750800.0,15,465.49,25264000.0,1
8424900.0,12,207.9,5919000.0,1
2413800.0,13,989.34,12926000.0,1
1629200.0,6,640.12,5048000.0,1
9535000.0,3,590.84,27918000.0,1
11200.0,1,366.1,20623000.0,0
5658000.0,9,351.79,10346000.0,0
7911600.0,6,394.86,27017000.0,0
2952700.0,11,831.52,1796000.0,1
2676100.0,14,260.87,3656000.0,1
3662400.0,13,195.65,29462000.0,1
5562700.0,9,984.36,21483000.0,1
6868900.0,20,298.13,21173000.0,0
1521700.0,12,320.01,21090000.0,1
3848700.0,22,162.43,26480000.0,1
4129700.0,23,436.63,29953000.0,1
8115300.0,22,540.93,27067000.0,1
9209700.0,15,519.37,2024000.0,0
8120100.0,14,881.97,22109000.0,1
4609900.0,20,386.96,11679000.0,1
8201100.0,5,829.6,9446000.0,1
3171200.0,2,798.23,21972000.0,1
8443600.0,3,188.38,25809000.0,1
4549500.0,5,338.56,2728000.0,1
4940000.0,6,617.72,9094000.0,0
1541600.0,1,295.6,14378000.0,0
2150400.0,22,967.23,19224000.0,0
6181000.0,4,23.4,24285000.0,0
5866300.0,19,982.33,7609000.0,1
4486400.0,0,262.32,9518000.0,1
7685800.0,9,239.54,3314000.0,0
9960900.0,23,551.12,6111000.0,1
6444800.0,13,867.43,15571000.0,1
2323700.0,17,427.0,27754000.0,1
5665300.0,5,150.4,6617000.0,1
2792000.0,13,77.44,20627000.0,0
7904500.0,18,530.94,22837000.0,1
1753600.0,16,534.03,18044000.0,0
4951800.0,13,664.14,25102000.0,1
5098000.0,3,253.46,15593000.0,1
5293400.0,12,806.09,28954000.0,1
7335700.0,22,412.62,22798000.0,0
2146800.0,7,515.56,20744000.0,1
6145100.0,15,852.39,12945000.0,0
3489600.0,14,161.64,21317000.0,0
8068000.0,13,282.4,6743000.0,1
6432200.0,6,72.62,25101000.0,0
9751200.0,1,390.09,22420000.0,0
2733400.0,12,953.47,25741000.0,1
478900.0,18,400.64,12728000.0,0
6450900.0,6,398.52,1741000.0,1
2425400.0,8,323.85,23179000.0,0
2589300.0,10,47.28,5903000.0,1
9298800.0,5,82.29,16686000.0,1
1501800.0,16,607.36,7038000.0,0
5684400.0,17,69.76,24290000.0,0
1734700.0,16,423.5,14782000.0,0
5631100.0,10,170.75,25625000.0,0
697400.0,17,359.28,11742000.0,0
8396100.0,1,896.43,17056000.0,0
7347100.0,14,924.63,11739000.0,1
5430100.0,10,305.59,2033000.0,0
6512100.0,15,593.58,18929000.0,0
9514000.0,9,50.81,6072000.0,1
182200.0,16,653.6,15375000.0,0
5476800.0,14,326.46,14324000.0,1
1810100.0,13,753.32,22779000.0,1
1339500.0,22,456.11,7218000.0,0
6715500.0,20,886.49,17603000.0,0
1974500.0,4,840.61,16086000.0,1
582000.0,11,419.38,1789000.0,0
8555000.0,11,131.49,29682000.0,0
3191100.0,3,161.63,2253000.0,1
3893600.0,17,779.81,21867000.0,1
9472300.0,18,916.2,11809000.0,0
8218700.0,6,878.83,8301000.0,0
2384500.0,18,981.86,16392000.0,0
6038900.0,21,55.1,21903000.0,0
5953000.0,5,562.82,8394000.0,1
9152800.0,1,271.2,21888000.0,1
7940800.0,20,303.15,25073000.0,0
4711300.0,16,396.66,17731000.0,0
9226000.0,17,867.96,26122000.0,0
4379700.0,2,999.11,26390000.0,1
3315500.0,21,448.92,10281000.0,0
4357400.0,4,425.22,29798000.0,0
2169300.0,14,949.49,28330000.0,0
4925200.0,9,998.26,26016000.0,1
6626300.0,9,49.44,3054000.0,1
1111600.0,0,904.27,6438000.0,0
9952000.0,20,501.39,5401000.0,0
177000.0,22,748.64,4430000.0,0
2205200.0,8,959.28,5384000.0,0
396800.0,21,630.4,25832000.0,1
9970200.0,2,39.29,15843000.0,0
7543100.0,1,960.35,12610000.0,0
1812600.0,2,117.76,12343000.0,1
4913200.0,15,573.32,20446000.0,1
5839900.0,18,913.3,13598000.0,0
9135600.0,22,597.36,4242000.0,1
1840000.0,1,287.84,5007000.0,1
5542200.0,5,283.59,7086000.0,1
5241100.0,2,844.07,12535000.0,0
3739700.0,6,391.87,5165000.0,1
5475600.0,10,425.63,2530000.0,1
9219900.0,17,317.18,10165000.0,1
6993700.0,15,791.3,19762000.0,1
5280500.0,12,776.07,25006000.0,1
1990400.0,22,280.99,5439000.0,1
2197400.0,15,753.73,16108000.0,0
5798200.0,1,443.61,8954000.0,0
5026600.0,12,100.93,21520000.0,1
8776500.0,21,469.96,20933000.0,0
6533100.0,2,632.06,15414000.0,1
3035400.0,6,884.66,1202000.0,1
8122600.0,16,261.44,23153000.0,0
3482400.0,13,440.38,16052000.0,1
4657700.0,11,570.21,25736000.0,0
1920600.0,11,345.75,13553000.0,0
3810400.0,0,815.96,16920000.0,0
745700.0,9,196.57,12594000.0,1
9640800.0,8,724.86,9669000.0,0
3197700.0,12,797.14,16940000.0,1
3825300.0,8,667.39,8510000.0,1
5273000.0,11,55.71,29525000.0,1
2207200.0,19,38.34,25424000.0,1
4810700.0,19,223.41,3787000.0,0
9968800.0,14,925.73,15896000.0,0
5640400.0,6,620.36,24429000.0,1
4604200.0,13,645.96,21469000.0,1
885100.0,2,499.15,21279000.0,1
1836600.0,21,585.98,6893000.0,0
742900.0,2,472.49,11897000.0,0
2887400.0,7,135.08,9233000.0,0
4020800.0,9,252.19,6585000.0,0
7069600.0,0,996.92,9072000.0,1
8811800.0,8,766.39,15986000.0,1
4678800.0,9,327.49,4941000.0,0
4749000.0,19,345.36,8673000.0,1
1696500.0,7,541.27,28001000.0,0
9421400.0,1,760.4,13331000.0,0
3594300.0,2,680.24,26976000.0,1
2325800.0,9,31.31,16096000.0,0
1467000.0,14,788.77,9854000.0,0
7004200.0,3,662.39,15392000.0,1
5275800.0,4,538.95,27588000.0,1
2517400.0,18,55.34,25228000.0,1
5773700.0,14,382.37,6073000.0,1
2341500.0,6,635.43,11949000.0,1
8788000.0,10,277.72,26835000.0,1
1301700.0,2,602.85,21440000.0,0
4545200.0,1,281.93,27766000.0,1
8194500.0,9,837.33,16652000.0,0
1998200.0,22,132.72,6634000.0,0
8481900.0,10,114.51,16525000.0,0
8485000.0,13,439.89,19512000.0,0
3434400.0,5,676.52,9859000.0,0
4138200.0,4,692.8,10676000.0,0
2346900.0,10,618.33,11254000.0,0
2765800.0,7,179.36,2953000.0,0
4644600.0,19,13.99,15682000.0,0
4408400.0,5,420.5,18382000.0,1
1538300.0,3,57.69,1026000.0,1
8312000.0,11,221.84,3739000.0,0
7020200.0,1,344.74,13323000.0,1
2347700.0,0,390.88,18062000.0,0
7317700.0,19,488.48,19228000.0,1
885400.0,3,805.15,9281000.0,1
943500.0,0,159.33,7283000.0,1
6736400.0,12,454.52,7797000.0,0
7442400.0,11,882.79,3598000.0,1
3551400.0,1,295.74,22317000.0,0
5715100.0,5,237.37,25523000.0,0
8115100.0,2,973.26,15564000.0,0
5966900.0,15,655.54,15126000.0,0
9825100.0,13,557.63,7070000.0,0
328800.0,12,257.26,22974000.0,1
7448600.0,8,840.45,13357000.0,1
4192500.0,7,455.96,27562000.0,1
4231400.0,0,309.42,13374000.0,0
7050300.0,3,521.2,26353000.0,0
9829200.0,13,732.99,12873000.0,0
2634000.0,16,643.2,17884000.0,0
703800.0,23,807.82,17289000.0,1
8382000.0,19,586.03,13915000.0,0
2481200.0,22,31.87,18809000.0,1
3599100.0,22,517.04,2150000.0,0
2528200.0,22,869.75,28049000.0,1
330800.0,18,758.26,7251000.0,0
1051700.0,2,816.6,29769000.0,1
763300.0,6,215.15,25206000.0,0
131600.0,3,634.83,26995000.0,0
1665500.0,9,97.77,16383000.0,0
6674100.0,21,610.89,27567000.0,1
4758300.0,11,26.81,28727000.0,1
304300.0,21,877.59,19193000.0,1
8578900.0,3,421.74,23093000.0,1
9607100.0,4,477.29,14973000.0,1
8955600.0,1,862.33,1852000.0,0
2732300.0,21,763.29,15978000.0,1
2834000.0,21,718.51,24089000.0,1
6220400.0,18,374.95,2199000.0,0
7494200.0,12,983.54,3404000.0,1
6404000.0,23,216.68,13214000.0,0
3422500.0,6,606.04,26905000.0,0
9212700.0,22,220.32,16702000.0,1
7340100.0,6,993.78,29091000.0,0
7111000.0,3,280.45,10430000.0,1
4389300.0,7,29.25,11263000.0,0
2309200.0,2,104.97,25511000.0,0
7004600.0,15,263.62,5370000.0,1
621900.0,0,801.38,27955000.0,0
2611600.0,11,208.73,29775000.0,0
187100.0,15,930.02,2886000.0,1
1049300.0,0,677.59,25653000.0,1
8706900.0,16,698.84,13577000.0,0
8496000.0,19,354.96,15749000.0,1
1740800.0,0,733.61,20694000.0,0
2445500.0,7,829.12,24903000.0,1
3726000.0,0,87.99,9755000.0,1
317700.0,4,510.23,29420000.0,1
2845900.0,2,784.85,3576000.0,1
254600.0,14,173.4,8566000.0,1
2882400.0,1,413.69,5069000.0,0
2112200.0,5,37.78,27490000.0,0
8837200.0,21,925.3,11401000.0,1
2399500.0,8,142.84,5118000.0,0
2991100.0,19,8.62,20612000.0,1
5273400.0,3,236.43,15741000.0,0
5827300.0,14,78.79,6049000.0,0
5104600.0,21,32.2,24776000.0,0
4147300.0,13,114.13,24870000.0,0
2595600.0,4,70.67,13590000.0,0
1975300.0,12,519.76,11399000.0,0
6026900.0,12,508.3,25008000.0,1
7499500.0,0,320.55,20134000.0,1
2487700.0,6,318.05,18745000.0,1
9606700.0,22,660.85,19906000.0,1
9916100.0,7,704.73,25765000.0,0
620200.0,10,273.99,16780000.0,0
4164700.0,22,724.16,25202000.0,1
9744300.0,21,29.04,14361000.0,1
4189200.0,21,109.63,8020000.0,1
8027900.0,7,538.86,18700000.0,0
2183200.0,15,893.05,5822000.0,1
2827800.0,5,921.2,14805000.0,1
7296000.0,9,768.72,11159000.0,1
3425800.0,21,771.53,22728000.0,0
3907200.0,13,526.44,24483000.0,0
2277000.0,9,416.59,9918000.0,1
156000.0,9,739.12,9370000.0,0
7009300.0,23,38.9,10124000.0,1
4982100.0,13,741.93,15651000.0,1
1830500.0,6,764.19,27155000.0,0
9259300.0,19,418.5,10070000.0,0
289900.0,10,845.12,10866000.0,1
7548700.0,21,888.33,17419000.0,0
4145100.0,12,868.68,12266000.0,0
9256200.0,21,327.99,19789000.0,0
8123300.0,4,560.73,9647000.0,1
1064700.0,20,417.24,4785000.0,0
9711000.0,6,93.62,6124000.0,1
2946900.0,12,92.29,12732000.0,1
296400.0,14,885.85,28040000.0,1
1424700.0,7,661.05,5484000.0,0
4485500.0,14,52.72,22299000.0,1
6851200.0,6,224.39,20881000.0,1
3979600.0,17,656.42,11091000.0,0
4973500.0,10,990.78,7734000.0,1
1811700.0,23,561.94,25870000.0,0
9020700.0,11,389.69,13902000.0,0
4057900.0,20,703.91,29890000.0,1
2825000.0,2,294.97,2704000.0,0
6203000.0,19,846.7,10780000.0,0
5404100.0,21,940.17,4548000.0,1
3113800.0,5,744.26,26220000.0,1
2045000.0,10,781.32,1540000.0,1
5454700.0,4,540.55,9178000.0,1
5648400.0,0,560.38,2247000.0,0
9311600.0,5,958.65,21315000.0,1
2109600.0,23,854.77,18427000.0,0
3582100.0,10,267.53,22686000.0,0
5823500.0,14,709.47,1401000.0,1
5503400.0,6,178.6,14857000.0,1
3778200.0,22,33.13,7372000.0,0
9059300.0,0,978.28,10971000.0,1
540200.0,10,64.35,18936000.0,1
3297000.0,12,37.87,7388000.0,1
6889300.0,19,593.52,4187000.0,1
2346300.0,8,549.75,4134000.0,0
9227400.0,7,397.45,15868000.0,1
2527500.0,6,806.83,20712000.0,0
558500.0,12,915.35,17066000.0,1
2028600.0,20,469.87,12836000.0,0
7674600.0,7,450.95,13227000.0,0
9532100.0,23,902.38,3134000.0,0
9823500.0,10,739.75,21087000.0,1
8022100.0,0,308.32,27380000.0,0
5465200.0,14,157.12,2757000.0,0
3778400.0,17,469.08,17504000.0,1
1895200.0,6,145.33,6322000.0,0
4466100.0,19,214.62,17111000.0,1
4828000.0,2,298.54,1688000.0,0
599400.0,16,853.22,29597000.0,1
2443800.0,15,949.57,16771000.0,1
9627200.0,6,169.02,24414000.0,1
3457100.0,6,787.98,17591000.0,0
1075200.0,22,510.06,3759000.0,1
575400.0,8,490.98,23140000.0,0
6629300.0,7,354.41,5076000.0,1
1500200.0,9,934.38,27793000.0,1
5436800.0,20,724.9,5759000.0,1
9872500.0,10,361.64,8616000.0,0
7732600.0,1,743.58,29209000.0,0
7320000.0,14,556.93,2358000.0,1
9806300.0,14,745.93,15299000.0,1
2056900.0,22,548.97,26595000.0,1
3076400.0,12,608.17,10474000.0,1
7130000.0,7,130.93,7857000.0,1
8673300.0,23,620.49,12645000.0,0
5956600.0,15,989.5,21614000.0,1
3611900.0,3,731.28,25354000.0,1
4445800.0,18,879.63,16513000.0,1
6811400.0,22,439.93,25792000.0,1
9455800.0,9,290.88,11916000.0,1
1068900.0,8,952.96,5832000.0,0
9590700.0,15,349.56,23332000.0,0
1116100.0,10,129.61,13238000.0,0
1739200.0,13,548.51,22870000.0,1
4482900.0,7,113.28,5786000.0,0
1474400.0,2,373.23,20549000.0,1
5539600.0,22,554.11,13099000.0,1
4233000.0,22,722.64,16972000.0,1
2737400.0,13,722.77,16927000.0,0
8617300.0,22,657.01,2680000.0,1
3916200.0,3,21.23,25935000.0,1
7947000.0,22,661.41,13993000.0,1
2524700.0,22,873.66,12463000.0,1
7610400.0,17,852.4,22535000.0,0
579700.0,8,175.24,25295000.0,1
6486800.0,5,811.02,26753000.0,0
7126100.0,19,886.13,28067000.0,0
3835700.0,21,10.25,10288000.0,0
8341700.0,6,788.3,22362000.0,0
6264300.0,5,514.22,14777000.0,0
3023600.0,6,167.47,28447000.0,0
7860300.0,2,195.8,9860000.0,0
3535200.0,0,710.44,22604000.0,1
3177600.0,22,383.2,19640000.0,0
3867100.0,14,832.28,29462000.0,0
7797000.0,14,23.77,21884000.0,1
7325500.0,12,685.94,5957000.0,1
5594000.0,12,65.86,25237000.0,0
9631100.0,17,742.13,18248000.0,0
6464200.0,3,517.16,26114000.0,0
4113300.0,3,444.61,18534000.0,0
8189400.0,11,152.75,29563000.0,1
6246300.0,10,890.89,23112000.0,0
7931700.0,10,438.87,16723000.0,1
6728600.0,7,18.11,7001000.0,1
8926100.0,11,509.25,13904000.0,0
9471300.0,11,514.19,27645000.0,0
9718600.0,13,536.47,3859000.0,0
7736500.0,7,809.63,20414000.0,0
8863500.0,5,112.22,5329000.0,1
2904700.0,21,52.49,23848000.0,1
8123800.0,0,306.22,8727000.0,1
9337500.0,9,41.27,14819000.0,1
4377200.0,14,414.68,2691000.0,0
1688600.0,0,984.52,11449000.0,0
2444400.0,23,38.56,7600000.0,0
4654300.0,0,361.16,1177000.0,0
1184200.0,20,109.34,12332000.0,1
7522100.0,3,15.2,23299000.0,1
2438600.0,8,111.0,17597000.0,0
894600.0,15,660.02,19736000.0,1
4696300.0,17,425.45,4204000.0,1
3601000.0,16,388.95,8743000.0,0
598800.0,5,801.43,4583000.0,1
4571400.0,5,181.62,28598000.0,0
2160200.0,18,189.41,13451000.0,0
1110900.0,15,537.3,10451000.0,1
927700.0,10,249.6,2844000.0,1
6480600.0,23,106.53,7291000.0,0
7923800.0,3,561.05,11329000.0,0
1368800.0,22,787.14,14243000.0,1
7085800.0,9,987.72,14659000.0,0
6581200.0,2,929.11,6758000.0,1
5510900.0,5,976.16,29870000.0,1
5482400.0,19,191.34,7799000.0,1
7074600.0,9,23.38,6753000.0,1
2145000.0,10,532.54,17185000.0,0
2845200.0,8,590.38,29107000.0,1
4974200.0,13,847.23,22818000.0,0
7125800.0,11,523.72,6709000.0,1
2335300.0,22,946.04,3477000.0,1
2020800.0,2,155.26,9370000.0,1
5084800.0,1,710.83,28811000.0,0
3915700.0,3,948.93,3242000.0,1
9697900.0,3,146.72,24789000.0,1
4777200.0,19,263.36,28976000.0,0
7338300.0,3,307.13,1095000.0,0
956800.0,21,656.1,27541000.0,0
2891100.0,11,783.93,23070000.0,0
9932700.0,5,129.58,12450000.0,0
7905200.0,15,327.04,5501000.0,1
8205700.0,8,950.35,11093000.0,1
1321200.0,15,976.46,11248000.0,0
8063100.0,8,952.5,28390000.0,1
4208700.0,1,305.91,17234000.0,0
434900.0,8,777.33,19913000.0,0
3899300.0,4,463.84,12651000.0,0
6825100.0,8,409.81,26221000.0,1
4338600.0,16,151.68,20564000.0,1
5541400.0,0,548.48,15682000.0,1
9485700.0,19,528.68,2366000.0,0
979800.0,1,291.47,24412000.0,1
5399600.0,18,190.91,26589000.0,1
1984300.0,2,680.78,14470000.0,0
7368300.0,2,254.77,20759000.0,1
3768300.0,8,928.98,20261000.0,0
8383000.0,22,198.2,26299000.0,1
5562500.0,9,512.07,24016000.0,1
5726900.0,2,623.13,17326000.0,1
9486000.0,2,967.43,8124000.0,1
7484000.0,14,561.96,7485000.0,0
2023400.0,19,932.58,6082000.0,1
8868900.0,5,120.39,2813000.0,1
2731400.0,10,740.22,9445000.0,1
4807000.0,9,555.7,13806000.0,0
2462100.0,23,711.86,8963000.0,0
3440200.0,20,926.05,3708000.0,0
1822300.0,14,543.78,21412000.0,0
6763000.0,13,310.15,25312000.0,0
9968600.0,8,5.16,21552000.0,1
7883200.0,10,491.4,24469000.0,0
2308100.0,0,842.3,5849000.0,0
5999600.0,13,265.75,21880000.0,0
5068200.0,12,214.03,1240000.0,1
2062900.0,12,56.32,28627000.0,1
7047200.0,12,39.15,27202000.0,0
8939300.0,12,412.99,2402000.0,1
713100.0,12,942.98,2956000.0,1
7508100.0,22,666.7,20097000.0,0
4067300.0,7,120.9,17647000.0,0
3234800.0,13,224.15,2509000.0,0
9940300.0,12,426.46,14610000.0,0
3009800.0,1,885.04,18889000.0,1
5231500.0,18,914.57,15986000.0,1
6227500.0,1,452.58,6512000.0,0
8222400.0,17,994.5,18002000.0,1
3677500.0,6,268.88,19081000.0,1
7922800.0,0,379.56,2984000.0,1
2201700.0,18,982.39,19703000.0,1
9686500.0,3,724.36,29799000.0,0
5105100.0,9,981.17,21153000.0,0
1591100.0,5,864.42,4314000.0,1
9987900.0,2,85.6,9608000.0,0
7977700.0,17,700.37,18021000.0,1
6083800.0,15,238.84,17938000.0,0
6831500.0,11,143.21,22141000.0,1
7457000.0,15,862.6,16772000.0,1
834100.0,14,736.55,7628000.0,1
8563600.0,4,453.1,20528000.0,1
471700.0,4,27.97,7660000.0,1
431800.0,13,541.44,11201000.0,1
43400.0,1,819.85,21051000.0,1
9884600.0,17,995.3,15553000.0,1
1238600.0,13,105.64,7025000.0,0
2547700.0,20,727.06,17026000.0,0
4309100.0,9,838.07,19132000.0,1
5352400.0,19,719.2,13791000.0,1
7779600.0,21,487.6,5470000.0,1
6999000.0,2,8.55,3377000.0,0
7884800.0,2,39.2,20107000.0,0
9151100.0,6,650.58,27324000.0,0
1710000.0,15,810.79,20906000.0,1
8786300.0,13,199.62,25602000.0,1
4596100.0,7,262.71,24263000.0,0
5784700.0,21,616.42,18721000.0,0
502700.0,10,735.15,29481000.0,1
4161900.0,3,837.89,7009000.0,1
8452100.0,18,107.94,28006000.0,0
3956400.0,12,217.02,5433000.0,1
4703800.0,4,401.51,14586000.0,0
9704200.0,9,579.15,2711000.0,0
9335100.0,17,235.15,5360000.0,1
688300.0,20,157.66,17302000.0,0
3550900.0,9,326.34,17271000.0,0
1192400.0,6,798.89,3396000.0,1
1194400.0,10,196.95,22958000.0,0
1349400.0,18,834.73,1162000.0,0
8095500.0,22,531.08,5698000.0,1
7124900.0,4,960.78,14880000.0,1
2614300.0,5,409.57,17885000.0,1
1245700.0,20,528.99,26975000.0,1
3088100.0,4,314.41,9000000.0,1
4015100.0,6,41.95,9594000.0,0
3057200.0,0,152.32,12812000.0,1
2377800.0,0,409.62,3103000.0,0
9791000.0,21,387.27,12260000.0,0
1943400.0,19,976.6,8270000.0,0
916600.0,10,61.63,1835000.0,0
7145700.0,1,725.38,12688000.0,1
1216100.0,7,624.23,17804000.0,1
1370100.0,19,633.21,27777000.0,0
1860400.0,11,609.82,18977000.0,1
5845100.0,12,2.84,23093000.0,1
1088200.0,12,16.09,23272000.0,0
5363600.0,13,580.53,10030000.0,0
4737500.0,10,297.52,18770000.0,0
4347000.0,1,482.59,29859000.0,1
36900.0,15,510.33,12259000.0,1
4453200.0,11,604.99,18882000.0,0
7164600.0,17,807.07,25756000.0,0
9686100.0,21,325.29,3600000.0,1
842900.0,12,382.83,25602000.0,1
6349300.0,20,203.66,28881000.0,1
6178500.0,23,630.96,8428000.0,0
9202000.0,12,965.01,22942000.0,0
6310000.0,3,744.97,24767000.0,1
5431400.0,12,693.83,17182000.0,0
3001700.0,7,898.06,19244000.0,1
4285900.0,18,72.97,20299000.0,1
8187300.0,22,574.92,7619000.0,0
1820800.0,23,518.89,17540000.0,1
9438600.0,3,533.24,28609000.0,1
4997200.0,8,952.17,10164000.0,0
3760300.0,12,257.56,25825000.0,1
9626200.0,16,651.21,26153000.0,1
8245000.0,12,44.78,15014000.0,0
828600.0,11,115.61,9305000.0,1
4742000.0,17,45.93,13227000.0,1
96300.0,15,657.08,6875000.0,1
9372800.0,0,642.13,19338000.0,0
3153300.0,17,556.96,4423000.0,1
8765400.0,0,893.38,2384000.0,0
5964300.0,16,183.65,21942000.0,0
4827800.0,15,359.86,26415000.0,0
7301700.0,13,185.26,21180000.0,1
1241300.0,11,482.65,29800000.0,1
8589100.0,3,204.08,2538000.0,0
3511800.0,6,279.09,21334000.0,1
4667100.0,15,975.11,12328000.0,1
7909900.0,17,310.4,19602000.0,0
4665100.0,9,527.79,18038000.0,1
7385600.0,22,228.36,20192000.0,0
9663100.0,8,798.47,25392000.0,0
5378600.0,17,61.47,11649000.0,1
1214500.0,2,266.14,3734000.0,0
2898100.0,17,367.85,18436000.0,1
7504100.0,19,216.32,26932000.0,1
6553100.0,0,646.7,15277000.0,1
1326000.0,2,637.38,11564000.0,0
4160700.0,23,336.6,29140000.0,0
3271900.0,10,578.26,6946000.0,0
3653800.0,17,132.01,14294000.0,0
3945400.0,14,651.18,2401000.0,0
9144600.0,1,445.37,13639000.0,1
2614300.0,14,367.43,26477000.0,1
3536300.0,13,730.87,19790000.0,0
2054600.0,3,181.71,11929000.0,1
5251200.0,17,538.55,14776000.0,0
9381100.0,23,872.74,15749000.0,1
4639700.0,18,836.4,22918000.0,0
569500.0,6,833.31,27602000.0,1
6346300.0,6,736.03,11890000.0,1
1090700.0,15,15.13,18563000.0,1
2858200.0,21,624.8,17094000.0,1
251900.0,10,63.52,19397000.0,1
2751500.0,10,949.31,8326000.0,0
785900.0,7,111.9,21184000.0,0
9182900.0,18,224.65,22452000.0,1
4290600.0,17,451.12,21441000.0,1
7594800.0,16,997.69,22082000.0,1
4348900.0,16,903.72,12381000.0,1
4602300.0,8,871.21,16763000.0,0
6263900.0,1,972.91,7675000.0,0
5167900.0,3,338.5,1514000.0,1
404400.0,23,445.31,14861000.0,0
6408700.0,22,963.5,16833000.0,1
1180700.0,8,467.55,13480000.0,0
3455500.0,13,17.65,19137000.0,1
8684000.0,17,906.18,9755000.0,0
3817200.0,7,802.2,11372000.0,1
8877200.0,16,900.84,18482000.0,0
1862700.0,19,669.08,26638000.0,1
7610000.0,3,107.74,21916000.0,1
4160100.0,5,755.17,2083000.0,1
9862800.0,12,822.27,29225000.0,0
9526500.0,5,958.26,8153000.0,1
2424200.0,4,594.83,14835000.0,1
742800.0,5,978.76,3819000.0,1
5651400.0,23,277.94,25816000.0,1
2561600.0,23,569.53,23099000.0,0
4387900.0,9,881.67,29824000.0,0
5675000.0,22,155.02,12590000.0,1
4993500.0,4,820.03,28964000.0,1
3820000.0,16,860.64,2546000.0,0
3793400.0,6,34.24,13044000.0,1
3487900.0,16,554.32,15191000.0,1
8756700.0,9,545.58,16615000.0,1
9950300.0,3,122.06,19018000.0,0
3898600.0,22,669.15,16823000.0,0
6293800.0,10,684.8,1993000.0,0
5501600.0,23,94.9,14521000.0,1
4744800.0,9,232.9,19822000.0,0
5158000.0,11,322.13,16582000.0,1
2864600.0,7,239.87,24507000.0,1
3054800.0,3,927.67,5466000.0,1
5453600.0,21,598.73,25879000.0,1
1589500.0,22,961.83,24005000.0,1
3353300.0,0,956.05,11076000.0,1
2795300.0,13,73.57,25434000.0,1
5987400.0,23,804.4,6895000.0,1
6568800.0,3,712.57,1469000.0,1
5015500.0,18,344.54,16011000.0,0
9566700.0,11,445.91,22415000.0,0
3651200.0,12,188.25,29661000.0,0
7215000.0,11,958.71,2417000.0,0
2146600.0,8,23.12,8879000.0,0
7854900.0,5,519.57,19996000.0,0
8065800.0,13,821.89,15296000.0,0
2187300.0,16,348.17,14914000.0,0
9088700.0,23,436.91,15130000.0,1
9341700.0,13,443.0,23795000.0,1
8465500.0,3,426.46,7247000.0,0
4517400.0,18,612.56,23549000.0,0
299500.0,21,128.14,15293000.0,1
4128600.0,3,5.33,19405000.0,0
5695500.0,20,359.79,28598000.0,1
792000.0,8,589.52,4088000.0,1
2928400.0,21,148.26,17374000.0,0
1123100.0,5,908.64,9996000.0,1
3338500.0,5,873.24,26249000.0,1
2896200.0,3,447.26,3546000.0,0
1858200.0,22,66.31,10835000.0,1
417000.0,21,403.02,19478000.0,1
3363300.0,22,103.02,19300000.0,1
367400.0,23,169.39,29704000.0,1
9880200.0,19,459.09,17536000.0,0
9480900.0,18,911.61,2514000.0,0
6598000.0,15,482.73,15455000.0,1
2521400.0,21,122.57,29437000.0,1
6548900.0,18,53.79,7516000.0,0
7263200.0,2,587.09,22636000.0,0
6128700.0,15,342.43,16650000.0,1
7484900.0,6,382.66,29453000.0,1
4008000.0,16,187.26,16046000.0,1
6715000.0,10,571.97,26620000.0,0
4722100.0,18,613.33,15037000.0,1
4025800.0,21,812.9,4839000.0,1
6627300.0,0,878.88,20323000.0,0
1902100.0,0,9.47,3931000.0,0
8586700.0,7,209.61,15347000.0,0
7007300.0,13,5.8,1827000.0,1
4850400.0,13,968.79,16787000.0,1
3593700.0,15,172.75,27860000.0,1
2118300.0,21,137.71,20131000.0,1
9659100.0,15,267.16,18730000.0,0
4442300.0,22,250.21,11753000.0,1
2803800.0,8,592.31,16929000.0,1
5707000.0,17,672.5,11617000.0,1
4707000.0,8,808.52,27480000.0,0
462400.0,22,269.25,16468000.0,0
3549500.0,18,834.61,24449000.0,0
8653400.0,13,597.82,26750000.0,0
6792700.0,4,485.44,17599000.0,1
9104600.0,18,4.91,27970000.0,1
5297700.0,21,166.6,13943000.0,0
5951200.0,2,446.47,27296000.0,0
4140800.0,17,369.26,5455000.0,0
7947300.0,22,590.31,21732000.0,1
4592000.0,20,183.36,14470000.0,0
9380900.0,20,818.27,5241000.0,0
7203700.0,8,355.59,29226000.0,1
3028900.0,3,582.1,21928000.0,1
814900.0,19,197.06,14321000.0,1
3361800.0,1,522.84,3082000.0,1
5393700.0,13,620.17,13370000.0,0
6224400.0,4,679.48,19473000.0,0
2167800.0,18,363.57,17270000.0,1
8637200.0,0,469.02,6181000.0,0
3464900.0,18,942.15,26184000.0,0
7049300.0,6,121.68,1480000.0,0
1482400.0,12,404.92,27954000.0,1
1548100.0,20,633.68,8051000.0,0
3494200.0,23,423.82,29402000.0,0
1708600.0,0,907.22,18639000.0,0
8968900.0,23,671.14,24476000.0,0
5999900.0,9,329.87,26847000.0,1
9887400.0,21,454.41,28275000.0,0
7121600.0,3,336.55,21338000.0,1
3604200.0,4,890.39,3230000.0,0
4669000.0,23,340.01,16073000.0,1
5274500.0,5,364.37,17980000.0,1
9976800.0,6,619.77,11322000.0,0
6072000.0,17,477.41,23749000.0,1
7914600.0,19,503.33,29527000.0,0
3694300.0,18,310.04,26212000.0,1
6309500.0,5,385.74,17729000.0,1
2349600.0,23,853.14,10283000.0,1
4163400.0,16,848.81,15395000.0,1
2252800.0,10,950.54,6590000.0,1
3876200.0,17,882.65,14598000.0,1
3849800.0,14,777.64,6952000.0,1
3669300.0,18,517.61,25166000.0,1
290900.0,6,104.3,17614000.0,0
5445200.0,8,211.44,14754000.0,1
5834500.0,22,303.31,13717000.0,0
7837400.0,1,741.42,13291000.0,0
5734800.0,13,805.87,22610000.0,1
7362500.0,7,116.72,22223000.0,0
8451100.0,15,786.93,2460000.0,1
1691900.0,4,87.91,19167000.0,0
7042300.0,21,294.74,1073000.0,0
4948600.0,10,404.99,10423000.0,1
6870600.0,17,760.55,28323000.0,1
4252500.0,20,839.78,13968000.0,1
741000.0,12,476.58,1592000.0,0
3903300.0,10,896.51,25930000.0,1
3252500.0,6,523.66,21558000.0,1
2506200.0,5,164.97,4495000.0,0
301400.0,0,866.02,29241000.0,1
1979000.0,16,721.42,26099000.0,0
9645700.0,23,277.66,7290000.0,1
1625100.0,21,663.8,11197000.0,0
3921000.0,21,672.22,10283000.0,1
3349300.0,11,230.35,18283000.0,1
5014100.0,9,63.71,4431000.0,0
4837200.0,10,770.14,1953000.0,0
4689100.0,13,767.79,9448000.0,0
2651500.0,0,888.88,14443000.0,0
233100.0,10,496.33,20418000.0,0
6914400.0,9,527.51,28069000.0,0
2535600.0,10,378.77,25336000.0,0
6295400.0,17,553.67,5931000.0,0
684800.0,14,435.73,18136000.0,0
4604600.0,16,472.43,25297000.0,1
2754500.0,21,726.45,1083000.0,0
9532400.0,4,387.45,2055000.0,0
8042600.0,13,470.45,17991000.0,0
1714100.0,21,34.52,17680000.0,1
6497000.0,18,530.53,2033000.0,1
1465600.0,15,293.04,14841000.0,0
4613900.0,23,397.22,20921000.0,0
2102900.0,4,260.18,24387000.0,1
4446000.0,3,896.32,18282000.0,0
553800.0,19,400.44,14354000.0,0
1058800.0,13,537.69,19100000.0,1
5930600.0,1,249.51,1170000.0,1
4221500.0,18,207.42,12625000.0,1
5454200.0,6,3.2,8940000.0,0
9273600.0,4,654.62,3333000.0,0
2768700.0,0,672.22,15249000.0,1
758900.0,18,401.88,20930000.0,1
3885600.0,13,944.95,22890000.0,0
3301800.0,5,543.82,17673000.0,1
4242600.0,2,701.43,7349000.0,0
619800.0,11,655.96,26645000.0,1
7463000.0,11,926.24,9410000.0,0
1556600.0,10,757.12,13820000.0,1
3131500.0,8,423.59,5411000.0,1
1031600.0,21,872.03,16152000.0,1
6184500.0,16,671.48,23798000.0,0
7877600.0,7,516.63,17429000.0,0
6477400.0,13,640.58,18843000.0,0
1902000.0,7,503.66,4635000.0,0
764900.0,16,858.46,28081000.0,0
1409800.0,11,165.05,27615000.0,0
831100.0,10,601.33,20188000.0,1
1692200.0,6,856.2,18998000.0,1
8085800.0,3,861.21,22132000.0,0
4504100.0,12,305.15,22979000.0,0
757300.0,0,374.37,6692000.0,1
1098100.0,12,513.34,29979000.0,0
5331500.0,0,87.38,5292000.0,1
9769300.0,22,515.06,18485000.0,1
8668900.0,8,800.83,24618000.0,1
1119500.0,14,726.17,26722000.0,0
6584700.0,19,826.97,27716000.0,1
8240800.0,0,365.8,15868000.0,1
7636300.0,10,35.53,21371000.0,0
2684300.0,15,149.45,2267000.0,0
9984300.0,7,314.97,25460000.0,0
2744100.0,9,902.12,24455000.0,1
9633600.0,1,717.01,6807000.0,0
3959200.0,20,178.62,9368000.0,0
3953700.0,4,530.36,6911000.0,0
7307100.0,8,271.15,24312000.0,0
6675200.0,20,905.69,1091000.0,0
8831900.0,3,487.79,12987000.0,0
9270900.0,9,54.37,19855000.0,1
2975900.0,7,883.6,24539000.0,0
2607800.0,8,194.68,28386000.0,1
8342500.0,5,889.3,7615000.0,1
1898200.0,12,171.98,27797000.0,0
3000900.0,14,148.2,18656000.0,1
8039100.0,17,650.88,10471000.0,1
8793600.0,1,35.24,1205000.0,0
2192100.0,23,927.19,13174000.0,1
8027500.0,23,485.54,17698000.0,0
5540000.0,23,238.69,28810000.0,0
8268000.0,18,189.54,15925000.0,0
1614400.0,15,291.07,13697000.0,0
1048900.0,4,625.61,14073000.0,1
8386000.0,9,539.15,9272000.0,0
4362200.0,3,174.39,11722000.0,0
1470900.0,15,427.05,7442000.0,1
7762400.0,2,278.59,19615000.0,0
8912300.0,15,242.35,7568000.0,1
7692100.0,13,742.65,1774000.0,0
834000.0,23,188.59,17585000.0,1
5618600.0,12,133.18,6980000.0,0
7069900.0,23,712.88,25544000.0,1
1205500.0,21,713.57,2765000.0,1
9523200.0,20,883.53,16963000.0,0
2184700.0,22,731.01,16975000.0,0
6630900.0,10,60.49,28265000.0,0
3543800.0,0,660.73,24030000.0,1
9613200.0,3,577.79,16881000.0,0
5075900.0,3,307.05,7326000.0,0
8178500.0,17,384.56,24156000.0,1
230500.0,17,172.15,20551000.0,1
5825500.0,15,203.34,2942000.0,0
3131100.0,19,452.5,1858000.0,1
6321800.0,14,279.02,21086000.0,1
3909700.0,5,628.58,23391000.0,0
3770300.0,8,795.43,4494000.0,0
4630300.0,17,503.3,22933000.0,0
4736500.0,15,932.59,21111000.0,0
7485200.0,21,681.99,11037000.0,1
7666400.0,10,408.29,6815000.0,0
2344800.0,19,485.05,20408000.0,1
9143300.0,16,596.73,9415000.0,0
9346500.0,21,129.88,17183000.0,0
6519800.0,3,92.75,10236000.0,0
9947200.0,7,568.33,27047000.0,1
1950200.0,14,466.35,17222000.0,1
9620700.0,17,741.1,22995000.0,1
4200700.0,13,915.31,19935000.0,1
1245600.0,20,19.14,26988000.0,0
4356500.0,8,603.31,5362000.0,1
7952900.0,4,805.03,7567000.0,1
5928600.0,13,46.85,21696000.0,0
9822700.0,13,650.12,28039000.0,1
5776900.0,18,394.21,28276000.0,0
6999900.0,21,574.73,4382000.0,0
8161500.0,0,705.84,29552000.0,1
6780400.0,18,725.23,14444000.0,1
2713700.0,12,557.13,10595000.0,0
5884900.0,22,928.79,4946000.0,1
9291600.0,19,271.64,3652000.0,1
3513800.0,16,592.88,26338000.0,1
2719300.0,5,37.97,19122000.0,1
292500.0,15,212.26,22279000.0,1
794400.0,9,701.11,11183000.0,1
1953000.0,4,900.45,18491000.0,0
520700.0,3,968.32,5615000.0,1
5056700.0,15,285.84,15067000.0,0
6758300.0,9,921.37,6230000.0,0
3909600.0,16,833.41,18350000.0,0
7105000.0,13,25.54,8700000.0,0
7913800.0,18,307.56,12487000.0,0
1520600.0,17,918.66,27230000.0,1
6657800.0,7,504.86,15704000.0,0
1009100.0,9,39.4,11170000.0,1
3907800.0,3,166.64,27752000.0,0
7732600.0,22,267.06,10275000.0,0
3516100.0,0,279.52,21740000.0,1
3319200.0,17,702.27,5561000.0,1
3725100.0,3,498.64,5723000.0,1
9335800.0,0,578.86,6265000.0,0
6590000.0,14,816.61,27132000.0,0
6687800.0,13,64.05,22986000.0,0
7982100.0,10,865.24,23590000.0,0
7316800.0,16,815.91,18036000.0,1
7001700.0,12,208.6,17357000.0,1
6089500.0,14,613.07,5566000.0,1
2287500.0,4,845.14,27202000.0,0
8463000.0,9,380.39,28303000.0,0
1208900.0,0,315.29,4999000.0,1
7944700.0,4,44.15,8313000.0,0
1393000.0,11,443.53,17865000.0,1
4650300.0,20,949.2,14474000.0,0
1485500.0,13,138.04,22476000.0,1
7605700.0,15,833.69,6660000.0,1
6517100.0,7,963.64,4502000.0,0
9075600.0,1,973.75,13166000.0,1
2953400.0,9,884.58,23372000.0,1
5729500.0,2,267.88,12150000.0,1
2383100.0,4,140.56,13870000.0,1
4390100.0,12,933.42,9072000.0,0
5629600.0,9,24.05,2165000.0,0
9616000.0,18,838.97,24294000.0,0
889700.0,23,805.89,15356000.0,1
3332300.0,18,134.93,20207000.0,0
1273800.0,21,874.71,10582000.0,0
3399500.0,21,250.71,9872000.0,1
95900.0,17,869.27,3261000.0,0
1538200.0,17,127.04,14835000.0,0
9824800.0,10,909.97,3576000.0,1
1214800.0,2,478.61,3249000.0,0
255100.0,5,416.35,3407000.0,1
4826400.0,2,17.93,8210000.0,1
8918400.0,10,603.36,14341000.0,0
4420200.0,22,138.14,17153000.0,0
8912200.0,0,251.14,10481000.0,1
5273100.0,0,219.17,28732000.0,1
3277900.0,5,167.27,17799000.0,0
8078700.0,1,922.34,4513000.0,0
3238800.0,6,180.24,17518000.0,1
347800.0,19,477.06,20580000.0,1
3947600.0,0,819.25,13340000.0,0
2246500.0,23,664.91,8182000.0,1
881600.0,20,260.13,23860000.0,1
2113600.0,22,525.32,13526000.0,0
837400.0,23,552.57,13216000.0,0
2634100.0,6,679.26,18723000.0,1
5470000.0,7,456.2,25644000.0,1
6531400.0,18,966.0,11772000.0,0
9074100.0,21,304.21,10776000.0,0
1043900.0,13,881.01,24704000.0,1
2497400.0,5,741.58,6515000.0,1
4132700.0,20,37.37,1421000.0,1
9316400.0,13,176.73,4984000.0,1
2693800.0,19,874.96,27398000.0,0
4819300.0,16,517.14,8273000.0,0
2180100.0,1,361.55,22752000.0,0
9723600.0,18,596.94,22432000.0,0
6550800.0,8,354.09,21733000.0,1
5018900.0,8,794.86,6269000.0,1
4041000.0,17,912.1,19154000.0,0
8886200.0,5,623.56,5047000.0,1
9958700.0,5,639.94,29914000.0,1
7283000.0,22,255.78,27669000.0,0
5864800.0,20,385.47,9205000.0,0
9484600.0,7,744.25,4553000.0,0
9765300.0,8,713.06,16419000.0,1
1238000.0,22,51.24,27228000.0,1
8715100.0,13,19.27,19404000.0,1
7412800.0,3,458.3,26448000.0,0
7895600.0,9,344.9,26120000.0,0
5536100.0,15,557.37,17035000.0,1
9606600.0,0,463.41,28486000.0,0
6423000.0,23,358.08,12832000.0,0
5569500.0,3,315.85,29549000.0,0
8174200.0,23,435.08,16475000.0,0
540000.0,16,188.62,26922000.0,1
3819600.0,22,877.54,1534000.0,0
7593800.0,2,19.23,16660000.0,1
474400.0,10,580.24,17988000.0,0
2778300.0,9,657.84,1278000.0,0
4938800.0,21,829.01,25820000.0,1
7745000.0,15,362.9,19890000.0,1
6744500.0,15,658.42,10291000.0,0
7981400.0,11,549.65,4829000.0,0
9857600.0,11,357.8,23443000.0,1
6180500.0,11,56.95,29677000.0,0
6520500.0,18,378.61,21770000.0,1
2566600.0,10,919.85,1558000.0,0
8603700.0,4,843.8,11893000.0,1
81900.0,11,516.59,19539000.0,0
6720200.0,6,747.78,28200000.0,1
609000.0,0,401.64,9222000.0,0
5821700.0,9,784.58,25962000.0,0
8150800.0,8,217.27,9449000.0,0
9529000.0,11,982.18,27179000.0,1
3200300.0,13,35.51,20371000.0,0
7509200.0,3,793.06,14174000.0,1
548100.0,3,255.94,20281000.0,0
8443600.0,2,17.76,19806000.0,0
9467100.0,5,739.61,5044000.0,1
8869000.0,22,87.04,13514000.0,1
6821700.0,21,712.25,6218000.0,0
5217700.0,4,382.35,20389000.0,1
2921400.0,22,27.88,19901000.0,1
2661100.0,3,432.41,6998000.0,0
2312100.0,3,670.48,26068000.0,1
2815000.0,16,748.78,20316000.0,0
4746200.0,4,607.68,6720000.0,0
7545400.0,18,3.57,11401000.0,0
7348200.0,3,505.09,2041000.0,1
8019400.0,4,547.52,13547000.0,0
6755700.0,19,703.78,6012000.0,1
7580800.0,1,816.97,6592000.0,0
5957000.0,3,652.36,5048000.0,1
2904000.0,12,194.27,27422000.0,0
7031100.0,12,495.26,9421000.0,1
9841500.0,1,337.1,25020000.0,0
8616800.0,17,350.78,8043000.0,1
2906700.0,20,725.19,13406000.0,0
6408500.0,4,98.79,21541000.0,0
2333200.0,4,152.37,7236000.0,1
3330200.0,6,77.63,24599000.0,1
5611000.0,7,732.62,8026000.0,0
9954700.0,2,688.14,14004000.0,0
9482800.0,11,31.28,18597000.0,0
110700.0,13,768.27,3138000.0,1
8776100.0,8,179.83,20679000.0,0
9548100.0,2,956.79,26364000.0,0
8069700.0,22,141.14,2748000.0,0
2713700.0,17,974.67,10561000.0,0
6011500.0,19,37.48,11323000.0,0
6241900.0,20,507.61,3529000.0,1
5841000.0,15,89.01,11579000.0,1
2097700.0,13,171.53,18952000.0,0
3442100.0,14,155.24,22884000.0,1
8174200.0,10,950.54,10909000.0,0
2844900.0,8,993.8,5939000.0,0
1938000.0,11,406.84,8323000.0,0
2026400.0,10,229.41,29525000.0,1
7186000.0,19,879.11,11049000.0,0
9632000.0,16,386.08,7044000.0,1
2063500.0,14,575.28,5808000.0,0
4494600.0,14,565.64,23164000.0,1
2934400.0,1,178.98,17344000.0,1
2549900.0,6,335.34,26747000.0,0
70400.0,2,173.1,17270000.0,1
8899100.0,7,894.62,8393000.0,0
3011000.0,9,884.82,28605000.0,1
7104300.0,13,596.52,15468000.0,1
9147000.0,0,947.78,25594000.0,1
4496000.0,16,233.21,6258000.0,1
759500.0,16,984.2,20118000.0,0
9504100.0,9,786.67,26882000.0,0
9097000.0,1,449.84,13544000.0,1
1108700.0,1,171.07,4403000.0,1
3704200.0,10,606.89,11414000.0,0
8224600.0,7,898.86,28321000.0,0
1571900.0,6,634.04,10695000.0,1
4974200.0,20,674.67,23569000.0,0
5751300.0,3,144.64,7834000.0,0
3166200.0,22,80.71,9142000.0,1
8358100.0,7,783.33,27273000.0,1
5710500.0,17,484.5,2023000.0,1
8507600.0,8,360.7,1248000.0,1
7031600.0,20,849.76,21798000.0,0
4190000.0,23,222.56,4603000.0,0
1585500.0,0,535.39,12131000.0,0
6527400.0,16,535.82,6907000.0,1
3591000.0,19,641.24,27315000.0,0
4799000.0,11,936.95,21092000.0,1
1272100.0,1,426.91,1467000.0,0
7808200.0,5,740.21,9656000.0,0
8258300.0,6,869.42,27278000.0,1
9761600.0,18,275.12,13172000.0,0
6078700.0,17,18.67,26889000.0,0
2213400.0,17,118.35,2169000.0,1
9082800.0,7,842.37,25941000.0,1
132800.0,22,72.62,20013000.0,0
4152800.0,0,169.97,12417000.0,0
3857700.0,0,546.39,28264000.0,0
5572200.0,16,713.36,20029000.0,1
3443700.0,0,300.78,15503000.0,1
4539700.0,11,908.78,22782000.0,1
6741400.0,19,984.51,7987000.0,1
5393200.0,1,146.0,19804000.0,0
137300.0,11,931.14,22791000.0,0
1580100.0,3,927.0,25672000.0,1
267700.0,5,981.12,27799000.0,1
9581100.0,22,630.45,7863000.0,0
2956700.0,23,292.77,16836000.0,1
8689100.0,8,911.22,25419000.0,1
5403400.0,22,58.99,7726000.0,1
5608300.0,22,72.6,19250000.0,0
1917000.0,4,374.02,12574000.0,0
857200.0,0,688.26,4223000.0,1
5112400.0,1,636.21,3071000.0,0
2285600.0,0,501.59,16411000.0,0
9721700.0,18,743.12,7484000.0,0
7497900.0,12,90.99,5595000.0,1
1006800.0,18,367.74,14671000.0,0
3331300.0,8,808.74,25352000.0,0
7057700.0,21,290.51,23400000.0,0
6870200.0,0,291.22,2390000.0,1
6162300.0,21,225.42,7522000.0,0
9482600.0,2,457.19,5506000.0,1
567600.0,6,93.24,3137000.0,0
8807300.0,15,252.98,8857000.0,1
5860200.0,17,341.04,3506000.0,0
8161400.0,7,62.6,24256000.0,0
802500.0,16,563.2,4820000.0,1
1153400.0,16,31.8,29501000.0,0
8104100.0,21,768.3,3430000.0,0
7085700.0,0,193.99,18780000.0,1
2939900.0,22,785.77,12536000.0,0
4097700.0,19,620.88,11790000.0,1
7725300.0,23,422.28,12208000.0,1
7485200.0,0,171.01,2484000.0,1
7349600.0,5,205.61,13331000.0,1
9603900.0,21,28.35,25230000.0,1
8682300.0,5,729.32,23138000.0,0
5962000.0,0,363.77,9117000.0,1
8227900.0,4,655.43,28494000.0,0
7552000.0,23,252.57,15445000.0,1
5795100.0,0,800.04,19210000.0,1
1781500.0,1,538.8,20879000.0,0
6410800.0,19,533.93,25677000.0,1
6197200.0,3,842.86,14398000.0,0
1823000.0,14,942.94,26545000.0,0
7891700.0,11,441.31,23308000.0,1
7888500.0,17,611.1,29620000.0,0
8282000.0,4,228.34,22259000.0,1
5922500.0,0,137.25,21372000.0,1
9534800.0,16,831.37,9278000.0,0
1852600.0,3,748.4,5609000.0,1
9204100.0,20,509.65,14266000.0,0
2110400.0,22,259.67,3623000.0,1
3641200.0,17,366.96,17196000.0,1
878300.0,3,40.22,28893000.0,1
3080800.0,11,252.16,11936000.0,0
440000.0,16,225.54,11205000.0,0
5446100.0,5,921.83,12320000.0,0
4492300.0,7,832.24,13012000.0,1
5920400.0,19,794.87,18612000.0,1
7667500.0,7,72.96,29102000.0,1
1707400.0,18,44.03,4249000.0,0
9097900.0,17,454.24,6597000.0,0
2533800.0,20,135.43,19882000.0,1
5543100.0,14,740.62,13004000.0,0
9599900.0,4,688.32,27477000.0,1
2743500.0,4,779.05,15435000.0,1
8536200.0,8,193.55,29552000.0,0
9673200.0,11,738.95,4064000.0,1
7808600.0,7,504.04,9973000.0,0
9289200.0,13,215.77,16683000.0,0
9813000.0,9,363.12,25246000.0,0
2076100.0,17,877.86,29949000.0,1
8302500.0,23,654.12,7398000.0,1
604300.0,17,900.31,14495000.0,1
2458300.0,11,704.23,7456000.0,0
874000.0,22,329.14,24207000.0,0
7978200.0,19,495.98,20785000.0,1
2366700.0,19,425.16,11767000.0,1
3840400.0,12,430.32,12279000.0,1
64400.0,3,426.23,17074000.0,0
6422200.0,1,656.54,1892000.0,1
5967400.0,19,617.75,12615000.0,0
7020100.0,2,944.04,17895000.0,1
7210300.0,22,361.4,19563000.0,0
646000.0,2,313.73,4331000.0,0
5317000.0,11,227.04,22072000.0,1
7866000.0,21,172.68,22581000.0,0
7840800.0,11,378.23,11458000.0,1
7081400.0,10,219.81,25144000.0,1
9585900.0,0,367.9,19682000.0,1
6457100.0,20,947.57,27469000.0,0
8071400.0,2,322.95,16001000.0,0
4535200.0,22,9.04,10730000.0,1
5232500.0,2,949.96,3375000.0,1
330000.0,4,936.71,23473000.0,1
4691600.0,7,991.12,15616000.0,0
1172500.0,9,151.87,12273000.0,0
5010200.0,22,392.15,9168000.0,0
2187800.0,18,740.33,19902000.0,1
85200.0,8,378.88,24580000.0,1
5340700.0,19,696.18,6908000.0,1
5925900.0,6,102.55,23019000.0,0
9997600.0,11,757.41,24854000.0,1
9630400.0,11,292.24,1712000.0,1
5866600.0,14,355.8,16090000.0,1
6528800.0,13,958.6,24267000.0,0
8214700.0,15,28.77,27706000.0,1
6666000.0,15,46.06,23412000.0,0
38300.0,2,646.79,2736000.0,0
4825500.0,12,456.11,18011000.0,0
6939800.0,16,585.31,3552000.0,0
4849200.0,2,727.83,22078000.0,1
5836500.0,1,563.93,4567000.0,1
9872100.0,0,322.19,1537000.0,0
3456400.0,17,224.59,10402000.0,1
1105700.0,7,673.95,3277000.0,0
3483500.0,12,406.78,5064000.0,0
1235400.0,2,99.02,21605000.0,0
1550200.0,20,297.39,22028000.0,0
7682600.0,21,226.5,2187000.0,1
6991900.0,12,613.92,13120000.0,0
3443700.0,23,46.34,28888000.0,0
7312000.0,17,647.89,19521000.0,1
9908500.0,19,537.35,9827000.0,0
9601300.0,16,559.91,11024000.0,1
5570600.0,23,922.24,13838000.0,0
4514700.0,0,291.38,2230000.0,1
5749000.0,8,152.28,6124000.0,1
5462100.0,21,794.4,29949000.0,0
2689200.0,6,630.09,3215000.0,0
7742700.0,12,862.74,28128000.0,0
7971300.0,2,1.03,19116000.0,1
5865700.0,3,322.8,7599000.0,0
5698600.0,11,717.46,23432000.0,0
8576600.0,7,226.77,29964000.0,1
1231200.0,10,962.49,1268000.0,0
1618600.0,12,917.07,5716000.0,0
4706700.0,18,168.74,21013000.0,1
6688700.0,12,518.81,6949000.0,1
9345600.0,13,671.02,9915000.0,0
6888500.0,16,635.78,5109000.0,0
3986200.0,18,122.2,29839000.0,0
1088500.0,21,151.1,24141000.0,1
2320000.0,3,504.43,7904000.0,1
3186800.0,10,9.63,2460000.0,1
9679400.0,8,794.76,18851000.0,0
9253300.0,3,692.15,19694000.0,1
6725800.0,23,659.99,2723000.0,1
8800700.0,7,138.24,26480000.0,0
9523400.0,8,796.45,1798000.0,1
7957400.0,8,439.75,10759000.0,0
5540400.0,13,85.06,1871000.0,0
8967000.0,6,901.24,3860000.0,0
5339100.0,12,817.44,18271000.0,0
286800.0,10,538.38,9891000.0,0
4977000.0,18,80.39,22845000.0,0
7804500.0,17,879.21,21648000.0,0
5837700.0,19,207.05,24076000.0,0
7132900.0,17,166.94,4239000.0,1
8885300.0,1,32.42,10398000.0,1
799800.0,7,248.54,8502000.0,0
665400.0,21,474.35,7381000.0,1
5691800.0,0,158.3,7883000.0,1
4185100.0,5,812.15,4746000.0,1
3828700.0,0,667.96,18934000.0,0
2563700.0,6,809.57,1808000.0,1
8807500.0,2,469.52,22146000.0,0
9583700.0,4,483.12,28199000.0,1
4388600.0,0,731.91,8820000.0,1
4914100.0,0,132.05,18535000.0,1
3768500.0,6,444.67,12082000.0,1
1234600.0,19,922.9,13732000.0,1
5965500.0,2,852.99,22083000.0,0
4145600.0,20,647.73,7694000.0,0
8744100.0,2,492.96,4396000.0,0
845300.0,5,427.86,17611000.0,0
6575400.0,12,230.05,8673000.0,1
640500.0,2,307.17,13207000.0,1
6097700.0,18,270.59,26962000.0,0
6629100.0,13,727.61,29588000.0,1
2727800.0,23,315.98,13679000.0,0
1551500.0,18,852.03,6585000.0,1
3121300.0,17,689.16,12659000.0,0
3569800.0,23,225.43,7649000.0,0
8531000.0,23,416.99,17549000.0,1
2316800.0,1,594.14,19549000.0,1
4924600.0,19,71.49,10367000.0,1
9545200.0,12,36.46,17806000.0,0
6549700.0,13,215.01,4577000.0,1
7814400.0,19,440.3,23015000.0,1
57100.0,15,245.77,5126000.0,1
4136300.0,13,332.28,6342000.0,0
493400.0,14,237.02,4929000.0,1
6908500.0,5,728.81,17930000.0,0
9748400.0,12,441.6,18837000.0,0
530800.0,14,644.8,25635000.0,0
6638100.0,2,624.32,29943000.0,0
6154700.0,5,673.2,12990000.0,0
1759900.0,4,948.53,27682000.0,0
9235600.0,0,335.24,27177000.0,1
9321400.0,5,238.2,8901000.0,1
1873900.0,8,280.4,14051000.0,1
4174500.0,15,283.91,1126000.0,0
5968000.0,13,139.54,12279000.0,1
8971000.0,18,963.88,7552000.0,1
6025500.0,15,557.44,18388000.0,0
512900.0,21,893.29,12746000.0,1
60600.0,23,317.15,3208000.0,0
9395200.0,20,686.48,12067000.0,0
9880100.0,2,877.92,7488000.0,1
7952900.0,16,113.71,29988000.0,1
5999200.0,4,635.87,2570000.0,0
3506100.0,10,782.9,13896000.0,0
160200.0,20,733.63,4667000.0,1
4070200.0,9,986.87,21439000.0,1
6595400.0,3,826.51,19933000.0,1
2829300.0,18,298.16,12604000.0,0
5778800.0,8,966.46,19267000.0,0
148300.0,11,361.8,8558000.0,0
479100.0,5,268.76,17013000.0,0
606800.0,22,190.85,2366000.0,1
6604600.0,23,882.93,26577000.0,0
5345600.0,1,414.35,13944000.0,1
1595300.0,17,415.14,3203000.0,0
8430900.0,10,460.59,24261000.0,0
7079600.0,6,354.26,10827000.0,0
1978100.0,15,265.7,6857000.0,0
2612900.0,6,273.29,2711000.0,1
8291700.0,16,333.85,21802000.0,0
1586100.0,0,339.75,9510000.0,1
342000.0,11,713.19,5528000.0,0
3042100.0,23,687.55,19926000.0,1
1205300.0,6,555.67,12610000.0,1
6442700.0,13,75.06,25388000.0,0
3172000.0,1,745.39,24940000.0,1
5990000.0,7,19.52,17168000.0,1
7692100.0,14,279.33,7664000.0,0
3238000.0,7,23.91,2328000.0,1
9242000.0,3,210.09,18227000.0,0
9813300.0,23,198.86,25374000.0,0
5809200.0,9,150.0,28533000.0,0
5002100.0,13,946.89,19176000.0,1
793700.0,11,888.64,20805000.0,0
6540100.0,1,337.84,24736000.0,0
9988300.0,15,97.3,15780000.0,1
5473900.0,20,124.68,19255000.0,0
2528100.0,15,35.34,17967000.0,1
1541300.0,13,717.58,17097000.0,1
5838600.0,17,714.39,2941000.0,1
35200.0,9,147.39,28358000.0,1
1597800.0,6,59.83,12513000.0,1
1477700.0,7,128.87,21895000.0,1
9158800.0,6,348.78,2002000.0,0
7148200.0,16,954.89,25936000.0,1
7759200.0,15,213.63,19881000.0,0
5014600.0,0,690.28,6966000.0,1
7101000.0,19,362.67,3874000.0,1
5009900.0,18,454.45,9383000.0,0
4005200.0,21,194.51,19641000.0,0
1439700.0,13,982.22,6794000.0,0
6091400.0,10,721.09,16158000.0,1
4706400.0,4,676.13,12240000.0,1
4911500.0,5,231.15,17072000.0,1
9070000.0,4,719.19,19673000.0,0
9169600.0,12,805.8,27881000.0,0
4034200.0,4,988.35,16998000.0,1
3733100.0,19,5.5,29698000.0,0
4804100.0,14,886.36,9470000.0,1
3654800.0,18,762.39,5092000.0,1
4378100.0,19,855.16,6565000.0,0
1191500.0,0,925.35,28949000.0,0
151900.0,3,981.09,16624000.0,1
6657900.0,9,161.27,13166000.0,1
4922700.0,22,312.92,2241000.0,1
4468100.0,1,448.03,9230000.0,1
6202700.0,20,0.25,21910000.0,0
1467400.0,20,459.06,9752000.0,0
8783400.0,8,763.36,10499000.0,0
709400.0,16,825.7,13719000.0,0
6232000.0,23,856.31,22593000.0,1
1467400.0,13,124.14,14843000.0,0
8767600.0,5,741.63,14797000.0,0
9724300.0,13,863.49,14065000.0,0
3680200.0,12,661.69,4677000.0,1
2665800.0,3,975.68,28549000.0,0
9115600.0,19,97.01,29101000.0,0
9858800.0,22,324.16,14161000.0,0
7889800.0,7,899.94,8358000.0,1
3461000.0,10,42.06,1022000.0,1
2104400.0,0,125.97,28700000.0,1
7308000.0,19,575.2,3827000.0,1
7544800.0,9,796.53,26791000.0,0
952000.0,0,736.93,14348000.0,1
5543500.0,16,709.76,5414000.0,0
4671800.0,15,637.78,8085000.0,0
5066200.0,14,746.42,19865000.0,1
5607700.0,17,375.7,10267000.0,0
5536000.0,12,985.71,20957000.0,0
5571500.0,18,835.72,29628000.0,1
5915000.0,4,155.34,21799000.0,1
1178500.0,16,771.41,26660000.0,1
4676200.0,23,132.53,14945000.0,1
6861700.0,11,291.97,21363000.0,0
6454000.0,13,246.93,3657000.0,1
8289500.0,9,952.95,8844000.0,0
4064000.0,14,281.69,18717000.0,1
5486300.0,0,487.49,13893000.0,0
622200.0,11,37.3,18333000.0,1
3611100.0,8,813.99,4119000.0,1
6263500.0,17,860.04,15653000.0,0
8214000.0,6,100.87,19126000.0,0
3953200.0,17,630.69,21675000.0,0
4927900.0,13,700.61,18659000.0,1
1093400.0,0,99.58,17225000.0,0
637700.0,8,337.44,6280000.0,1
708400.0,14,650.41,17577000.0,0
2226300.0,21,425.19,21403000.0,1
831800.0,12,867.9,16647000.0,0
4210100.0,2,543.28,26008000.0,1
2358600.0,8,368.69,23583000.0,1
1068400.0,11,482.42,20528000.0,0
2965300.0,3,170.26,28423000.0,0
5188600.0,7,884.62,21698000.0,1
4168300.0,3,879.92,5630000.0,1
8321200.0,20,120.56,12052000.0,1
1999500.0,8,413.34,28911000.0,0
292100.0,18,70.02,2860000.0,0
6335400.0,19,228.47,1382000.0,0
8846200.0,13,759.01,25760000.0,1
2964500.0,19,535.46,26099000.0,0
3142400.0,7,429.75,21953000.0,1
5853300.0,23,18.56,3308000.0,1
692600.0,8,789.36,27142000.0,1
5732400.0,1,294.6,9667000.0,1
9355800.0,16,502.26,10958000.0,0
6671700.0,18,616.04,11395000.0,1
3476800.0,19,926.39,28382000.0,0
1915900.0,4,464.97,11394000.0,1
4711500.0,14,882.12,10862000.0,1
6297100.0,6,334.47,9621000.0,0
80500.0,7,989.67,27648000.0,0
6860100.0,6,202.53,9076000.0,0
3038500.0,15,114.44,19955000.0,1
950000.0,10,716.49,20714000.0,1
8612400.0,0,652.9,18752000.0,1
3085200.0,7,416.12,15819000.0,1
5173600.0,3,556.85,17444000.0,1
3828100.0,20,316.93,11103000.0,1
9815600.0,19,563.0,10782000.0,0
7439300.0,7,982.9,4060000.0,1
1908800.0,15,667.61,3774000.0,1
617300.0,21,239.75,14145000.0,1
5705000.0,2,447.61,12589000.0,1
6344600.0,6,384.8,18975000.0,1
7464500.0,8,592.54,27389000.0,0
5945500.0,22,429.39,18870000.0,1
6254900.0,17,345.97,29514000.0,1
7781500.0,19,43.3,2459000.0,1
1030000.0,11,488.62,19623000.0,0
487800.0,10,470.57,5258000.0,1
9479800.0,3,485.74,2122000.0,1
7556700.0,4,546.47,2556000.0,1
1227000.0,20,934.63,11097000.0,1
7189300.0,20,100.09,23128000.0,0
1805800.0,1,904.24,7262000.0,1
220500.0,10,154.23,21520000.0,1
4679700.0,19,452.38,9719000.0,1
2861600.0,3,50.99,17057000.0,1
9499200.0,6,1.2,22889000.0,1
197500.0,17,936.88,19060000.0,1
3882600.0,5,920.83,29121000.0,1
847900.0,7,610.23,26149000.0,1
2324200.0,20,594.86,6893000.0,1
375900.0,10,55.26,22453000.0,1
1134600.0,17,542.22,17828000.0,0
9041500.0,14,834.49,5144000.0,0
2882200.0,13,776.48,5442000.0,0
9020700.0,23,398.09,19178000.0,0
3036900.0,5,268.29,20095000.0,1
5054300.0,14,894.64,20877000.0,1
2950400.0,11,657.13,29820000.0,1
9167500.0,4,594.82,17475000.0,1
9821100.0,9,888.56,10302000.0,0
984600.0,1,860.16,1490000.0,1
8884800.0,20,699.35,1436000.0,1
4075800.0,14,282.12,21843000.0,1
2464200.0,12,505.93,2366000.0,1
5336200.0,2,388.57,1901000.0,0
2380800.0,0,361.57,25679000.0,1
1108700.0,18,185.49,4983000.0,1
1092900.0,9,68.68,28878000.0,0
1195600.0,22,864.78,11285000.0,1
1548400.0,5,697.79,10634000.0,0
7003400.0,10,233.62,26323000.0,0
416000.0,0,777.97,29011000.0,0
6781600.0,12,448.2,28736000.0,0
869400.0,15,281.51,15545000.0,1
3037200.0,5,365.1,26518000.0,0
4145200.0,16,67.02,14291000.0,1
9034500.0,8,471.69,21877000.0,0
2196300.0,4,221.73,7970000.0,0
9268300.0,19,476.9,6603000.0,1
8438300.0,13,201.9,6283000.0,0
4654100.0,4,377.45,19072000.0,1
4897400.0,14,278.76,1580000.0,1
2980500.0,13,324.66,28112000.0,1
2617200.0,21,313.67,10327000.0,1
783300.0,15,38.08,8471000.0,0
350700.0,11,683.21,6135000.0,0
3596400.0,9,807.33,20820000.0,0
8458100.0,3,308.26,12325000.0,1
2063200.0,1,182.45,17595000.0,0
7568500.0,21,270.52,25827000.0,1
436200.0,7,995.57,18037000.0,0
5563200.0,4,637.19,28520000.0,0
6017000.0,5,285.04,15705000.0,1
6526200.0,5,153.94,10842000.0,1
3715100.0,5,969.79,14950000.0,1
6208400.0,11,400.75,29403000.0,1
2540400.0,12,427.29,26167000.0,0
7145900.0,2,605.06,6933000.0,0
5657400.0,5,744.39,27747000.0,0
4270200.0,13,765.42,22262000.0,1
4923800.0,10,266.78,6205000.0,1
9173300.0,8,311.38,25456000.0,0
3271100.0,21,856.42,29796000.0,1
3384400.0,19,124.31,4828000.0,0
3255800.0,4,13.89,2842000.0,1
373800.0,7,560.1,4875000.0,1
619000.0,10,405.94,1070000.0,1
270700.0,18,942.43,24156000.0,0
6343600.0,6,21.86,29119000.0,0
2839500.0,20,228.29,12974000.0,0
4384100.0,10,684.43,5739000.0,0
8735000.0,5,891.38,19423000.0,1
4064100.0,0,261.21,18494000.0,1
8039400.0,10,876.29,15378000.0,0
4684600.0,19,295.99,8238000.0,1
4151700.0,14,41.84,17343000.0,0
2857200.0,15,275.01,13942000.0,0
8236100.0,10,714.4,4831000.0,0
3782900.0,6,972.13,5583000.0,1
7190800.0,6,658.22,5163000.0,1
868800.0,6,119.45,6498000.0,1
2013300.0,4,716.73,10066000.0,1
9319200.0,8,195.22,6739000.0,0
9984600.0,20,570.64,1804000.0,0
4423700.0,6,699.77,26110000.0,0
9190100.0,10,98.51,21875000.0,1
5871300.0,16,323.45,3031000.0,1
9106400.0,3,136.85,7575000.0,0
8267300.0,3,844.76,13646000.0,1
9761000.0,14,361.29,20796000.0,0
5393200.0,11,376.28,4748000.0,0
9422800.0,10,892.37,28457000.0,1
3215900.0,17,771.81,9084000.0,1
8489000.0,7,620.95,18994000.0,0
5777400.0,14,970.63,6295000.0,0
8542600.0,1,842.8,7529000.0,1
6726900.0,15,851.24,19928000.0,1
2978100.0,22,148.81,24919000.0,0
7359000.0,0,900.42,12669000.0,1
4428800.0,12,449.68,28374000.0,0
3400.0,5,276.88,11336000.0,0
9588600.0,8,267.16,21784000.0,1
9692300.0,18,372.07,12409000.0,1
389400.0,1,236.87,22921000.0,0
363200.0,10,45.68,12532000.0,1
1399600.0,11,719.17,13116000.0,0
6526400.0,23,623.68,18887000.0,1
3520600.0,3,401.5,29080000.0,1
4639300.0,20,373.35,5500000.0,0
1176400.0,6,33.03,10117000.0,1
3027500.0,1,801.64,1861000.0,1
9775400.0,21,71.19,18977000.0,1
4402400.0,8,214.71,21347000.0,1
7594300.0,0,59.57,7663000.0,0
6128500.0,3,189.09,13597000.0,1
9462700.0,20,714.87,7083000.0,1
997800.0,7,386.7,12872000.0,0
654900.0,0,614.28,12679000.0,1
7934900.0,22,657.81,29469000.0,0
1837700.0,12,339.92,21458000.0,0
1437700.0,20,383.64,23284000.0,0
4771100.0,0,998.33,20863000.0,1
5054500.0,5,573.36,3899000.0,1
2884200.0,10,265.65,27743000.0,0
6638900.0,5,647.52,20705000.0,1
7925600.0,17,277.55,19843000.0,0
490000.0,8,803.53,1257000.0,0
8190300.0,2,73.1,1883000.0,1
8361100.0,23,979.03,17208000.0,1
6890000.0,14,637.21,15486000.0,1
6952000.0,16,404.79,22700000.0,1
1813100.0,18,73.53,3076000.0,1
9650800.0,11,590.86,24594000.0,0
9731000.0,0,466.23,29181000.0,1
4135000.0,2,114.3,5950000.0,1
5422200.0,3,643.32,6019000.0,1
7925500.0,1,895.47,15452000.0,1
7837200.0,12,182.26,10778000.0,0
6845000.0,6,923.82,29837000.0,1
2583000.0,18,806.58,26336000.0,0
147600.0,1,832.41,24875000.0,1
8992900.0,17,642.7,28194000.0,0
2769500.0,13,701.82,1629000.0,0
2287000.0,5,556.42,5509000.0,1
4768100.0,14,811.75,20663000.0,0
4700000.0,1,701.0,5064000.0,1
7748300.0,13,657.77,3987000.0,0
1938600.0,8,604.76,28274000.0,1
8117500.0,15,512.39,8269000.0,1
8043400.0,11,6.36,12008000.0,1
2568500.0,23,432.86,7129000.0,1
5133300.0,15,720.98,17668000.0,0
8919700.0,17,534.59,5144000.0,1
4711100.0,5,89.68,25714000.0,0
3141400.0,0,909.12,23121000.0,1
4913100.0,20,537.98,7481000.0,0
8448300.0,15,337.51,24532000.0,1
1958500.0,12,61.12,5714000.0,0
5958200.0,20,65.62,18064000.0,1
7892600.0,2,532.08,28197000.0,0
7125800.0,9,864.17,3217000.0,0
190300.0,6,643.06,24385000.0,0
1873400.0,15,584.67,7367000.0,1
5566000.0,7,761.65,1097000.0,0
5462800.0,4,386.45,19195000.0,1
58900.0,11,555.01,15633000.0,0
5181600.0,20,679.73,18597000.0,1
3276900.0,7,284.15,17835000.0,0
2726000.0,4,876.76,22463000.0,0
130300.0,23,208.43,8780000.0,1
6026600.0,8,402.26,8317000.0,0
821700.0,18,659.08,19817000.0,1
7420500.0,13,222.9,11358000.0,0
1014200.0,7,318.8,4602000.0,0
1132600.0,1,343.69,29270000.0,0
9124600.0,0,404.12,13382000.0,0
6511200.0,6,10.25,9321000.0,0
5053700.0,2,653.13,29372000.0,0
5600200.0,22,922.43,7881000.0,1
3106500.0,17,648.58,29069000.0,1
3803400.0,20,406.71,26123000.0,0
7234600.0,22,87.23,16686000.0,0
3525400.0,12,303.67,28935000.0,0
5851400.0,9,34.42,22482000.0,1
6886000.0,7,398.58,1977000.0,0
3403900.0,2,799.99,21724000.0,0
6357100.0,15,177.37,23470000.0,1
3548900.0,8,135.43,28641000.0,1
94000.0,5,382.88,14077000.0,0
1781600.0,19,575.53,12985000.0,1
9066000.0,5,415.37,21583000.0,0
3461400.0,1,616.05,21121000.0,0
5217000.0,11,372.71,26750000.0,0
8090200.0,11,202.53,20062000.0,1
7934100.0,5,694.0,18170000.0,0
7770100.0,12,88.98,8245000.0,0
3014800.0,16,554.72,16242000.0,0
6229100.0,16,3.01,2278000.0,1
7527200.0,0,890.98,1460000.0,1
6069300.0,22,447.87,6911000.0,1
3774800.0,3,370.82,5992000.0,1
6736000.0,5,385.23,12200000.0,0
2955400.0,10,916.2,18145000.0,0
5847600.0,23,691.36,25397000.0,1
7155300.0,11,611.83,23304000.0,0
5299400.0,7,457.27,24913000.0,0
7869600.0,21,625.97,9332000.0,1
3838300.0,11,905.64,1954000.0,0
5739000.0,4,753.12,22382000.0,0
4202000.0,4,36.24,19049000.0,1
9624900.0,20,911.62,11959000.0,1
1922300.0,10,694.74,11311000.0,0
3881500.0,23,795.61,17204000.0,1
7001000.0,7,82.69,24487000.0,0
8275300.0,12,576.02,19408000.0,1
8206100.0,21,312.63,15078000.0,0
2409200.0,15,481.2,2690000.0,1
6972300.0,5,562.2,20101000.0,0
341600.0,15,73.89,18171000.0,1
7013700.0,23,858.79,18278000.0,0
4741200.0,19,725.54,23801000.0,0
7606400.0,23,762.21,10400000.0,1
1292100.0,4,3.07,8134000.0,0
3724600.0,5,223.58,2899000.0,1
7653600.0,0,334.5,1912000.0,1
791200.0,8,870.35,21785000.0,0
7927000.0,21,208.22,29439000.0,0
2523400.0,4,162.42,21418000.0,0
9958800.0,21,316.35,2668000.0,1
8008600.0,10,946.45,18371000.0,1
7618500.0,12,905.98,14469000.0,1
631800.0,23,629.37,15822000.0,0
3367400.0,3,828.25,21461000.0,1
7112100.0,13,154.47,19954000.0,1
1731100.0,3,22.36,19550000.0,1
8849700.0,4,355.75,1422000.0,1
9543300.0,18,932.67,17667000.0,1
668600.0,9,385.69,15131000.0,1
6722800.0,0,966.28,4442000.0,0
9304400.0,23,269.54,3213000.0,0
1804000.0,9,60.85,16737000.0,0
3224100.0,0,690.69,10269000.0,1
6448900.0,10,310.85,19722000.0,0
7080900.0,2,479.09,14844000.0,0
7498500.0,20,344.4,5160000.0,0
4152500.0,3,375.51,29649000.0,0
2950200.0,0,917.49,25212000.0,0
9713500.0,21,919.46,14903000.0,0
1173400.0,19,705.29,26714000.0,0
5172000.0,13,141.51,9007000.0,1
5823300.0,0,626.87,18420000.0,0
6649600.0,8,404.24,24535000.0,1
9907700.0,9,965.11,17550000.0,1
6738000.0,0,68.76,7144000.0,0
8788800.0,10,81.06,6226000.0,1
6433700.0,19,44.58,13172000.0,0
2547900.0,3,207.84,20755000.0,1
2224400.0,10,214.0,7621000.0,0
9701100.0,18,165.34,8220000.0,0
6563900.0,17,406.39,10416000.0,1
2121800.0,23,376.66,7614000.0,0
3995900.0,10,916.5,10589000.0,1
7967500.0,8,844.28,24249000.0,1
5790600.0,17,493.28,22147000.0,1
2639900.0,4,932.89,23403000.0,0
7862600.0,22,387.78,18674000.0,1
2309600.0,22,5.33,2169000.0,1
3906000.0,1,243.07,16039000.0,1
1531300.0,4,103.32,22652000.0,0
3250200.0,23,974.5,21559000.0,0
7954800.0,8,109.06,26136000.0,1
7403700.0,14,90.27,28944000.0,0
8373000.0,5,426.58,9644000.0,0
1190600.0,17,555.8,22281000.0,0
4690900.0,14,624.7,9356000.0,0
1812000.0,8,365.59,24611000.0,0
1905800.0,1,681.11,7020000.0,1
3931400.0,0,817.35,9476000.0,1
1104800.0,15,613.62,15731000.0,1
972600.0,2,647.31,28168000.0,0
5541600.0,1,812.3,25392000.0,1
4055800.0,2,569.21,16292000.0,0
7168700.0,1,355.7,18815000.0,0
4463500.0,5,708.95,13725000.0,1
4437500.0,11,723.27,11964000.0,0
6191700.0,16,976.18,4868000.0,0
8862000.0,17,108.89,7734000.0,0
6948600.0,23,665.7,1453000.0,0
9862600.0,0,139.69,16293000.0,0
7637000.0,13,356.22,19371000.0,0
5701300.0,21,76.52,20716000.0,1
3805800.0,1,643.82,27967000.0,0
3069900.0,13,396.09,17745000.0,1
3044200.0,7,658.24,16046000.0,1
1623900.0,5,538.85,8135000.0,0
5814100.0,7,192.54,18594000.0,0
504900.0,12,158.78,25609000.0,1
4521500.0,9,839.72,26187000.0,1
1488300.0,7,832.91,18763000.0,0
1514600.0,15,161.66,18817000.0,1
1215900.0,0,856.19,18624000.0,0
8219600.0,11,389.74,23508000.0,1
2061200.0,4,889.64,26204000.0,1
8555700.0,5,749.06,23890000.0,1
8864700.0,23,68.07,20302000.0,0
3042800.0,17,16.6,19091000.0,0
4208800.0,2,374.17,4688000.0,1
5530700.0,1,507.32,15648000.0,1
2340800.0,23,543.61,4162000.0,1
5425100.0,20,164.3,4174000.0,0
8945000.0,12,625.5,3247000.0,1
4004600.0,14,192.04,17109000.0,1
9292900.0,3,149.51,28655000.0,0
3074500.0,4,213.83,21397000.0,1
9794800.0,14,201.19,6939000.0,0
7544400.0,13,286.23,25818000.0,0
9163200.0,16,669.6,7879000.0,0
393800.0,4,811.07,21334000.0,0
4736000.0,23,348.25,22604000.0,0
5417100.0,18,842.32,13437000.0,0
8870100.0,16,939.9,25206000.0,1
8059700.0,16,600.29,18975000.0,1
6045800.0,6,829.52,5977000.0,1
8839500.0,6,391.47,16145000.0,0
7767500.0,3,797.22,2874000.0,1
1606900.0,1,490.02,9723000.0,0
8159700.0,4,836.48,20125000.0,1
1592300.0,22,276.68,16969000.0,0
3796500.0,5,749.35,25851000.0,0
6730600.0,17,448.48,15741000.0,0
7213300.0,22,807.09,9516000.0,0
8036300.0,11,794.93,28804000.0,0
7908600.0,1,240.91,24160000.0,0
9110300.0,12,725.61,3901000.0,0
4993500.0,7,10.35,7775000.0,0
6804300.0,18,372.53,14374000.0,1
9703400.0,10,279.26,3297000.0,1
3268600.0,3,707.41,12980000.0,0
2482500.0,7,968.26,12151000.0,0
2718400.0,18,878.2,5473000.0,0
7106000.0,11,575.2,22518000.0,0
1912600.0,3,576.01,1911000.0,0
7566800.0,8,584.45,27657000.0,1
3978900.0,11,382.65,1001000.0,1
9665200.0,23,188.61,21770000.0,0
4513500.0,11,435.07,5505000.0,0
603700.0,7,5.24,14924000.0,1
2242800.0,23,10.38,3002000.0,0
7120400.0,23,63.29,4039000.0,0
2286400.0,17,145.31,22690000.0,1
3269200.0,7,951.83,24670000.0,0
2057600.0,4,934.9,29855000.0,0
8384400.0,8,431.4,11471000.0,0
5494200.0,15,73.64,26427000.0,1
7512000.0,21,197.89,23144000.0,0
9438200.0,16,335.51,24863000.0,1
6974400.0,14,983.75,29201000.0,0
8271500.0,19,314.64,8935000.0,1
1666600.0,10,357.93,15632000.0,1
5224600.0,20,746.07,4668000.0,1
9348100.0,14,446.08,8387000.0,1
3223200.0,13,493.38,26865000.0,1
1753600.0,14,110.37,7058000.0,1
5998600.0,6,336.5,5232000.0,1
9274500.0,8,741.39,26500000.0,1
647900.0,7,636.52,20011000.0,0
7396000.0,14,720.89,4295000.0,0
8791100.0,1,308.74,15313000.0,0
8358000.0,6,341.15,1056000.0,0
4190600.0,14,268.34,18377000.0,0
9794600.0,16,919.24,3739000.0,0
9274100.0,6,728.2,4359000.0,1
1522700.0,19,973.1,21878000.0,1
6449800.0,15,663.95,5586000.0,0
3258900.0,10,907.76,14139000.0,1
3086800.0,14,988.12,9533000.0,0
2987700.0,1,308.92,13819000.0,0
2319300.0,0,230.93,16022000.0,1
7175300.0,8,749.52,20517000.0,1
3674100.0,11,12.44,4381000.0,1
4991300.0,16,961.12,21421000.0,0
6806400.0,8,515.52,22545000.0,1
2652000.0,6,950.89,10169000.0,1
312400.0,9,561.54,8092000.0,0
6731300.0,12,929.57,26271000.0,0
3805700.0,15,585.0,3387000.0,0
210500.0,13,818.62,14459000.0,0
2382800.0,20,102.22,21037000.0,1
2275300.0,18,137.22,2259000.0,1
8173000.0,15,224.01,29894000.0,0
1007900.0,2,449.91,7598000.0,0
5189100.0,15,290.82,29969000.0,1
8307400.0,11,762.26,27579000.0,0
7714700.0,7,396.65,28492000.0,1
3813400.0,10,723.73,17681000.0,0
9277500.0,18,293.25,13727000.0,0
7830800.0,2,757.55,15311000.0,1
829100.0,18,321.1,25079000.0,1
9189800.0,5,538.03,17303000.0,1
9027500.0,17,20.94,4457000.0,1
8188900.0,20,726.67,17147000.0,0
7392700.0,9,386.61,25496000.0,1
1457100.0,8,723.23,12985000.0,0
5013500.0,23,495.72,21145000.0,0
1417100.0,16,701.12,17212000.0,0
2505300.0,15,200.36,27324000.0,0
6324200.0,14,645.79,2457000.0,1
7751600.0,21,860.67,7649000.0,0
3317200.0,2,543.04,12347000.0,0
1534000.0,17,931.96,11161000.0,1
9756400.0,4,338.29,13217000.0,0
2019900.0,9,267.66,22103000.0,0
526600.0,6,593.3,5219000.0,1
2152900.0,12,392.3,16668000.0,0
1732900.0,10,436.18,13159000.0,1
6430400.0,13,766.16,26364000.0,0
8566000.0,6,827.11,17850000.0,1
5746400.0,9,114.71,19907000.0,0
8611500.0,12,358.33,20279000.0,1
6144100.0,22,13.03,12463000.0,0
1074200.0,18,515.71,7044000.0,1
3707300.0,3,30.55,7484000.0,0
9751800.0,14,888.44,29859000.0,1
4838600.0,0,657.59,19489000.0,0
1377100.0,1,268.95,14404000.0,1
853200.0,20,372.3,21716000.0,0
6239300.0,9,488.32,25935000.0,1
8662900.0,10,237.85,24485000.0,0
6741000.0,21,161.8,24125000.0,1
9044700.0,15,848.21,2697000.0,1
4052200.0,11,321.8,4492000.0,0
1842900.0,17,833.9,14970000.0,0
4263300.0,15,292.2,16101000.0,0
5850300.0,16,383.7,1849000.0,1
4190300.0,0,754.54,25285000.0,0
9396700.0,18,778.86,29133000.0,1
3994100.0,14,457.17,25124000.0,1
2563100.0,22,554.99,21374000.0,1
2185600.0,10,891.76,29340000.0,1
8408500.0,7,56.57,9413000.0,0
5772400.0,23,26.12,4986000.0,1
5911900.0,22,111.27,22051000.0,0
3435300.0,2,930.39,3004000.0,1
5824200.0,20,660.54,5766000.0,0
2863900.0,16,74.45,20338000.0,0
95600.0,8,254.67,13268000.0,1
8092100.0,1,924.0,5509000.0,1
6634300.0,2,788.42,10620000.0,1
4360100.0,14,50.19,9105000.0,0
3458300.0,0,486.42,29095000.0,0
4718100.0,1,677.69,14445000.0,0
9445400.0,12,698.69,19346000.0,0
1988000.0,21,326.17,28457000.0,1
7400900.0,5,125.86,27114000.0,0
6991500.0,17,413.88,27886000.0,0
7305700.0,12,387.84,8458000.0,0
3803700.0,5,544.54,13189000.0,0
848900.0,21,762.07,13313000.0,1
7235500.0,14,598.53,17942000.0,1
6754700.0,5,142.25,19491000.0,0
9410700.0,7,626.89,26248000.0,1
8491300.0,14,999.61,3072000.0,0
6900700.0,15,413.44,19222000.0,1
4023100.0,21,193.66,27729000.0,1
6582400.0,13,674.39,1257000.0,0
4784700.0,0,661.34,26446000.0,1
4828500.0,1,118.4,25467000.0,0
4360700.0,14,14.31,3780000.0,0
6308800.0,16,632.85,1107000.0,1
3895400.0,18,308.01,21537000.0,0
837200.0,8,820.97,25508000.0,0
4660000.0,1,520.41,6928000.0,0
2780200.0,16,299.45,8692000.0,0
4240300.0,22,565.57,6402000.0,0
3886600.0,10,467.69,1289000.0,0
7671900.0,15,503.54,1196000.0,0
9818300.0,8,568.77,14422000.0,1
1985200.0,8,661.58,18769000.0,1
2658000.0,23,365.72,6893000.0,1
716900.0,4,379.1,6675000.0,0
8154000.0,22,828.6,26033000.0,1
4082400.0,1,616.04,15787000.0,0
692200.0,11,477.38,23279000.0,1
8849900.0,17,958.35,14296000.0,1
4917700.0,1,723.42,20839000.0,0
9214600.0,17,439.34,29725000.0,0
1989300.0,4,868.74,19893000.0,0
4657900.0,3,870.43,4419000.0,0
2198300.0,6,683.43,7535000.0,1
5816800.0,1,342.65,4802000.0,1
9414600.0,21,882.8,25692000.0,0
7336700.0,9,639.8,8515000.0,0
3557900.0,1,643.37,22005000.0,0
5472800.0,10,598.18,27494000.0,1
1724500.0,18,302.06,6262000.0,1
4629500.0,6,996.64,2365000.0,0
5652000.0,15,290.2,8488000.0,1
9380100.0,18,159.64,26953000.0,0
7632700.0,3,208.53,11571000.0,1
7925700.0,14,825.22,20828000.0,0
4836000.0,14,397.24,16648000.0,1
4371600.0,18,834.7,20210000.0,0
3340300.0,10,162.77,11850000.0,0
514700.0,16,605.43,22801000.0,1
2903700.0,20,120.35,18985000.0,0
2030700.0,11,550.6,13775000.0,0
5251500.0,4,903.55,27666000.0,0
6701900.0,19,635.69,28170000.0,0
8096900.0,3,592.4,1201000.0,1
4772500.0,9,151.52,10063000.0,0
9509700.0,6,390.02,21139000.0,1
4493000.0,11,484.34,5087000.0,0
7086400.0,2,519.04,22456000.0,0
896300.0,9,835.07,12550000.0,0
2151100.0,10,81.79,5827000.0,1
5652100.0,8,876.84,5464000.0,1
1942300.0,14,406.13,28693000.0,1
7809600.0,7,945.7,29625000.0,1
4306100.0,5,674.76,20126000.0,0
1350400.0,20,128.74,20488000.0,1
7699700.0,6,329.07,12702000.0,0
8176600.0,3,313.86,4704000.0,0
737900.0,3,913.64,22760000.0,1
2774900.0,4,73.54,17031000.0,1
7135000.0,9,457.33,17832000.0,1
8016700.0,19,616.62,18635000.0,1
1411800.0,13,950.8,18990000.0,0
9417300.0,18,231.52,15782000.0,0
9184300.0,7,829.05,9631000.0,1
2500100.0,0,888.24,9556000.0,1
6936500.0,14,381.94,6260000.0,1
7857000.0,16,403.71,19863000.0,1
1843200.0,19,124.94,23244000.0,1
7200000.0,7,876.14,8329000.0,0
9325300.0,23,751.26,6850000.0,0
5798200.0,16,632.08,29744000.0,1
7202300.0,4,540.56,25635000.0,1
2980900.0,1,81.58,16148000.0,1
7378600.0,8,748.1,17668000.0,0
152000.0,15,550.96,12009000.0,1
1331100.0,16,26.56,17327000.0,1
2124700.0,23,421.64,26447000.0,1
4541200.0,11,265.02,22076000.0,0
6643200.0,14,518.13,24581000.0,1
1038900.0,8,547.85,12110000.0,1
4756400.0,5,448.85,23010000.0,0
6390400.0,22,754.99,23736000.0,0
4660900.0,5,521.8,20057000.0,1
6288600.0,17,506.5,18403000.0,1
7989500.0,10,535.5,9446000.0,1
1369200.0,11,550.25,2927000.0,1
8774900.0,17,306.23,25943000.0,1
8271600.0,22,162.96,17619000.0,0
2077400.0,16,506.93,28059000.0,0
4856300.0,23,478.69,22892000.0,0
5770500.0,6,320.0,26266000.0,1
6442200.0,11,740.44,21694000.0,1
4431900.0,1,381.85,18255000.0,1
2710500.0,14,162.52,16548000.0,0
9568500.0,4,244.77,21392000.0,1
3004800.0,18,220.75,5775000.0,0
2677200.0,2,114.95,21922000.0,1
5078300.0,14,206.18,15021000.0,1
6340400.0,22,663.56,8637000.0,1
7672500.0,16,97.31,15280000.0,1
7231400.0,18,373.5,2361000.0,0
3856700.0,8,0.98,25810000.0,1
2110000.0,7,151.54,18085000.0,1
1434700.0,9,353.13,28287000.0,0
5544700.0,4,864.34,27310000.0,0
630100.0,15,831.09,4042000.0,0
8561000.0,20,852.3,14369000.0,0
8462800.0,6,371.01,9965000.0,0
9034800.0,14,885.75,27022000.0,0
7123600.0,13,599.68,2900000.0,1
4674400.0,17,654.38,14578000.0,0
5631800.0,17,472.55,11497000.0,1
2130500.0,6,409.9,19132000.0,1
2991300.0,3,725.61,26045000.0,0
3351600.0,0,114.87,28171000.0,1
5179400.0,13,203.49,11672000.0,0
8167700.0,16,125.77,19924000.0,0
9384600.0,23,803.2,29763000.0,0
7611000.0,7,525.37,8003000.0,1
7677400.0,11,639.71,20688000.0,1
9005600.0,1,506.82,8827000.0,1
3452700.0,12,831.97,5471000.0,0
5316700.0,9,644.63,16581000.0,1
9214500.0,19,469.07,15571000.0,1
8576000.0,4,334.6,20472000.0,1
3809500.0,19,297.21,26953000.0,1
8141300.0,7,514.43,15581000.0,1
3265100.0,17,670.13,26832000.0,1
4534900.0,16,421.89,8213000.0,1
9845600.0,13,791.72,1679000.0,1
9222900.0,10,381.15,24630000.0,0
9902100.0,7,303.13,28567000.0,1
6170200.0,16,877.42,27349000.0,0
1984400.0,22,821.89,28037000.0,1
4173300.0,4,118.81,25151000.0,1
8573100.0,15,417.67,1653000.0,1
2289100.0,11,547.36,3746000.0,0
1702200.0,2,616.47,5075000.0,0
6806600.0,9,247.69,17582000.0,1
2468500.0,2,541.02,2990000.0,1
280800.0,11,324.63,11712000.0,1
1133500.0,20,930.32,9039000.0,1
9660400.0,23,290.64,8814000.0,1
3689000.0,5,998.65,15843000.0,1
3313100.0,16,364.56,18676000.0,0
5914500.0,14,603.1,15242000.0,0
6157000.0,17,805.58,16276000.0,1
9977000.0,8,454.94,14217000.0,0
3187200.0,18,65.36,20998000.0,0
6026300.0,11,911.56,13053000.0,0
3030800.0,19,257.89,9859000.0,1
9889700.0,5,45.62,9726000.0,0
5574400.0,19,622.11,2865000.0,0
2964500.0,18,822.21,29550000.0,0
9918100.0,10,433.68,9378000.0,1
6929300.0,3,630.98,6418000.0,1
6405400.0,13,870.61,16888000.0,1
5555600.0,18,197.46,28710000.0,0
8234100.0,1,547.47,29072000.0,0
9536100.0,8,817.82,25622000.0,1
6412500.0,18,667.7,12911000.0,1
9933800.0,0,715.66,3309000.0,0
9589900.0,8,617.93,23065000.0,1
1686500.0,12,842.13,16516000.0,1
7638400.0,17,50.25,7914000.0,0
9057500.0,3,913.4,22357000.0,1
1161600.0,22,253.53,29862000.0,1
1925300.0,0,134.45,19337000.0,1
1709000.0,14,440.88,7381000.0,1
5313800.0,22,523.29,27584000.0,0
809700.0,3,857.53,29106000.0,1
1852100.0,11,469.15,29006000.0,1
2636300.0,10,373.11,3974000.0,1
7494500.0,2,386.45,28767000.0,1
2136500.0,7,866.3,29787000.0,0
9264900.0,1,3.54,29816000.0,0
1068500.0,12,422.05,18319000.0,1
6358200.0,9,626.93,23701000.0,1
4838900.0,0,882.44,26804000.0,1
1450800.0,1,220.6,3217000.0,1
3317600.0,13,7.62,28157000.0,1
6958400.0,3,207.08,22925000.0,1
5753700.0,23,919.65,13082000.0,0
2604600.0,1,833.94,19230000.0,1
4944900.0,6,754.93,20288000.0,0
1416100.0,2,64.19,22928000.0,1
1543500.0,4,85.79,17958000.0,1
3146400.0,6,892.23,4038000.0,1
2568200.0,17,399.33,7147000.0,1
3394800.0,4,520.28,16215000.0,1
7497600.0,12,249.48,6211000.0,0
195600.0,4,304.05,12796000.0,0
6502400.0,12,624.34,8722000.0,1
1049800.0,2,409.53,23921000.0,1
9872400.0,23,546.84,13119000.0,1
974000.0,13,175.96,3252000.0,1
5818900.0,7,319.69,24031000.0,0
7605700.0,16,870.88,7981000.0,0
689200.0,10,152.65,22081000.0,0
3343600.0,0,762.71,14660000.0,1
5445900.0,23,151.23,24176000.0,1
8363700.0,14,184.15,11408000.0,1
4334700.0,11,152.53,8261000.0,1
2370700.0,19,541.0,28786000.0,1
7095300.0,9,578.71,12210000.0,1
283100.0,21,0.44,17187000.0,1
7197500.0,10,524.21,14176000.0,1
1564800.0,6,136.73,1389000.0,0
4802900.0,22,315.29,21787000.0,1
3830900.0,21,770.57,18112000.0,1
3258000.0,23,951.83,25866000.0,1
5763400.0,6,318.19,14108000.0,1
4755000.0,22,973.9,26984000.0,0
8615100.0,17,62.92,26144000.0,0
6715200.0,4,160.12,3719000.0,0
4402200.0,20,48.99,22266000.0,0
672100.0,13,613.81,1531000.0,1
232200.0,11,47.02,7026000.0,1
1045800.0,0,495.03,4905000.0,1
8429900.0,6,671.6,7063000.0,1
2695500.0,20,451.77,23426000.0,0
5416900.0,1,454.08,8435000.0,0
5146800.0,8,966.77,7758000.0,0
3814500.0,12,271.93,15898000.0,0
5596900.0,17,821.21,17179000.0,1
8242700.0,15,73.78,6300000.0,1
6256600.0,0,511.77,9750000.0,0
6657300.0,11,177.54,1506000.0,1
9516700.0,11,635.81,12812000.0,1
5884400.0,14,197.54,11413000.0,0
3063000.0,17,545.54,24876000.0,0
130500.0,10,226.06,21207000.0,0
2715500.0,0,304.15,11174000.0,1
5577600.0,2,901.98,19725000.0,0
8830800.0,5,641.56,12512000.0,1
872200.0,2,542.66,29083000.0,0
1498100.0,11,733.49,11549000.0,0
4000800.0,11,816.98,17399000.0,1
3040900.0,22,706.05,16716000.0,1
3543400.0,11,249.08,23100000.0,1
4379400.0,19,527.43,8019000.0,1
6724200.0,18,687.16,10788000.0,0
2048900.0,10,125.26,27316000.0,1
7360600.0,4,994.03,16300000.0,1
5395200.0,10,565.27,24896000.0,1
599300.0,5,230.07,5938000.0,1
8911600.0,17,88.88,28591000.0,1
3784400.0,22,271.39,7991000.0,1
7490100.0,15,965.31,6971000.0,1
6667900.0,1,792.06,16774000.0,1
2777700.0,10,286.31,15313000.0,0
6908200.0,9,937.88,20750000.0,1
664600.0,16,774.3,14248000.0,0
2162400.0,8,157.65,20080000.0,0
9031700.0,2,546.45,5938000.0,0
1003500.0,4,548.87,15297000.0,1
7085400.0,15,627.49,1138000.0,1
8530200.0,7,558.7,17910000.0,1
4540400.0,7,886.81,3491000.0,1
503700.0,17,849.92,14245000.0,1
8570300.0,7,797.48,26331000.0,1
7213900.0,19,377.98,18281000.0,0
5509100.0,18,58.98,8096000.0,0
1669500.0,7,672.54,11178000.0,0
7443000.0,5,233.28,25494000.0,0
7681600.0,5,50.25,8364000.0,1
2312600.0,1,224.35,22143000.0,0
886000.0,12,384.28,28983000.0,0
7871900.0,1,58.86,10120000.0,0
9013700.0,21,142.21,28616000.0,1
5047700.0,20,405.29,22632000.0,0
1429300.0,2,855.19,15518000.0,1
6443900.0,9,524.62,17513000.0,0
4754000.0,8,798.26,7236000.0,1
5083200.0,17,404.7,3327000.0,1
4091600.0,1,123.02,3874000.0,0
608400.0,0,183.89,21031000.0,0
3832600.0,21,665.97,2983000.0,1
3096700.0,8,424.02,26693000.0,1
7764600.0,21,745.92,7105000.0,1
9283800.0,2,945.17,15625000.0,1
3680600.0,18,848.9,19604000.0,1
7131900.0,5,38.14,9809000.0,1
2463500.0,12,661.69,23988000.0,1
1253400.0,8,78.34,24194000.0,0
377200.0,4,42.11,27908000.0,0
5227300.0,21,785.7,27081000.0,0
8564100.0,20,147.84,14948000.0,0
3040300.0,21,913.96,19800000.0,1
7888800.0,23,431.98,21241000.0,1
7006700.0,15,444.53,19404000.0,1
6221700.0,13,842.21,4768000.0,0
6046600.0,18,798.43,18792000.0,1
2388400.0,15,417.91,23431000.0,0
8820100.0,9,169.62,4848000.0,1
6195800.0,8,678.8,6636000.0,1
9986900.0,20,732.28,6405000.0,0
6475800.0,12,528.31,24591000.0,0
1518800.0,15,14.57,9610000.0,1
6421200.0,14,440.86,1279000.0,0
1678400.0,8,811.75,2346000.0,0
4308700.0,3,957.72,15182000.0,1
4398600.0,1,625.21,13884000.0,0
1764800.0,14,57.27,17614000.0,1
8400000.0,15,565.68,26904000.0,0
1354000.0,5,902.12,28910000.0,1
7516100.0,23,532.06,22875000.0,0
5217100.0,10,369.5,22249000.0,0
7136200.0,19,465.88,28543000.0,0
4828100.0,19,76.32,3462000.0,0
1480600.0,19,805.45,16609000.0,1
6165200.0,19,762.67,18428000.0,0
5919900.0,23,138.56,16406000.0,1
3777800.0,12,541.76,19641000.0,1
2331900.0,2,955.69,19202000.0,0
2435500.0,3,179.05,7266000.0,1
685400.0,11,62.54,9771000.0,0
4079600.0,6,889.64,1853000.0,1
8959800.0,9,216.69,10333000.0,0
6146000.0,13,966.51,2606000.0,1
504000.0,5,100.09,5157000.0,0
5343800.0,7,29.29,2045000.0,0
9894200.0,7,178.74,17147000.0,0
6173300.0,17,229.19,11313000.0,1
2852700.0,20,387.22,20300000.0,1
1357100.0,1,26.19,11796000.0,1
6669300.0,18,74.16,2073000.0,0
1176800.0,17,275.21,24712000.0,1
1215000.0,18,768.64,24229000.0,1
3003700.0,19,831.9,29839000.0,0
2827300.0,1,829.31,24271000.0,0
9641600.0,22,4.92,22898000.0,1
6650300.0,20,324.57,24929000.0,1
3658000.0,13,401.51,24920000.0,0
9374800.0,1,631.08,15677000.0,0
8425400.0,4,539.26,9471000.0,1
9735000.0,5,636.45,26678000.0,1
7485400.0,13,510.84,5122000.0,0
1036200.0,5,531.99,7145000.0,0
5464200.0,0,322.26,24225000.0,1
3999200.0,6,471.95,17773000.0,1
7589600.0,5,320.61,13799000.0,1
156800.0,3,637.29,3365000.0,0
7288400.0,11,325.54,14523000.0,1
8906000.0,2,45.51,10345000.0,0
9137600.0,15,907.81,17027000.0,1
3439300.0,12,279.41,26964000.0,0
2238600.0,6,705.02,2872000.0,0
8014600.0,8,497.45,11544000.0,1
7784600.0,18,519.39,7123000.0,1
4701900.0,6,563.95,15620000.0,1
7483900.0,19,755.1,3239000.0,0
7077300.0,13,383.36,17448000.0,1
546400.0,20,450.74,25418000.0,0
8945800.0,18,669.16,8972000.0,0
3282200.0,17,290.17,11039000.0,1
244400.0,1,863.01,17305000.0,0
7145900.0,5,90.65,25398000.0,1
8679400.0,8,552.17,6404000.0,0
7355900.0,18,110.24,13598000.0,1
9855400.0,4,916.73,7855000.0,1
7496100.0,16,654.67,4155000.0,0
3941500.0,6,976.45,8398000.0,0
5239500.0,14,769.48,20507000.0,0
498900.0,0,78.58,8753000.0,1
8212400.0,12,16.03,25974000.0,0
4137100.0,15,799.48,25234000.0,0
4278800.0,14,183.39,3151000.0,1
6451500.0,14,271.02,9673000.0,1
3730300.0,5,768.54,12787000.0,0
5962000.0,8,604.86,10974000.0,1
8692100.0,6,450.12,12427000.0,1
2941000.0,2,903.69,11180000.0,1
6006800.0,13,245.4,23481000.0,1
2430100.0,21,807.13,22815000.0,1
6125900.0,20,881.1,3999000.0,0
9182100.0,4,827.03,12211000.0,1
3937300.0,23,202.61,4043000.0,1
251300.0,16,397.0,4695000.0,0
2257800.0,10,483.78,29038000.0,1
5358400.0,3,702.39,20867000.0,0
3573400.0,7,487.15,27765000.0,1
5366500.0,8,169.83,24408000.0,0
6398400.0,23,216.24,11544000.0,0
1402800.0,16,13.85,15478000.0,1
2464800.0,6,755.98,9086000.0,1
5452600.0,20,775.86,29224000.0,1
1443200.0,16,79.94,18570000.0,1
7236700.0,23,675.42,20030000.0,0
5161100.0,4,184.05,19163000.0,1
6475000.0,23,248.27,23654000.0,0
1586600.0,17,384.99,6601000.0,1
9362100.0,8,604.24,8454000.0,0
9766700.0,2,932.01,8866000.0,1
6549300.0,10,307.76,1203000.0,1
3683600.0,18,514.58,12642000.0,1
7164000.0,7,330.8,14836000.0,0
3302000.0,20,338.99,15943000.0,0
6576900.0,22,45.78,11009000.0,1
4226900.0,15,101.63,6538000.0,0
6407000.0,18,610.71,1175000.0,0
9040700.0,2,52.7,13469000.0,0
2567900.0,16,10.86,17045000.0,1
5304600.0,7,19.92,15417000.0,0
3129900.0,6,365.19,13145000.0,0
9017500.0,5,39.9,14244000.0,1
9492500.0,22,563.46,15824000.0,1
3253300.0,15,300.11,8246000.0,0
7318900.0,0,662.42,3360000.0,1
2410900.0,15,684.51,17151000.0,1
5025600.0,8,735.53,19491000.0,1
6648600.0,10,631.31,1494000.0,1
7233300.0,19,628.55,2994000.0,0
9378600.0,1,274.76,4952000.0,1
5028300.0,23,619.02,20083000.0,0
4412400.0,8,9.33,2775000.0,1
6492800.0,6,723.13,17437000.0,1
4316500.0,10,621.94,8793000.0,0
9319800.0,15,496.94,21363000.0,1
8062400.0,16,659.36,15110000.0,1
4624800.0,11,445.11,2716000.0,0
5953800.0,1,345.81,11799000.0,0
1798900.0,14,355.37,5078000.0,1
6109800.0,4,829.72,5987000.0,0
9279300.0,16,814.78,6745000.0,0
7709300.0,15,489.27,23793000.0,1
5709900.0,13,747.93,3612000.0,1
9424100.0,11,414.54,11928000.0,0
6251300.0,7,273.36,15596000.0,0
8018200.0,23,974.79,9675000.0,1
9261300.0,2,663.35,21262000.0,0
2103300.0,14,144.34,12147000.0,0
7545800.0,7,199.49,1832000.0,1
6041300.0,5,901.32,18147000.0,1
8954500.0,17,542.14,13099000.0,0
8779300.0,3,911.06,1136000.0,1
8943400.0,6,636.61,19287000.0,1
35400.0,15,476.68,19930000.0,0
1644200.0,20,518.15,6529000.0,0
7592600.0,10,915.21,5530000.0,1
858700.0,13,874.06,4247000.0,0
8270100.0,6,568.03,10847000.0,0
176300.0,8,793.64,25877000.0,0
4838500.0,22,108.02,7428000.0,0
8070500.0,11,802.2,11301000.0,0
8760300.0,1,769.36,5342000.0,1
3954600.0,4,541.4,17173000.0,0
9849700.0,21,46.08,4076000.0,1
5998500.0,11,585.56,16398000.0,0
9313300.0,3,320.15,3754000.0,0
3734400.0,17,495.15,27417000.0,1
3990000.0,0,147.07,17995000.0,1
2999200.0,20,395.68,9875000.0,0
6899200.0,21,400.94,14072000.0,1
895200.0,3,767.94,23586000.0,0
4204500.0,21,340.68,11892000.0,0
8429500.0,4,579.05,16065000.0,1
2819100.0,0,660.78,28210000.0,0
4126100.0,13,490.77,17168000.0,0
4074600.0,9,95.64,13043000.0,1
1194500.0,2,739.58,16565000.0,0
2395200.0,17,540.73,13331000.0,1
9782800.0,14,955.67,11479000.0,1
3634000.0,0,849.02,10739000.0,1
1721900.0,2,71.12,28174000.0,1
1710900.0,21,528.62,21079000.0,1
6335200.0,0,448.12,25633000.0,1
4257000.0,1,318.48,25199000.0,0
337200.0,3,278.75,11693000.0,0
6715500.0,10,933.36,13521000.0,0
6257300.0,17,243.26,25600000.0,1
9213200.0,7,601.76,1874000.0,1
3286500.0,4,255.77,28072000.0,0
6845200.0,0,649.07,24008000.0,0
480000.0,7,790.12,26201000.0,0
5532800.0,21,277.37,7029000.0,0
8448700.0,5,628.5,29074000.0,0
1286400.0,2,330.52,9795000.0,0
9709600.0,17,474.55,18341000.0,0
5071900.0,13,780.35,27162000.0,1
1251000.0,2,739.72,29370000.0,1
5545400.0,13,657.39,15902000.0,1
2304300.0,1,985.93,7087000.0,1
6944400.0,9,672.92,15146000.0,0
2379200.0,20,263.62,11101000.0,0
9642400.0,16,290.22,26657000.0,0
7746900.0,2,635.3,15151000.0,0
8581900.0,4,869.22,10675000.0,1
5571300.0,0,98.7,22603000.0,0
9160500.0,7,802.83,27741000.0,0
1321100.0,17,443.07,14223000.0,1
2243900.0,11,555.82,13097000.0,0
2772500.0,17,240.9,23138000.0,1
6889700.0,11,475.61,4892000.0,1
2274100.0,6,586.1,9013000.0,1
3977100.0,6,402.63,6496000.0,1
6350300.0,4,801.27,27336000.0,1
952200.0,23,635.18,19529000.0,0
3150100.0,11,689.72,5218000.0,0
5838000.0,6,918.54,20876000.0,1
6877800.0,2,260.74,25292000.0,1
1344000.0,0,532.64,24705000.0,0
6895600.0,11,912.48,22903000.0,0
4850400.0,7,819.34,1411000.0,0
7913500.0,0,43.82,19725000.0,1
6383800.0,8,656.04,22023000.0,0
7324400.0,20,489.57,4216000.0,1
647100.0,22,399.26,29367000.0,1
6441700.0,23,294.41,10822000.0,1
1865300.0,4,431.76,6684000.0,0
7607700.0,9,659.13,10021000.0,0
1090100.0,14,984.83,19255000.0,1
6839500.0,22,552.79,27098000.0,1
9845200.0,0,980.66,16052000.0,1
1187100.0,1,46.67,27349000.0,0
164800.0,7,566.06,16863000.0,1
7331900.0,13,855.68,22601000.0,0
1566600.0,8,853.45,27556000.0,0
3500700.0,7,230.94,20054000.0,1
3027100.0,1,898.97,22953000.0,1
25100.0,9,370.0,5346000.0,1
8261100.0,4,688.74,24920000.0,0
8174000.0,13,646.8,12762000.0,0
6459500.0,18,170.19,6361000.0,1
2735900.0,8,347.72,18015000.0,1
8703000.0,14,980.39,17487000.0,1
4189600.0,4,150.89,16478000.0,0
4023000.0,0,273.17,7789000.0,0
8083500.0,23,485.87,10076000.0,0
2997400.0,0,396.5,18461000.0,0
4776000.0,15,653.69,23409000.0,1
9431500.0,10,623.64,17151000.0,0
1947300.0,10,568.59,21219000.0,0
7900.0,6,150.77,22219000.0,0
8097500.0,21,492.35,17048000.0,0
982200.0,23,464.59,9129000.0,1
1797700.0,11,847.8,21652000.0,1
2912000.0,12,882.79,7269000.0,0
637000.0,9,451.15,10112000.0,0
5539700.0,10,664.82,3323000.0,0
8729900.0,17,243.61,15405000.0,1
2438700.0,15,670.07,3548000.0,0
4531400.0,18,460.49,27696000.0,1
9903800.0,4,834.0,16997000.0,1
9781300.0,12,914.71,2751000.0,0
1045400.0,14,755.51,21219000.0,0
7166600.0,8,768.75,23312000.0,0
8971300.0,23,680.91,22823000.0,1
6105900.0,7,795.32,26623000.0,1
9285500.0,19,362.93,16780000.0,0
9788100.0,13,95.62,21754000.0,0
8928100.0,20,213.3,23617000.0,1
9100800.0,7,284.56,19111000.0,1
7436900.0,2,890.13,7021000.0,1
3817900.0,11,351.18,21768000.0,1
821300.0,5,78.85,1092000.0,0
5398100.0,0,832.9,2884000.0,0
5083600.0,9,421.74,24070000.0,1
2203900.0,17,61.46,28290000.0,0
7458700.0,9,54.31,14490000.0,1
9237200.0,19,676.6,4928000.0,1
4846300.0,4,169.61,26356000.0,1
8776400.0,20,266.53,2174000.0,1
6416000.0,16,138.79,25955000.0,1
9964700.0,22,887.97,28283000.0,0
6061100.0,3,488.82,14303000.0,1
8268100.0,15,629.06,14331000.0,1
3407800.0,7,955.3,13329000.0,0
1330400.0,0,769.4,18163000.0,0
3869500.0,0,958.32,8376000.0,0
6806100.0,8,23.88,18880000.0,1
4460800.0,4,118.96,26602000.0,0
6479300.0,2,451.84,24684000.0,0
5036200.0,22,70.64,12741000.0,1
9930400.0,4,336.17,4220000.0,1
1453300.0,1,0.79,26063000.0,1
1332300.0,10,801.03,9270000.0,0
803700.0,18,637.36,3977000.0,0
3944000.0,23,960.0,23067000.0,0
7364500.0,19,649.2,7394000.0,0
7877100.0,12,535.37,5789000.0,1
5083400.0,15,867.62,1005000.0,1
1835600.0,7,278.26,8306000.0,0
583100.0,15,155.15,7403000.0,1
3567600.0,20,530.49,16635000.0,0
5457900.0,5,353.93,15464000.0,1
1854800.0,7,841.8,6217000.0,1
4347800.0,22,718.25,25272000.0,0
4239400.0,9,336.36,24416000.0,0
6044300.0,20,419.93,7482000.0,0
6649000.0,11,58.15,14114000.0,1
4593300.0,14,743.93,9323000.0,0
2888300.0,10,654.03,17847000.0,1
4183400.0,4,126.24,22360000.0,0
5689700.0,11,739.17,6042000.0,0
3996700.0,6,607.6,1144000.0,0
6904000.0,0,263.58,2576000.0,0
4302700.0,12,775.45,6922000.0,1
2366600.0,7,598.65,11835000.0,1
6058500.0,2,52.34,12416000.0,1
4053600.0,14,673.46,15057000.0,0
9699500.0,14,246.88,12343000.0,0
419200.0,3,427.66,7445000.0,1
77500.0,12,731.84,24538000.0,1
5866400.0,10,491.39,8916000.0,0
4995800.0,4,151.93,27315000.0,1
3183800.0,16,213.07,20545000.0,0
3344800.0,7,45.12,25077000.0,0
965000.0,15,108.72,28555000.0,1
4005200.0,17,972.93,13531000.0,0
4351900.0,4,966.16,6740000.0,1
6895900.0,6,504.91,4277000.0,0
9977900.0,8,249.96,1443000.0,0
862300.0,15,818.44,28056000.0,0
2887000.0,9,323.12,22887000.0,0
578300.0,4,39.5,17203000.0,1
4347000.0,8,255.08,3800000.0,1
9920400.0,19,625.81,3312000.0,1
1542100.0,22,607.45,22940000.0,0
8646100.0,1,612.04,6980000.0,1
5547800.0,0,907.63,23799000.0,1
1547300.0,16,143.27,13050000.0,1
3539400.0,12,833.09,8523000.0,0
1245200.0,22,27.48,2130000.0,0
5065600.0,15,926.44,21490000.0,0
3788200.0,6,523.59,17530000.0,0
8852600.0,17,378.86,16451000.0,1
5491800.0,8,489.78,3817000.0,1
3250200.0,14,104.8,1557000.0,1
1420200.0,6,714.84,5313000.0,1
1348200.0,18,109.13,16272000.0,0
4122900.0,7,462.2,24403000.0,1
3095800.0,13,510.33,4791000.0,1
7841300.0,19,237.65,10498000.0,1
8060200.0,12,733.38,26268000.0,1
2476800.0,5,218.81,4718000.0,1
8396500.0,21,318.39,7403000.0,0
474000.0,7,166.23,2257000.0,1
1053000.0,15,320.42,21681000.0,1
3617400.0,1,767.55,13679000.0,1
1002700.0,9,119.25,9884000.0,0
7579600.0,21,713.61,9466000.0,1
8056800.0,23,16.2,5404000.0,0
9775900.0,16,104.83,24992000.0,0
6875700.0,4,996.62,6215000.0,0
1519600.0,15,434.51,10475000.0,1
9254100.0,12,709.54,19336000.0,1
7140300.0,5,108.28,17351000.0,1
6799100.0,1,499.78,26659000.0,0
2982300.0,14,713.63,29258000.0,1
3049600.0,2,595.66,29124000.0,0
5961700.0,19,160.33,1554000.0,1
8129300.0,19,520.83,12934000.0,0
4583900.0,10,919.78,22797000.0,1
2568100.0,21,842.87,21321000.0,0
3517200.0,22,239.05,6874000.0,0
2544200.0,17,244.68,1882000.0,1
8714300.0,7,979.77,3001000.0,0
9669900.0,10,920.08,6893000.0,0
4587000.0,18,254.23,10806000.0,0
5365600.0,3,148.07,24845000.0,1
2144200.0,16,433.73,12047000.0,0
5658500.0,20,923.42,7018000.0,1
5620600.0,16,74.84,17813000.0,1
1046800.0,1,4.11,18973000.0,0
9152300.0,5,964.27,12776000.0,1
1001100.0,19,55.03,26849000.0,1
3952700.0,3,905.79,7931000.0,1
590000.0,22,468.62,15697000.0,0
1424000.0,2,133.78,27952000.0,1
4833000.0,20,886.63,27508000.0,0
316200.0,16,828.76,17843000.0,1
9577500.0,19,879.04,20102000.0,0
7334200.0,15,661.02,11394000.0,0
281500.0,2,292.47,11434000.0,0
7616000.0,3,812.58,21316000.0,0
8662400.0,9,691.7,20256000.0,1
1156500.0,5,557.68,22380000.0,0
7355000.0,7,490.84,1696000.0,1
5533900.0,16,195.11,2587000.0,0
7441300.0,12,869.97,18235000.0,0
3460200.0,20,103.67,12085000.0,0
7530300.0,12,985.15,27251000.0,0
3057300.0,9,45.83,10440000.0,1
7190500.0,9,919.35,22356000.0,1
6507300.0,18,338.08,3333000.0,0
4142100.0,15,293.53,27170000.0,1
3385200.0,6,834.15,17999000.0,1
5551400.0,4,824.62,26604000.0,0
9976100.0,10,153.95,15607000.0,0
1570200.0,20,736.4,9068000.0,1
2959900.0,22,554.69,27887000.0,1
1744000.0,19,709.3,5319000.0,0
4813100.0,0,191.25,20309000.0,0
2083600.0,23,943.03,22373000.0,0
2126600.0,5,929.55,29484000.0,1
9870800.0,22,449.9,12407000.0,1
823200.0,12,533.13,21573000.0,1
6604200.0,18,936.53,3718000.0,0
4782500.0,20,93.29,15406000.0,1
9439100.0,17,333.5,13800000.0,0
7784800.0,9,841.41,8221000.0,1
2209400.0,3,516.33,14335000.0,1
9636000.0,19,762.33,16582000.0,1
3348300.0,14,261.37,21765000.0,0
162900.0,21,367.75,7139000.0,0
6479800.0,10,872.28,24461000.0,0
8545500.0,9,103.42,5370000.0,1
9939800.0,14,966.07,10229000.0,0
402500.0,14,792.2,28148000.0,0
9066800.0,15,114.65,13068000.0,0
1827200.0,19,957.68,29806000.0,1
7748200.0,23,875.28,14718000.0,1
6011900.0,20,373.28,21272000.0,0
5016200.0,6,825.37,4314000.0,0
1518500.0,23,56.52,12800000.0,0
3155400.0,12,374.68,8156000.0,1
1402400.0,4,211.4,9229000.0,1
9770800.0,5,667.89,5405000.0,0
1441500.0,17,730.71,3289000.0,1
4313000.0,5,640.51,8023000.0,0
388800.0,2,873.83,3831000.0,0
5866900.0,1,327.45,17474000.0,0
8628800.0,11,714.24,14080000.0,1
7346400.0,13,559.33,28979000.0,0
1289400.0,12,323.28,9495000.0,0
2739300.0,11,256.78,13864000.0,0
8260600.0,10,235.24,22696000.0,0
8800700.0,19,240.22,9925000.0,0
5399000.0,9,830.38,27743000.0,0
147800.0,22,843.35,25783000.0,1
7558000.0,21,728.8,9001000.0,0
327900.0,0,30.05,7388000.0,0
719900.0,11,31.4,13531000.0,1
6947900.0,19,835.48,15123000.0,0
5502200.0,1,835.03,7681000.0,0
2077500.0,10,780.87,6779000.0,0
3333000.0,16,85.31,9378000.0,0
6875500.0,5,244.79,19955000.0,1
8902600.0,17,833.02,8539000.0,0
5906500.0,1,739.92,6453000.0,0
2970500.0,16,636.0,27970000.0,1
4872800.0,10,859.83,24472000.0,1
9227100.0,0,892.68,24770000.0,1
9818900.0,21,985.18,28389000.0,1
7190000.0,6,420.0,4202000.0,0
8175900.0,11,735.34,26331000.0,0
4007100.0,15,526.52,23496000.0,1
4202600.0,13,914.15,28611000.0,0
8120700.0,3,224.34,24347000.0,0
2608700.0,21,134.09,13298000.0,1
3511000.0,3,614.58,9253000.0,0
5221000.0,5,562.02,26146000.0,0
3822600.0,22,961.02,26240000.0,1
9022400.0,13,932.7,17861000.0,1
9510600.0,3,466.27,24437000.0,0
6799800.0,1,37.94,16491000.0,1
9710000.0,13,890.39,12668000.0,1
4897500.0,18,903.46,4363000.0,0
6945900.0,5,922.7,27494000.0,1
8485100.0,17,648.55,22377000.0,0
9696100.0,3,73.61,20924000.0,1
8380900.0,5,633.45,9042000.0,1
6112000.0,13,277.38,6055000.0,0
9486800.0,19,17.91,27633000.0,0
9693100.0,5,190.64,4796000.0,0
5304200.0,14,783.51,3217000.0,1
3122100.0,7,471.67,13325000.0,1
6656500.0,19,492.43,13209000.0,0
3287700.0,11,348.6,19164000.0,0
1885900.0,20,789.34,12969000.0,0
6924500.0,9,797.24,10084000.0,0
4215000.0,2,264.93,21578000.0,0
9109400.0,3,25.04,10658000.0,1
9838800.0,19,352.83,26888000.0,0
2031400.0,20,868.49,6476000.0,0
3272000.0,1,440.02,21353000.0,0
3643800.0,11,479.19,24184000.0,0
3760200.0,21,521.86,3565000.0,1
5369900.0,4,571.78,1633000.0,1
9848500.0,13,895.47,21852000.0,0
4244900.0,10,419.41,17282000.0,1
2162700.0,6,988.16,19768000.0,0
2418800.0,9,169.11,22503000.0,1
7042000.0,19,460.43,18895000.0,0
640500.0,0,672.2,8054000.0,0
8058800.0,19,575.58,21476000.0,0
7280200.0,8,724.86,2741000.0,0
1957800.0,13,336.49,11041000.0,1
3613300.0,8,896.24,2311000.0,1
2570800.0,1,979.34,16715000.0,0
7751700.0,1,428.3,20433000.0,0
5554200.0,22,302.85,6843000.0,1
9637500.0,0,276.92,23385000.0,1
6293300.0,8,80.28,25304000.0,0
1358300.0,10,914.87,13661000.0,0
2080700.0,23,405.88,12627000.0,0
3089500.0,17,950.89,5463000.0,0
5697000.0,21,817.53,9234000.0,0
9021500.0,9,716.04,2230000.0,0
6581100.0,3,582.87,24964000.0,0
9140500.0,15,985.37,14408000.0,0
1947000.0,23,208.02,22007000.0,1
2844600.0,11,381.52,17531000.0,1
6038000.0,0,232.25,23045000.0,0
1291400.0,19,320.66,12880000.0,0
6422600.0,4,279.88,27284000.0,1
8885000.0,9,19.8,3838000.0,0
8297000.0,10,289.66,3011000.0,1
6915200.0,9,433.1,25037000.0,0
7039100.0,16,223.01,29553000.0,0
4601300.0,13,164.3,17918000.0,1
387700.0,0,646.65,1461000.0,0
8088400.0,2,791.36,26445000.0,1
4482800.0,15,447.87,12185000.0,1
4762200.0,21,791.13,21892000.0,1
4406900.0,17,977.67,13523000.0,0
5078800.0,9,514.86,3206000.0,0
6479300.0,5,858.81,10530000.0,0
4922900.0,7,405.79,2831000.0,0
4411400.0,0,638.28,13129000.0,0
5306100.0,2,175.92,3954000.0,1
3814200.0,15,530.64,22235000.0,0
7914600.0,8,580.42,3962000.0,1
8242900.0,5,686.12,1527000.0,1
1045700.0,14,721.1,20375000.0,0
6161900.0,7,968.45,6802000.0,0
1798000.0,21,141.24,9454000.0,1
1588900.0,17,61.96,2923000.0,0
2992500.0,3,61.9,8262000.0,1
4037300.0,15,856.5,24996000.0,0
274300.0,13,71.81,13685000.0,0
2384500.0,14,379.81,17923000.0,1
828900.0,8,27.32,6138000.0,0
1515600.0,12,480.21,28165000.0,0
3356900.0,20,657.36,29736000.0,1
5399400.0,16,772.18,28982000.0,0
8801800.0,18,524.68,25720000.0,1
8719100.0,23,779.09,13988000.0,1
9826200.0,23,511.76,2939000.0,1
8328100.0,17,497.66,9489000.0,0
344600.0,17,443.14,20247000.0,1
9310600.0,5,11.65,5946000.0,0
4006400.0,23,784.27,11192000.0,1
8797300.0,18,407.56,15163000.0,1
8801800.0,7,338.7,2253000.0,1
181100.0,0,844.13,17463000.0,0
5073600.0,13,686.58,27992000.0,1
8983000.0,22,872.35,13884000.0,1
6742800.0,15,380.64,18721000.0,0
5014000.0,11,433.26,14583000.0,0
581400.0,9,610.41,3114000.0,0
7274300.0,13,959.61,6173000.0,1
2406100.0,17,476.72,29388000.0,1
9005400.0,17,5.77,17724000.0,1
4341900.0,0,952.86,24167000.0,1
2699800.0,21,23.45,24992000.0,1
9632400.0,2,870.73,27595000.0,0
6912800.0,21,458.62,12130000.0,1
1502200.0,23,774.58,2124000.0,0
2806500.0,2,710.39,14411000.0,1
2898600.0,3,191.8,13866000.0,0
932700.0,13,599.84,17803000.0,1
3753300.0,2,92.26,20696000.0,1
1947700.0,13,461.62,26544000.0,1
7684800.0,11,418.78,22539000.0,1
2393200.0,20,42.12,13938000.0,0
9869100.0,15,421.46,24111000.0,1
4180500.0,22,35.54,6815000.0,1
3225600.0,3,176.33,25587000.0,0
9433100.0,12,130.45,13388000.0,0
8324800.0,9,964.68,7505000.0,1
5125400.0,5,871.93,2581000.0,1
3202200.0,9,216.53,20194000.0,1
9548500.0,18,501.19,18276000.0,0
4407800.0,13,639.91,26210000.0,1
6317300.0,17,415.83,2080000.0,0
1781200.0,11,581.7,3728000.0,1
8428100.0,10,336.52,9032000.0,0
3731600.0,23,610.6,14046000.0,1
8334900.0,9,79.03,26896000.0,1
2424600.0,22,794.68,26393000.0,0
1548500.0,15,408.44,22799000.0,0
2274000.0,23,427.93,25533000.0,1
9190800.0,2,285.68,19135000.0,0
6015200.0,23,116.39,11924000.0,1
5389800.0,19,132.81,8845000.0,1
1967400.0,6,870.68,19948000.0,0
9224100.0,16,390.45,2894000.0,1
8042200.0,0,601.22,6620000.0,1
5151000.0,20,100.69,6792000.0,0
7010100.0,15,987.51,12292000.0,1
1117400.0,11,307.1,21311000.0,0
8112400.0,21,801.16,28976000.0,0
7075100.0,22,238.87,21806000.0,0
1266000.0,17,192.32,1631000.0,1
4771100.0,2,90.43,2504000.0,1
9592800.0,1,101.25,6411000.0,0
4353600.0,7,83.54,17474000.0,0
9021400.0,15,324.6,8225000.0,0
7331300.0,11,818.09,18954000.0,0
7803500.0,3,669.68,5694000.0,0
9792400.0,7,495.72,10260000.0,0
8279300.0,13,178.37,11579000.0,0
7796100.0,2,293.73,25326000.0,0
6005800.0,9,531.23,10935000.0,1
8938500.0,11,194.27,17607000.0,1
27200.0,23,442.26,14632000.0,0
2890400.0,19,726.69,2660000.0,1
2471400.0,1,536.03,29844000.0,1
8030000.0,10,428.83,19517000.0,0
116700.0,7,933.34,6348000.0,0
9726700.0,5,776.26,25789000.0,1
2168100.0,16,623.99,4882000.0,0
5280800.0,21,727.09,4087000.0,0
813100.0,3,863.23,9777000.0,1
1396900.0,11,831.86,26026000.0,0
2787200.0,15,101.34,21226000.0,0
6974000.0,0,582.02,6423000.0,0
353600.0,17,708.93,14099000.0,0
7760400.0,9,19.08,6708000.0,1
4326200.0,10,223.53,16307000.0,0
4368500.0,8,621.15,1704000.0,1
4112300.0,22,470.59,29160000.0,0
361700.0,0,81.15,13999000.0,1
4628300.0,2,729.72,21895000.0,0
9279300.0,23,344.01,27049000.0,1
6549000.0,1,973.28,13438000.0,0
5602300.0,17,934.44,11703000.0,1
6018300.0,15,940.64,16538000.0,0
3703800.0,6,817.48,25901000.0,1
1129000.0,14,593.0,1741000.0,0
6605100.0,11,174.79,8549000.0,1
1643000.0,18,986.98,13015000.0,1
8868200.0,7,951.0,19900000.0,1
8686400.0,6,333.64,8415000.0,0
844200.0,2,412.42,24567000.0,0
1427500.0,0,928.57,5638000.0,1
7604400.0,15,191.1,18485000.0,0
8124100.0,12,127.24,20634000.0,1
9623200.0,2,132.35,15934000.0,1
7505500.0,6,90.33,19669000.0,1
4655500.0,4,236.71,4425000.0,1
3235800.0,6,718.39,21286000.0,0
1431800.0,16,121.02,3633000.0,1
2666700.0,5,137.36,1147000.0,0
8040900.0,0,165.25,26478000.0,1
9615600.0,20,864.79,8629000.0,0
5815400.0,1,713.11,5973000.0,1
3411900.0,5,33.57,10282000.0,1
886000.0,6,979.58,19331000.0,1
7720100.0,8,779.35,19243000.0,0
868500.0,23,132.69,18861000.0,1
2836000.0,21,624.31,12599000.0,0
2501500.0,4,851.11,19747000.0,0
5218900.0,21,893.43,23632000.0,1
835500.0,17,575.6,10773000.0,1
2408500.0,12,781.11,21812000.0,0
9400200.0,1,449.28,6185000.0,1
8262100.0,23,773.98,20096000.0,0
2324200.0,4,765.36,3119000.0,0
8655800.0,1,921.04,16627000.0,1
394300.0,22,516.26,2803000.0,1
9067500.0,16,282.74,2956000.0,1
7001400.0,12,541.53,15750000.0,1
2841400.0,7,48.81,9861000.0,0
1981800.0,21,399.89,25723000.0,1
4178000.0,5,288.1,24877000.0,1
3127700.0,10,775.92,26897000.0,0
9270200.0,23,236.63,9161000.0,1
4975200.0,1,656.94,25098000.0,1
3929400.0,10,603.91,13271000.0,1
7282800.0,21,417.27,18986000.0,1
3191000.0,18,408.28,16365000.0,1
5054800.0,11,191.79,6146000.0,0
7453000.0,11,706.27,1561000.0,1
3273600.0,20,980.66,17652000.0,0
3046500.0,19,159.62,14835000.0,0
6854800.0,20,802.02,17584000.0,0
4988300.0,19,927.79,24249000.0,1
3294800.0,7,738.0,17103000.0,1
7640600.0,23,471.61,2731000.0,0
1456700.0,12,326.84,14423000.0,1
2003100.0,7,594.67,28920000.0,1
3471000.0,18,512.68,2849000.0,0
7005200.0,19,963.39,21567000.0,0
1220400.0,8,746.7,21537000.0,1
2800000.0,11,513.69,16732000.0,0
5529000.0,21,24.26,2883000.0,1
4000.0,11,533.62,19837000.0,0
6401300.0,0,696.41,1996000.0,0
4246500.0,2,555.87,26295000.0,1
7348100.0,7,642.56,15564000.0,0
8075200.0,18,163.4,25228000.0,1
8498600.0,6,519.49,18676000.0,1
6750600.0,10,697.24,2180000.0,0
3470900.0,10,345.59,13215000.0,0
4334500.0,0,899.09,17705000.0,0
9620400.0,0,704.68,5041000.0,0
4845400.0,9,241.09,7110000.0,1
7894900.0,20,706.37,22053000.0,1
5309400.0,8,793.28,8834000.0,1
6572300.0,15,902.03,7074000.0,1
6456900.0,19,726.04,16942000.0,0
3950500.0,22,369.18,26488000.0,0
3543200.0,4,919.01,17409000.0,0
7199000.0,7,572.54,2254000.0,0
1179100.0,17,388.66,29848000.0,1
8658200.0,22,212.25,21808000.0,0
632400.0,7,431.85,15630000.0,1
5380900.0,20,175.32,1514000.0,0
6545200.0,2,591.23,29790000.0,0
2732400.0,2,820.01,15185000.0,0
3195100.0,9,700.0,3072000.0,0
5590200.0,7,372.59,21995000.0,1
3413700.0,3,331.0,15121000.0,1
5222600.0,21,317.4,26928000.0,1
1829300.0,2,72.25,29820000.0,0
475300.0,23,888.05,6235000.0,0
4326400.0,4,786.51,27710000.0,0
9562800.0,19,628.69,17554000.0,1
3254700.0,8,210.45,28200000.0,1
2296600.0,4,474.8,10653000.0,0
1989600.0,14,492.24,10519000.0,0
2201100.0,20,255.18,22151000.0,0
9465700.0,7,115.63,7479000.0,1
7684200.0,13,253.97,2564000.0,0
3148800.0,5,941.59,6837000.0,1
697000.0,11,343.76,22900000.0,1
326600.0,0,7.48,18186000.0,0
1746200.0,20,740.3,29244000.0,1
9322700.0,16,133.28,22671000.0,0
228500.0,3,233.42,24688000.0,0
3725600.0,5,753.11,28346000.0,0
1004600.0,13,552.16,25813000.0,0
2956100.0,18,712.41,14798000.0,1
7833000.0,23,644.04,3331000.0,1
3153800.0,3,594.48,13519000.0,1
2577600.0,7,44.66,5105000.0,0
5962500.0,18,703.89,24174000.0,1
6710900.0,3,608.9,20515000.0,0
2292300.0,11,945.98,25271000.0,1
1948100.0,2,615.87,13968000.0,0
5700800.0,22,91.26,26135000.0,0
6260600.0,4,130.29,11422000.0,1
1124100.0,7,376.26,26321000.0,0
6953300.0,6,741.5,2319000.0,0
1563600.0,14,57.28,26923000.0,0
1029300.0,12,509.98,24778000.0,1
7402800.0,19,51.97,28323000.0,1
6060600.0,4,889.62,25504000.0,1
3027900.0,23,864.35,16069000.0,0
66500.0,0,387.8,5006000.0,1
2930800.0,18,930.31,17738000.0,0
6907400.0,17,394.81,16545000.0,1
305900.0,23,637.52,1491000.0,0
9623300.0,0,907.22,25359000.0,0
5280900.0,13,947.23,24987000.0,0
7159000.0,7,735.38,22827000.0,1
2714200.0,1,977.99,9740000.0,1
4131600.0,7,568.16,25116000.0,1
1946700.0,22,473.77,1650000.0,0
5252800.0,11,906.04,1280000.0,1
9973400.0,8,626.03,3192000.0,1
2217400.0,0,362.9,28156000.0,1
2225300.0,19,550.56,20638000.0,1
117100.0,15,460.28,28534000.0,0
6250400.0,9,929.02,26308000.0,0
2049600.0,9,519.64,6923000.0,0
1574200.0,18,924.27,15028000.0,0
2683600.0,10,782.87,19353000.0,0
4332300.0,4,752.42,16592000.0,0
2874700.0,2,820.7,20992000.0,0
889300.0,6,422.31,24695000.0,0
4919900.0,21,531.0,11945000.0,1
8676300.0,11,33.17,28766000.0,0
7900200.0,19,802.14,7301000.0,1
6414700.0,7,452.91,24165000.0,1
3790300.0,2,70.72,9028000.0,0
8356500.0,14,496.57,17741000.0,0
6333800.0,19,221.93,8471000.0,0
1152900.0,7,553.99,3878000.0,1
7962400.0,1,293.06,16838000.0,1
4856000.0,17,887.97,26672000.0,0
4651500.0,5,89.52,8696000.0,0
409900.0,7,807.71,6174000.0,0
832600.0,4,620.31,7026000.0,1
8744800.0,17,978.17,23752000.0,0
3720200.0,4,85.01,29546000.0,1
2308100.0,7,27.65,26948000.0,1
4929000.0,11,139.2,10011000.0,1
7272400.0,17,929.5,23591000.0,0
2123800.0,15,60.61,15006000.0,0
2098400.0,20,182.51,7057000.0,1
8560100.0,13,356.27,13336000.0,0
5399000.0,17,862.74,29827000.0,1
3343400.0,11,624.66,23261000.0,1
3159400.0,18,404.45,15576000.0,0
6938200.0,14,409.47,13028000.0,1
2628800.0,12,963.08,11246000.0,0
2937100.0,13,522.37,2728000.0,0
510600.0,18,914.28,3001000.0,1
4359000.0,22,519.41,24230000.0,1
3676300.0,20,782.32,21954000.0,1
1583800.0,17,452.52,9798000.0,0
6978800.0,5,851.49,9897000.0,0
1071900.0,13,177.48,27557000.0,0
2653100.0,6,238.88,13226000.0,0
1834600.0,10,972.72,29016000.0,0
7114200.0,10,459.91,27317000.0,1
22600.0,8,312.37,27354000.0,1
7619500.0,14,345.01,26527000.0,0
3599300.0,18,808.55,26413000.0,1
4796400.0,20,998.78,29794000.0,0
5448000.0,4,301.97,13393000.0,0
3262900.0,21,309.57,14526000.0,0
6561800.0,4,649.49,27530000.0,0
5793700.0,16,222.45,25727000.0,0
7233900.0,11,114.99,3769000.0,0
4528800.0,20,711.71,1776000.0,1
5158400.0,7,799.84,17678000.0,1
9518000.0,14,761.23,18443000.0,1
8834200.0,23,852.66,12845000.0,0
9400100.0,15,414.79,13962000.0,0
4478600.0,9,353.14,5525000.0,1
7466700.0,19,644.64,10025000.0,1
4634100.0,5,569.41,15907000.0,1
1719400.0,13,863.22,29083000.0,1
1906400.0,16,355.02,5371000.0,1
5704800.0,11,484.55,17912000.0,0
1096300.0,20,637.16,23276000.0,1
2304100.0,17,169.89,27063000.0,0
877300.0,12,481.69,16520000.0,0
1025500.0,10,999.51,12811000.0,0
8210900.0,3,498.11,7864000.0,0
6430800.0,21,78.72,9462000.0,0
4267800.0,4,922.83,9117000.0,0
2243700.0,6,732.98,14582000.0,1
9544800.0,21,203.29,7263000.0,1
58000.0,17,774.93,28208000.0,0
9843200.0,23,505.71,23927000.0,1
5729100.0,23,582.62,18102000.0,1
5093100.0,22,908.65,27019000.0,0
5031900.0,18,278.83,23503000.0,1
5766800.0,6,169.84,23256000.0,1
5626600.0,18,0.59,9421000.0,1
9331000.0,22,809.01,24949000.0,0
5804400.0,8,24.72,22066000.0,1
5017600.0,1,176.47,19215000.0,0
3039900.0,22,351.86,4619000.0,0
2716700.0,10,944.48,21884000.0,0
1823500.0,16,527.7,2034000.0,0
2914300.0,6,672.87,11596000.0,1
8366100.0,19,164.71,15736000.0,1
471300.0,2,104.05,29222000.0,1
8106100.0,7,739.4,19387000.0,1
2569700.0,5,129.33,5443000.0,0
2669100.0,7,987.29,7596000.0,1
3463900.0,15,186.78,29854000.0,1
7583800.0,21,781.22,22384000.0,0
8351800.0,18,813.59,21164000.0,1
6409400.0,12,864.82,26337000.0,0
8703500.0,8,589.43,15202000.0,0
6819400.0,10,937.21,23269000.0,1
9056700.0,9,983.63,20814000.0,1
9203100.0,23,746.73,7580000.0,0
9287900.0,14,44.39,9167000.0,0
5426100.0,15,250.96,29045000.0,0
2665700.0,19,530.98,28938000.0,0
5232400.0,15,714.09,3543000.0,0
9221900.0,16,793.96,24565000.0,1
2231400.0,17,467.54,28983000.0,0
6290700.0,6,979.23,25005000.0,1
4432500.0,2,31.03,7463000.0,1
2651000.0,23,794.33,13550000.0,1
2231400.0,6,451.52,8007000.0,0
8000100.0,7,155.19,12784000.0,1
6541200.0,12,986.64,22993000.0,0
2826000.0,0,53.66,26061000.0,0
7241800.0,23,262.81,12732000.0,1
8971500.0,18,132.76,20951000.0,0
2597100.0,19,840.1,16089000.0,1
7236300.0,15,679.66,13497000.0,1
8771600.0,21,734.51,11163000.0,1
3353700.0,22,142.75,5059000.0,0
623200.0,12,308.96,5967000.0,0
5467400.0,12,617.72,7633000.0,1
3869000.0,23,385.59,17004000.0,0
9371400.0,17,358.2,27234000.0,1
353900.0,17,638.55,4660000.0,0
2536100.0,0,124.97,4331000.0,0
2453700.0,22,356.18,20357000.0,0
1854600.0,2,590.91,25912000.0,1
9377200.0,7,860.57,15424000.0,1
7168300.0,21,282.3,16385000.0,1
7276000.0,10,79.78,24850000.0,1
4828000.0,7,196.81,16836000.0,1
8106400.0,12,694.67,24296000.0,0
5593300.0,10,628.62,6597000.0,0
4492300.0,10,823.92,13260000.0,1
9485200.0,0,712.65,2165000.0,0
2096100.0,20,778.8,24525000.0,0
8389700.0,5,436.27,29548000.0,1
5130900.0,5,674.22,25659000.0,1
250700.0,15,753.65,7254000.0,0
1203700.0,6,828.67,23487000.0,1
1679300.0,6,176.51,4242000.0,0
3805000.0,9,235.39,1325000.0,0
6395200.0,18,23.37,15203000.0,1
2183600.0,23,35.08,13213000.0,1
2989000.0,12,744.52,18984000.0,1
3109600.0,20,525.89,19248000.0,0
7904600.0,18,244.4,22046000.0,1
5060800.0,19,116.37,24462000.0,1
2984000.0,17,987.82,9679000.0,1
6623700.0,19,762.64,15535000.0,1
4483000.0,2,20.6,3620000.0,0
8755700.0,11,345.41,24928000.0,0
8663800.0,22,452.42,1763000.0,0
8201500.0,19,350.74,6220000.0,0
4090900.0,4,595.59,29108000.0,0
8016800.0,16,603.01,27363000.0,0
4518300.0,5,448.81,26579000.0,0
9072300.0,7,149.02,11392000.0,0
8238500.0,23,632.75,12120000.0,0
7672000.0,11,598.15,20948000.0,0
6187900.0,5,724.76,20471000.0,1
216200.0,20,618.32,29828000.0,1
1329200.0,12,873.3,17433000.0,1
9537000.0,2,601.46,23632000.0,0
8716400.0,8,525.02,20226000.0,1
1773200.0,13,959.61,19233000.0,1
7438500.0,14,553.62,25470000.0,1
6353900.0,23,970.72,26389000.0,1
4665500.0,15,442.85,2255000.0,1
171200.0,13,67.87,21968000.0,0
1897800.0,14,505.15,7598000.0,0
9615800.0,1,449.76,13649000.0,1
7697700.0,6,670.59,2318000.0,0
762200.0,2,979.35,12729000.0,1
3245500.0,16,191.75,28837000.0,0
3530700.0,15,869.61,1391000.0,1
6933500.0,19,634.22,26358000.0,0
5371500.0,20,599.35,16792000.0,0
7954800.0,16,673.88,24717000.0,1
8349300.0,19,418.47,22307000.0,1
9011100.0,0,353.46,17122000.0,1
1597900.0,18,813.28,29762000.0,1
9996300.0,2,276.03,16836000.0,0
9691700.0,8,185.36,22431000.0,0
2944400.0,15,506.48,21259000.0,1
4778900.0,0,769.18,15634000.0,1
3176500.0,16,304.67,23682000.0,1
4887200.0,17,738.77,16222000.0,1
3512200.0,9,412.35,6791000.0,0
6669400.0,20,608.62,18483000.0,0
391800.0,8,516.5,9351000.0,0
4307600.0,20,774.72,25869000.0,1
5274200.0,12,820.91,27821000.0,1
5574400.0,7,890.38,6406000.0,1
2093000.0,19,783.67,7844000.0,0
8763000.0,10,82.7,3570000.0,0
113800.0,13,93.2,21916000.0,0
8521700.0,17,577.68,28601000.0,0
113400.0,23,764.8,28741000.0,1
9489800.0,15,553.57,3284000.0,0
9599900.0,9,349.47,1758000.0,1
5947200.0,13,755.11,25823000.0,1
9271400.0,16,592.7,15922000.0,0
881500.0,8,216.39,9740000.0,0
7773600.0,10,754.86,7099000.0,0
4962500.0,1,656.69,19985000.0,0
3549000.0,10,329.73,9917000.0,0
4679800.0,5,495.15,11481000.0,1
2566500.0,6,866.48,18960000.0,1
6529200.0,16,809.31,23657000.0,0
6703100.0,3,763.48,15819000.0,1
1459500.0,8,95.0,16743000.0,0
6106300.0,6,434.33,10327000.0,0
8120900.0,22,774.8,7259000.0,1
6054400.0,11,202.74,25049000.0,1
377900.0,6,894.39,26460000.0,0
4654800.0,14,336.95,28463000.0,1
7134200.0,5,582.08,20273000.0,1
1613000.0,5,7.7,4299000.0,0
4534700.0,17,340.72,20527000.0,0
9541400.0,19,766.7,14451000.0,1
4417200.0,1,513.87,19951000.0,0
7969600.0,20,509.61,21393000.0,0
8177000.0,10,993.06,1835000.0,0
3388000.0,14,989.3,15706000.0,0
7386600.0,7,162.68,20167000.0,1
1390600.0,1,262.46,23624000.0,1
2732400.0,6,453.95,16701000.0,0
6429700.0,0,673.1,12089000.0,1
1574000.0,22,309.76,11495000.0,0
9686000.0,15,253.48,20012000.0,0
9444500.0,3,997.09,23885000.0,0
2179800.0,11,467.23,11921000.0,1
5209600.0,19,854.48,24046000.0,0
5701900.0,1,395.63,17778000.0,0
7957200.0,0,502.59,3158000.0,0
2538800.0,3,154.23,2112000.0,0
9501100.0,4,890.72,25319000.0,0
1233600.0,7,207.09,29413000.0,0
7914800.0,21,747.69,4155000.0,0
2661700.0,3,244.09,10047000.0,1
8871800.0,0,338.87,25127000.0,1
1713900.0,7,749.78,2797000.0,0
4686700.0,5,664.82,20309000.0,0
1367200.0,16,309.84,19296000.0,0
6864800.0,2,504.33,7128000.0,1
4030100.0,13,131.78,25736000.0,0
8707200.0,9,564.72,8835000.0,0
9641600.0,12,11.27,20546000.0,1
8542700.0,17,707.24,29075000.0,1
2854100.0,9,137.03,23267000.0,1
7811700.0,7,557.99,18540000.0,1
5035800.0,5,846.72,11573000.0,1
3918800.0,15,136.47,29637000.0,0
3798000.0,15,218.87,13647000.0,1
3482300.0,3,23.86,1321000.0,0
2014400.0,7,320.33,14293000.0,0
3084100.0,4,589.37,13553000.0,0
7952400.0,2,920.41,24011000.0,1
116000.0,8,15.6,29694000.0,0
8501200.0,4,202.13,23753000.0,1
8632400.0,15,460.31,6945000.0,0
9132000.0,21,676.36,27570000.0,0
29700.0,5,135.2,26277000.0,0
9901500.0,8,638.75,28693000.0,1
4766800.0,5,314.89,4582000.0,0
8578400.0,20,839.14,19753000.0,1
6502200.0,18,880.59,8666000.0,1
1944100.0,15,50.12,19276000.0,1
673600.0,11,30.76,7589000.0,1
5700600.0,16,112.66,5936000.0,0
191100.0,19,902.78,8718000.0,0
8844500.0,20,897.67,15485000.0,1
5669500.0,22,356.97,25595000.0,1
8896400.0,0,915.59,9676000.0,0
7632800.0,21,49.29,16387000.0,1
8829000.0,2,980.83,18305000.0,1
6746400.0,19,856.19,11667000.0,0
8578800.0,18,86.2,21229000.0,0
1726200.0,1,550.07,22557000.0,1
5287200.0,6,185.35,20520000.0,1
1627500.0,8,723.72,9910000.0,1
548100.0,9,765.78,15105000.0,0
694900.0,16,989.09,20360000.0,1
3734600.0,12,912.39,1266000.0,1
6845800.0,3,672.27,29091000.0,1
4038500.0,5,109.64,4132000.0,0
3332700.0,10,492.48,16782000.0,0
9027600.0,0,581.3,22190000.0,1
6923900.0,22,574.74,4767000.0,1
1076100.0,7,517.56,3148000.0,1
4236200.0,11,629.32,10412000.0,1
6103200.0,14,864.79,15024000.0,0
7679900.0,11,224.96,28598000.0,1
3757200.0,6,927.69,13419000.0,0
5880200.0,2,408.1,10027000.0,0
5976900.0,4,484.15,24799000.0,1
8164700.0,14,826.23,27684000.0,1
1544400.0,20,600.7,13596000.0,1
2060900.0,22,138.78,27475000.0,0
328000.0,15,1000.0,24350000.0,0
5521400.0,5,601.19,7932000.0,0
2524900.0,18,798.64,1785000.0,1
6220700.0,0,804.67,5598000.0,0
9045300.0,16,51.98,16646000.0,0
2453600.0,2,828.54,15047000.0,1
9584300.0,6,188.56,8338000.0,0
6174100.0,9,448.88,3184000.0,0
7421000.0,8,788.33,1923000.0,0
2655600.0,11,523.34,11138000.0,1
7827800.0,14,364.76,19180000.0,1
65600.0,12,792.39,3352000.0,0
8954700.0,15,551.3,19992000.0,0
7731800.0,4,491.87,11949000.0,0
2555900.0,9,95.31,2804000.0,1
7664700.0,15,571.32,29232000.0,0
9999000.0,12,213.21,17647000.0,1
7421600.0,14,832.25,9099000.0,1
465500.0,18,823.65,12546000.0,1
4749600.0,12,438.33,15856000.0,0
9933800.0,23,461.87,28345000.0,1
8137400.0,11,58.31,4494000.0,1
7760100.0,4,95.83,14738000.0,1
1387200.0,20,825.74,8874000.0,1
5159100.0,17,433.24,29187000.0,0
1104100.0,13,560.81,21805000.0,0
8224200.0,22,836.82,7161000.0,0
4456600.0,9,321.63,10065000.0,1
8704600.0,19,76.79,24387000.0,0
2918800.0,9,538.4,15553000.0,1
2069700.0,0,62.24,22032000.0,0
8325700.0,14,792.24,26153000.0,1
686800.0,22,462.07,24448000.0,0
2843700.0,12,673.4,4602000.0,0
4988700.0,8,127.31,18370000.0,1
32100.0,21,391.72,25829000.0,1
7227900.0,14,804.83,26389000.0,0
6420000.0,20,70.45,21782000.0,0
9487100.0,16,110.1,4562000.0,1
463400.0,11,519.34,1906000.0,1
5525400.0,0,837.39,28797000.0,1
8666300.0,17,55.41,28481000.0,1
5851800.0,23,41.79,4248000.0,0
5639300.0,7,242.75,22693000.0,1
4297200.0,3,542.31,20132000.0,0
5870900.0,20,588.62,23297000.0,1
2186600.0,7,487.77,6857000.0,0
8089900.0,23,658.51,15023000.0,0
8003900.0,21,914.83,28877000.0,0
8919000.0,22,173.73,27279000.0,1
9116900.0,22,252.39,13912000.0,0
2375400.0,14,488.08,27985000.0,1
6894500.0,22,557.57,4581000.0,0
2283300.0,2,759.14,4376000.0,0
3913100.0,14,279.74,20802000.0,1
7090600.0,7,548.78,1258000.0,1
3373100.0,21,15.21,2327000.0,1
5959800.0,5,896.27,17883000.0,0
6152600.0,20,259.92,29403000.0,0
2516900.0,7,660.4,21212000.0,1
3048600.0,10,459.58,12693000.0,0
3138100.0,15,929.49,3963000.0,0
2175700.0,15,297.96,26754000.0,0
5738700.0,9,49.14,27026000.0,0
2030700.0,18,818.37,19536000.0,0
9614200.0,22,368.69,12910000.0,0
4176200.0,12,835.17,27911000.0,1
4686800.0,3,890.13,15348000.0,1
8538800.0,1,20.67,26090000.0,0
4484800.0,17,334.04,21073000.0,0
1808700.0,15,349.12,16705000.0,1
1425400.0,1,775.35,2022000.0,1
6473600.0,11,732.17,4034000.0,1
4122000.0,1,190.68,9881000.0,1
8436200.0,16,329.2,14449000.0,0
336500.0,3,106.79,18941000.0,0
1949400.0,18,330.95,4926000.0,0
8307200.0,3,839.83,24325000.0,0
6100900.0,2,446.13,26427000.0,1
7312300.0,23,786.07,13638000.0,1
3451200.0,14,297.08,29583000.0,1
2052200.0,13,659.13,19091000.0,0
4913400.0,18,759.47,9196000.0,0
94400.0,19,474.23,26857000.0,1
9830700.0,22,575.87,8748000.0,1
1178700.0,17,426.3,10296000.0,1
8830200.0,9,733.36,15057000.0,1
1439900.0,4,17.91,19286000.0,1
2341800.0,20,118.16,12702000.0,0
4336600.0,20,332.01,1367000.0,1
3791600.0,17,720.8,28096000.0,0
9557600.0,7,516.41,12901000.0,1
5085600.0,18,268.92,26376000.0,1
1975800.0,6,580.41,23039000.0,0
9142600.0,13,742.53,21685000.0,1
7573300.0,14,368.36,16091000.0,1
6755700.0,9,279.73,27719000.0,0
456400.0,1,32.0,2193000.0,0
1476700.0,5,21.81,14193000.0,0
8881400.0,6,810.41,15839000.0,1
219500.0,18,199.97,13002000.0,0
2951700.0,21,502.88,4688000.0,0
3024600.0,22,438.65,12780000.0,0
9676000.0,14,907.55,13538000.0,0
1840300.0,15,632.32,9384000.0,0
3106200.0,3,785.86,6597000.0,0
6992800.0,6,833.88,13641000.0,1
2378300.0,20,900.49,9763000.0,0
2567300.0,4,270.99,18538000.0,0
9748000.0,0,377.47,23360000.0,0
7173300.0,15,12.22,3138000.0,1
1086900.0,12,253.42,3943000.0,0
7555600.0,11,90.11,27610000.0,1
661200.0,15,324.35,17525000.0,1
938300.0,23,350.26,26957000.0,1
6607100.0,19,114.96,18182000.0,0
4108200.0,3,974.92,19210000.0,0
9751300.0,21,806.9,16880000.0,1
6676400.0,6,717.04,16781000.0,0
1541900.0,10,561.63,10450000.0,1
4267900.0,11,701.96,12721000.0,1
6376400.0,1,795.05,6163000.0,1
5811200.0,23,649.72,29928000.0,1
8729400.0,2,792.68,7610000.0,0
8511400.0,10,969.28,5232000.0,0
6513100.0,1,817.04,3670000.0,0
4401400.0,13,534.22,16307000.0,1
3589300.0,18,29.71,13545000.0,1
3852100.0,23,928.49,18766000.0,1
9182600.0,12,73.44,27907000.0,1
1573900.0,23,296.73,24860000.0,0
5986700.0,23,992.57,11548000.0,0
3984000.0,13,878.36,23244000.0,0
6967800.0,5,701.81,29380000.0,0
1411300.0,1,608.43,15387000.0,0
9631300.0,21,532.19,6155000.0,0
9043700.0,7,128.44,29650000.0,1
3464000.0,5,896.19,11369000.0,0
2141400.0,20,0.42,28554000.0,0
1984900.0,5,689.92,4932000.0,1
8344200.0,9,145.44,21303000.0,0
1488800.0,12,955.3,20794000.0,0
2801300.0,10,719.62,17360000.0,1
5624200.0,1,476.04,21678000.0,1
7935900.0,13,619.86,11791000.0,0
8076900.0,22,563.45,25552000.0,0
7409000.0,7,664.56,25656000.0,0
6095600.0,21,45.43,13776000.0,1
3728000.0,3,621.71,15103000.0,0
5301600.0,4,799.83,14716000.0,1
6465300.0,12,685.15,21386000.0,1
1639800.0,3,188.92,2775000.0,0
8259200.0,18,373.17,11292000.0,0
6135800.0,13,649.15,8412000.0,1
1269700.0,4,570.29,3262000.0,1
8187400.0,0,394.19,17801000.0,1
5519100.0,2,446.79,19429000.0,1
5805800.0,6,860.94,25528000.0,1
171400.0,5,273.05,13491000.0,1
4279100.0,9,678.86,12969000.0,0
3644100.0,23,537.05,8382000.0,0
504200.0,9,44.94,14316000.0,1
1121700.0,1,380.74,19754000.0,1
9137800.0,13,576.95,24244000.0,0
4220900.0,20,860.56,23681000.0,1
3670300.0,10,135.86,8042000.0,0
6735200.0,6,328.28,16079000.0,0
7903100.0,20,477.0,5094000.0,1
4184400.0,14,319.39,10874000.0,1
9600100.0,9,564.01,14596000.0,0
1314700.0,9,731.65,8887000.0,0
4449200.0,11,568.27,4276000.0,1
8860800.0,2,538.65,2482000.0,1
5714500.0,21,469.18,12448000.0,0
7098000.0,23,494.44,3404000.0,1
476200.0,13,144.82,25521000.0,1
9057500.0,11,335.92,5414000.0,0
185700.0,6,215.02,13597000.0,0
7791100.0,3,451.04,29338000.0,1
2481700.0,8,823.91,28255000.0,0
3197000.0,17,808.43,13423000.0,1
2871000.0,0,91.19,13161000.0,0
412200.0,23,735.96,4305000.0,1
7701700.0,6,643.11,7817000.0,0
1245300.0,2,977.36,14412000.0,0
5068900.0,13,659.02,3610000.0,1
9487800.0,17,133.64,27277000.0,1
5719200.0,20,611.63,28314000.0,1
4135900.0,16,68.39,5100000.0,1
3547000.0,2,599.94,5550000.0,1
1295000.0,6,340.25,15824000.0,1
5115500.0,7,42.89,15482000.0,1
5848200.0,19,477.28,29456000.0,1
235100.0,5,307.52,2332000.0,1
2164300.0,17,38.36,23851000.0,1
2891600.0,21,626.46,7486000.0,0
7299700.0,0,624.3,4856000.0,1
3483300.0,4,690.33,1983000.0,0
4450500.0,8,907.89,16032000.0,1
3375500.0,15,533.29,5936000.0,0
6882600.0,3,477.77,28561000.0,0
2790500.0,12,18.05,20136000.0,0
9045500.0,3,364.14,7606000.0,1
254500.0,6,891.79,7317000.0,1
6017200.0,3,204.25,1336000.0,1
8615000.0,20,607.96,9994000.0,1
5916900.0,7,691.59,24133000.0,0
9806300.0,0,844.64,3308000.0,0
7487200.0,18,284.03,23170000.0,0
5715000.0,19,511.02,17320000.0,0
81300.0,22,438.56,24206000.0,1
3608000.0,14,188.77,24836000.0,0
805200.0,16,940.01,20356000.0,0
9071100.0,11,234.5,24695000.0,0
8618600.0,5,652.42,19651000.0,1
3046100.0,6,613.37,12591000.0,0
5138700.0,0,298.1,12008000.0,1
1256000.0,22,560.7,18375000.0,0
4319100.0,9,225.93,12194000.0,0
8205600.0,5,154.94,1773000.0,1
8104900.0,5,822.44,3435000.0,1
226600.0,12,938.63,28195000.0,1
959800.0,12,25.9,13153000.0,0
4109300.0,11,41.99,26706000.0,0
4080700.0,11,939.5,27436000.0,0
3364300.0,10,78.58,21541000.0,0
3211400.0,18,55.54,26315000.0,1
4928300.0,23,584.88,20484000.0,0
8347300.0,23,80.69,25278000.0,1
3802400.0,18,996.38,24117000.0,0
2295600.0,16,323.97,28049000.0,1
8618900.0,7,672.98,1006000.0,1
8825100.0,21,541.39,14594000.0,1
9940100.0,12,320.09,23608000.0,0
1710900.0,8,666.95,19744000.0,0
6056500.0,9,72.87,1286000.0,1
1627800.0,21,709.01,5739000.0,0
9048400.0,15,883.8,26299000.0,0
4709600.0,3,460.19,7790000.0,0
9506400.0,19,225.62,29196000.0,0
5288600.0,19,530.0,22166000.0,0
5833800.0,18,360.06,23409000.0,1
8409900.0,10,576.94,17582000.0,1
478500.0,18,841.23,2361000.0,0
204500.0,4,64.54,19293000.0,1
6442100.0,0,654.66,12875000.0,0
5727900.0,22,667.16,11888000.0,0
5872000.0,6,562.53,11212000.0,1
2120200.0,0,689.48,20987000.0,0
9021500.0,8,635.74,7454000.0,1
5789900.0,20,47.85,17894000.0,0
4030600.0,2,370.08,25917000.0,1
8230300.0,18,170.1,14269000.0,1
4368600.0,3,12.15,15632000.0,1
4448800.0,17,441.87,16944000.0,1
5536700.0,1,726.94,3080000.0,0
2683300.0,15,396.94,8527000.0,0
8590200.0,21,631.6,5919000.0,0
3472500.0,5,982.09,6814000.0,1
4890500.0,23,507.11,24809000.0,1
9427500.0,0,669.98,27119000.0,0
6515700.0,21,664.3,1314000.0,0
4663400.0,23,760.24,4067000.0,0
919200.0,19,479.98,12058000.0,1
3508800.0,4,471.7,15708000.0,0
9418600.0,3,924.1,6504000.0,1
5897600.0,15,234.5,23928000.0,0
1621300.0,12,175.04,9906000.0,0
714800.0,3,511.89,5130000.0,0
6340300.0,6,117.56,12744000.0,1
1219600.0,22,869.96,3484000.0,0
9120600.0,22,448.25,29408000.0,1
7533100.0,3,937.86,1145000.0,0
8296300.0,8,513.1,19809000.0,0
8493200.0,2,838.63,23521000.0,0
6344900.0,8,35.95,3751000.0,1
6292700.0,16,371.08,19361000.0,0
7149200.0,0,178.87,4110000.0,1
2549500.0,0,536.58,20953000.0,0
9617300.0,4,580.22,20276000.0,0
2570600.0,13,295.21,11308000.0,1
6143700.0,23,735.09,7451000.0,1
1611400.0,20,477.96,7622000.0,1
4341800.0,5,596.05,7032000.0,0
2053500.0,0,93.06,13365000.0,1
7604500.0,20,51.73,17049000.0,0
4246800.0,6,923.93,22162000.0,1
3894000.0,7,734.23,27633000.0,0
2928100.0,22,584.89,29159000.0,1
4748900.0,15,255.41,14942000.0,0
5794300.0,6,25.38,14017000.0,1
8196900.0,7,610.28,15609000.0,1
9914300.0,23,416.7,8392000.0,0
403800.0,18,408.4,5024000.0,1
6333200.0,15,203.0,28609000.0,0
2077400.0,22,801.65,27202000.0,1
440200.0,19,665.31,5843000.0,0
3522400.0,20,358.99,7977000.0,0
7844800.0,21,29.99,29100000.0,0
7636100.0,21,338.99,27631000.0,1
2092700.0,11,740.56,27129000.0,1
1056900.0,23,354.26,18150000.0,1
8832400.0,19,293.78,18855000.0,1
4352000.0,5,498.2,19247000.0,0
3741700.0,7,481.9,7655000.0,0
15000.0,11,991.27,22309000.0,0
241500.0,15,353.15,6731000.0,1
4572100.0,6,70.13,11770000.0,1
3284700.0,22,481.65,13114000.0,0
7168000.0,12,97.8,4852000.0,1
4385600.0,16,640.93,29968000.0,0
4087800.0,0,870.13,12166000.0,0
4935400.0,8,328.39,3925000.0,0
995500.0,6,36.6,23631000.0,0
969500.0,3,343.38,29569000.0,1
3561300.0,18,185.3,18665000.0,1
183900.0,3,360.14,29230000.0,1
140800.0,23,675.74,12410000.0,0
6950700.0,3,704.76,10451000.0,0
1603100.0,6,642.35,26346000.0,0
2921800.0,20,419.99,29116000.0,0
6463800.0,0,149.9,3352000.0,1
7461400.0,18,556.69,27325000.0,1
7193400.0,17,873.92,25480000.0,0
9975900.0,16,281.59,8757000.0,1
9356800.0,23,124.09,24453000.0,0
1468900.0,1,731.2,2324000.0,0
9053500.0,16,571.99,25350000.0,0
7462400.0,2,953.89,8801000.0,0
2872400.0,19,58.83,17838000.0,1
6102700.0,9,936.54,3628000.0,1
8686700.0,10,923.46,28775000.0,0
4341200.0,8,456.87,28951000.0,0
3731900.0,10,490.04,26478000.0,1
9218600.0,5,820.21,9177000.0,1
1839100.0,7,541.7,8963000.0,0
5665000.0,12,310.04,13243000.0,0
4934500.0,5,861.81,25344000.0,0
9177500.0,2,578.72,12163000.0,1
801800.0,19,723.63,18003000.0,1
9477200.0,22,477.28,8008000.0,1
3341700.0,18,876.95,9531000.0,1
3680300.0,17,89.63,26096000.0,0
9680400.0,12,72.53,21897000.0,1
7542100.0,11,229.04,2035000.0,1
6840100.0,15,166.73,7249000.0,1
6622400.0,8,864.27,9448000.0,1
486700.0,14,322.79,9272000.0,1
4528100.0,5,495.51,3981000.0,0
360600.0,12,943.35,11987000.0,1
9549400.0,18,284.96,3550000.0,0
7234900.0,9,257.08,1688000.0,1
4681100.0,22,504.54,6082000.0,0
364600.0,0,58.21,5057000.0,0
4175800.0,11,33.34,14222000.0,0
136000.0,11,909.84,25909000.0,0
1527700.0,7,702.26,19031000.0,0
118000.0,20,515.08,17599000.0,1
1017000.0,0,288.12,16353000.0,1
1852300.0,7,892.41,10461000.0,0
6795100.0,2,678.85,16990000.0,1
1250400.0,9,195.18,10780000.0,1
2996200.0,1,598.99,4259000.0,0
5094300.0,16,798.41,4069000.0,0
7218300.0,8,171.34,24286000.0,1
3584900.0,5,236.96,29093000.0,1
7463200.0,20,602.52,3708000.0,0
8393900.0,15,130.66,11833000.0,1
8792700.0,20,546.25,16008000.0,0
7462900.0,5,733.22,5874000.0,0
4218700.0,5,334.75,5989000.0,1
9513500.0,7,122.13,8035000.0,1
1546900.0,7,224.36,18802000.0,0
8274300.0,21,596.47,27998000.0,1
9383400.0,23,348.86,12924000.0,0
4603000.0,13,496.45,6806000.0,0
4027300.0,12,555.55,7305000.0,0
7163600.0,15,116.17,6505000.0,0
2459400.0,9,681.45,7322000.0,1
8393400.0,3,522.2,4034000.0,0
1048800.0,23,846.91,6642000.0,0
1210300.0,11,304.84,9401000.0,1
4469200.0,0,685.79,19684000.0,1
8930300.0,22,417.31,3238000.0,1
744100.0,2,917.2,7440000.0,1
9924500.0,8,340.29,14731000.0,1
372800.0,11,632.83,8432000.0,0
9076300.0,4,945.88,29957000.0,0
3756400.0,13,849.06,13684000.0,1
5784200.0,4,828.26,20947000.0,0
5761100.0,0,102.59,8172000.0,0
4876500.0,9,743.51,21221000.0,0
6428800.0,11,536.01,21986000.0,0
9654700.0,11,676.48,21532000.0,1
8466300.0,19,643.0,3214000.0,0
8927300.0,3,441.5,13153000.0,1
333600.0,7,491.36,11274000.0,0
6298500.0,17,479.22,23580000.0,1
8787800.0,17,231.29,21570000.0,0
6020200.0,23,569.38,25355000.0,1
6061000.0,13,618.03,5028000.0,1
3473800.0,17,829.54,3031000.0,1
1523700.0,1,157.59,16351000.0,0
3108200.0,23,78.37,18961000.0,0
4164700.0,0,468.89,26446000.0,0
3156800.0,6,54.38,12739000.0,1
9896400.0,17,345.17,12708000.0,1
7347900.0,13,337.68,1345000.0,0
6363400.0,17,130.38,18567000.0,1
7941500.0,11,887.0,14064000.0,0
3867400.0,22,165.4,25653000.0,0
4841300.0,23,486.3,22367000.0,0
7402800.0,4,78.32,5304000.0,0
2092300.0,15,385.88,18238000.0,1
4976100.0,13,907.48,28111000.0,0
6224600.0,10,471.7,14109000.0,1
9089400.0,5,832.0,2014000.0,0
5765800.0,3,134.62,18912000.0,1
2721500.0,22,701.2,20210000.0,1
2929200.0,3,729.43,10576000.0,0
3805800.0,16,463.98,5011000.0,0
7288900.0,23,887.74,18048000.0,0
2711600.0,12,49.64,19122000.0,0
7853500.0,14,27.99,16272000.0,0
2671300.0,4,983.74,6906000.0,1
5027800.0,2,248.3,27203000.0,1
6742400.0,8,928.68,21382000.0,0
1491100.0,7,389.41,1041000.0,1
3081500.0,21,166.6,7690000.0,0
3880800.0,13,563.72,2436000.0,1
7044500.0,15,369.32,24493000.0,1
4642200.0,4,569.38,9527000.0,1
4458800.0,23,298.33,2520000.0,1
5033100.0,12,377.9,28047000.0,0
5768600.0,23,417.56,22916000.0,0
940700.0,11,277.51,1242000.0,1
9647100.0,0,828.95,8473000.0,0
2543100.0,6,601.16,6919000.0,0
310200.0,16,52.48,13939000.0,1
6188400.0,11,107.93,3843000.0,0
142900.0,15,491.89,29106000.0,1
3922400.0,22,899.51,9616000.0,0
2026200.0,14,945.24,28476000.0,0
1001000.0,0,424.23,1032000.0,1
4648200.0,21,2.18,18773000.0,0
3836100.0,19,347.93,12917000.0,0
4336400.0,0,252.46,3802000.0,1
9165200.0,21,905.75,8720000.0,1
9183400.0,12,659.7,2702000.0,1
5950500.0,17,489.67,7850000.0,1
5295800.0,0,76.35,19029000.0,0
5498900.0,23,664.27,14255000.0,1
4870400.0,19,409.1,24338000.0,1
2439000.0,11,649.11,5845000.0,1
1248000.0,12,690.04,3909000.0,0
4480100.0,13,114.79,19449000.0,1
6657900.0,12,415.28,22634000.0,0
1158900.0,22,260.07,13638000.0,0
600300.0,10,354.88,17143000.0,0
2155800.0,1,367.14,15813000.0,1
857000.0,20,21.38,3454000.0,0
632100.0,16,368.66,18478000.0,1
5064300.0,10,98.22,8669000.0,1
8828000.0,17,963.94,5206000.0,0
9816800.0,7,413.08,7295000.0,1
1175000.0,11,685.58,20327000.0,0
4632600.0,20,839.41,8380000.0,1
2848800.0,17,559.84,7369000.0,0
3228200.0,14,775.69,15054000.0,1
9789700.0,12,537.24,17515000.0,0
5436200.0,15,892.99,4612000.0,0
6054500.0,2,185.16,27642000.0,0
4680100.0,20,161.2,12895000.0,1
7659200.0,5,47.38,16810000.0,1
2863400.0,14,346.45,1030000.0,1
3060800.0,4,996.15,21459000.0,1
2043700.0,0,994.96,15572000.0,0
3769100.0,14,37.95,22681000.0,1
5399800.0,5,384.49,9970000.0,0
7019600.0,17,787.79,14227000.0,0
1136500.0,0,779.27,5353000.0,1
5861000.0,15,521.41,23497000.0,1
715000.0,16,145.08,10672000.0,1
1965000.0,17,136.51,14472000.0,1
66200.0,4,809.91,6754000.0,1
2551900.0,7,829.71,29634000.0,0
4888800.0,5,760.99,10118000.0,0
4293900.0,13,161.93,11995000.0,1
6919600.0,15,36.29,10042000.0,0
1467300.0,1,671.17,11067000.0,0
6692100.0,10,740.17,8139000.0,0
428600.0,18,183.57,27767000.0,0
2203900.0,2,726.23,4269000.0,1
7871000.0,17,511.67,25786000.0,0
6479900.0,2,594.49,4341000.0,1
8995900.0,1,257.16,9839000.0,1
3776500.0,9,340.5,10162000.0,1
6652800.0,22,599.06,8923000.0,1
5984300.0,1,951.49,19412000.0,1
3396400.0,22,34.13,11517000.0,1
8502000.0,18,157.21,5056000.0,1
7083800.0,8,41.63,24583000.0,1
8006600.0,6,989.09,14686000.0,1
3354100.0,19,227.14,5514000.0,1
8050300.0,16,313.15,6613000.0,1
1880400.0,11,796.06,17191000.0,0
6248800.0,2,430.72,17686000.0,0
596000.0,15,458.84,5822000.0,1
8360900.0,5,583.39,11860000.0,1
6428000.0,20,769.21,12160000.0,0
2438000.0,6,448.66,10000000.0,0
8471400.0,17,177.93,10741000.0,0
7383300.0,10,297.19,27532000.0,1
358300.0,15,524.2,27553000.0,1
1676400.0,9,533.74,11257000.0,0
4003100.0,19,342.03,21144000.0,1
1463400.0,9,357.74,16407000.0,1
5882300.0,8,842.56,22191000.0,1
2961000.0,16,204.97,3250000.0,1
6073200.0,15,377.59,16642000.0,1
8123300.0,6,382.9,15847000.0,0
6219700.0,6,80.05,28749000.0,1
2079700.0,10,56.61,19637000.0,0
7766300.0,6,929.07,19083000.0,1
5548100.0,17,815.66,26998000.0,1
6392500.0,2,863.95,24785000.0,0
511400.0,8,826.26,4822000.0,0
5652300.0,3,969.08,18281000.0,0
7931800.0,20,365.83,14334000.0,1
4524600.0,15,107.13,21899000.0,0
5241500.0,8,397.82,26171000.0,0
4291900.0,22,543.34,2136000.0,1
2456900.0,1,789.68,12914000.0,0
5229800.0,0,228.34,16834000.0,1
6610200.0,14,983.23,13985000.0,1
8387100.0,11,440.66,13215000.0,1
1143200.0,21,667.55,6423000.0,0
2079600.0,19,396.28,27189000.0,1
1651900.0,5,551.9,2253000.0,0
9504500.0,3,192.05,16883000.0,0
2794100.0,15,84.5,6576000.0,0
1349800.0,23,485.92,29056000.0,0
3075700.0,14,607.37,8783000.0,1
8985000.0,10,88.81,12745000.0,0
8814400.0,19,491.85,26287000.0,1
4658800.0,19,615.09,21360000.0,1
3557300.0,10,586.74,24988000.0,0
6987100.0,3,282.91,24820000.0,0
1115800.0,19,232.11,17044000.0,0
7077500.0,3,484.66,25555000.0,1
2519200.0,23,198.73,18707000.0,0
9451000.0,3,316.28,16316000.0,1
1647600.0,0,836.22,12914000.0,0
3988800.0,4,606.65,20306000.0,1
5797700.0,21,797.68,22614000.0,1
6450100.0,15,961.77,4726000.0,1
937700.0,21,275.09,17315000.0,0
9827100.0,0,468.44,18133000.0,0
2070100.0,15,0.51,2784000.0,0
2438000.0,20,244.76,5665000.0,1
3753200.0,1,563.74,7087000.0,1
4357700.0,23,169.67,28710000.0,1
4200.0,4,357.19,5076000.0,0
1426700.0,15,793.53,18599000.0,0
7198600.0,4,758.47,15837000.0,0
5825100.0,17,947.11,5914000.0,1
1181800.0,2,222.21,23745000.0,0
5094300.0,0,971.06,7155000.0,0
2150000.0,6,328.61,7632000.0,0
3112500.0,5,370.42,18478000.0,0
9105100.0,17,597.61,25943000.0,1
4423800.0,23,531.78,1325000.0,1
1704400.0,15,759.88,3357000.0,0
1051800.0,21,471.63,9560000.0,1
1582400.0,15,685.42,16462000.0,1
6367900.0,18,600.81,1681000.0,0
5243100.0,8,379.39,20485000.0,1
7207800.0,12,508.46,28384000.0,1
5584700.0,1,808.02,9516000.0,0
914600.0,14,241.27,28398000.0,1
8074900.0,13,858.78,9485000.0,1
4995700.0,3,273.74,1788000.0,1
689000.0,7,235.09,2961000.0,1
2123000.0,10,317.5,20623000.0,0
328000.0,16,115.23,15661000.0,0
4663800.0,16,557.03,14573000.0,1
5326000.0,16,973.38,11302000.0,0
7433300.0,17,677.59,26415000.0,0
9574000.0,17,73.51,17234000.0,0
576100.0,12,496.73,14509000.0,1
7833300.0,13,158.15,23014000.0,1
3098500.0,6,19.14,3620000.0,0
6734700.0,23,681.75,7968000.0,0
4227700.0,13,418.38,10955000.0,0
5463500.0,10,572.85,2361000.0,0
5775800.0,15,448.03,11229000.0,0
3771900.0,13,963.86,27797000.0,0
7979500.0,7,396.12,7559000.0,1
3057700.0,22,838.88,15866000.0,0
7372300.0,13,66.19,21472000.0,0
6884400.0,19,736.12,21195000.0,0
8607900.0,9,610.99,6787000.0,0
6636000.0,17,629.31,9053000.0,0
6454900.0,23,236.27,1319000.0,0
2351100.0,8,243.73,11759000.0,1
600000.0,6,698.4,13825000.0,0
4428700.0,6,436.7,14894000.0,1
2136400.0,5,422.68,19355000.0,0
8105200.0,6,240.89,12444000.0,1
6436600.0,5,524.37,14550000.0,1
3432600.0,12,454.58,24944000.0,0
521500.0,20,102.32,19422000.0,1
6928900.0,0,163.7,13107000.0,0
7478500.0,23,386.04,29375000.0,1
2691100.0,22,846.1,13168000.0,0
291900.0,8,295.68,10300000.0,0
2354300.0,19,792.07,26783000.0,1
5606500.0,13,696.36,29833000.0,0
9174500.0,8,848.59,6122000.0,1
8930500.0,11,985.58,24227000.0,1
7676500.0,17,798.06,11140000.0,0
5754800.0,10,481.83,16529000.0,1
2429300.0,4,444.78,17004000.0,0
3133500.0,3,446.01,25415000.0,1
8930800.0,2,114.65,29595000.0,0
5239500.0,13,849.4,1718000.0,1
7528900.0,6,311.92,12694000.0,1
7153000.0,19,282.02,28497000.0,0
2585800.0,17,309.97,23452000.0,0
1489900.0,16,386.06,28011000.0,0
7203100.0,5,155.95,2344000.0,0
756400.0,22,800.5,7236000.0,1
4019600.0,12,773.62,9528000.0,1
99800.0,12,666.75,15192000.0,0
7542500.0,12,489.26,28454000.0,1
2535500.0,20,14.24,27341000.0,1
2932300.0,2,618.1,28442000.0,0
6345300.0,8,381.81,15889000.0,0
9694500.0,4,94.79,29890000.0,0
91500.0,15,888.22,1399000.0,1
3397500.0,4,80.52,15980000.0,1
6789400.0,18,317.53,8775000.0,1
3605400.0,20,107.23,18245000.0,1
477000.0,16,994.7,1709000.0,1
1392800.0,20,390.41,24872000.0,1
5242800.0,18,213.93,2983000.0,1
9109900.0,6,425.86,5753000.0,0
836600.0,14,408.36,14170000.0,0
7451800.0,8,475.25,10791000.0,1
2895000.0,11,785.46,13805000.0,1
8135400.0,15,585.14,25496000.0,0
6852400.0,19,271.68,11471000.0,0
4197100.0,4,628.93,4698000.0,0
3372400.0,12,211.45,21410000.0,1
5336400.0,8,774.08,6602000.0,0
5271700.0,7,524.36,12144000.0,1
1052700.0,22,395.04,7655000.0,1
2209000.0,1,644.64,22912000.0,1
6798500.0,17,592.44,19804000.0,1
169400.0,2,331.14,8055000.0,1
7226100.0,20,549.78,24387000.0,1
5445300.0,7,455.97,1502000.0,1
8583100.0,13,257.65,20564000.0,1
7782200.0,16,825.21,17570000.0,0
9548400.0,7,890.66,25692000.0,1
5478300.0,14,657.99,4165000.0,0
7729900.0,16,105.53,5106000.0,0
9003300.0,19,753.18,21998000.0,0
5712300.0,6,56.0,7721000.0,0
343800.0,10,707.98,22535000.0,0
7459500.0,11,621.42,14331000.0,1
8433700.0,20,812.92,11899000.0,0
5224100.0,8,530.1,9865000.0,1
7026600.0,1,585.81,15450000.0,1
3438400.0,11,833.94,1800000.0,1
3805200.0,15,347.69,15209000.0,1
9621200.0,5,136.21,29131000.0,1
4233100.0,14,978.13,1031000.0,1
2255100.0,11,935.06,5871000.0,0
1775400.0,12,351.91,12395000.0,1
2941000.0,8,234.64,13335000.0,0
6279000.0,22,846.03,17916000.0,0
5291000.0,9,651.93,1875000.0,1
4210800.0,1,692.46,1375000.0,0
8800300.0,17,483.14,18349000.0,1
6088500.0,20,582.42,12557000.0,1
3141000.0,11,752.25,23591000.0,1
61200.0,15,429.35,4354000.0,0
9109700.0,15,397.67,7265000.0,0
1176700.0,20,218.94,7319000.0,1
9159100.0,18,770.26,21932000.0,1
8303500.0,10,283.54,9878000.0,1
8329800.0,15,63.01,21794000.0,0
4517000.0,9,994.15,23684000.0,1
9980000.0,15,667.7,10853000.0,1
6576700.0,23,71.9,2460000.0,0
8803600.0,6,31.12,6279000.0,0
6194800.0,10,11.45,27075000.0,1
7455000.0,17,617.21,6542000.0,1
3206000.0,21,306.19,16299000.0,0
9618500.0,14,799.93,7433000.0,0
3383100.0,1,994.36,1959000.0,1
3518000.0,16,19.42,22208000.0,0
3519600.0,6,11.08,15436000.0,1
1508300.0,9,101.29,23436000.0,1
1424100.0,14,147.65,19047000.0,1
638500.0,12,313.7,1439000.0,1
8196100.0,9,87.02,3831000.0,0
7567700.0,5,314.85,18278000.0,1
4955700.0,17,138.21,1245000.0,0
3852600.0,1,640.58,27412000.0,1
5279300.0,21,481.39,12168000.0,0
5691000.0,7,847.52,8037000.0,0
1376900.0,21,801.14,1597000.0,0
7506000.0,21,288.64,28236000.0,0
2753000.0,2,135.23,29019000.0,1
3445800.0,15,686.9,19604000.0,0
787100.0,2,11.79,5825000.0,0
3765000.0,18,44.83,15793000.0,0
3771600.0,9,574.35,24041000.0,0
6963800.0,14,111.13,8688000.0,0
2224400.0,10,377.23,24644000.0,1
2189300.0,17,945.74,15929000.0,1
6323300.0,3,403.97,16197000.0,0
1759600.0,3,820.97,20405000.0,1
7568700.0,10,38.64,6282000.0,0
7352200.0,2,447.37,26181000.0,0
1082500.0,5,297.78,20640000.0,0
8333700.0,9,535.71,2596000.0,0
9154700.0,8,334.26,20836000.0,0
2812400.0,1,429.12,11862000.0,0
7621500.0,15,73.18,2324000.0,1
1548800.0,22,9.88,5461000.0,1
3916500.0,7,669.07,10228000.0,1
6407100.0,6,230.99,22445000.0,1
8590000.0,13,433.03,29075000.0,1
4307300.0,2,356.33,4901000.0,1
9934800.0,15,185.01,15972000.0,1
6866600.0,16,792.75,18944000.0,1
115800.0,2,911.81,22887000.0,0
9819200.0,10,487.8,3653000.0,1
8807900.0,16,70.47,15328000.0,1
5053400.0,11,377.9,1154000.0,0
6664200.0,15,294.95,22081000.0,1
4429800.0,11,39.13,19375000.0,0
263800.0,14,975.23,4115000.0,1
4125500.0,2,97.35,22569000.0,0
2376600.0,7,388.97,20099000.0,0
3447200.0,16,42.83,10765000.0,1
1695500.0,2,352.77,29097000.0,0
3112000.0,19,94.81,1391000.0,1
1606200.0,12,227.61,9352000.0,0
1892600.0,5,995.29,28024000.0,1
674700.0,0,218.04,16692000.0,1
8415000.0,3,745.57,2771000.0,1
4622600.0,9,565.45,12243000.0,0
5898600.0,15,267.45,9990000.0,1
2232700.0,9,674.58,7118000.0,0
9884600.0,23,721.91,6056000.0,1
8984100.0,2,941.75,26128000.0,0
8108800.0,19,913.23,3214000.0,1
2399300.0,23,848.22,2560000.0,1
1695600.0,13,963.02,3568000.0,0
8059400.0,3,585.23,22516000.0,0
5691600.0,1,234.44,13456000.0,1
9701500.0,23,214.59,6799000.0,0
1800400.0,4,355.39,17625000.0,1
9307300.0,3,257.25,28346000.0,0
9922000.0,16,619.9,18707000.0,1
391000.0,3,147.95,16713000.0,0
4651900.0,18,805.61,23034000.0,1
8162800.0,5,29.63,5035000.0,0
2442000.0,11,259.2,28656000.0,1
1870400.0,19,973.65,1555000.0,1
4603800.0,2,407.32,26396000.0,0
2168100.0,16,355.37,20955000.0,0
9712600.0,6,722.9,3558000.0,0
4332800.0,4,215.52,16565000.0,1
1627700.0,1,29.8,17917000.0,0
7968400.0,2,38.53,7805000.0,0
9508700.0,23,697.86,5633000.0,0
8644500.0,14,930.37,3565000.0,1
2959100.0,11,457.31,21306000.0,1
7179100.0,15,437.73,15380000.0,0
3916600.0,4,864.36,24302000.0,0
7915900.0,3,398.74,29187000.0,0
2913200.0,18,370.13,19387000.0,0
5424700.0,14,949.17,13336000.0,1
2458700.0,1,313.94,18200000.0,1
994800.0,21,138.04,19620000.0,0
3704200.0,13,985.56,25305000.0,1
368700.0,13,484.66,3098000.0,0
9650700.0,23,879.33,17834000.0,0
6926700.0,0,655.71,23041000.0,0
932900.0,15,606.73,10766000.0,0
8915900.0,5,985.47,17301000.0,0
8827200.0,23,733.38,18994000.0,1
1183300.0,21,927.39,4771000.0,1
8296600.0,8,753.81,25547000.0,1
945300.0,5,790.62,3928000.0,0
7601600.0,3,539.82,28468000.0,0
895100.0,9,895.12,17159000.0,1
740200.0,6,547.33,22977000.0,0
6187500.0,16,297.12,10307000.0,1
6823100.0,20,955.49,16901000.0,0
4600600.0,5,121.47,22844000.0,1
2790600.0,16,948.68,23955000.0,1
3050500.0,22,416.87,19072000.0,1
9369600.0,7,108.56,15988000.0,0
5165200.0,12,949.5,5249000.0,1
7787700.0,11,861.06,29809000.0,1
9341600.0,15,766.94,12526000.0,0
2986900.0,22,939.5,25164000.0,0
624000.0,9,250.72,12049000.0,1
5012300.0,11,854.53,21297000.0,0
13800.0,6,497.19,15731000.0,1
6712700.0,13,993.79,13515000.0,1
3597600.0,10,959.66,8681000.0,0
1224200.0,3,519.65,4322000.0,0
832200.0,12,94.62,7816000.0,0
9595100.0,8,477.31,11622000.0,1
8719800.0,21,531.18,18934000.0,0
501100.0,1,403.91,26269000.0,1
1309100.0,22,471.42,29838000.0,0
2445400.0,1,530.8,4105000.0,1
3466500.0,4,84.96,12631000.0,0
9990200.0,5,497.35,10529000.0,0
2514300.0,0,178.35,12708000.0,1
156200.0,21,37.26,10417000.0,0
2632000.0,6,48.59,11573000.0,0
8791600.0,10,516.35,3100000.0,0
6111400.0,6,319.25,26478000.0,1
6729100.0,21,261.81,21435000.0,0
6740700.0,3,441.28,24550000.0,0
2797300.0,3,284.28,8655000.0,0
7543500.0,0,739.34,28091000.0,0
2131600.0,14,959.03,10865000.0,0
7824000.0,3,30.55,15247000.0,1
5171000.0,4,305.3,5552000.0,0
2288600.0,13,524.86,27822000.0,0
4860400.0,3,541.71,4277000.0,1
5979400.0,14,182.62,13635000.0,0
3227400.0,5,40.46,21800000.0,0
6815500.0,8,970.16,15875000.0,1
1903000.0,14,605.46,6446000.0,0
8118700.0,20,610.04,16117000.0,0
2650900.0,6,836.29,25254000.0,0
6633800.0,10,814.02,22056000.0,1
5339400.0,14,385.28,26712000.0,1
9311800.0,11,721.26,10239000.0,1
8652800.0,23,579.77,25084000.0,1
8168600.0,9,104.78,10682000.0,1
3542500.0,14,168.18,1416000.0,1
1727500.0,15,113.22,12058000.0,0
9122800.0,2,884.14,5876000.0,1
3410400.0,8,188.49,15245000.0,1
7938300.0,18,94.61,13024000.0,1
5388000.0,9,932.07,26040000.0,1
6917400.0,7,496.04,12557000.0,0
6848100.0,6,938.84,3550000.0,0
3515900.0,5,756.49,18701000.0,1
9173500.0,2,48.25,23803000.0,1
4910200.0,3,563.89,25064000.0,1
4833600.0,15,622.36,6410000.0,0
9561700.0,23,678.31,24232000.0,0
8930500.0,11,361.98,23028000.0,1
4568500.0,0,930.46,21867000.0,0
3265300.0,5,999.93,16929000.0,1
5284400.0,21,722.73,21059000.0,0
2460400.0,23,223.78,26389000.0,1
9369300.0,1,315.44,15251000.0,1
9145400.0,23,603.32,28639000.0,0
6816500.0,1,327.22,4236000.0,0
4727600.0,7,514.98,13846000.0,1
8210500.0,2,425.85,28244000.0,1
4681100.0,20,280.59,2333000.0,1
8058000.0,1,133.63,27845000.0,0
7981900.0,23,892.92,9151000.0,0
1696700.0,4,407.14,12128000.0,1
2098700.0,1,39.88,22606000.0,0
8654300.0,16,476.47,8623000.0,1
1236100.0,17,340.73,5463000.0,1
1511100.0,20,874.72,17645000.0,1
4499500.0,12,16.38,15738000.0,1
4509600.0,10,724.2,5008000.0,1
638200.0,13,203.53,11155000.0,1
7530900.0,23,635.06,28074000.0,0
1373800.0,8,252.15,23580000.0,1
5439900.0,12,798.35,12273000.0,1
2621900.0,21,829.76,20575000.0,1
7439700.0,14,859.97,15360000.0,0
4322300.0,19,821.96,11761000.0,0
5187400.0,11,231.83,10220000.0,1
9954000.0,5,731.83,9202000.0,0
7274500.0,6,263.75,20706000.0,1
5406200.0,17,981.53,3036000.0,0
3921100.0,19,755.17,11848000.0,1
7694300.0,14,145.17,4564000.0,1
8091600.0,6,772.71,25803000.0,1
5562100.0,8,802.03,23957000.0,1
7798500.0,5,53.79,13328000.0,0
5056200.0,3,797.12,8078000.0,1
1665000.0,16,69.7,2098000.0,0
5590700.0,7,831.75,20409000.0,0
5026100.0,11,513.84,22952000.0,1
8951200.0,18,865.09,26392000.0,1
2653000.0,3,101.5,2719000.0,1
9197600.0,15,546.06,1031000.0,1
8728100.0,22,210.04,15732000.0,1
5652800.0,2,804.13,15487000.0,0
2714900.0,6,946.4,5830000.0,0
2411800.0,1,927.83,1599000.0,1
8575500.0,10,324.43,16884000.0,1
2978500.0,11,886.72,22390000.0,0
8773500.0,22,39.39,1723000.0,1
4006500.0,2,425.89,12208000.0,0
5641700.0,15,62.57,23310000.0,0
5482500.0,8,205.87,29482000.0,0
7821200.0,17,610.11,20693000.0,1
7375500.0,4,308.17,21014000.0,1
6716500.0,11,485.08,15498000.0,0
2408500.0,4,495.7,16124000.0,1
3025900.0,16,142.74,15276000.0,1
898000.0,22,370.72,27948000.0,1
9801100.0,23,862.52,11887000.0,1
7683200.0,13,734.65,25795000.0,1
7395100.0,7,13.86,17383000.0,1
5802100.0,18,741.55,6082000.0,1
9594000.0,4,855.24,8296000.0,0
376000.0,6,805.52,9549000.0,0
4183700.0,3,750.19,2423000.0,1
9669800.0,2,182.47,26645000.0,1
6957700.0,7,533.53,13256000.0,1
2344600.0,5,368.15,20351000.0,1
3305600.0,19,343.55,24569000.0,1
7286700.0,4,819.17,29006000.0,0
4993700.0,1,45.31,25989000.0,0
9265900.0,19,867.17,5525000.0,0
2163600.0,6,834.48,19076000.0,0
2496900.0,16,781.9,26529000.0,1
8648900.0,0,791.31,29966000.0,1
1214900.0,9,137.2,22146000.0,0
3807600.0,23,260.08,4278000.0,0
1410500.0,10,897.86,7062000.0,0
8869800.0,18,239.85,27116000.0,1
2209500.0,17,498.14,7145000.0,1
5046300.0,6,48.6,3753000.0,0
2771300.0,14,873.74,3811000.0,0
3463900.0,9,534.96,2878000.0,0
5092200.0,13,801.55,12122000.0,1
391300.0,4,931.16,8967000.0,1
5047100.0,23,326.26,5903000.0,1
254000.0,13,965.63,19632000.0,1
2399400.0,0,163.87,12166000.0,0
9508200.0,5,408.98,23990000.0,1
8084800.0,4,183.08,6938000.0,0
7465300.0,5,537.39,23944000.0,1
3202100.0,14,471.72,17470000.0,1
4734800.0,13,962.32,9696000.0,0
3123200.0,23,241.27,4392000.0,1
7772100.0,23,730.9,11137000.0,0
5392100.0,22,852.24,2450000.0,1
957000.0,7,555.52,26738000.0,0
1080700.0,21,569.29,23137000.0,1
6957400.0,20,144.38,21738000.0,0
1581800.0,11,886.88,10879000.0,0
4261400.0,11,210.46,24479000.0,1
9093900.0,17,71.61,15741000.0,1
6398000.0,5,459.57,28104000.0,0
4719700.0,6,522.98,13438000.0,1
1775700.0,13,633.7,12089000.0,1
8002000.0,5,522.34,3563000.0,0
1147900.0,11,726.21,15603000.0,0
2981800.0,17,895.15,14956000.0,1
4299900.0,5,206.21,27358000.0,1
7340000.0,5,942.08,5769000.0,0
534200.0,10,73.64,4843000.0,0
834900.0,9,944.76,18229000.0,0
8862600.0,1,343.62,16254000.0,1
5354000.0,18,222.34,2933000.0,1
7449400.0,21,66.82,14595000.0,1
4851600.0,6,397.69,17101000.0,1
2633400.0,14,444.23,10363000.0,1
1400500.0,23,604.4,17925000.0,1
989900.0,2,981.53,8699000.0,1
2018600.0,6,566.6,4644000.0,1
4358700.0,2,573.82,7637000.0,1
4085000.0,5,442.21,15026000.0,1
2655700.0,18,675.72,11767000.0,1
9801800.0,5,586.35,24714000.0,1
7842000.0,4,211.87,21503000.0,1
6793700.0,15,617.99,27198000.0,0
1451200.0,13,49.04,28705000.0,1
9213700.0,22,839.5,24723000.0,0
6051500.0,23,120.45,23623000.0,1
5323300.0,17,41.97,5891000.0,1
8410400.0,6,736.91,17499000.0,0
6144100.0,5,117.58,13636000.0,1
936200.0,19,262.14,27358000.0,1
6933300.0,6,569.63,29893000.0,1
4236300.0,1,958.57,11996000.0,1
3158100.0,19,386.07,23217000.0,0
7966600.0,4,637.48,5289000.0,1
6554000.0,0,113.71,11534000.0,0
8769200.0,19,138.45,16458000.0,1
310500.0,17,766.35,14095000.0,0
3742400.0,10,143.54,19375000.0,1
1566300.0,6,469.53,28106000.0,0
2749900.0,10,917.16,14330000.0,1
7020400.0,5,593.2,4383000.0,0
1319400.0,1,206.8,21804000.0,0
5090800.0,22,653.47,22979000.0,0
9607300.0,12,648.43,18070000.0,1
7996600.0,4,346.6,3738000.0,0
2445900.0,9,593.43,19800000.0,0
9637400.0,19,498.23,25428000.0,0
3271300.0,5,732.54,18896000.0,0
477400.0,13,477.14,12416000.0,0
2168900.0,22,896.31,3407000.0,0
2479600.0,0,291.81,28343000.0,0
3496700.0,14,625.8,24747000.0,0
4168000.0,18,86.82,16005000.0,1
7935700.0,6,988.5,27982000.0,0
4977100.0,14,402.48,13631000.0,0
418900.0,14,496.93,26282000.0,0
4157000.0,8,311.79,24514000.0,0
5096400.0,18,916.06,7901000.0,0
2440200.0,2,300.75,27262000.0,1
4163300.0,13,613.75,26012000.0,0
1947900.0,2,168.27,20834000.0,1
6027900.0,18,875.15,1210000.0,0
2092600.0,18,193.56,5213000.0,1
2931500.0,19,73.75,26075000.0,0
1946100.0,13,76.9,20818000.0,1
8259600.0,21,424.44,14390000.0,0
1210100.0,1,560.5,28572000.0,0
9167900.0,18,36.68,28566000.0,0
3502400.0,21,908.77,24748000.0,0
3640500.0,14,208.39,29868000.0,0
8455300.0,0,16.99,20120000.0,1
6597100.0,19,521.68,3392000.0,1
1166700.0,20,666.73,2048000.0,1
1367500.0,6,260.75,27419000.0,1
107400.0,21,127.41,22584000.0,1
7196000.0,12,284.79,27432000.0,1
3994600.0,15,859.64,4837000.0,0
7535300.0,17,709.2,16508000.0,0
6304700.0,5,415.82,16520000.0,0
2428100.0,4,589.33,27756000.0,1
4149700.0,1,908.05,12998000.0,1
8963600.0,7,204.55,13446000.0,0
2546800.0,5,276.16,8828000.0,0
4016800.0,1,263.78,27538000.0,1
2873700.0,2,513.24,16133000.0,0
8904700.0,12,727.82,10060000.0,0
453000.0,8,516.82,28438000.0,0
1762300.0,15,28.6,5715000.0,0
3190000.0,6,650.49,3306000.0,1
5417200.0,10,416.54,5751000.0,1
7038700.0,10,918.67,9088000.0,1
190800.0,20,409.45,2287000.0,1
665900.0,14,702.87,24752000.0,1
4629000.0,13,794.33,20870000.0,1
1994700.0,5,642.69,9469000.0,1
6681700.0,15,720.34,12907000.0,0
3772400.0,13,484.82,20294000.0,0
8532000.0,16,697.53,18159000.0,1
2538100.0,21,578.21,2998000.0,1
5132100.0,21,481.0,20937000.0,1
5877600.0,11,750.02,17066000.0,1
9582500.0,14,880.03,2902000.0,0
4288700.0,4,538.99,4504000.0,1
6969700.0,10,994.53,10600000.0,0
8645400.0,21,87.69,7475000.0,1
1544600.0,10,63.59,5427000.0,0
5465200.0,12,425.59,20143000.0,1
7090900.0,11,258.35,28896000.0,0
9358700.0,9,711.59,11327000.0,1
6378000.0,6,610.61,19650000.0,0
6817600.0,9,535.12,2825000.0,0
6172700.0,6,503.21,6741000.0,0
718800.0,12,418.7,12773000.0,1
1120600.0,14,959.29,12897000.0,1
7451400.0,1,187.8,4362000.0,1
4561300.0,11,833.67,19362000.0,1
9402400.0,20,585.47,7067000.0,0
5510400.0,9,678.76,12516000.0,0
1187300.0,16,710.45,27722000.0,0
107400.0,14,152.26,5263000.0,1
7646300.0,18,380.87,14622000.0,0
9727500.0,11,627.1,26953000.0,1
8014900.0,17,656.52,28949000.0,0
466500.0,10,177.92,6761000.0,1
9964300.0,16,872.19,11192000.0,0
3217200.0,4,643.04,28419000.0,0
6125500.0,3,22.38,14721000.0,1
8387600.0,0,770.84,1841000.0,0
8767600.0,21,468.84,18449000.0,1
6252300.0,22,5.11,17701000.0,1
9869300.0,6,387.55,18945000.0,1
6535600.0,13,445.46,9855000.0,0
9236900.0,15,567.11,21194000.0,1
1159500.0,14,788.55,1220000.0,0
9929000.0,17,505.51,5393000.0,1
4911800.0,19,768.71,17732000.0,1
3761600.0,1,474.12,28287000.0,1
9307300.0,1,145.27,29105000.0,0
4824400.0,20,994.45,18611000.0,1
1098800.0,13,770.27,26918000.0,0
7257200.0,21,819.07,7676000.0,0
1136700.0,1,564.15,22385000.0,0
8894900.0,22,680.81,2895000.0,0
9904000.0,19,99.87,17806000.0,0
6566100.0,23,627.39,15097000.0,0
9734400.0,17,876.49,24661000.0,1
9248100.0,0,920.29,9183000.0,1
4357800.0,13,775.07,17609000.0,1
1325100.0,19,94.63,16224000.0,0
9737600.0,14,358.83,27606000.0,0
1720200.0,22,942.48,14755000.0,0
9941100.0,1,170.44,26574000.0,1
4968700.0,22,173.61,28116000.0,0
4500100.0,16,335.58,21713000.0,1
5792500.0,22,325.84,4897000.0,0
6478000.0,14,196.54,26392000.0,0
1146300.0,14,493.34,29055000.0,0
141600.0,1,992.62,19087000.0,1
3564700.0,23,744.36,23913000.0,0
7615400.0,12,781.97,20998000.0,0
6490800.0,14,776.61,10340000.0,0
8549400.0,9,550.51,11155000.0,1
8691600.0,16,735.97,22736000.0,1
4786600.0,3,444.95,25675000.0,0
3670200.0,0,830.92,13748000.0,0
9337400.0,13,511.55,1500000.0,0
1808400.0,19,663.66,6636000.0,0
2291000.0,10,746.89,15615000.0,0
8443300.0,5,895.19,5390000.0,1
5760900.0,8,833.53,20548000.0,0
2029500.0,1,954.47,9177000.0,1
5304100.0,11,130.13,26445000.0,0
829100.0,19,249.25,3615000.0,1
3012100.0,2,636.79,10860000.0,1
1772300.0,2,526.51,26383000.0,1
3971000.0,19,405.84,23693000.0,0
5355700.0,7,64.13,28424000.0,0
5019000.0,14,964.68,8086000.0,1
5836900.0,8,689.63,5225000.0,1
4194500.0,13,406.07,2388000.0,1
4532800.0,17,878.14,29627000.0,0
5825400.0,2,642.43,22065000.0,1
6192600.0,9,90.88,29783000.0,1
5495700.0,8,948.97,18474000.0,1
9760600.0,0,76.7,22912000.0,1
5735800.0,8,50.9,13890000.0,0
4707900.0,22,289.71,7687000.0,1
5858900.0,23,589.9,10457000.0,0
7414000.0,4,654.74,23139000.0,0
5474400.0,13,542.17,6566000.0,1
5616000.0,7,682.17,8565000.0,1
7054900.0,21,442.05,24600000.0,0
5846300.0,10,962.16,14381000.0,1
6578800.0,2,94.0,26320000.0,1
5912300.0,12,259.4,3675000.0,1
1490500.0,18,385.55,11703000.0,0
2450600.0,13,835.78,3825000.0,1
4634500.0,6,553.8,28332000.0,0
2647900.0,0,61.81,15380000.0,1
8042300.0,6,267.29,10174000.0,0
352000.0,5,219.88,12519000.0,1
9475000.0,1,79.89,9721000.0,1
9635400.0,1,125.41,26357000.0,1
7126300.0,20,937.24,12892000.0,1
5941300.0,21,586.04,18622000.0,0
3093300.0,8,427.85,23382000.0,1
2670800.0,9,723.54,26958000.0,1
5120400.0,1,849.56,16976000.0,1
5163300.0,10,909.86,21118000.0,0
9150900.0,16,535.52,7101000.0,0
5091100.0,21,90.15,15096000.0,0
4500900.0,4,736.72,2532000.0,1
9588100.0,10,131.71,3885000.0,0
1214400.0,8,60.39,23940000.0,1
9569600.0,17,86.97,7049000.0,1
4614900.0,10,857.71,13516000.0,1
2737800.0,15,730.59,9383000.0,1
3313100.0,12,759.67,1899000.0,1
4201400.0,19,973.39,13575000.0,0
4875200.0,18,970.35,29496000.0,1
3700000.0,3,245.49,12552000.0,1
4428100.0,9,1.19,29803000.0,1
6150200.0,19,417.85,15738000.0,1
8412800.0,12,827.36,12688000.0,0
2858600.0,4,149.96,14883000.0,0
8791300.0,7,264.88,24533000.0,1
1338600.0,15,418.76,18794000.0,1
4308500.0,11,2.97,9997000.0,0
9245300.0,2,335.84,5214000.0,0
7717500.0,11,699.53,27462000.0,0
8539600.0,12,865.75,1443000.0,1
6546500.0,14,440.04,21561000.0,1
7148900.0,7,630.67,27292000.0,0
4312200.0,13,452.13,6651000.0,0
4811300.0,16,3.66,1583000.0,0
3690100.0,8,913.0,5601000.0,1
8858400.0,14,958.04,18420000.0,0
8916900.0,19,309.19,24223000.0,0
6236200.0,23,973.08,28293000.0,1
7139900.0,1,205.66,26869000.0,1
1707600.0,18,108.55,5561000.0,0
5514800.0,13,685.3,20236000.0,0
3281500.0,15,634.81,20700000.0,0
7442800.0,21,646.79,23228000.0,0
8120700.0,21,792.51,4645000.0,0
3541900.0,2,587.56,12386000.0,0
7276700.0,0,335.77,12468000.0,1
7459600.0,20,85.21,13782000.0,1
4107600.0,20,545.52,14972000.0,1
1303700.0,22,486.46,24643000.0,1
7583400.0,0,142.26,29822000.0,1
2890100.0,1,407.71,29181000.0,1
7877400.0,9,781.4,19078000.0,1
8008000.0,11,63.76,14511000.0,0
4780200.0,12,864.72,17779000.0,1
822200.0,13,377.87,1060000.0,1
8023200.0,22,913.51,1253000.0,1
1282900.0,1,159.44,1369000.0,1
9715300.0,6,389.04,1524000.0,1
2654200.0,3,737.06,20702000.0,1
8613800.0,8,28.78,18412000.0,0
452200.0,17,450.21,17897000.0,1
6039500.0,17,174.2,26784000.0,1
8926300.0,23,237.99,26899000.0,0
8859900.0,11,370.91,14748000.0,0
6875200.0,18,978.03,29189000.0,0
6437800.0,2,146.76,19367000.0,0
8898700.0,1,817.55,1036000.0,0
46600.0,14,607.67,25260000.0,0
432200.0,12,420.27,7294000.0,0
180500.0,14,680.1,10409000.0,0
9393100.0,22,17.34,26602000.0,1
8717400.0,1,194.67,9692000.0,1
1158200.0,11,279.76,7794000.0,0
3767700.0,1,869.17,23056000.0,0
4307200.0,14,514.13,7433000.0,1
6413100.0,2,951.72,17912000.0,1
4708600.0,6,55.56,18258000.0,0
8025000.0,2,7.01,2624000.0,1
9904000.0,15,834.42,2356000.0,1
2576900.0,3,122.1,29009000.0,1
3631200.0,7,517.81,16875000.0,1
2656100.0,22,966.07,14260000.0,0
7554600.0,0,336.34,26740000.0,0
3691400.0,4,523.23,14750000.0,0
8956800.0,6,444.3,4272000.0,0
4451200.0,19,643.2,25815000.0,0
3449800.0,22,408.86,9139000.0,0
6873000.0,8,771.49,24732000.0,1
9274400.0,18,759.12,24393000.0,1
1232600.0,10,828.97,5676000.0,0
7205200.0,21,269.69,3800000.0,0
8769900.0,9,595.08,5126000.0,1
1746400.0,21,767.98,1289000.0,0
6569900.0,14,725.8,26897000.0,0
5512700.0,8,35.66,16331000.0,1
1301400.0,18,509.15,8880000.0,0
3353800.0,6,386.16,5601000.0,1
9544900.0,18,807.59,15985000.0,0
4736400.0,3,706.42,4598000.0,0
9351000.0,5,105.73,12014000.0,0
9120100.0,22,659.55,3632000.0,0
7309300.0,15,780.76,11158000.0,0
2558200.0,12,533.73,20855000.0,1
5471800.0,6,238.74,3751000.0,1
8872100.0,18,289.66,27569000.0,0
9556100.0,8,849.66,21405000.0,0
5086200.0,5,528.8,20860000.0,0
5083000.0,14,403.19,16893000.0,0
7523700.0,22,252.51,5727000.0,1
2690800.0,8,40.92,15427000.0,1
6847000.0,6,677.37,20109000.0,1
9358800.0,2,628.41,17721000.0,1
4945300.0,0,525.03,24783000.0,1
976000.0,20,223.46,25937000.0,1
8830400.0,16,336.18,6127000.0,0
3053800.0,13,264.93,8519000.0,0
1801000.0,11,241.29,29367000.0,0
5661100.0,2,209.06,17856000.0,1
3337000.0,10,193.75,10580000.0,0
4030100.0,14,900.26,10345000.0,1
9755600.0,2,758.68,6138000.0,1
1742900.0,16,868.39,16180000.0,0
1474600.0,9,668.84,20539000.0,0
1550700.0,2,738.03,22741000.0,0
3696200.0,6,531.68,14372000.0,0
5216800.0,16,755.11,18184000.0,0
5754900.0,18,118.43,9801000.0,0
983100.0,6,189.62,21395000.0,0
5071200.0,18,425.39,23033000.0,0
8188900.0,10,90.32,21450000.0,0
8207300.0,5,862.12,18743000.0,1
535100.0,15,202.47,1587000.0,1
8003000.0,15,689.13,19060000.0,1
6028800.0,20,347.59,3354000.0,1
445300.0,21,358.88,6649000.0,1
7491000.0,3,972.23,26649000.0,0
2674000.0,17,906.4,1616000.0,0
7131700.0,0,184.81,19295000.0,1
5706600.0,15,864.43,6077000.0,1
3751500.0,13,993.41,6826000.0,1
8187800.0,15,749.44,11568000.0,0
5374400.0,3,47.77,8441000.0,0
9112900.0,1,116.01,22322000.0,0
9818900.0,7,618.17,1895000.0,0
5488800.0,4,696.43,18470000.0,1
6405900.0,10,675.91,16638000.0,1
5470100.0,6,96.26,7295000.0,1
922600.0,16,906.02,7381000.0,1
8180000.0,0,688.4,29053000.0,0
3561000.0,20,285.97,1851000.0,1
2036100.0,13,160.35,28102000.0,0
4494100.0,1,168.51,10134000.0,0
752400.0,5,27.18,1977000.0,1
3323300.0,20,320.05,23239000.0,1
6595000.0,1,427.78,18376000.0,1
42200.0,4,955.35,11966000.0,0
4370700.0,11,269.67,5567000.0,1
6889400.0,9,686.87,3026000.0,1
1534400.0,12,179.62,25546000.0,0
8287200.0,10,296.29,4479000.0,1
4589300.0,22,452.94,14119000.0,1
4300100.0,4,46.61,25841000.0,0
9112300.0,15,568.68,22575000.0,0
6477100.0,14,944.43,18235000.0,1
549100.0,11,856.62,4952000.0,1
1070800.0,10,869.02,25444000.0,0
62700.0,21,383.54,24974000.0,0
1169400.0,23,407.92,8786000.0,0
4244900.0,11,108.59,26686000.0,0
9819900.0,13,997.69,27519000.0,0
4092800.0,17,707.39,27751000.0,1
3101500.0,6,549.37,27807000.0,0
5613900.0,1,530.56,16541000.0,0
3367900.0,4,597.15,15510000.0,1
5093500.0,19,584.38,20845000.0,0
3362400.0,22,503.72,13690000.0,1
9756800.0,5,156.9,6023000.0,0
3252000.0,19,377.2,25176000.0,0
9816800.0,15,364.52,15907000.0,1
4248200.0,14,791.3,9492000.0,1
3128700.0,7,447.33,28488000.0,0
4067200.0,14,101.65,29660000.0,0
9120400.0,13,981.32,9816000.0,0
5508200.0,7,27.76,22434000.0,0
2792500.0,8,300.71,28130000.0,1
9877500.0,4,456.02,2421000.0,1
9320100.0,12,900.24,15670000.0,1
4967900.0,10,175.25,6058000.0,0
4741700.0,13,429.52,14483000.0,1
8996900.0,22,359.5,1072000.0,0
3070500.0,6,880.71,26742000.0,1
9613400.0,16,270.62,29626000.0,1
1162900.0,19,914.43,12937000.0,1
4463300.0,14,531.03,9939000.0,1
9512900.0,17,194.5,14695000.0,1
7264400.0,14,898.81,2170000.0,0
9947800.0,5,818.06,23167000.0,0
4966800.0,9,566.3,3269000.0,0
3889100.0,5,956.68,20551000.0,1
1995500.0,12,40.42,7886000.0,0
8798600.0,8,475.41,17165000.0,0
9465800.0,0,50.14,8219000.0,0
2594100.0,0,107.4,8922000.0,1
9777500.0,17,365.74,8240000.0,0
4641400.0,4,664.02,14047000.0,1
1768500.0,5,309.69,19938000.0,0
2893600.0,21,91.09,7884000.0,1
9028000.0,19,835.22,12299000.0,0
3497200.0,15,747.92,5575000.0,0
2966800.0,9,174.29,3103000.0,0
2042400.0,22,952.04,11181000.0,1
5187100.0,11,585.73,25855000.0,0
6573800.0,6,330.12,21323000.0,0
384700.0,4,26.43,22643000.0,0
4917500.0,10,623.11,26571000.0,1
8015700.0,5,118.97,3729000.0,0
9563600.0,2,957.64,20488000.0,0
2571800.0,1,491.12,28840000.0,1
8858200.0,18,250.26,6280000.0,1
454000.0,11,62.04,4119000.0,1
2013200.0,15,292.88,9084000.0,0
2301400.0,0,500.31,5984000.0,0
6231600.0,20,952.91,9209000.0,0
5755900.0,23,347.76,5301000.0,0
1329300.0,23,817.96,8306000.0,0
2945800.0,12,959.93,17964000.0,0
5578800.0,14,450.23,13042000.0,1
5278700.0,3,922.71,18502000.0,0
9354200.0,10,148.47,6543000.0,1
4750100.0,8,185.26,9271000.0,0
3241500.0,6,208.44,28306000.0,0
9479700.0,15,902.31,11813000.0,1
9984500.0,4,946.66,13375000.0,1
9915300.0,0,679.19,5837000.0,1
2849400.0,22,929.76,1202000.0,0
4920700.0,12,63.17,6094000.0,1
9412400.0,3,842.21,22126000.0,1
7380700.0,2,301.35,21274000.0,1
2514500.0,13,396.11,15599000.0,0
1678200.0,10,695.42,15554000.0,0
5246000.0,0,884.65,17382000.0,1
643100.0,13,234.08,2487000.0,0
9332400.0,4,50.4,3018000.0,1
1199000.0,23,474.57,18635000.0,0
8513700.0,14,292.7,16550000.0,0
3598500.0,8,159.77,23760000.0,0
8785400.0,14,574.9,17106000.0,1
4312500.0,1,873.82,10057000.0,1
2004500.0,8,680.17,15492000.0,1
1975700.0,11,234.92,8299000.0,0
7380500.0,3,624.84,26889000.0,0
161900.0,21,779.83,5619000.0,0
3471300.0,3,577.84,4092000.0,0
2820000.0,14,416.89,26738000.0,0
4612900.0,12,421.32,29128000.0,1
4133300.0,14,765.31,15666000.0,1
1889200.0,11,451.31,28628000.0,1
4579000.0,15,739.32,20994000.0,1
7835700.0,14,943.1,28433000.0,0
544100.0,20,223.12,16855000.0,1
2969300.0,4,999.98,7109000.0,1
7417500.0,21,893.3,19989000.0,0
6990600.0,19,319.96,22784000.0,0
7067500.0,4,287.11,2236000.0,0
8359400.0,20,276.71,21369000.0,1
1106400.0,19,175.95,21732000.0,0
4438600.0,16,696.43,25068000.0,0
7219500.0,10,88.97,1529000.0,0
5452900.0,18,322.59,28513000.0,0
4717400.0,22,635.48,16381000.0,1
4737700.0,9,733.51,9454000.0,1
9578500.0,0,454.88,3564000.0,1
7339700.0,8,559.85,6065000.0,1
470300.0,5,575.83,13125000.0,0
1181800.0,4,945.19,23016000.0,1
5066700.0,22,358.12,20191000.0,0
1391100.0,21,121.03,4906000.0,1
5094000.0,14,12.94,15527000.0,1
830900.0,23,401.78,22287000.0,1
7827000.0,10,670.92,13223000.0,1
7069100.0,17,271.12,20640000.0,1
2905500.0,8,473.56,5850000.0,0
7891000.0,21,660.46,21338000.0,1
9663900.0,8,368.58,9226000.0,1
9224600.0,20,833.78,8434000.0,1
1520900.0,16,303.08,15341000.0,0
2076400.0,10,905.12,26468000.0,1
6646400.0,14,464.11,22933000.0,0
5218700.0,21,593.7,21421000.0,0
1168400.0,15,588.79,11217000.0,0
9710600.0,1,157.44,3836000.0,1
8409400.0,1,456.07,14523000.0,1
5347300.0,5,912.62,7595000.0,0
9905400.0,12,57.28,1780000.0,1
9091500.0,22,2.72,18797000.0,0
1727900.0,15,921.62,1018000.0,0
9789000.0,20,660.29,2533000.0,1
2959200.0,14,963.69,22825000.0,1
4342000.0,19,320.17,17662000.0,1
7813000.0,18,433.08,29542000.0,1
544000.0,23,725.25,3262000.0,1
9454600.0,17,15.96,7723000.0,0
8140100.0,13,967.46,21362000.0,1
9697900.0,18,588.92,1215000.0,0
9254200.0,12,886.8,14256000.0,1
2887100.0,12,165.54,12165000.0,1
4045000.0,10,35.74,24775000.0,0
4541200.0,4,270.84,1407000.0,1
25000.0,12,829.13,3752000.0,0
6877200.0,4,860.49,10682000.0,0
9200.0,9,271.83,17163000.0,1
2960500.0,9,443.89,22952000.0,1
4546500.0,17,377.23,25864000.0,0
1825600.0,2,534.0,24971000.0,0
7906600.0,18,175.38,6865000.0,1
5680900.0,8,481.72,3115000.0,0
5758500.0,5,954.42,22626000.0,1
6180600.0,11,293.21,24039000.0,0
4962100.0,9,1.52,14992000.0,0
6069600.0,14,850.74,4842000.0,1
6202300.0,7,43.44,11235000.0,1
2168700.0,7,305.83,1114000.0,0
1402700.0,12,718.15,23512000.0,1
4351700.0,15,196.42,18968000.0,0
9098100.0,22,472.1,12737000.0,1
9874100.0,14,749.76,29815000.0,0
9444400.0,9,226.11,26973000.0,1
9808900.0,11,866.76,25199000.0,0
1835500.0,13,280.0,29697000.0,1
1716900.0,10,841.06,16340000.0,0
4369600.0,5,482.13,10374000.0,1
7804300.0,6,604.6,22321000.0,0
970800.0,0,850.61,3336000.0,1
7215900.0,2,671.86,13014000.0,1
3471000.0,23,43.42,8813000.0,0
1638000.0,20,659.46,13682000.0,1
9106100.0,14,186.48,4694000.0,1
6839100.0,22,520.52,21769000.0,1
8784400.0,15,53.75,19884000.0,1
1408700.0,20,70.79,9786000.0,0
4126400.0,7,750.66,16077000.0,1
8150600.0,7,32.43,6866000.0,0
3051800.0,23,749.44,18663000.0,0
9808500.0,7,737.92,1145000.0,1
7918400.0,22,705.72,13733000.0,0
6561100.0,1,175.65,20263000.0,1
7046400.0,13,786.69,5564000.0,1
9015500.0,20,182.63,14367000.0,1
4389000.0,12,31.41,4655000.0,1
466300.0,6,345.21,12747000.0,1
7407900.0,2,716.51,25960000.0,1
4466600.0,13,650.47,21087000.0,0
7748000.0,5,426.23,6665000.0,1
9428900.0,2,111.27,10155000.0,1
6546300.0,0,354.15,25955000.0,1
5441300.0,21,487.1,12499000.0,0
1030900.0,18,609.36,19503000.0,1
9936600.0,2,184.5,6092000.0,0
4824600.0,6,41.33,18521000.0,1
7310000.0,22,263.47,2854000.0,1
964800.0,20,469.9,7940000.0,1
7252200.0,3,906.2,11232000.0,1
4991200.0,0,567.02,28116000.0,1
6413300.0,21,756.29,14000000.0,1
2908700.0,20,721.03,3498000.0,0
1651100.0,21,807.82,19404000.0,0
6232900.0,19,13.65,10389000.0,1
9380600.0,10,592.22,10127000.0,1
3162800.0,13,384.02,1307000.0,0
8610400.0,23,917.51,12383000.0,0
1736000.0,10,463.41,9218000.0,1
6196400.0,2,117.29,1062000.0,0
9366000.0,23,316.31,20345000.0,0
7609900.0,2,984.99,19485000.0,0
9181100.0,18,655.19,14555000.0,1
5698800.0,3,699.08,21793000.0,0
9884200.0,8,513.23,26128000.0,1
6266300.0,16,320.43,17363000.0,0
6990100.0,2,242.83,26624000.0,0
4993400.0,21,614.67,15990000.0,1
8896400.0,5,773.47,21473000.0,0
931200.0,19,424.48,19052000.0,0
3148600.0,0,180.55,28669000.0,0
328700.0,16,64.99,23243000.0,0
6726500.0,20,273.76,11045000.0,1
8585700.0,18,102.92,10404000.0,1
6146500.0,12,39.01,28686000.0,0
1672100.0,11,189.13,6039000.0,1
9539100.0,0,749.98,14622000.0,1
5559800.0,5,704.71,25037000.0,1
5041500.0,19,718.04,4009000.0,1
6109600.0,17,714.89,16355000.0,0
7956500.0,15,533.77,18411000.0,1
5139600.0,12,329.6,9374000.0,0
1072800.0,23,877.48,8010000.0,1
9379500.0,12,448.85,24238000.0,0
1483000.0,13,887.07,3678000.0,0
4678700.0,12,886.69,4527000.0,0
3560600.0,0,46.51,19494000.0,0
5805700.0,11,448.56,12434000.0,0
1592400.0,10,477.28,2823000.0,1
7744400.0,15,553.99,9950000.0,1
7081900.0,10,80.51,5154000.0,1
1016400.0,8,833.7,3419000.0,0
775800.0,2,199.08,28760000.0,0
1020300.0,5,979.98,6955000.0,0
6350600.0,19,656.16,3604000.0,1
8608600.0,17,361.19,24071000.0,0
6052500.0,20,249.57,20863000.0,1
9581000.0,5,896.47,29307000.0,1
7034200.0,21,613.23,6488000.0,0
3416500.0,1,662.81,4163000.0,0
4544400.0,1,66.02,22272000.0,0
8261400.0,9,342.24,25077000.0,1
8101500.0,1,619.86,7584000.0,0
7505400.0,2,178.35,7240000.0,0
6115800.0,4,857.78,4943000.0,0
6845400.0,6,105.67,8993000.0,0
1689400.0,4,439.49,13415000.0,0
1330300.0,14,356.98,17846000.0,0
2958400.0,22,986.33,29635000.0,0
1128000.0,15,317.07,12474000.0,0
6966400.0,14,293.3,27902000.0,1
5098000.0,20,88.23,11645000.0,1
6012800.0,16,865.11,16425000.0,0
4355400.0,14,830.73,18021000.0,0
4133900.0,19,107.25,24126000.0,0
4156200.0,10,72.67,23360000.0,0
9863700.0,4,274.1,4296000.0,1
5131200.0,21,583.13,4127000.0,1
5386700.0,7,388.6,3179000.0,1
281500.0,7,884.02,26183000.0,1
6870800.0,19,867.73,4396000.0,1
5839100.0,14,448.9,11921000.0,0
761800.0,17,804.87,26084000.0,1
8863600.0,20,808.26,9174000.0,1
2799000.0,6,741.05,28696000.0,0
7002800.0,12,328.27,16091000.0,1
5936100.0,13,63.66,22361000.0,1
9847800.0,3,897.0,25217000.0,1
8394200.0,10,332.25,19564000.0,1
8764600.0,0,874.6,10860000.0,1
1845700.0,3,306.68,24983000.0,0
7374900.0,11,762.63,22323000.0,0
9041800.0,1,512.29,12530000.0,0
9849800.0,2,32.05,27264000.0,1
7707800.0,3,376.64,14628000.0,0
1915300.0,4,881.92,29164000.0,0
5170800.0,1,329.43,13033000.0,0
588600.0,1,283.56,6952000.0,1
5965500.0,9,202.75,27246000.0,0
628500.0,9,39.56,15862000.0,1
4044200.0,13,217.93,5288000.0,1
6074500.0,13,393.15,12377000.0,0
7695900.0,3,862.17,2424000.0,1
390200.0,22,158.29,7846000.0,0
979100.0,4,91.51,22740000.0,0
1170800.0,3,158.64,16875000.0,1
1480400.0,12,207.61,6110000.0,0
74800.0,15,96.24,14128000.0,0
4133100.0,20,453.23,7641000.0,1
3792900.0,7,237.37,1600000.0,1
587100.0,17,637.99,16219000.0,0
7959700.0,9,302.5,1128000.0,1
7458600.0,6,113.87,13730000.0,1
5396700.0,17,199.24,14233000.0,1
881200.0,13,285.87,27557000.0,1
9088700.0,4,472.86,24851000.0,1
2906500.0,23,806.76,15458000.0,0
4817300.0,5,145.44,18704000.0,0
6460100.0,18,97.83,7765000.0,0
3918400.0,12,909.07,16231000.0,1
4078400.0,2,399.41,6283000.0,1
5982800.0,16,509.4,6009000.0,0
1418700.0,13,436.17,27363000.0,0
4948000.0,8,177.34,15510000.0,1
3963800.0,0,427.56,8316000.0,1
3191800.0,11,455.43,5778000.0,0
1883200.0,14,469.78,28083000.0,0
3646900.0,10,637.64,4373000.0,0
5191900.0,12,224.42,26464000.0,0
5155800.0,4,715.33,24204000.0,1
3718000.0,9,306.63,7166000.0,1
1454400.0,2,371.97,8453000.0,1
7870200.0,6,508.67,23812000.0,0
818300.0,10,386.7,23182000.0,1
7853400.0,1,865.69,22247000.0,1
4460400.0,12,794.29,20734000.0,0
3577100.0,7,740.47,8107000.0,1
9821600.0,6,47.59,19387000.0,1
9587400.0,0,193.81,20609000.0,0
1398800.0,15,866.52,10588000.0,0
8024400.0,4,398.24,19700000.0,1
4424400.0,20,506.95,20087000.0,0
9207700.0,17,406.08,13582000.0,1
7397400.0,2,218.83,21329000.0,1
4882600.0,20,505.14,27190000.0,0
4854400.0,13,58.8,5458000.0,1
6143200.0,21,736.54,6580000.0,1
1568200.0,23,370.55,24762000.0,0
859100.0,6,308.67,19737000.0,0
8071900.0,8,962.81,8736000.0,1
7201600.0,0,641.66,1170000.0,0
7809600.0,15,806.99,29354000.0,1
7282900.0,20,488.81,27399000.0,0
8933400.0,8,521.1,23517000.0,0
8760400.0,17,76.8,29306000.0,0
2602100.0,2,274.85,18365000.0,1
4943800.0,18,908.38,5147000.0,0
9144100.0,14,859.54,29457000.0,1
4901700.0,4,494.14,25065000.0,0
8384800.0,23,351.02,13479000.0,0
4827300.0,9,807.65,3902000.0,0
1201600.0,13,602.39,29688000.0,0
6807000.0,0,2.23,19052000.0,0
4904300.0,18,627.11,23235000.0,0
6466500.0,14,22.96,5885000.0,0
6283000.0,9,916.59,22318000.0,0
660600.0,12,888.38,27698000.0,0
2117800.0,6,189.91,2513000.0,1
6003100.0,13,779.42,29025000.0,1
3953000.0,14,401.92,29815000.0,0
2721600.0,17,189.14,3776000.0,1
9937500.0,22,797.36,23143000.0,0
1033300.0,13,890.98,14431000.0,0
6230600.0,12,439.43,4626000.0,0
6530900.0,16,794.57,18411000.0,0
9899700.0,1,323.74,16815000.0,1
3395700.0,19,245.19,21767000.0,1
6561700.0,11,826.16,26689000.0,0
9572600.0,21,496.51,12275000.0,0
386200.0,15,697.52,22816000.0,1
4703900.0,12,746.08,23192000.0,0
4265500.0,5,195.65,18912000.0,0
3444400.0,11,684.17,2064000.0,0
1984200.0,17,313.79,28694000.0,0
2709300.0,17,44.33,19981000.0,1
1838500.0,3,222.67,5427000.0,0
8425000.0,7,433.67,24090000.0,0
2049000.0,22,813.48,9848000.0,1
5348700.0,1,275.14,18323000.0,1
7377200.0,4,938.71,29859000.0,0
866200.0,10,536.93,22021000.0,0
1948000.0,19,554.18,3899000.0,1
5303600.0,22,153.82,11535000.0,1
4312800.0,19,179.42,23703000.0,0
193000.0,5,497.89,13181000.0,1
4446300.0,21,821.18,3882000.0,0
1469200.0,8,740.95,3014000.0,1
1048200.0,20,551.64,25224000.0,1
2487000.0,19,138.98,14576000.0,1
9222400.0,18,494.2,20632000.0,0
4283400.0,23,698.83,14509000.0,1
6196700.0,21,580.11,26401000.0,1
6334100.0,12,896.58,10725000.0,0
8160400.0,3,791.86,15707000.0,1
2584700.0,4,691.23,16533000.0,0
3224200.0,7,259.88,10840000.0,1
8397800.0,5,540.37,11459000.0,1
7033600.0,21,943.52,29013000.0,1
6473000.0,15,798.98,17164000.0,1
5619600.0,6,4.27,11337000.0,1
7064600.0,6,470.54,27083000.0,1
7845300.0,9,702.54,17085000.0,1
7915500.0,3,12.14,9648000.0,0
9970800.0,5,188.77,1246000.0,0
9175300.0,17,142.83,18382000.0,1
2533000.0,18,720.3,21588000.0,0
8057800.0,8,718.34,16447000.0,1
2789500.0,18,75.24,12837000.0,0
447500.0,22,90.74,11925000.0,0
6938000.0,9,266.8,22126000.0,1
8996300.0,13,531.09,29628000.0,1
7290200.0,5,808.49,23965000.0,0
7929000.0,10,714.26,17070000.0,1
4944000.0,5,662.1,12428000.0,1
5347100.0,20,615.65,14098000.0,0
1669800.0,9,803.71,16366000.0,0
9808000.0,1,570.43,20222000.0,0
9752400.0,1,11.14,4912000.0,0
9521800.0,8,26.51,17711000.0,1
2715600.0,2,614.71,27471000.0,1
4659500.0,10,471.98,4801000.0,1
1331200.0,10,758.16,7627000.0,1
1917200.0,20,330.58,13844000.0,1
5430100.0,9,23.19,17537000.0,0
5088500.0,22,576.05,14089000.0,0
474500.0,21,563.64,11321000.0,0
6619000.0,22,176.47,25182000.0,0
5511600.0,22,961.84,17115000.0,0
7324600.0,19,641.96,20712000.0,0
4233900.0,8,550.09,9734000.0,1
1574500.0,15,352.84,17773000.0,0
5501700.0,11,525.39,6586000.0,0
5725100.0,6,760.12,2825000.0,0
4801700.0,15,505.29,13241000.0,1
16800.0,11,702.09,17253000.0,0
803400.0,4,683.18,1265000.0,0
3752600.0,5,58.73,26417000.0,1
14700.0,4,859.33,21327000.0,1
8002400.0,21,616.65,24201000.0,0
9977300.0,9,787.04,24418000.0,1
9345600.0,8,595.45,21445000.0,1
7889500.0,23,808.15,9984000.0,1
8478300.0,22,265.64,7904000.0,0
145900.0,18,220.78,3579000.0,0
3260900.0,0,656.49,18505000.0,1
4579200.0,3,282.26,20858000.0,1
4673600.0,10,123.9,28412000.0,1
540400.0,2,37.23,17459000.0,0
8419100.0,9,552.42,27587000.0,1
7809100.0,12,411.67,10309000.0,0
2411900.0,21,129.09,23912000.0,1
2878800.0,13,318.33,23243000.0,0
3193700.0,6,932.3,29073000.0,1
1264200.0,6,654.27,13981000.0,0
354200.0,12,480.55,25119000.0,1
5077000.0,5,697.58,25188000.0,1
1031500.0,11,873.39,6654000.0,1
6631400.0,4,533.59,18395000.0,1
267200.0,16,707.72,24819000.0,1
3221500.0,23,573.64,11512000.0,0
3167900.0,23,97.18,25496000.0,0
139500.0,9,357.51,6629000.0,0
3342400.0,4,441.89,25345000.0,0
5797000.0,21,311.27,11102000.0,0
6360000.0,23,339.57,18087000.0,0
6848300.0,15,33.12,13920000.0,0
6041500.0,8,18.05,8767000.0,0
6223400.0,11,809.39,22179000.0,1
8826600.0,19,466.76,29537000.0,1
6966700.0,4,135.36,17114000.0,0
1123800.0,22,171.95,16604000.0,1
7317000.0,17,313.18,29022000.0,1
8693500.0,18,677.26,21987000.0,0
2853800.0,10,312.68,21599000.0,1
4073900.0,19,682.74,18225000.0,0
3586900.0,11,716.54,19628000.0,1
7722400.0,6,503.47,29898000.0,0
2683000.0,1,47.17,25490000.0,0
3898800.0,17,975.21,26452000.0,0
58900.0,15,397.2,28984000.0,1
438200.0,23,979.14,9068000.0,1
5324600.0,5,144.78,19743000.0,0
9300.0,10,287.9,4107000.0,0
6821600.0,1,233.54,12175000.0,1
9781300.0,22,364.33,8380000.0,1
1554900.0,11,194.37,14765000.0,1
1105000.0,10,781.38,2558000.0,1
1741100.0,22,346.84,24368000.0,0
7366000.0,7,745.57,14117000.0,0
5984900.0,2,410.57,26578000.0,1
3177100.0,12,13.42,21201000.0,1
2759000.0,1,830.81,16720000.0,1
3717900.0,13,339.06,6638000.0,1
2396800.0,21,679.42,13676000.0,0
187000.0,15,986.0,10375000.0,0
218000.0,22,965.88,18002000.0,0
7076900.0,21,467.85,8919000.0,0
256800.0,10,65.26,22126000.0,0
7660100.0,8,846.26,20243000.0,1
7619200.0,2,830.55,8273000.0,0
1729700.0,15,409.28,25916000.0,0
5583200.0,16,621.67,26109000.0,1
7795500.0,4,907.43,8786000.0,1
472800.0,5,762.38,27935000.0,1
9813600.0,17,52.3,8650000.0,0
4454900.0,14,955.02,15527000.0,0
6246600.0,20,801.37,18236000.0,1
4840800.0,22,396.64,24209000.0,1
5409400.0,8,375.65,15448000.0,1
1639500.0,13,704.45,28302000.0,0
9234700.0,1,727.76,12350000.0,1
1224000.0,17,155.28,16239000.0,0
8357500.0,14,796.28,17990000.0,1
1369100.0,6,739.3,1281000.0,1
9759900.0,1,127.85,1872000.0,1
3447800.0,9,137.35,18974000.0,1
4581700.0,10,253.41,23994000.0,1
7609600.0,14,489.14,13140000.0,0
9035000.0,21,26.34,27377000.0,1
2128400.0,19,631.39,6780000.0,0
4658100.0,7,230.56,25898000.0,0
4105100.0,7,707.58,25135000.0,1
57300.0,8,804.72,15984000.0,0
2352400.0,3,778.36,5455000.0,0
7224300.0,5,145.93,17956000.0,1
5238000.0,0,811.22,21306000.0,0
6391300.0,7,655.01,15767000.0,0
1080800.0,6,842.63,4557000.0,0
2243600.0,3,971.01,12303000.0,0
4717500.0,22,500.16,18179000.0,0
2997300.0,14,920.92,10323000.0,0
6621600.0,19,453.45,24295000.0,0
7445400.0,23,286.86,10916000.0,0
758300.0,0,147.46,16779000.0,0
5538600.0,6,19.25,21792000.0,1
7796900.0,15,964.52,5600000.0,1
6295600.0,15,975.29,6816000.0,1
2615300.0,1,86.13,10936000.0,1
2022500.0,8,712.13,3238000.0,0
6628600.0,11,595.42,14713000.0,1
4228400.0,17,446.64,20912000.0,0
8356200.0,8,920.08,8181000.0,1
8382800.0,12,21.04,19234000.0,1
2478000.0,10,644.36,20571000.0,1
1801000.0,21,874.07,15596000.0,0
1104100.0,11,443.38,8047000.0,0
2370400.0,12,150.8,25251000.0,0
8877900.0,7,361.92,2231000.0,0
7528000.0,18,710.56,6978000.0,0
4606400.0,6,132.65,23372000.0,0
64600.0,21,334.44,3718000.0,1
8099200.0,16,847.68,25708000.0,0
5900600.0,6,700.06,10611000.0,0
6940200.0,11,770.41,7507000.0,0
6275900.0,9,578.74,25851000.0,1
674700.0,2,145.88,14710000.0,0
6089800.0,7,887.08,8487000.0,1
3071000.0,4,82.54,8871000.0,1
9063200.0,17,827.52,28139000.0,0
8845500.0,21,937.95,5488000.0,1
5238700.0,1,901.3,22114000.0,1
1992200.0,1,958.07,21166000.0,1
1044500.0,22,735.5,8875000.0,0
7809100.0,12,921.92,8202000.0,0
6702100.0,5,810.49,23113000.0,0
9583700.0,4,567.94,14697000.0,0
7208200.0,3,365.56,28828000.0,0
7579200.0,15,683.23,3935000.0,0
63800.0,23,512.02,21618000.0,0
2985000.0,17,339.25,28206000.0,1
7310200.0,21,270.16,15962000.0,0
9816600.0,21,504.19,16978000.0,0
9550300.0,14,493.83,28049000.0,0
1034800.0,13,75.91,4236000.0,0
9899100.0,14,502.94,11588000.0,1
4715500.0,4,262.56,12215000.0,1
5472100.0,9,670.96,20619000.0,0
8377600.0,1,219.94,3735000.0,0
1860100.0,18,487.42,23258000.0,1
1855200.0,6,79.51,5507000.0,0
7606700.0,19,570.36,25237000.0,1
9819500.0,1,237.73,13724000.0,1
9223900.0,21,850.64,3679000.0,1
7264400.0,14,617.14,8442000.0,1
6349700.0,11,426.1,21976000.0,0
3731400.0,16,792.4,11174000.0,0
2690000.0,11,778.7,19078000.0,1
1228100.0,10,677.38,3882000.0,0
4522300.0,5,89.05,4437000.0,0
2890500.0,19,167.59,7698000.0,0
9033000.0,1,431.43,9709000.0,0
7239200.0,22,165.72,19027000.0,0
3486000.0,23,53.41,14344000.0,1
3102100.0,9,702.76,26697000.0,1
4121100.0,16,977.35,18064000.0,0
1829900.0,21,96.13,21251000.0,0
9409700.0,22,657.98,11026000.0,1
2839500.0,10,798.74,2054000.0,0
8522600.0,1,617.54,7314000.0,1
7601400.0,7,719.22,14651000.0,1
8677700.0,19,791.81,21587000.0,0
3063400.0,18,518.85,8029000.0,1
4638900.0,5,967.04,9813000.0,1
7224700.0,17,334.96,19824000.0,1
8194600.0,4,802.23,4430000.0,1
5818600.0,6,188.03,21593000.0,0
2135400.0,19,506.79,18175000.0,0
7056000.0,7,227.11,18554000.0,1
9809400.0,5,906.11,8350000.0,1
3096000.0,20,564.45,27980000.0,1
646500.0,13,467.09,11430000.0,0
4723100.0,23,988.54,1816000.0,0
7943700.0,23,865.68,15358000.0,0
8145600.0,22,63.65,16671000.0,1
9924600.0,1,29.03,8266000.0,0
4084500.0,10,717.46,2481000.0,0
9753000.0,16,634.25,19253000.0,0
8437900.0,8,55.21,5305000.0,1
8770600.0,13,939.01,4217000.0,0
4647400.0,23,69.44,11256000.0,1
3367400.0,5,203.65,19949000.0,0
5461300.0,7,498.48,3545000.0,1
133300.0,7,755.22,28799000.0,0
6391500.0,9,125.37,16926000.0,0
1738800.0,8,304.36,23306000.0,0
2229400.0,14,133.46,29306000.0,1
3869600.0,1,103.93,25635000.0,1
4842900.0,7,888.63,21526000.0,0
7200600.0,11,107.1,10015000.0,1
5446500.0,9,982.61,3656000.0,0
7449300.0,13,60.28,9054000.0,1
4546000.0,21,208.59,21551000.0,1
2998600.0,22,854.67,26571000.0,1
6442000.0,19,67.0,23356000.0,1
1852900.0,0,928.38,9642000.0,1
3038900.0,20,988.33,27083000.0,1
7011400.0,2,712.22,13036000.0,0
5621600.0,22,892.41,22381000.0,0
1281900.0,6,54.43,28887000.0,1
7178500.0,3,310.05,14154000.0,1
5972700.0,21,614.25,5141000.0,1
9931600.0,1,897.86,13325000.0,0
3022400.0,23,839.73,24459000.0,0
1396600.0,17,128.57,6382000.0,1
4811800.0,23,419.4,11215000.0,0
2342500.0,16,468.02,23714000.0,1
6998600.0,11,737.69,12965000.0,0
9340000.0,3,434.46,9344000.0,1
4794800.0,22,865.12,23625000.0,0
989000.0,18,223.97,16021000.0,1
7827500.0,19,695.65,29311000.0,1
6345000.0,7,725.57,24745000.0,1
2901200.0,20,357.95,8669000.0,0
6308000.0,1,107.2,11200000.0,0
8144300.0,3,392.72,10494000.0,0
5989100.0,2,384.35,16970000.0,1
1450800.0,3,408.53,6242000.0,1
5441600.0,17,37.18,7813000.0,1
588900.0,10,432.28,13018000.0,0
3810300.0,4,184.42,24244000.0,0
5605400.0,20,29.81,10842000.0,0
2204000.0,13,9.6,16578000.0,1
6707800.0,2,680.25,22920000.0,0
6297600.0,0,723.96,15763000.0,0
6356800.0,19,512.94,4207000.0,0
2416600.0,19,422.26,27271000.0,1
3065900.0,5,598.53,11290000.0,1
6813900.0,19,34.49,7245000.0,1
8874000.0,14,70.37,14674000.0,1
310800.0,9,273.98,26086000.0,1
8867900.0,19,770.09,16430000.0,0
3448400.0,10,261.2,16212000.0,1
6437500.0,8,592.37,9472000.0,0
1534600.0,17,676.25,29655000.0,1
1493600.0,11,384.43,2980000.0,1
9300.0,20,965.71,19594000.0,0
783100.0,10,8.64,1534000.0,1
9477400.0,9,649.78,9863000.0,1
3338000.0,11,709.54,16638000.0,1
4329200.0,2,193.97,19372000.0,0
8436900.0,18,260.74,21743000.0,0
6286100.0,12,911.13,10901000.0,0
3976200.0,21,645.12,22397000.0,0
4832100.0,1,529.29,8970000.0,1
6823300.0,9,386.24,20849000.0,0
6688500.0,10,341.17,17408000.0,1
1302300.0,17,915.96,12877000.0,1
9222100.0,12,582.37,18410000.0,0
7989000.0,23,100.59,14271000.0,1
2854600.0,0,538.3,13865000.0,0
8756100.0,5,388.44,6988000.0,1
339700.0,17,23.04,27586000.0,0
6845400.0,6,559.22,12582000.0,0
3701000.0,14,390.76,5386000.0,0
3548000.0,7,969.44,11217000.0,0
8202300.0,21,430.05,6887000.0,1
5555600.0,14,537.97,19920000.0,1
727100.0,5,951.59,19049000.0,1
9619400.0,21,506.33,1003000.0,0
6925300.0,17,427.18,25492000.0,1
5785300.0,10,729.54,9861000.0,0
3137000.0,19,166.4,28813000.0,1
8432600.0,23,530.12,18098000.0,0
7166000.0,8,965.19,23890000.0,1
7123800.0,6,936.45,7712000.0,1
5075200.0,8,155.86,20355000.0,1
5745700.0,9,691.24,5235000.0,0
4471000.0,7,275.42,11822000.0,1
4829900.0,8,437.26,25677000.0,1
9303900.0,21,260.88,27015000.0,1
9041700.0,5,320.86,7774000.0,1
2707400.0,17,595.31,4475000.0,0
8597400.0,7,971.52,29103000.0,0
8932700.0,4,637.55,6026000.0,0
8730200.0,6,20.65,15133000.0,0
2307600.0,10,614.22,24421000.0,1
9204200.0,3,414.44,18884000.0,0
802200.0,19,433.7,14779000.0,0
4734600.0,17,402.81,26621000.0,1
6577200.0,19,699.28,12984000.0,0
2301000.0,13,459.35,28700000.0,0
7453200.0,7,913.0,18234000.0,1
3133700.0,9,680.85,27723000.0,1
81400.0,19,967.72,26410000.0,0
6356300.0,22,192.78,26853000.0,0
16000.0,7,824.42,5722000.0,0
6488200.0,0,489.85,11326000.0,0
1978600.0,4,387.6,23773000.0,0
9630300.0,16,275.68,2711000.0,0
7124800.0,11,53.38,25005000.0,0
6484000.0,4,279.94,8590000.0,0
181800.0,16,62.29,19584000.0,1
3877200.0,11,371.47,26845000.0,0
3582500.0,15,527.43,16725000.0,1
9735200.0,21,534.3,27329000.0,0
9156200.0,2,965.51,20706000.0,1
1403700.0,16,842.12,4226000.0,1
6025300.0,18,68.19,15058000.0,1
9625800.0,4,34.74,24338000.0,1
3287100.0,0,361.96,23578000.0,0
8981700.0,23,215.18,14113000.0,0
122200.0,11,902.82,28763000.0,0
2336300.0,3,435.22,16811000.0,0
5036000.0,2,258.8,13600000.0,1
412300.0,20,588.22,20594000.0,0
102800.0,20,764.91,17640000.0,0
9037800.0,23,913.01,28100000.0,0
5983700.0,13,978.95,13545000.0,0
740000.0,6,187.74,5690000.0,1
1536000.0,0,452.42,14599000.0,1
3443200.0,1,773.06,5060000.0,1
2485800.0,13,270.51,20445000.0,1
1825800.0,8,833.45,20757000.0,1
1742800.0,3,170.35,18900000.0,1
5430200.0,23,228.76,15227000.0,0
2674200.0,10,429.65,10895000.0,0
5835300.0,4,38.75,23299000.0,1
3523800.0,20,184.78,4820000.0,0
1538600.0,19,985.57,22087000.0,1
8728700.0,6,125.25,12608000.0,0
5093900.0,12,237.48,26544000.0,0
9647900.0,22,977.94,12754000.0,1
1331300.0,13,470.89,19093000.0,0
6410900.0,10,317.1,17204000.0,1
6763300.0,20,213.32,29114000.0,0
8469700.0,1,38.15,8495000.0,1
4244800.0,23,705.31,23410000.0,1
3294100.0,9,210.77,25479000.0,0
7400400.0,0,493.0,7636000.0,0
2880300.0,18,283.37,23549000.0,0
3971800.0,12,985.61,10417000.0,1
2863100.0,3,138.4,29867000.0,1
6187000.0,5,238.33,17279000.0,1
7713100.0,23,393.54,21594000.0,0
5975400.0,1,754.72,22564000.0,1
2472000.0,8,540.71,15113000.0,1
7534900.0,11,651.71,20891000.0,1
7942000.0,19,725.32,29477000.0,1
5250100.0,20,410.06,13503000.0,1
7287600.0,4,897.99,26460000.0,1
6049400.0,4,133.66,18371000.0,0
6479500.0,16,47.68,28980000.0,1
4812900.0,22,684.34,5059000.0,1
8896400.0,12,560.67,12581000.0,1
268000.0,4,727.32,21683000.0,1
3504200.0,14,84.89,12392000.0,1
8469900.0,16,996.4,26821000.0,0
986000.0,4,25.37,21593000.0,0
2247000.0,19,51.66,12046000.0,1
2265100.0,12,361.33,23147000.0,0
1455500.0,22,16.07,28842000.0,1
1606100.0,19,456.67,7409000.0,1
2688500.0,7,977.92,13636000.0,0
8605100.0,15,310.57,3103000.0,0
1719300.0,14,901.75,2370000.0,1
4950500.0,20,955.48,26632000.0,1
1033800.0,13,865.79,28716000.0,0
4580100.0,23,2.82,18900000.0,0
3756700.0,13,238.73,10602000.0,1
3815500.0,20,656.73,20772000.0,1
3468100.0,22,737.21,2834000.0,0
842200.0,22,101.08,26909000.0,1
7674800.0,20,797.26,25122000.0,1
7317200.0,4,923.46,7787000.0,0
2497500.0,7,935.66,29697000.0,0
2434800.0,5,679.81,25224000.0,1
5614300.0,3,566.99,6814000.0,0
9745800.0,3,389.95,4189000.0,0
145500.0,5,305.11,26957000.0,1
3297600.0,20,534.16,15927000.0,0
3660100.0,20,770.13,6439000.0,0
7628100.0,1,10.82,8516000.0,0
1135300.0,21,281.66,24798000.0,0
4091900.0,12,636.12,28137000.0,1
9604200.0,16,8.7,29835000.0,0
801800.0,20,155.11,11225000.0,0
7033400.0,22,712.27,28113000.0,1
2380800.0,19,567.41,28814000.0,1
8231300.0,9,910.0,19204000.0,0
107800.0,23,458.58,9470000.0,0
7053500.0,1,245.54,3001000.0,1
115700.0,13,54.74,9730000.0,1
2884100.0,14,144.34,6387000.0,1
6489900.0,3,539.79,4328000.0,0
651400.0,9,307.2,17730000.0,0
5762100.0,17,690.25,17339000.0,1
152800.0,19,746.22,24087000.0,0
9728000.0,19,920.15,4243000.0,0
8546600.0,3,634.68,9779000.0,0
478500.0,12,887.12,25062000.0,1
2050000.0,16,925.98,21795000.0,1
6909900.0,9,143.01,10342000.0,1
6047400.0,20,936.43,28673000.0,0
3028400.0,14,936.93,5569000.0,1
1203300.0,13,275.36,7671000.0,0
5486400.0,17,768.04,1262000.0,0
9854200.0,0,0.84,8495000.0,0
780300.0,2,908.23,25032000.0,1
2915700.0,23,866.67,29757000.0,1
1584800.0,5,593.69,16612000.0,1
4933300.0,18,314.4,2375000.0,0
2849800.0,20,453.49,13154000.0,0
6562100.0,12,748.62,18908000.0,1
9481500.0,17,348.47,21942000.0,1
7610300.0,8,896.29,5286000.0,0
365300.0,10,600.9,28741000.0,0
2785000.0,10,944.15,5348000.0,0
2856100.0,21,760.69,27378000.0,1
7128500.0,22,325.3,11529000.0,1
1925800.0,3,787.43,7857000.0,0
4439800.0,0,981.57,17278000.0,0
1106500.0,19,161.65,23623000.0,0
445500.0,3,5.35,16125000.0,1
4431900.0,6,490.53,10474000.0,0
4849000.0,1,166.17,6849000.0,1
2701200.0,18,683.55,11155000.0,1
963900.0,21,948.25,27531000.0,1
4901300.0,14,673.9,19414000.0,1
1796100.0,7,61.25,11499000.0,1
4506800.0,11,623.23,17689000.0,1
530900.0,7,374.79,12672000.0,0
5971000.0,3,654.28,20926000.0,1
8347300.0,10,162.04,29413000.0,0
3339900.0,14,102.46,16621000.0,1
2917100.0,6,367.91,15445000.0,1
4965700.0,9,504.76,9497000.0,1
5884600.0,3,8.32,15351000.0,1
418800.0,23,390.59,19735000.0,0
3196300.0,5,744.93,9344000.0,1
5564300.0,23,676.91,24068000.0,0
7663900.0,22,31.8,24530000.0,1
3135600.0,16,773.83,28342000.0,0
615500.0,14,247.72,17796000.0,1
8925600.0,15,674.82,9679000.0,0
8358800.0,0,914.12,7391000.0,1
9628100.0,9,318.23,24502000.0,0
4401500.0,20,249.71,26368000.0,1
4602600.0,0,535.5,2302000.0,1
2527200.0,15,246.32,16410000.0,0
4439700.0,15,685.57,9121000.0,1
9874200.0,18,933.07,11784000.0,0
4821100.0,6,614.45,24819000.0,0
3699800.0,1,808.91,9406000.0,0
9376200.0,21,965.36,13155000.0,1
5639500.0,15,683.3,13462000.0,0
3307300.0,22,346.08,24743000.0,0
8969100.0,10,97.18,29448000.0,0
4442000.0,21,497.1,14501000.0,0
2277700.0,15,285.91,3778000.0,1
38900.0,8,573.14,16263000.0,1
430500.0,19,815.2,6661000.0,1
24500.0,10,767.27,11681000.0,1
2244800.0,4,269.44,6580000.0,1
1735800.0,19,117.42,18991000.0,1
2382300.0,13,761.07,11966000.0,0
4800600.0,13,627.06,2164000.0,0
6797000.0,19,804.43,10000000.0,1
2298700.0,5,384.32,20385000.0,1
595600.0,3,377.58,28901000.0,0
3978300.0,1,671.29,24245000.0,1
1861200.0,4,590.83,13822000.0,0
674500.0,21,107.14,1698000.0,0
2320300.0,14,707.25,29958000.0,0
8105500.0,14,953.49,10389000.0,1
3022600.0,11,807.04,1288000.0,0
483700.0,16,340.04,11681000.0,0
3486500.0,2,23.36,21050000.0,1
9579700.0,5,660.68,1660000.0,1
9230000.0,17,111.64,15039000.0,0
8169700.0,19,85.62,3848000.0,0
9741900.0,10,966.41,23503000.0,0
8325500.0,20,211.06,23354000.0,0
7246400.0,21,147.14,14715000.0,0
9654400.0,23,674.51,25170000.0,1
7940200.0,6,685.94,3297000.0,0
1095000.0,17,560.99,27085000.0,0
171300.0,20,459.76,27172000.0,0
3421000.0,1,8.59,1071000.0,0
1375900.0,23,224.74,14433000.0,1
6265500.0,3,165.82,7686000.0,1
6216600.0,13,123.47,17174000.0,0
9628400.0,17,513.38,4113000.0,0
4091400.0,19,412.1,18362000.0,0
250700.0,14,754.87,23963000.0,1
6306600.0,0,232.84,4474000.0,1
4793700.0,13,888.06,7655000.0,1
2914700.0,7,496.07,20000000.0,1
1651200.0,9,952.4,8660000.0,1
1925200.0,13,978.09,2170000.0,1
1010300.0,16,36.27,14392000.0,1
5844900.0,12,701.06,11682000.0,0
4804800.0,2,373.92,29400000.0,0
29100.0,10,882.37,12367000.0,1
8182900.0,5,417.75,2213000.0,1
9206800.0,21,826.93,25467000.0,1
4458300.0,16,462.04,7532000.0,1
9539500.0,23,320.02,10908000.0,0
3919400.0,10,889.6,18198000.0,1
1124800.0,1,863.37,2418000.0,1
3467600.0,1,181.42,8396000.0,1
6633700.0,11,223.84,19595000.0,1
1729300.0,18,565.61,28678000.0,0
932300.0,12,874.41,12879000.0,1
4665600.0,11,101.29,14644000.0,1
2556500.0,13,229.55,14478000.0,0
970300.0,17,322.34,7483000.0,1
924600.0,1,709.83,5896000.0,0
3737900.0,12,625.68,4774000.0,0
4165100.0,20,477.84,7331000.0,1
3620600.0,6,229.44,26931000.0,1
7267800.0,5,173.66,17470000.0,1
6149700.0,20,293.98,7752000.0,1
6951200.0,1,98.75,3350000.0,0
8275000.0,20,319.19,21068000.0,1
9072600.0,11,493.99,3131000.0,0
4585200.0,9,56.3,14642000.0,0
4194900.0,13,830.66,11495000.0,1
6599100.0,1,545.17,16650000.0,0
6043800.0,23,462.77,2597000.0,0
4038800.0,17,337.92,26580000.0,0
9528800.0,11,145.82,22170000.0,0
7265800.0,14,39.56,28510000.0,0
5035700.0,15,884.13,20447000.0,1
3483700.0,1,584.95,21064000.0,1
7344800.0,6,199.88,27860000.0,0
7755000.0,2,651.5,15748000.0,1
2559400.0,1,914.58,26036000.0,1
8645700.0,23,483.17,3257000.0,1
8484500.0,17,660.48,24798000.0,0
9912500.0,22,75.43,6466000.0,1
220800.0,11,834.46,25387000.0,0
3668100.0,21,134.29,12318000.0,0
322100.0,18,872.51,23632000.0,0
7855300.0,10,918.02,21128000.0,0
5300300.0,0,158.0,9080000.0,1
4573000.0,3,187.11,12168000.0,0
1859600.0,0,464.69,26206000.0,1
4566900.0,3,722.58,26241000.0,0
2085900.0,8,711.1,21166000.0,0
354700.0,17,314.64,6256000.0,1
1686900.0,7,255.24,7928000.0,1
7433000.0,14,282.23,2699000.0,0
2832900.0,8,962.8,6592000.0,1
9364000.0,20,976.95,10162000.0,0
8977200.0,18,61.04,27005000.0,0
4205600.0,16,501.0,25914000.0,1
7007200.0,9,168.37,19160000.0,0
7850800.0,5,174.04,5504000.0,1
7117800.0,18,409.95,3400000.0,0
3114500.0,17,155.87,26421000.0,1
5870300.0,22,105.47,29574000.0,1
2776000.0,22,624.23,23367000.0,0
9138000.0,23,153.52,6513000.0,0
2671800.0,8,547.4,21424000.0,1
5914100.0,21,667.09,2612000.0,1
6956800.0,6,698.97,19624000.0,1
2478400.0,17,186.78,16933000.0,1
5823400.0,8,708.44,4331000.0,0
1080300.0,0,844.28,16154000.0,0
8244300.0,11,117.88,27259000.0,0
2049200.0,3,99.92,11293000.0,1
2289000.0,19,788.88,17304000.0,0
5773900.0,14,6.88,26995000.0,1
7669600.0,4,822.61,28505000.0,0
3469100.0,3,421.51,10270000.0,1
3097900.0,23,81.21,9159000.0,0
4711700.0,6,536.86,17645000.0,1
3304500.0,23,610.08,3756000.0,1
4113800.0,19,217.05,21472000.0,0
9340100.0,14,108.41,23547000.0,0
1874000.0,20,692.35,25987000.0,0
9496500.0,13,678.5,25314000.0,0
6661100.0,22,421.49,9695000.0,0
746800.0,23,579.82,22058000.0,1
2768400.0,17,226.94,19177000.0,1
5389800.0,5,842.19,16170000.0,1
2747600.0,18,385.2,22075000.0,1
1417200.0,16,899.41,26030000.0,0
9891500.0,1,745.09,3354000.0,1
3440200.0,6,395.27,19428000.0,1
8294400.0,4,307.13,12741000.0,1
642700.0,17,542.16,1058000.0,0
831800.0,6,571.63,11556000.0,1
7863900.0,2,770.95,11768000.0,1
2896500.0,21,297.49,18981000.0,1
4739300.0,19,815.74,14433000.0,0
8391800.0,10,418.54,7238000.0,1
9963700.0,10,251.39,4226000.0,1
5102400.0,1,368.19,14512000.0,1
7080300.0,3,834.07,18675000.0,0
6119300.0,19,6.34,15115000.0,0
7591700.0,19,153.33,9513000.0,0
7388400.0,5,525.59,8582000.0,1
7801700.0,21,142.11,28085000.0,0
232500.0,22,710.72,8578000.0,1
4580300.0,9,174.91,21377000.0,1
7638400.0,14,912.12,24512000.0,1
1134800.0,8,675.1,8287000.0,0
7804000.0,11,730.48,3643000.0,1
3143400.0,4,332.71,26872000.0,1
5961600.0,19,935.59,12680000.0,0
8013500.0,0,879.64,29538000.0,0
8768200.0,6,628.89,10189000.0,0
4882400.0,21,639.06,15583000.0,1
1869800.0,12,677.33,12698000.0,0
1651600.0,14,175.38,22202000.0,0
1672500.0,19,591.75,20793000.0,0
2684200.0,8,312.3,21977000.0,0
2067200.0,6,408.1,21887000.0,0
8160500.0,1,889.48,22878000.0,0
5359400.0,6,515.15,10279000.0,1
2478400.0,23,736.18,1449000.0,0
3337100.0,14,127.77,15614000.0,0
3089400.0,15,183.73,26505000.0,1
4746700.0,16,745.55,23544000.0,0
5963700.0,3,391.94,7581000.0,0
8948900.0,3,627.23,25996000.0,1
5560000.0,20,959.57,3746000.0,0
2001300.0,18,511.03,16596000.0,1
4150000.0,2,131.34,9674000.0,1
2001300.0,1,620.06,7045000.0,1
9782400.0,21,513.63,21407000.0,0
8428800.0,20,692.55,19353000.0,0
7439200.0,19,560.3,13712000.0,1
7397000.0,7,649.92,3818000.0,1
8672000.0,13,521.97,27639000.0,0
8046600.0,1,988.7,22884000.0,0
1264900.0,5,504.62,9681000.0,1
8001000.0,20,984.53,7156000.0,1
9559800.0,9,998.32,25185000.0,1
7248000.0,8,425.81,5293000.0,1
4549000.0,5,83.29,2922000.0,0
4230500.0,18,710.51,10975000.0,1
4401500.0,19,514.88,16159000.0,0
1052500.0,13,392.83,13460000.0,1
5946700.0,19,497.86,11784000.0,1
9365700.0,18,881.07,22365000.0,1
3901600.0,18,672.44,10848000.0,0
7813100.0,6,555.74,19562000.0,0
8113800.0,6,73.83,20035000.0,0
8844400.0,16,933.42,20815000.0,0
3555600.0,12,155.94,11322000.0,0
4595600.0,6,892.95,4572000.0,0
6517100.0,2,616.02,1769000.0,0
713000.0,16,579.63,29661000.0,0
7734800.0,17,7.94,22807000.0,1
1932500.0,8,312.98,16558000.0,1
5783500.0,12,811.38,17831000.0,1
1820500.0,17,17.17,18347000.0,1
3883000.0,2,75.72,21787000.0,0
8820200.0,4,835.27,28103000.0,1
7305500.0,11,251.64,11954000.0,0
847600.0,4,342.27,1331000.0,1
5188500.0,17,859.11,29607000.0,0
2043700.0,11,320.37,14590000.0,0
1242600.0,5,140.29,12270000.0,1
7636400.0,0,390.17,17188000.0,1
1159800.0,14,618.97,6621000.0,1
4761900.0,15,262.47,5693000.0,0
9746200.0,11,421.4,9868000.0,1
4628800.0,12,325.6,23331000.0,0
1267700.0,18,591.06,22731000.0,1
1815700.0,8,703.91,6785000.0,1
1252300.0,2,685.43,28877000.0,0
5686100.0,5,360.6,10884000.0,1
5694700.0,23,832.33,11483000.0,0
3700000.0,22,912.05,7107000.0,1
5311800.0,10,382.37,26485000.0,1
1149600.0,14,284.96,10841000.0,0
7873600.0,9,26.16,10011000.0,1
3982800.0,1,526.16,12612000.0,0
7834900.0,11,368.23,22674000.0,1
9697600.0,3,32.12,4936000.0,1
2585200.0,18,661.22,11680000.0,0
1637300.0,12,240.55,15248000.0,0
7969300.0,11,547.91,24717000.0,1
3409200.0,21,840.33,22552000.0,1
5726800.0,10,542.29,20897000.0,0
4033700.0,5,11.91,17294000.0,0
2156800.0,13,20.32,19626000.0,1
7078000.0,12,878.54,3471000.0,1
615100.0,5,792.22,6243000.0,1
3063100.0,19,5.0,16287000.0,1
7959600.0,1,139.13,17073000.0,1
5335100.0,8,522.89,23676000.0,0
5497900.0,22,215.31,13143000.0,0
6740900.0,20,93.46,10535000.0,1
2077700.0,16,121.33,7509000.0,0
6691600.0,8,215.11,2157000.0,0
9533300.0,8,506.94,17816000.0,0
9426000.0,7,651.39,21152000.0,0
3742300.0,7,231.26,9806000.0,1
6128700.0,12,915.4,3596000.0,0
6068200.0,21,246.58,1263000.0,0
409400.0,12,949.09,22846000.0,0
5936500.0,22,205.46,3073000.0,1
440500.0,19,509.54,17150000.0,1
497900.0,4,575.38,14542000.0,0
9774000.0,5,158.03,20881000.0,0
8623100.0,1,837.99,5502000.0,0
9185900.0,16,831.9,13487000.0,0
8485500.0,20,636.08,8840000.0,0
6034600.0,16,759.56,14596000.0,1
2079900.0,1,590.93,9995000.0,1
5940200.0,8,428.02,17079000.0,0
8379100.0,17,629.35,20917000.0,0
9538400.0,0,147.4,19547000.0,1
3821400.0,7,130.48,8696000.0,1
304100.0,15,430.7,3061000.0,1
6689200.0,13,35.48,8313000.0,1
5718700.0,19,782.77,24587000.0,1
219200.0,4,843.57,18015000.0,1
3611200.0,0,212.23,22735000.0,1
8202200.0,22,384.37,2995000.0,1
9755200.0,5,745.43,24509000.0,0
6091800.0,8,169.75,8080000.0,1
4540300.0,11,723.94,29112000.0,0
6967100.0,21,299.05,15262000.0,1
3215100.0,19,574.33,5884000.0,0
3479000.0,13,490.53,14994000.0,1
9995000.0,0,86.96,13504000.0,1
25200.0,15,197.54,19960000.0,1
8383000.0,13,46.48,12749000.0,0
6806500.0,10,995.33,1768000.0,1
5844800.0,14,522.67,3430000.0,1
5049400.0,10,194.06,27003000.0,0
6266700.0,15,806.4,29465000.0,0
353500.0,19,816.31,13104000.0,0
9983300.0,9,363.22,5499000.0,0
6701700.0,15,987.03,14248000.0,0
355500.0,23,182.24,10530000.0,1
1469700.0,11,338.4,17278000.0,1
6505900.0,3,960.4,16061000.0,0
1037800.0,22,364.68,22873000.0,0
4317500.0,20,226.08,14879000.0,0
7592600.0,15,461.04,8288000.0,1
3523000.0,3,789.6,6550000.0,0
1544100.0,0,377.21,19783000.0,1
77200.0,0,181.71,10724000.0,1
2345600.0,15,678.74,21160000.0,1
563500.0,17,153.66,25532000.0,0
2215000.0,1,770.47,19294000.0,0
9401100.0,2,311.98,28947000.0,0
4051800.0,9,493.71,11754000.0,0
6062700.0,22,304.36,9467000.0,1
3347300.0,13,566.88,10074000.0,0
2714800.0,10,309.79,21159000.0,1
2222000.0,0,772.3,5933000.0,1
8356900.0,16,644.59,27088000.0,1
7846100.0,2,902.93,4808000.0,0
5283700.0,7,366.05,9075000.0,1
8643000.0,0,661.92,24465000.0,0
7488600.0,19,208.45,14227000.0,0
8058300.0,17,156.86,24602000.0,1
5064200.0,7,531.39,29701000.0,0
4160200.0,19,509.16,17155000.0,1
7644300.0,16,485.8,19186000.0,1
2034300.0,20,117.48,24260000.0,1
1550900.0,12,386.4,11039000.0,1
1414700.0,22,140.23,5693000.0,1
6480200.0,3,135.23,11315000.0,1
4461600.0,14,534.69,21355000.0,0
4572700.0,1,571.11,7768000.0,1
6393400.0,0,917.03,26353000.0,0
4791700.0,19,17.51,6316000.0,0
8452900.0,9,191.33,2645000.0,1
9786900.0,8,291.04,23957000.0,0
3639300.0,20,276.26,19953000.0,0
8177100.0,19,520.87,7836000.0,0
8517400.0,0,473.64,2026000.0,1
4425100.0,7,286.47,7096000.0,1
4025900.0,19,331.8,15241000.0,1
2106800.0,18,752.29,11202000.0,1
9880300.0,23,189.11,15912000.0,1
7466600.0,5,384.69,17878000.0,0
2179800.0,10,863.18,25910000.0,0
3358600.0,20,714.33,29397000.0,1
6110100.0,13,409.17,12173000.0,0
9877200.0,4,457.18,19966000.0,0
5732500.0,2,253.39,16410000.0,0
3946100.0,14,408.73,5548000.0,1
5212700.0,11,470.95,13008000.0,1
6551700.0,7,829.96,24655000.0,0
8591700.0,15,507.79,19480000.0,1
2525000.0,21,878.39,2378000.0,0
2133100.0,23,848.59,1366000.0,1
7113100.0,8,871.68,13991000.0,1
8322100.0,0,317.05,25169000.0,0
4408600.0,5,30.54,10395000.0,0
8433100.0,16,741.83,29106000.0,0
3401900.0,22,197.45,26225000.0,0
4620400.0,10,247.69,7077000.0,1
5344000.0,14,204.49,4843000.0,1
1697300.0,3,281.91,27534000.0,1
1716800.0,12,505.9,16681000.0,0
8517400.0,18,97.07,29853000.0,0
5702600.0,18,135.0,16278000.0,1
4495200.0,6,753.85,7258000.0,1
338700.0,4,107.06,6162000.0,0
5703000.0,20,264.39,10567000.0,1
5815600.0,21,626.61,25210000.0,1
2902500.0,6,984.69,15464000.0,0
6118500.0,14,426.57,26897000.0,0
121700.0,5,639.35,5926000.0,0
7332200.0,17,520.79,29892000.0,0
4329600.0,17,234.6,23139000.0,0
6478100.0,18,368.41,24478000.0,1
4084300.0,0,431.37,16343000.0,0
1216500.0,14,293.93,7409000.0,0
2620300.0,15,966.01,4860000.0,0
3252700.0,14,997.46,11973000.0,1
9156000.0,23,111.89,26905000.0,1
9439700.0,4,677.51,4749000.0,0
6393800.0,7,453.19,24838000.0,0
2618600.0,22,287.79,8055000.0,0
5711400.0,10,536.34,7753000.0,0
2347800.0,21,192.71,4584000.0,0
8943200.0,6,279.8,23463000.0,0
2028500.0,2,783.06,25766000.0,1
3343600.0,20,772.44,24723000.0,0
1360600.0,20,310.39,14436000.0,0
1092200.0,15,308.91,26535000.0,1
9927500.0,12,262.84,26119000.0,1
2089600.0,23,26.32,15707000.0,1
4694500.0,3,442.03,24388000.0,0
6398800.0,18,340.84,11439000.0,1
7397600.0,14,16.23,12409000.0,0
881300.0,14,681.81,27664000.0,0
7731600.0,7,868.45,1255000.0,1
1104100.0,4,768.68,1133000.0,0
8106600.0,19,612.9,12102000.0,1
187200.0,16,695.77,19635000.0,1
3557200.0,14,418.19,27535000.0,1
6464200.0,14,672.65,23117000.0,0
9522600.0,10,626.06,26468000.0,0
4079800.0,6,278.43,16348000.0,0
8833500.0,5,976.17,21765000.0,0
6146900.0,7,523.58,27279000.0,1
5617900.0,21,904.04,11765000.0,0
9710100.0,1,278.68,23845000.0,1
7123500.0,7,757.1,3823000.0,1
1805900.0,21,245.41,27631000.0,1
7480800.0,19,753.55,29215000.0,0
5371300.0,15,858.93,2498000.0,1
5497000.0,16,829.15,20768000.0,1
9328000.0,20,38.84,27927000.0,1
4471200.0,5,830.85,24854000.0,1
7193200.0,1,628.8,4229000.0,1
2905300.0,10,631.13,4719000.0,1
1853600.0,0,396.78,8621000.0,1
4463800.0,20,874.57,21283000.0,1
4445900.0,11,223.38,6865000.0,0
169700.0,19,618.39,28986000.0,1
7575800.0,6,686.97,18692000.0,0
7388400.0,3,718.83,1483000.0,0
2742200.0,0,161.36,18723000.0,0
6818200.0,23,50.16,14667000.0,0
3139600.0,3,826.81,19759000.0,1
6104600.0,2,172.72,11904000.0,1
3457600.0,4,674.86,29488000.0,1
9971500.0,13,835.89,9302000.0,0
91500.0,14,477.63,7215000.0,1
6671600.0,3,331.26,6633000.0,0
3568900.0,8,672.15,24774000.0,1
4117300.0,4,814.28,15696000.0,1
175800.0,18,862.24,20102000.0,1
8644400.0,10,477.65,12377000.0,1
8864100.0,21,95.44,2517000.0,0
9285500.0,1,214.13,17199000.0,0
4419700.0,3,62.14,1149000.0,1
7891000.0,5,628.91,8230000.0,1
2990900.0,13,580.02,21205000.0,0
3297400.0,15,658.05,28678000.0,0
5325300.0,3,383.62,24810000.0,0
7169100.0,12,5.18,11569000.0,0
8744400.0,8,756.05,26724000.0,1
7518900.0,12,367.82,18567000.0,1
5670500.0,13,767.47,15238000.0,0
9107600.0,4,686.85,21143000.0,1
1295900.0,18,299.28,10193000.0,0
2326000.0,9,725.92,18235000.0,1
576200.0,6,54.1,16168000.0,1
6596200.0,22,577.6,11877000.0,1
4052900.0,15,289.53,17219000.0,0
2188600.0,11,681.68,13704000.0,0
8376700.0,17,224.07,14165000.0,1
4117600.0,20,728.28,28744000.0,1
2024600.0,23,229.43,4654000.0,1
5707400.0,6,839.7,28444000.0,1
2543600.0,12,982.81,22962000.0,1
1940100.0,14,802.12,27923000.0,0
6929000.0,9,579.14,26984000.0,1
9916800.0,15,345.82,20748000.0,1
4136000.0,22,446.25,11872000.0,0
1591400.0,20,362.52,6254000.0,1
31000.0,17,869.17,4935000.0,1
7593300.0,15,232.19,22474000.0,1
9908200.0,5,163.29,18730000.0,0
3474300.0,14,164.2,7740000.0,1
1879400.0,0,347.44,17409000.0,1
810100.0,17,57.11,19272000.0,1
3972100.0,8,229.96,5412000.0,0
3780400.0,8,216.17,8969000.0,1
4953100.0,17,519.86,19385000.0,1
2619000.0,13,180.84,17859000.0,0
7026500.0,5,400.4,5720000.0,0
1880300.0,16,636.85,19320000.0,1
6610700.0,1,315.53,6494000.0,0
810400.0,13,777.97,8596000.0,0
385900.0,8,603.48,22550000.0,1
364600.0,6,505.3,3025000.0,1
4305100.0,22,826.27,3628000.0,1
3866700.0,20,221.94,15900000.0,0
7480900.0,22,65.86,10410000.0,0
879800.0,13,810.63,14555000.0,0
9096800.0,20,916.5,9139000.0,1
4947000.0,0,97.91,21680000.0,1
6714400.0,1,815.02,28389000.0,1
941200.0,6,340.69,9675000.0,1
6473600.0,12,679.69,6698000.0,1
3785900.0,5,968.29,14400000.0,1
5049600.0,4,130.95,27794000.0,0
4539600.0,20,795.72,17330000.0,0
9045000.0,1,230.8,7118000.0,0
2385400.0,2,578.15,1724000.0,1
7778400.0,5,670.95,10198000.0,0
1490200.0,17,770.11,23633000.0,0
1131500.0,22,488.39,8375000.0,0
57900.0,18,436.63,4834000.0,1
3878400.0,0,281.33,25935000.0,0
1130800.0,5,664.66,11633000.0,1
9024000.0,17,875.15,25111000.0,1
9124800.0,6,365.71,18787000.0,0
7175200.0,2,219.63,3808000.0,0
4261100.0,23,232.54,24848000.0,0
2498200.0,15,734.93,25347000.0,0
9376900.0,19,625.4,17998000.0,1
1750400.0,14,28.38,11982000.0,0
9397900.0,3,42.58,23490000.0,0
9026200.0,15,704.61,8231000.0,0
4856800.0,8,608.51,13069000.0,0
9859100.0,17,397.0,3424000.0,0
6446500.0,6,729.25,15156000.0,0
251200.0,19,767.89,27656000.0,1
2531000.0,10,3.86,24655000.0,0
6608800.0,19,2.63,17093000.0,1
6882000.0,19,398.76,14153000.0,1
5634100.0,12,295.37,12907000.0,0
2869100.0,23,169.37,14629000.0,1
8474900.0,10,363.26,2468000.0,1
953700.0,4,101.37,14120000.0,0
427100.0,17,211.61,19303000.0,1
8984300.0,23,449.22,7620000.0,1
9697400.0,22,198.66,8797000.0,1
5458400.0,10,725.2,7148000.0,0
3628600.0,11,7.97,3513000.0,1
903000.0,18,102.27,16112000.0,0
2803600.0,13,880.57,27309000.0,1
7809100.0,20,745.49,1964000.0,1
6473800.0,2,960.53,21062000.0,0
9620800.0,17,343.43,1735000.0,0
6735000.0,1,310.83,21692000.0,1
1138400.0,12,262.09,4397000.0,1
692800.0,14,14.85,21037000.0,0
9917600.0,14,637.01,23822000.0,0
7927100.0,7,316.94,14556000.0,0
2261100.0,21,250.02,22087000.0,1
6455300.0,21,821.12,18131000.0,0
427500.0,7,533.69,13980000.0,1
9750700.0,2,375.46,19097000.0,1
1192700.0,15,742.68,13855000.0,1
2500800.0,16,242.57,9716000.0,0
4418100.0,14,280.91,4475000.0,1
7312900.0,10,455.52,3055000.0,0
9950500.0,1,911.46,16813000.0,1
2446300.0,17,638.54,6145000.0,1
2385500.0,4,938.02,18878000.0,1
5072200.0,18,27.88,6223000.0,1
6368900.0,12,23.46,26328000.0,1
7128100.0,14,39.53,6961000.0,0
9409400.0,17,170.89,4986000.0,1
4288900.0,20,855.7,7251000.0,1
3409400.0,1,43.31,22492000.0,0
1435900.0,5,962.63,18637000.0,1
2342800.0,7,935.0,28210000.0,1
1295900.0,1,892.24,7595000.0,1
1252100.0,18,859.51,28525000.0,1
6963000.0,4,210.97,21798000.0,1
751000.0,22,990.61,11960000.0,1
7797000.0,23,386.11,8378000.0,0
9479100.0,20,664.97,24876000.0,0
3219300.0,16,798.11,13261000.0,1
6340600.0,1,220.44,2359000.0,0
205900.0,8,156.61,25611000.0,1
9321600.0,16,340.34,16895000.0,0
2592600.0,12,142.37,22362000.0,0
4949000.0,16,666.91,9666000.0,1
6152000.0,13,258.99,23912000.0,1
5750200.0,12,909.56,18217000.0,0
927800.0,15,379.51,8897000.0,0
2780100.0,8,996.97,5398000.0,1
8624200.0,0,229.7,1259000.0,0
8581500.0,14,137.98,13294000.0,1
7390900.0,14,231.55,15315000.0,0
7569100.0,4,546.43,9294000.0,0
8809300.0,23,96.02,23314000.0,0
97700.0,12,132.9,7069000.0,0
8712500.0,5,269.52,17898000.0,1
2662600.0,12,138.01,28682000.0,1
9276100.0,3,441.18,13575000.0,0
7239100.0,0,128.77,4289000.0,1
8153600.0,0,565.88,9549000.0,0
1519700.0,21,369.68,4342000.0,1
7957700.0,21,745.34,12732000.0,1
1832500.0,17,338.92,25969000.0,0
550700.0,2,627.44,4960000.0,0
3479400.0,7,152.79,23701000.0,0
1791900.0,16,581.29,12446000.0,1
860500.0,1,967.6,27187000.0,0
7385900.0,19,288.56,21669000.0,0
1243300.0,0,744.52,9926000.0,1
7743100.0,13,42.22,6825000.0,1
2658500.0,0,717.56,24510000.0,0
6606400.0,1,484.52,11628000.0,0
2637000.0,12,186.58,16201000.0,0
8905800.0,3,855.44,23333000.0,0
2899100.0,20,637.24,8168000.0,1
1422200.0,6,958.17,23510000.0,1
7476900.0,20,346.41,14868000.0,0
5030400.0,18,349.48,28280000.0,1
8995500.0,23,83.92,9580000.0,1
5890800.0,21,734.23,18555000.0,0
3720900.0,14,972.98,18672000.0,1
195800.0,18,240.91,13649000.0,1
4865400.0,17,838.4,5848000.0,0
8652900.0,16,621.96,23585000.0,0
7717300.0,11,350.07,3837000.0,0
7163000.0,16,894.91,18082000.0,1
5462300.0,8,500.17,2341000.0,1
5358500.0,21,773.62,14027000.0,0
2649500.0,22,280.56,7946000.0,1
3737500.0,17,864.54,19228000.0,1
5217200.0,22,591.92,7204000.0,1
7121500.0,0,823.74,25703000.0,1
4396100.0,18,716.92,26102000.0,0
5480700.0,17,562.62,12648000.0,1
5929400.0,16,71.06,29911000.0,1
9475000.0,6,145.3,18238000.0,0
2304500.0,14,464.01,22405000.0,0
5313500.0,1,436.36,1865000.0,1
9313200.0,4,449.93,5562000.0,1
3412900.0,20,90.21,21250000.0,0
3716500.0,6,907.27,22149000.0,0
4050900.0,4,659.42,7139000.0,0
5330700.0,4,582.06,17585000.0,0
7989900.0,8,549.13,20973000.0,0
8088300.0,16,627.7,1574000.0,0
1360300.0,20,470.66,5149000.0,0
8998500.0,2,546.5,28551000.0,0
2253200.0,7,820.86,23464000.0,1
9894100.0,17,297.79,6405000.0,0
8775500.0,4,75.16,24181000.0,0
8197000.0,9,976.7,4061000.0,1
5948000.0,12,508.89,27520000.0,1
8704700.0,22,723.95,13114000.0,1
1925900.0,10,694.22,22297000.0,1
9095200.0,10,825.24,24675000.0,1
9512600.0,17,332.99,29331000.0,1
3826800.0,7,167.16,23023000.0,1
6890900.0,10,923.36,17813000.0,0
1377000.0,8,596.44,25176000.0,1
7805200.0,21,320.97,17906000.0,0
2499300.0,23,870.23,2811000.0,0
9778500.0,10,620.61,15389000.0,1
3086900.0,15,889.48,4390000.0,0
6285200.0,7,860.12,19910000.0,0
5307500.0,20,144.45,12662000.0,1
5935300.0,9,787.28,6464000.0,0
7045500.0,19,966.27,28195000.0,1
3908400.0,12,167.29,16642000.0,0
8232400.0,8,300.8,10911000.0,1
1411100.0,15,629.63,2644000.0,1
2464600.0,20,420.08,8495000.0,0
6274400.0,20,180.18,7322000.0,0
3947400.0,18,121.52,7446000.0,1
5562300.0,10,161.89,15593000.0,1
1716500.0,10,445.39,24005000.0,0
7160400.0,10,674.43,12578000.0,1
9724800.0,19,892.07,29129000.0,0
61700.0,14,971.31,6076000.0,1
2658100.0,3,707.82,22047000.0,0
3824200.0,0,766.98,21027000.0,0
2923900.0,16,133.99,9730000.0,0
7491700.0,5,826.79,10412000.0,1
7995600.0,17,516.49,24435000.0,1
2906200.0,1,391.76,27901000.0,1
7828200.0,1,847.81,5518000.0,0
8281400.0,8,364.9,23804000.0,0
6670300.0,9,925.88,18514000.0,1
9306100.0,2,918.43,10497000.0,1
2209000.0,7,281.87,28584000.0,0
1963100.0,5,800.73,3542000.0,0
7278200.0,3,495.43,26005000.0,0
7000.0,12,544.56,9455000.0,1
7644600.0,11,317.24,10211000.0,1
9590300.0,10,42.14,23190000.0,0
461600.0,6,124.9,15399000.0,0
4297100.0,12,507.14,15863000.0,0
7280500.0,20,571.51,2905000.0,0
4870100.0,13,255.81,2085000.0,0
6034100.0,1,996.43,24718000.0,0
1013600.0,0,243.76,22692000.0,0
1183300.0,6,748.57,21439000.0,0
3731300.0,0,775.69,8666000.0,1
3054400.0,6,174.8,22082000.0,0
3670800.0,22,545.82,21530000.0,0
1479200.0,22,238.38,10599000.0,1
40200.0,17,611.04,5985000.0,1
3179500.0,19,733.3,20649000.0,1
7661700.0,3,460.42,3794000.0,0
7777200.0,13,164.93,5220000.0,1
9245400.0,9,672.68,19559000.0,0
4935800.0,12,110.56,21705000.0,1
2141300.0,17,561.1,28781000.0,1
9646900.0,12,665.43,17473000.0,1
7742800.0,21,343.39,19371000.0,0
3246700.0,18,963.17,20778000.0,1
1188900.0,9,316.87,13422000.0,1
4277500.0,1,308.73,14908000.0,0
7683900.0,3,156.56,2659000.0,0
1135600.0,13,538.25,23958000.0,0
2881700.0,20,225.67,14645000.0,0
8034200.0,6,729.48,11141000.0,1
4431600.0,19,279.97,20596000.0,0
7523600.0,3,825.61,18235000.0,1
7007300.0,17,262.44,13251000.0,0
7197400.0,2,506.65,18631000.0,1
1920200.0,13,631.02,11269000.0,1
4284200.0,17,154.12,4914000.0,0
8137100.0,3,556.66,21347000.0,0
504200.0,4,441.33,28640000.0,1
4275400.0,3,968.6,6449000.0,1
1239500.0,18,370.94,24813000.0,1
7149600.0,18,362.9,21806000.0,1
3267800.0,12,650.52,25305000.0,0
6979200.0,10,381.06,17891000.0,0
5689500.0,10,275.0,13132000.0,1
5137200.0,1,494.66,12804000.0,1
1108400.0,6,546.76,3781000.0,1
2072000.0,12,776.45,27140000.0,0
7672300.0,0,896.86,14516000.0,0
4209800.0,17,633.57,5518000.0,1
8171000.0,4,886.36,10898000.0,0
6333100.0,15,852.13,14653000.0,1
8740700.0,8,949.79,26818000.0,1
2681900.0,7,194.1,2854000.0,0
5278700.0,18,977.67,19251000.0,1
6117500.0,5,968.09,18285000.0,0
9944200.0,11,199.7,9182000.0,0
4408700.0,23,639.09,5490000.0,1
3917900.0,16,746.72,7276000.0,1
5053700.0,8,814.97,5525000.0,0
338900.0,23,412.5,4613000.0,0
1654000.0,17,116.35,5255000.0,1
3940000.0,22,912.37,25257000.0,0
6252000.0,3,196.72,2265000.0,0
8615500.0,18,452.22,28266000.0,1
6643700.0,0,186.01,19959000.0,0
1769200.0,7,154.59,13659000.0,1
5974700.0,10,983.73,9167000.0,1
9966000.0,5,852.77,20487000.0,0
6418800.0,12,140.06,1467000.0,0
5060700.0,11,596.16,10169000.0,1
6354700.0,3,227.11,8346000.0,0
8774200.0,5,364.67,2510000.0,0
4421700.0,21,897.38,3615000.0,0
3211100.0,5,594.18,28844000.0,0
1453900.0,2,66.11,5769000.0,0
8314100.0,6,230.86,16012000.0,0
5885600.0,21,937.51,15181000.0,1
1777500.0,11,299.36,18371000.0,1
866400.0,5,786.02,6471000.0,1
9464800.0,21,893.09,13082000.0,0
7579500.0,5,427.31,18556000.0,1
6319000.0,12,568.32,7155000.0,0
4179900.0,19,621.01,22818000.0,1
1256500.0,11,612.42,22823000.0,0
3464600.0,10,566.92,25508000.0,0
286300.0,18,930.05,17026000.0,0
977800.0,10,619.59,25243000.0,1
7450000.0,7,875.91,27757000.0,0
3322300.0,18,653.77,16455000.0,0
397600.0,3,830.12,10564000.0,1
1254700.0,21,830.79,11317000.0,1
2636200.0,21,13.24,12485000.0,1
8213800.0,12,752.22,16129000.0,1
4442400.0,23,474.59,11224000.0,0
4207200.0,17,42.84,1811000.0,0
4159900.0,17,887.15,1700000.0,0
2896300.0,23,158.5,23611000.0,1
5550600.0,5,704.47,9883000.0,1
7378100.0,23,106.85,2069000.0,0
207500.0,11,126.22,3079000.0,0
2143400.0,9,349.95,24039000.0,1
670300.0,19,978.45,22524000.0,0
3442900.0,3,827.66,27003000.0,1
6012400.0,15,173.91,10317000.0,0
3838600.0,8,432.13,25873000.0,1
7081500.0,5,835.91,26516000.0,0
3934900.0,16,235.62,25844000.0,0
6212000.0,17,665.6,11440000.0,0
8273700.0,4,34.38,22837000.0,1
5824000.0,13,154.76,16813000.0,0
499400.0,14,713.93,12020000.0,1
632700.0,11,577.17,23628000.0,0
1900000.0,13,222.15,11160000.0,0
1632700.0,0,252.47,6274000.0,1
6625600.0,13,810.76,25758000.0,0
93700.0,12,25.66,29429000.0,1
4450400.0,20,414.71,4618000.0,1
3024600.0,1,730.82,3194000.0,0
3871800.0,5,727.02,16210000.0,1
5250600.0,3,878.77,9669000.0,0
6250900.0,17,537.4,15012000.0,1
2485100.0,21,748.85,22075000.0,0
8814600.0,15,382.44,6378000.0,1
5751600.0,13,271.7,6583000.0,1
2885400.0,21,946.11,17405000.0,1
3651900.0,19,728.23,20766000.0,0
8357600.0,13,427.76,6152000.0,0
9214200.0,0,744.69,15048000.0,1
5826100.0,11,458.66,23106000.0,1
9152700.0,14,976.84,17868000.0,1
7256200.0,21,122.02,26819000.0,1
3197100.0,0,519.73,10454000.0,0
4861800.0,10,424.81,13287000.0,1
2946400.0,8,224.81,16069000.0,1
6115300.0,20,995.02,7184000.0,0
6249000.0,1,627.12,19166000.0,1
9337100.0,14,860.76,9420000.0,1
8912200.0,10,195.3,17259000.0,1
2459900.0,12,108.52,10943000.0,0
1830700.0,11,900.52,3517000.0,0
7361300.0,17,798.45,23268000.0,1
6936000.0,13,351.19,7715000.0,0
344700.0,10,426.26,20667000.0,0
682500.0,1,254.38,8318000.0,0
8661200.0,1,787.83,12935000.0,1
5163200.0,8,188.85,4678000.0,1
9191500.0,1,925.76,12026000.0,1
5865500.0,15,529.73,19588000.0,0
2144200.0,18,827.53,15422000.0,0
5266800.0,13,429.4,13085000.0,0
4675600.0,21,146.18,29493000.0,1
993800.0,2,637.04,5708000.0,1
964400.0,0,756.51,20592000.0,1
5453300.0,20,292.59,22872000.0,0
2797000.0,6,462.77,23063000.0,0
2388300.0,19,51.71,3168000.0,0
4568400.0,17,608.79,16646000.0,1
2318800.0,15,803.7,10235000.0,0
5750100.0,1,647.52,8708000.0,1
5182700.0,15,644.32,29271000.0,1
1171300.0,1,34.2,15173000.0,1
6446800.0,9,43.46,19307000.0,0
1726000.0,2,635.3,3914000.0,1
9771700.0,14,272.66,1018000.0,0
5443800.0,8,24.92,21606000.0,1
1858600.0,17,170.29,4139000.0,0
870200.0,2,277.29,20760000.0,1
1229800.0,2,551.32,1569000.0,0
1514000.0,18,305.32,9225000.0,1
7201200.0,0,870.16,15504000.0,1
3041300.0,12,500.24,6772000.0,1
4739600.0,16,731.96,5660000.0,0
3603000.0,7,337.04,23747000.0,1
447200.0,6,951.13,23236000.0,0
6028900.0,3,502.21,14259000.0,0
6534300.0,13,270.53,24931000.0,0
4844300.0,3,81.2,21330000.0,0
8999200.0,0,864.13,10676000.0,0
6750400.0,23,389.7,20338000.0,0
6732600.0,11,292.84,23028000.0,1
3529300.0,3,163.9,17841000.0,0
2406400.0,1,481.42,2161000.0,0
483000.0,23,325.45,2209000.0,1
4171000.0,16,537.58,4200000.0,1
9113300.0,15,149.45,24748000.0,0
5363400.0,12,42.72,3737000.0,1
774500.0,6,228.23,17668000.0,1
8154100.0,18,824.37,12002000.0,1
2899900.0,23,502.7,15308000.0,0
9965900.0,7,805.35,20955000.0,1
5556900.0,15,765.7,11835000.0,0
6633200.0,2,522.44,5304000.0,0
983700.0,0,841.94,2921000.0,1
4643700.0,21,353.21,18133000.0,1
3402300.0,4,993.87,5509000.0,1
3188300.0,19,895.03,22642000.0,0
8042700.0,17,947.47,2678000.0,1
8851500.0,11,805.6,2258000.0,0
913400.0,6,970.33,11717000.0,1
8499700.0,2,837.35,26235000.0,1
5286200.0,2,457.12,22268000.0,1
6117400.0,6,429.76,11298000.0,1
6743500.0,17,984.67,20348000.0,1
7599900.0,1,536.45,12065000.0,0
4530300.0,6,470.04,17400000.0,1
213900.0,12,149.89,10463000.0,0
2792100.0,4,85.54,1793000.0,0
678100.0,10,767.29,9751000.0,0
571400.0,18,137.24,8482000.0,0
5451600.0,3,266.16,8439000.0,1
7209800.0,0,127.69,4494000.0,0
568500.0,14,361.61,12638000.0,0
5885900.0,7,149.34,20458000.0,0
7375300.0,10,126.91,26100000.0,0
2997600.0,17,633.95,20712000.0,1
9811700.0,3,938.37,23123000.0,1
524000.0,22,641.27,2385000.0,1
6041900.0,12,381.12,28217000.0,1
4096600.0,11,75.05,21659000.0,0
7351500.0,1,929.8,23337000.0,1
6173900.0,19,279.3,22718000.0,1
9941100.0,6,746.69,22997000.0,1
9341600.0,3,200.39,9190000.0,0
158700.0,22,943.88,22411000.0,1
6847500.0,11,723.65,11296000.0,0
5323800.0,0,814.68,9175000.0,0
6386600.0,16,632.95,22055000.0,0
4679400.0,21,832.29,5805000.0,0
9425900.0,0,221.37,26716000.0,1
9309800.0,16,116.62,7348000.0,0
6910400.0,22,539.28,14055000.0,1
1540400.0,0,693.98,27413000.0,0
7624500.0,3,816.51,9125000.0,0
2604700.0,2,432.9,17155000.0,0
6053500.0,14,664.68,2984000.0,1
8085400.0,7,53.6,11606000.0,0
5444400.0,3,721.63,1134000.0,1
3377800.0,0,129.01,1401000.0,0
4114100.0,7,148.13,25610000.0,1
474600.0,17,184.46,10572000.0,1
2990800.0,5,421.76,16382000.0,0
702400.0,11,808.3,13156000.0,0
2686900.0,15,73.34,29480000.0,0
9814600.0,22,953.0,23804000.0,0
999600.0,3,393.25,21273000.0,1
9974300.0,11,977.76,11874000.0,0
5994400.0,5,143.46,14715000.0,0
7097300.0,12,822.16,9394000.0,0
2108700.0,0,670.76,25800000.0,1
3031900.0,17,670.36,12778000.0,1
3346300.0,6,174.68,17955000.0,1
5332900.0,2,822.25,27673000.0,0
5267200.0,14,549.05,29960000.0,0
5899700.0,0,7.81,14483000.0,0
8853200.0,4,306.68,22486000.0,1
757300.0,1,787.02,26287000.0,1
8169300.0,23,742.22,20924000.0,1
8164400.0,22,161.46,25429000.0,1
9256300.0,20,317.84,11813000.0,1
1157200.0,23,487.44,2348000.0,1
537400.0,14,922.91,4771000.0,0
578000.0,7,733.19,27320000.0,1
2014200.0,1,581.12,25290000.0,1
6862900.0,1,970.45,7790000.0,1
2932600.0,12,623.61,29531000.0,0
2422700.0,18,898.86,14292000.0,0
9091600.0,13,6.05,12951000.0,1
1657500.0,13,55.76,14924000.0,1
5804600.0,6,187.35,5710000.0,0
1356100.0,9,705.26,5592000.0,1
5268500.0,18,328.85,23697000.0,0
8712100.0,5,889.88,28540000.0,0
5400800.0,2,314.54,20510000.0,1
7371700.0,6,585.63,1219000.0,0
3265000.0,4,955.3,6499000.0,0
6830800.0,1,332.14,29711000.0,1
5474500.0,9,947.93,1019000.0,1
6410300.0,14,454.26,8996000.0,0
3792700.0,20,345.05,4276000.0,0
3284100.0,0,363.59,27525000.0,1
6326300.0,7,861.43,25246000.0,1
4409800.0,19,492.61,22875000.0,1
6101800.0,22,730.25,23712000.0,1
2030300.0,16,295.73,24056000.0,0
3123000.0,21,301.02,18679000.0,0
2745300.0,4,537.71,2684000.0,0
865800.0,6,361.16,1539000.0,0
7375400.0,9,769.86,10987000.0,1
896700.0,8,770.69,20314000.0,0
1946200.0,18,566.54,16787000.0,0
6143600.0,9,716.14,13708000.0,1
8242500.0,23,729.67,20400000.0,0
2166700.0,19,786.8,2803000.0,1
7069900.0,16,671.14,13546000.0,1
7263000.0,6,917.38,29384000.0,1
5455000.0,22,158.71,20401000.0,1
4068400.0,19,929.01,6404000.0,1
9794800.0,15,545.36,23461000.0,0
6030800.0,16,367.26,21997000.0,0
3994500.0,23,667.12,2446000.0,1
1947800.0,0,546.32,5814000.0,1
4181300.0,3,71.57,9784000.0,1
8667500.0,2,275.55,7305000.0,0
1391700.0,13,391.35,12076000.0,0
6360100.0,4,498.97,3163000.0,0
6286000.0,11,999.17,22734000.0,0
9657700.0,21,764.51,9481000.0,1
6425700.0,5,664.69,22512000.0,1
2172000.0,2,595.29,15434000.0,1
3196300.0,22,11.05,24516000.0,1
4115900.0,1,810.47,14581000.0,1
7362200.0,3,42.78,10575000.0,0
8572500.0,22,527.44,12531000.0,1
4301700.0,22,540.2,2996000.0,0
7797900.0,17,967.87,2667000.0,0
5737600.0,17,137.26,27741000.0,0
2241900.0,16,908.84,6626000.0,1
8588200.0,5,834.84,1939000.0,1
4934900.0,16,753.52,5922000.0,1
1529600.0,0,399.44,8970000.0,0
2853000.0,17,102.46,17618000.0,0
4795200.0,10,899.46,23837000.0,0
8238700.0,4,880.13,14548000.0,1
3157600.0,13,416.89,25190000.0,0
9505800.0,13,472.9,8092000.0,0
4693200.0,20,318.75,7129000.0,1
2137400.0,8,852.27,10592000.0,1
7911800.0,22,496.16,18898000.0,0
6830800.0,21,752.17,15134000.0,1
8820700.0,1,125.04,16082000.0,0
6850500.0,13,722.72,20098000.0,1
3160700.0,7,447.61,24047000.0,0
7133400.0,3,351.4,26273000.0,1
8453300.0,8,57.48,7923000.0,1
6265700.0,16,267.37,1163000.0,0
6892300.0,10,518.86,18530000.0,1
1818200.0,8,656.29,13312000.0,1
5334700.0,16,395.69,7485000.0,0
9541400.0,17,554.68,20227000.0,0
4477000.0,13,460.36,16836000.0,0
2740200.0,2,547.29,9732000.0,1
9389200.0,19,723.9,12335000.0,1
5775400.0,13,713.8,22038000.0,1
5716700.0,2,796.58,2660000.0,1
6670900.0,13,416.52,22012000.0,0
9384100.0,22,134.6,8581000.0,1
4574300.0,5,500.29,3376000.0,0
7864600.0,7,881.73,24066000.0,1
8491700.0,17,222.35,5838000.0,1
9667100.0,13,518.81,27330000.0,1
7519400.0,19,178.84,18847000.0,1
4434100.0,7,427.14,8339000.0,0
6961600.0,6,375.57,11688000.0,1
2373800.0,13,318.82,13324000.0,0
5073800.0,5,221.48,22373000.0,1
7562600.0,18,126.57,10657000.0,1
3147700.0,7,345.07,11244000.0,1
1224600.0,19,247.04,3066000.0,1
9005000.0,3,524.65,16148000.0,0
7855900.0,5,611.01,11938000.0,1
2552800.0,13,17.64,28771000.0,1
6357100.0,22,366.9,22115000.0,0
9228600.0,8,734.64,4009000.0,0
7035000.0,11,43.33,17508000.0,0
4121100.0,4,957.71,12386000.0,0
6026700.0,3,759.58,3416000.0,1
2789100.0,19,981.47,3521000.0,0
4336400.0,20,80.44,22455000.0,1
6455600.0,23,429.55,29179000.0,0
9008800.0,21,287.87,10131000.0,1
8810600.0,2,514.09,6411000.0,1
7424700.0,14,275.09,14181000.0,1
6918300.0,23,229.42,9224000.0,1
4224900.0,1,644.39,18121000.0,1
3425300.0,20,163.37,24252000.0,0
9283500.0,9,677.26,25568000.0,0
4300.0,2,958.01,6027000.0,0
2735400.0,10,588.08,19948000.0,1
3878600.0,10,545.22,14854000.0,0
4765700.0,16,821.9,28624000.0,1
2969300.0,16,338.2,25440000.0,0
7116100.0,18,294.2,19018000.0,1
2826600.0,4,240.2,9212000.0,0
8757100.0,5,824.13,4788000.0,0
9901200.0,12,838.58,2383000.0,0
7406100.0,18,131.29,13482000.0,0
2369000.0,22,857.08,28980000.0,0
8447500.0,13,714.64,29434000.0,1
3249900.0,11,356.86,21674000.0,0
7767800.0,19,105.19,28790000.0,0
4503200.0,15,431.19,18988000.0,1
5114900.0,9,703.64,14112000.0,1
3010200.0,12,598.36,28511000.0,1
9826000.0,10,970.53,11723000.0,0
304000.0,1,356.18,23733000.0,0
3618400.0,3,658.07,11703000.0,1
6880700.0,23,252.68,24981000.0,1
9826300.0,16,12.26,24223000.0,1
1882400.0,0,490.97,21498000.0,0
9722900.0,12,665.15,13791000.0,1
6013900.0,1,556.75,6857000.0,0
6140200.0,9,380.95,21253000.0,0
7259400.0,0,616.78,2683000.0,0
2125300.0,6,143.06,24723000.0,0
5535500.0,6,934.77,14458000.0,1
2786600.0,6,682.63,3697000.0,0
884100.0,15,146.81,11361000.0,0
6229500.0,5,965.53,21653000.0,1
9723400.0,15,186.55,18432000.0,0
1890700.0,12,528.58,12951000.0,1
3809400.0,13,866.03,22119000.0,0
7464500.0,23,395.18,14800000.0,1
1646700.0,8,785.29,13759000.0,0
9111700.0,23,204.81,23444000.0,0
3926200.0,11,685.65,12605000.0,1
361400.0,14,535.58,4358000.0,1
636400.0,7,256.71,1801000.0,1
6981500.0,21,838.36,14233000.0,0
654300.0,3,952.96,12810000.0,0
1338300.0,14,745.06,27971000.0,1
4768800.0,23,533.24,18030000.0,0
17900.0,5,395.29,10383000.0,1
8825500.0,23,605.67,20723000.0,1
8429900.0,5,850.27,25525000.0,0
8205400.0,20,983.48,13739000.0,0
7528800.0,15,35.5,11941000.0,1
8975100.0,22,318.36,26847000.0,1
7102100.0,5,787.51,12756000.0,0
7308900.0,6,793.02,3475000.0,1
1524200.0,14,542.16,9836000.0,1
6696500.0,0,327.26,17296000.0,1
3363100.0,4,41.45,16135000.0,0
3219100.0,6,368.75,5272000.0,1
9501900.0,1,751.41,8083000.0,0
9587600.0,18,192.61,25492000.0,1
6271000.0,22,223.25,9409000.0,1
850800.0,22,550.25,28788000.0,0
1505900.0,14,247.73,22463000.0,0
1018200.0,8,858.25,13456000.0,1
4500400.0,8,475.45,21102000.0,1
2440100.0,17,924.54,21890000.0,1
7164700.0,11,374.23,2275000.0,1
1432400.0,1,173.65,27136000.0,1
7799100.0,8,963.67,3020000.0,0
9353400.0,16,419.63,1890000.0,0
1434800.0,1,87.92,8823000.0,0
3303400.0,12,530.44,15934000.0,1
8122800.0,22,270.86,10133000.0,0
3193300.0,16,125.07,22934000.0,1
7897700.0,11,928.71,5735000.0,1
6780800.0,14,772.25,21868000.0,0
6755200.0,18,333.79,12993000.0,1
4257700.0,8,327.41,16600000.0,1
4553200.0,15,533.66,17959000.0,0
5320300.0,2,52.56,8235000.0,0
2534000.0,19,493.89,6677000.0,0
6318400.0,20,384.62,7877000.0,0
851000.0,8,205.04,26875000.0,1
5711400.0,14,194.98,3954000.0,1
5739600.0,14,702.93,17258000.0,1
4899600.0,1,17.94,27193000.0,1
7807100.0,20,725.82,24670000.0,0
8073300.0,21,739.82,22483000.0,1
2343400.0,4,681.92,15913000.0,0
5942600.0,12,799.44,21431000.0,1
9799200.0,14,393.22,16690000.0,0
9173300.0,19,920.0,16156000.0,1
1357700.0,8,594.74,29056000.0,1
318200.0,22,863.15,3695000.0,1
965600.0,6,245.97,26919000.0,0
7221400.0,17,490.55,4955000.0,1
5058100.0,11,407.99,5547000.0,0
7775700.0,13,327.34,22892000.0,1
5752400.0,21,402.13,18304000.0,1
2769600.0,11,756.01,12347000.0,0
7277200.0,10,550.62,14518000.0,0
3678400.0,16,972.92,7579000.0,0
8411000.0,14,602.73,5626000.0,0
9121800.0,5,422.78,5571000.0,0
6027500.0,0,135.37,4802000.0,0
9539300.0,3,617.41,25637000.0,1
5392700.0,7,598.35,6899000.0,1
3080600.0,14,238.11,7860000.0,0
9252000.0,15,345.93,22606000.0,1
3972400.0,10,239.44,5033000.0,1
1334400.0,14,24.17,22469000.0,0
6719900.0,10,328.81,15828000.0,1
5643500.0,2,474.69,9216000.0,0
7353000.0,3,500.88,9912000.0,0
4947000.0,14,734.3,9253000.0,1
5477000.0,11,810.81,22912000.0,1
3084200.0,21,134.89,26144000.0,1
3442400.0,22,704.42,24068000.0,0
4018200.0,2,896.35,19336000.0,1
7269200.0,10,588.39,10542000.0,0
1357300.0,14,2.22,7274000.0,1
4586400.0,16,85.91,12248000.0,1
2906900.0,5,390.78,22279000.0,1
7944500.0,0,211.44,12090000.0,0
1186900.0,11,307.77,5238000.0,0
7735900.0,6,981.24,26250000.0,0
7605500.0,12,44.14,14450000.0,0
6928300.0,2,965.2,26976000.0,1
2975300.0,18,768.18,26357000.0,0
5494500.0,10,594.14,2061000.0,1
2936900.0,1,646.64,11225000.0,0
2925800.0,17,528.5,1154000.0,1
6554200.0,4,401.2,15403000.0,1
1785500.0,8,614.99,3702000.0,0
8543100.0,13,405.34,3564000.0,0
6698100.0,6,890.79,20105000.0,0
4022000.0,2,793.87,6296000.0,1
3039700.0,17,83.98,12312000.0,1
1874300.0,11,152.28,11607000.0,0
6416000.0,15,306.58,1802000.0,1
8775400.0,7,59.43,19779000.0,0
9179500.0,18,272.28,8149000.0,0
2508900.0,10,383.46,22487000.0,0
3286000.0,6,812.54,24430000.0,0
180400.0,3,722.06,15595000.0,0
8204900.0,20,195.2,5029000.0,1
3369800.0,1,746.01,15647000.0,1
9567400.0,17,284.97,14573000.0,1
2892300.0,20,615.52,12056000.0,1
7539800.0,13,711.22,15009000.0,0
9492800.0,14,535.16,23987000.0,0
9147700.0,6,602.57,29472000.0,1
7895000.0,8,363.74,20716000.0,0
3154600.0,18,692.44,18757000.0,0
1953000.0,23,690.9,4629000.0,0
3989700.0,18,876.77,27149000.0,0
2256300.0,22,333.73,9348000.0,0
9949800.0,18,679.75,23086000.0,1
7078100.0,11,357.35,10114000.0,0
8722300.0,2,153.83,19676000.0,0
442900.0,0,97.6,16218000.0,1
6453500.0,10,188.14,6311000.0,1
2728200.0,2,825.48,7302000.0,0
2244400.0,13,422.69,17318000.0,1
2763700.0,6,248.22,15369000.0,1
1485900.0,14,187.67,27567000.0,0
8299500.0,12,778.95,10773000.0,1
3251500.0,19,950.6,8986000.0,1
3252500.0,16,235.64,8195000.0,1
54700.0,0,813.95,9268000.0,0
7048700.0,7,341.52,6495000.0,1
8644400.0,14,270.86,27224000.0,0
3035000.0,23,185.62,15232000.0,0
9300700.0,14,857.5,8481000.0,0
8379900.0,0,853.9,8927000.0,0
9532000.0,20,533.59,8076000.0,1
3888700.0,4,513.4,10429000.0,0
712000.0,4,238.66,19120000.0,1
5769800.0,4,701.6,14461000.0,1
9936400.0,6,650.08,5262000.0,0
4215700.0,14,298.11,3281000.0,0
8062100.0,22,720.67,9578000.0,0
9014300.0,1,101.8,10964000.0,1
5312900.0,15,872.56,6377000.0,0
9781300.0,8,699.32,5369000.0,0
7381900.0,23,782.59,15956000.0,1
9878700.0,21,413.12,23427000.0,1
220400.0,10,742.53,27688000.0,0
9486700.0,11,450.34,29978000.0,0
4629600.0,15,35.06,10937000.0,0
4627800.0,22,468.78,22480000.0,1
9287200.0,17,445.06,24004000.0,1
7933000.0,11,752.27,4520000.0,0
8543500.0,15,583.53,15572000.0,1
897400.0,4,374.12,27146000.0,0
9261200.0,2,956.91,21115000.0,0
5417500.0,5,158.89,11354000.0,0
4860000.0,11,673.87,29178000.0,0
1025500.0,23,511.25,13411000.0,0
4024200.0,8,175.47,7889000.0,1
7206700.0,1,360.01,6978000.0,1
8165500.0,1,673.88,4329000.0,0
7149700.0,4,613.47,27222000.0,1
4988700.0,1,102.6,23550000.0,0
8789400.0,4,346.08,28446000.0,0
4034800.0,20,817.61,20554000.0,0
425800.0,14,216.21,12731000.0,1
5698900.0,23,296.34,22073000.0,0
4885000.0,17,367.5,13891000.0,1
1298800.0,9,873.92,20901000.0,1
8037700.0,2,17.91,20867000.0,0
5623600.0,10,225.32,14269000.0,1
8123900.0,4,555.43,22363000.0,1
1425600.0,15,4.39,4786000.0,0
9237000.0,7,740.1,5729000.0,1
6243000.0,22,470.38,4572000.0,1
8057100.0,23,442.89,6153000.0,0
6781600.0,5,726.38,6924000.0,0
9511300.0,13,990.85,14914000.0,1
5198900.0,7,478.63,28035000.0,1
7381400.0,12,733.47,28574000.0,0
804000.0,22,300.64,26522000.0,0
4380500.0,12,973.82,2821000.0,0
4306200.0,5,959.59,11208000.0,0
3531500.0,16,393.72,23537000.0,0
6977900.0,12,502.34,12455000.0,0
1358800.0,14,388.75,7457000.0,1
3559000.0,7,879.57,9218000.0,0
3783800.0,3,39.35,25258000.0,0
5254700.0,6,15.46,2582000.0,0
3752600.0,21,908.86,28076000.0,1
1422300.0,2,438.14,26003000.0,1
7178600.0,12,429.81,9324000.0,1
9622600.0,22,465.3,3978000.0,0
1306300.0,19,214.1,10476000.0,1
1609200.0,8,303.37,24554000.0,1
8988900.0,12,871.27,5331000.0,1
6674800.0,7,640.98,14554000.0,1
2475100.0,4,998.74,20171000.0,1
4364400.0,0,156.53,17523000.0,1
1292900.0,20,534.32,24522000.0,0
6468800.0,1,554.19,16096000.0,0
9415700.0,0,254.38,26437000.0,0
3290000.0,18,39.95,21061000.0,1
7707300.0,3,891.91,9663000.0,1
9589200.0,8,769.82,21697000.0,1
6416800.0,3,543.48,18270000.0,1
7521200.0,15,89.44,15993000.0,1
2032300.0,6,69.42,4257000.0,0
4500300.0,22,201.63,28463000.0,1
2608200.0,19,731.07,13460000.0,1
7512700.0,10,768.54,23272000.0,1
2319500.0,23,957.28,17027000.0,1
8053600.0,5,822.24,15213000.0,0
247900.0,21,662.35,12776000.0,1
6392600.0,22,393.64,1762000.0,1
7743300.0,9,402.67,13538000.0,0
7200400.0,22,413.61,11652000.0,0
6541200.0,20,583.06,18439000.0,1
3774300.0,23,835.38,23291000.0,0
3763400.0,19,842.5,3201000.0,0
5290500.0,7,747.8,23235000.0,0
6534300.0,7,831.65,3304000.0,0
7716400.0,0,352.05,7588000.0,1
6527100.0,23,78.27,7550000.0,0
2444400.0,11,243.12,15085000.0,0
5703300.0,16,861.16,5301000.0,1
2974600.0,3,901.54,3507000.0,0
1294500.0,3,77.74,13176000.0,0
841200.0,2,278.14,2250000.0,1
5761500.0,7,489.14,14178000.0,1
9573800.0,12,224.66,1657000.0,0
2295800.0,14,714.13,27974000.0,0
9506800.0,1,350.25,2302000.0,0
4286000.0,5,287.56,22168000.0,1
4168600.0,16,864.4,11150000.0,1
4541200.0,23,297.54,18027000.0,1
5462200.0,12,139.52,9092000.0,1
2926000.0,15,41.9,9474000.0,1
6146300.0,21,560.72,11665000.0,0
5147900.0,0,358.13,23874000.0,0
9394700.0,21,14.59,9423000.0,1
9037700.0,10,250.67,29489000.0,0
3831400.0,2,542.71,28016000.0,0
9487900.0,21,612.38,7031000.0,0
6708400.0,19,779.12,24236000.0,1
7736500.0,4,192.27,16147000.0,1
4889600.0,6,589.39,14915000.0,1
7002800.0,8,107.57,5222000.0,1
3088600.0,11,543.24,18423000.0,0
4508800.0,7,608.62,11291000.0,1
4444200.0,23,336.32,23522000.0,0
6146800.0,11,767.09,22068000.0,1
2115200.0,8,713.45,4457000.0,1
4095300.0,23,635.06,15988000.0,1
6616800.0,11,22.56,10775000.0,0
8724800.0,1,79.61,13422000.0,0
69900.0,1,375.52,6409000.0,0
7844800.0,11,461.22,24953000.0,0
2389900.0,5,941.0,8950000.0,1
3964900.0,2,460.02,2012000.0,0
3577500.0,17,598.64,25522000.0,1
5873800.0,5,657.0,5108000.0,0
3872000.0,14,810.36,13865000.0,1
1716200.0,4,818.03,20282000.0,0
931100.0,2,681.75,28224000.0,0
9428400.0,2,321.16,8846000.0,0
693000.0,23,596.38,14875000.0,1
1974800.0,14,110.7,2037000.0,0
4548300.0,1,553.11,18102000.0,0
2094300.0,16,320.23,6347000.0,0
5347800.0,20,909.86,26451000.0,0
7512900.0,2,559.56,21807000.0,1
2949700.0,12,309.16,10068000.0,0
914800.0,0,435.66,9263000.0,0
5335500.0,16,855.58,16573000.0,1
8161900.0,23,133.1,20678000.0,1
3820100.0,13,384.09,22093000.0,1
2251900.0,5,827.79,7143000.0,1
3558700.0,16,961.48,14692000.0,1
7467200.0,2,427.17,28761000.0,0
216100.0,3,819.82,27066000.0,0
3392700.0,11,203.28,18278000.0,0
3443900.0,0,621.41,19114000.0,0
3627600.0,16,598.58,2662000.0,1
23400.0,1,759.07,20550000.0,0
3801000.0,8,157.99,21964000.0,1
8053000.0,22,943.39,20405000.0,0
9737000.0,3,9.35,4803000.0,1
4373200.0,19,994.16,13718000.0,0
9618100.0,17,497.64,17945000.0,0
5415300.0,12,562.79,24692000.0,1
6698600.0,21,789.38,8470000.0,0
3033000.0,4,289.47,25449000.0,1
4815000.0,23,639.33,12714000.0,0
8816300.0,8,898.33,25540000.0,0
1778300.0,6,657.79,19949000.0,0
6035100.0,9,146.28,23112000.0,1
1824600.0,21,913.95,19145000.0,0
9382500.0,3,289.75,5412000.0,0
3816500.0,18,222.8,12668000.0,1
8376000.0,4,869.52,26533000.0,0
7882800.0,18,919.45,18233000.0,1
439500.0,23,477.39,18044000.0,0
1943700.0,11,770.0,4038000.0,1
9891800.0,23,724.91,7475000.0,0
2141900.0,10,285.0,6479000.0,1
4857400.0,0,219.16,26270000.0,0
6665800.0,9,236.78,16258000.0,0
9632300.0,14,268.03,9003000.0,0
6400.0,16,394.67,29960000.0,0
8285900.0,22,310.66,26023000.0,1
9614000.0,17,555.68,10761000.0,0
5107400.0,14,284.85,20254000.0,1
5960800.0,0,194.65,20669000.0,1
5094900.0,12,725.78,21765000.0,1
4645100.0,10,720.64,27717000.0,0
7107300.0,22,118.7,9847000.0,1
907000.0,22,364.54,17968000.0,1
2451300.0,9,336.7,25781000.0,0
5890300.0,17,15.47,1981000.0,0
9344600.0,20,859.02,6024000.0,1
8983400.0,13,464.26,12447000.0,0
4217600.0,10,212.27,2786000.0,1
2326600.0,2,91.9,26197000.0,0
2626700.0,13,176.41,24726000.0,1
2623600.0,2,481.74,14197000.0,0
2883800.0,10,928.36,15864000.0,0
8467700.0,20,23.05,15559000.0,1
9418300.0,9,998.85,19059000.0,1
6599200.0,6,667.38,18524000.0,1
8554800.0,2,644.44,29383000.0,0
2149000.0,8,996.43,22560000.0,1
943700.0,23,405.74,4435000.0,1
8947400.0,2,279.94,27527000.0,0
8074800.0,15,449.12,24281000.0,0
9342400.0,12,3.05,11823000.0,1
7209200.0,2,806.68,6479000.0,0
1869000.0,11,261.51,25131000.0,0
367800.0,14,683.71,24153000.0,1
5470700.0,7,7.45,2335000.0,1
330700.0,4,529.7,23336000.0,0
4778500.0,2,284.62,27417000.0,1
6503300.0,23,544.29,18099000.0,1
1929500.0,14,186.63,8469000.0,0
6431700.0,19,763.35,24196000.0,0
3305800.0,9,806.08,15472000.0,0
9425300.0,5,169.08,3867000.0,0
9669100.0,3,319.19,20841000.0,0
8616400.0,20,122.49,19143000.0,1
7897700.0,7,114.19,16049000.0,0
8551500.0,12,341.26,29724000.0,1
1166400.0,15,602.97,2731000.0,1
7590500.0,4,29.12,18817000.0,1
8260100.0,21,156.35,13843000.0,1
8673400.0,23,259.91,12179000.0,1
228000.0,20,175.78,11077000.0,1
7049100.0,6,19.59,15779000.0,1
1412400.0,2,893.71,17410000.0,0
6292200.0,18,624.95,15838000.0,1
5734300.0,13,320.5,4628000.0,0
3467400.0,1,460.65,14588000.0,0
466000.0,10,28.84,26191000.0,1
5489500.0,1,838.97,15027000.0,0
4097200.0,18,677.58,1300000.0,1
8927200.0,5,328.21,1005000.0,1
2617100.0,19,256.03,24031000.0,1
9549400.0,16,298.8,10225000.0,0
4883300.0,17,456.18,23867000.0,1
6754900.0,9,705.62,2358000.0,0
2566100.0,15,183.9,21876000.0,0
2678400.0,1,688.6,18004000.0,0
2871600.0,5,53.43,21033000.0,1
1092000.0,22,48.32,27994000.0,1
8773000.0,10,238.19,11142000.0,1
6078400.0,23,408.77,28115000.0,1
5410200.0,8,254.94,24605000.0,1
7212900.0,21,181.38,23883000.0,0
5819600.0,23,847.18,3312000.0,0
3768700.0,9,36.5,29245000.0,1
8275500.0,3,81.4,18911000.0,1
5618400.0,23,539.42,12281000.0,1
7766600.0,4,789.83,11381000.0,0
7107000.0,13,670.63,7530000.0,1
3627200.0,20,422.17,20830000.0,0
755500.0,11,665.8,14800000.0,1
1546900.0,14,354.3,18217000.0,0
4192500.0,21,621.97,6762000.0,0
8382700.0,23,570.08,6057000.0,1
9288700.0,22,8.72,19226000.0,1
4668700.0,4,847.95,1476000.0,1
7177800.0,23,487.39,22957000.0,1
4135100.0,22,121.64,10317000.0,1
1527800.0,1,54.43,17385000.0,0
4498300.0,22,123.93,2715000.0,1
2805200.0,11,668.23,19003000.0,0
2839200.0,0,146.53,8747000.0,1
169600.0,2,248.26,29136000.0,1
8906200.0,21,712.52,3565000.0,1
1909200.0,11,717.93,16477000.0,0
4236100.0,20,229.87,25131000.0,0
7576700.0,23,782.56,28040000.0,0
6773500.0,8,471.64,26288000.0,1
788200.0,12,707.17,26159000.0,0
1762100.0,0,177.14,14252000.0,0
7403300.0,11,993.18,4939000.0,0
7034300.0,21,706.52,9826000.0,0
1278600.0,21,448.63,29773000.0,1
6478500.0,15,280.51,24829000.0,1
3048600.0,11,483.8,12532000.0,0
4655700.0,0,788.05,7131000.0,1
9909700.0,20,201.53,9422000.0,0
8411100.0,14,217.58,17844000.0,0
4684600.0,13,512.69,20284000.0,0
4748000.0,14,838.07,7414000.0,0
992500.0,17,972.58,15467000.0,0
3177700.0,6,659.0,8788000.0,0
1941900.0,6,905.57,1229000.0,1
833600.0,22,13.91,5535000.0,1
8772200.0,8,192.79,24041000.0,0
7950700.0,0,330.94,20902000.0,0
2896100.0,21,473.15,20562000.0,0
4511900.0,4,938.17,20359000.0,0
9438800.0,20,652.72,10818000.0,1
585500.0,0,75.61,24533000.0,0
9476900.0,16,666.1,1116000.0,0
5647600.0,7,550.2,3650000.0,0
72100.0,14,192.66,2760000.0,0
5118200.0,1,862.6,22668000.0,0
9676600.0,1,74.17,29129000.0,0
482400.0,12,541.36,16616000.0,0
102000.0,19,66.2,17811000.0,0
3716400.0,5,193.84,12034000.0,1
3175300.0,10,445.88,10156000.0,0
623700.0,7,667.9,16425000.0,0
4978000.0,13,549.93,13229000.0,1
9220200.0,20,646.28,2198000.0,0
3408900.0,7,192.81,28187000.0,1
4593800.0,14,987.45,28543000.0,1
8908500.0,16,452.12,23495000.0,1
218100.0,11,410.57,13354000.0,0
3257500.0,7,974.13,7333000.0,1
9102800.0,9,375.0,20250000.0,0
9524400.0,1,892.33,15206000.0,1
2055600.0,9,663.95,2846000.0,0
1002300.0,16,71.26,9383000.0,1
7617700.0,22,198.92,23524000.0,1
2375100.0,19,297.18,5428000.0,0
7744000.0,17,751.5,28023000.0,1
968900.0,17,832.61,9261000.0,0
2176500.0,16,819.1,20104000.0,1
9306900.0,6,949.64,22468000.0,0
1729000.0,17,611.26,4245000.0,1
7514100.0,12,141.63,15479000.0,0
855400.0,11,706.25,14454000.0,1
8684100.0,20,934.73,12018000.0,0
6800800.0,21,930.69,23754000.0,1
2148800.0,2,365.68,27526000.0,0
8379800.0,2,504.88,16087000.0,0
899000.0,23,138.08,1053000.0,1
1656600.0,5,162.56,22768000.0,1
6753200.0,12,472.74,19629000.0,0
4403300.0,16,610.08,5111000.0,0
729700.0,13,596.73,13043000.0,1
6267100.0,4,83.08,20328000.0,1
2871800.0,4,489.36,3033000.0,0
3186800.0,9,109.22,16462000.0,1
2489300.0,4,370.42,25953000.0,1
4701300.0,18,127.83,9675000.0,0
3459900.0,5,771.6,25946000.0,0
6394700.0,22,984.47,22544000.0,1
4536400.0,17,56.02,8264000.0,1
2888300.0,20,71.3,18168000.0,0
8950900.0,7,629.04,7548000.0,0
1719900.0,18,446.55,24638000.0,1
2552200.0,3,539.18,15566000.0,1
8927500.0,0,533.18,3098000.0,1
8577000.0,10,223.2,29827000.0,1
761700.0,5,611.23,5479000.0,0
3458400.0,10,115.68,6648000.0,0
3362700.0,12,508.6,23895000.0,1
8563800.0,8,804.63,28291000.0,1
796200.0,16,324.37,24269000.0,0
707300.0,9,82.58,25416000.0,1
5393800.0,8,577.19,17947000.0,1
5264100.0,14,390.72,24365000.0,1
3477800.0,8,287.38,3974000.0,1
1839300.0,3,744.31,9709000.0,1
1250900.0,9,25.26,24191000.0,1
326000.0,10,635.28,14281000.0,0
5339900.0,4,569.79,11330000.0,0
5173700.0,22,945.43,9370000.0,1
1745600.0,5,702.76,12055000.0,0
7265000.0,6,575.32,15112000.0,0
1258600.0,6,406.28,1819000.0,1
7017600.0,10,973.38,5744000.0,0
3138200.0,7,154.08,2644000.0,0
8270200.0,19,453.16,16261000.0,0
6196300.0,12,573.96,7052000.0,0
7925100.0,4,925.18,24067000.0,0
5458200.0,22,470.99,11993000.0,0
4485900.0,21,819.97,22245000.0,1
6171900.0,21,261.12,16260000.0,1
2491200.0,14,0.72,19591000.0,1
137200.0,16,33.29,28296000.0,0
8755100.0,1,179.85,15327000.0,0
9405400.0,21,544.68,29252000.0,1
3706900.0,3,733.43,21642000.0,1
6500700.0,14,145.23,14413000.0,0
3282900.0,2,361.08,16744000.0,1
8531700.0,18,625.83,20824000.0,1
9355300.0,12,680.31,20785000.0,0
5286100.0,2,175.49,7636000.0,0
8363700.0,13,95.79,16875000.0,1
7541700.0,5,411.08,7871000.0,0
3265300.0,16,340.6,26834000.0,0
9321200.0,4,818.66,7056000.0,1
2554200.0,12,414.37,18755000.0,0
9860100.0,1,625.26,1393000.0,1
1241100.0,8,596.26,2718000.0,1
2308100.0,7,256.93,15050000.0,0
2679500.0,21,661.6,28755000.0,0
508400.0,14,451.87,22409000.0,0
4186600.0,7,197.03,1687000.0,1
9633000.0,3,564.9,29080000.0,0
1981100.0,8,295.18,11408000.0,0
118200.0,8,630.12,26329000.0,0
1322900.0,21,547.62,8242000.0,0
9288500.0,3,646.53,25922000.0,1
2678200.0,22,902.14,8768000.0,1
7753400.0,15,6.9,18287000.0,1
2733300.0,18,306.65,3429000.0,0
3360200.0,2,513.28,21997000.0,1
5452000.0,10,280.64,8161000.0,1
4867900.0,9,6.7,10145000.0,0
2949000.0,19,30.17,21626000.0,0
7334700.0,9,77.84,21906000.0,0
7931300.0,0,229.97,25343000.0,0
4091200.0,5,794.0,5441000.0,1
2946600.0,10,89.77,8557000.0,1
2892600.0,22,546.87,12014000.0,0
2891300.0,14,695.65,10093000.0,1
2309900.0,16,820.56,22962000.0,0
3128700.0,5,165.54,28162000.0,0
5163700.0,22,372.14,6741000.0,0
148600.0,1,783.7,22314000.0,1
2098100.0,13,806.22,27567000.0,1
6232800.0,10,874.45,25289000.0,0
190600.0,23,715.16,11453000.0,0
4888800.0,9,255.36,16049000.0,0
7946100.0,4,300.82,3458000.0,0
3218600.0,17,387.01,11462000.0,0
6811000.0,6,520.82,17223000.0,1
3839300.0,21,155.26,1421000.0,0
6906800.0,16,368.5,28128000.0,1
7935600.0,18,543.89,2346000.0,0
562200.0,13,613.49,14916000.0,0
3108300.0,4,109.87,16352000.0,1
8832600.0,8,468.44,6245000.0,0
653200.0,22,548.38,14219000.0,0
5011400.0,9,272.97,19674000.0,0
8287600.0,8,310.98,4773000.0,1
906100.0,3,939.12,28415000.0,0
7673200.0,8,422.43,16262000.0,0
4958000.0,14,631.2,18824000.0,0
9405800.0,7,808.43,25342000.0,0
1873500.0,7,261.61,2943000.0,0
1440900.0,3,397.26,16534000.0,0
2635900.0,12,822.98,11869000.0,0
457100.0,18,1.23,22058000.0,0
4988800.0,13,11.27,27539000.0,0
168700.0,4,168.11,24334000.0,0
1718000.0,10,0.04,4939000.0,0
7439700.0,8,70.71,3842000.0,1
741100.0,10,257.01,22061000.0,0
3396500.0,9,953.38,14317000.0,0
6992600.0,23,630.95,27655000.0,1
6157100.0,4,981.77,7697000.0,1
3118200.0,17,84.61,17151000.0,1
5037000.0,21,284.96,1885000.0,0
7028300.0,23,301.56,18204000.0,0
8030300.0,23,242.11,13368000.0,0
602500.0,13,27.44,28170000.0,0
886800.0,18,317.06,2919000.0,1
2711600.0,20,529.38,21121000.0,0
3445200.0,9,657.13,14000000.0,0
8287100.0,6,846.78,28773000.0,1
6530600.0,14,799.35,16972000.0,1
7762700.0,16,98.66,16029000.0,0
1131500.0,0,89.46,10920000.0,1
6678700.0,5,373.28,6070000.0,1
3756400.0,21,674.41,26685000.0,1
4475400.0,4,122.07,27837000.0,0
1875500.0,0,826.28,1258000.0,0
2741100.0,10,563.34,7740000.0,1
5695300.0,6,790.51,10785000.0,1
1732900.0,4,848.88,25328000.0,0
2387900.0,9,835.65,5469000.0,1
2309800.0,20,182.97,9191000.0,1
6756600.0,1,334.95,25504000.0,1
158200.0,2,360.52,3345000.0,1
6968700.0,23,379.51,9878000.0,1
556200.0,20,96.55,27626000.0,1
3176600.0,11,631.97,11546000.0,0
9449900.0,10,854.44,8587000.0,0
5856400.0,8,817.96,20837000.0,1
761100.0,10,731.95,19536000.0,0
4807900.0,0,745.8,15942000.0,0
5282700.0,8,878.97,12462000.0,0
4298600.0,16,312.7,19708000.0,1
2875300.0,23,479.81,14223000.0,1
4055600.0,12,21.39,3388000.0,0
3648500.0,17,874.5,23940000.0,0
2319900.0,19,811.84,20624000.0,1
1488000.0,11,627.55,4502000.0,1
1623300.0,11,929.55,9060000.0,0
5065400.0,4,101.65,7055000.0,0
5491400.0,19,254.31,6497000.0,1
8526700.0,10,19.74,25018000.0,1
4399600.0,22,541.55,15762000.0,1
870400.0,8,269.72,5454000.0,0
1187700.0,1,832.16,20830000.0,0
4915900.0,8,893.76,20018000.0,0
129200.0,13,853.46,14060000.0,0
1672600.0,14,473.96,29071000.0,0
1027300.0,5,156.65,26201000.0,0
3393300.0,15,430.88,23819000.0,0
6482400.0,16,973.22,3952000.0,1
1234700.0,4,480.77,11929000.0,0
5787700.0,5,659.88,8186000.0,0
704300.0,15,632.63,13856000.0,1
8364200.0,10,2.6,9665000.0,0
4143300.0,0,751.32,18843000.0,1
794000.0,11,267.68,3420000.0,1
1365600.0,19,963.3,4671000.0,0
7597400.0,23,623.24,4567000.0,0
3745300.0,22,985.13,23578000.0,1
1929500.0,14,143.24,11715000.0,0
7528700.0,12,242.49,11793000.0,1
2687600.0,6,751.45,27421000.0,0
6770500.0,4,738.65,16642000.0,1
7132500.0,14,39.35,8754000.0,0
4485400.0,4,241.93,11517000.0,0
7074800.0,10,896.46,16901000.0,0
5366600.0,3,801.87,18627000.0,0
8577200.0,9,824.96,9097000.0,1
8867900.0,9,732.98,21613000.0,0
1331700.0,15,902.35,10270000.0,0
7562800.0,16,315.31,29440000.0,0
7038400.0,4,682.44,12473000.0,0
4452800.0,15,623.85,18384000.0,0
1582600.0,20,636.24,19473000.0,1
7925000.0,9,256.71,15169000.0,0
2940100.0,18,414.05,14993000.0,1
6220900.0,9,915.61,6842000.0,1
9954000.0,11,681.26,26930000.0,1
4500100.0,8,223.71,13287000.0,0
2123300.0,3,713.72,15595000.0,0
8918900.0,14,833.13,28840000.0,1
5102100.0,16,497.51,12297000.0,0
5925800.0,19,220.76,8363000.0,0
8287700.0,10,18.74,23811000.0,0
7052400.0,8,925.03,26694000.0,0
9879100.0,17,943.03,11760000.0,1
1401500.0,21,70.71,25133000.0,0
1693500.0,22,771.0,12093000.0,0
8712000.0,8,419.34,16559000.0,1
7230900.0,15,693.46,25866000.0,0
6250900.0,3,451.26,12902000.0,0
8273600.0,5,500.45,16163000.0,1
1483800.0,23,716.05,5584000.0,0
8161000.0,10,55.58,9439000.0,1
7483100.0,17,97.61,8098000.0,1
2158100.0,14,720.69,9972000.0,1
2173100.0,15,325.78,13473000.0,0
1391800.0,4,24.71,24533000.0,0
3889200.0,10,726.49,24756000.0,0
2884600.0,14,832.38,4368000.0,1
7451700.0,6,301.4,8521000.0,0
5328500.0,6,781.94,8783000.0,1
5796900.0,15,221.87,22567000.0,0
6986100.0,6,254.7,6568000.0,0
4596600.0,21,604.99,16825000.0,1
3823700.0,0,184.82,24293000.0,1
7754800.0,21,117.61,27285000.0,1
2072400.0,2,477.16,18867000.0,0
4381800.0,15,294.54,24551000.0,0
3220100.0,1,475.08,24102000.0,1
3240200.0,2,691.31,4780000.0,1
632500.0,20,196.11,10695000.0,0
2365200.0,20,114.22,6268000.0,1
2952300.0,11,263.78,20264000.0,0
725100.0,18,532.8,13372000.0,0
324400.0,6,633.83,16437000.0,1
8822600.0,17,480.37,10835000.0,1
9942500.0,6,690.71,23568000.0,1
9811300.0,20,685.33,9020000.0,0
6403200.0,1,389.68,23038000.0,1
1961500.0,23,192.86,23288000.0,0
6918200.0,14,285.42,22772000.0,0
3210000.0,19,198.69,22624000.0,0
3535000.0,23,479.92,17918000.0,0
4329400.0,22,561.22,10405000.0,0
4776500.0,0,165.52,21914000.0,1
74400.0,1,123.43,4463000.0,1
6282900.0,0,564.56,11683000.0,0
9459200.0,22,152.32,23090000.0,1
5892900.0,7,556.02,12198000.0,0
6194400.0,9,145.54,11893000.0,0
7254400.0,4,395.55,23989000.0,0
7980300.0,14,71.67,9216000.0,0
5990700.0,8,923.99,7731000.0,0
8115400.0,2,550.07,15729000.0,0
6402200.0,22,20.2,10470000.0,1
1983600.0,18,224.7,1867000.0,0
6033800.0,21,220.76,14760000.0,0
3425100.0,6,732.0,8091000.0,1
3674800.0,16,756.2,7628000.0,1
1782500.0,10,984.62,5460000.0,0
9972300.0,23,628.26,27572000.0,1
6115700.0,16,615.74,14347000.0,0
2366700.0,13,464.88,20957000.0,1
382800.0,2,944.2,22085000.0,1
8327400.0,14,415.58,25558000.0,0
3537700.0,21,940.94,14166000.0,1
4549500.0,12,840.66,3055000.0,1
3621500.0,20,557.83,20603000.0,1
384900.0,7,87.37,29716000.0,1
3430100.0,21,746.77,22299000.0,1
6321600.0,12,811.79,28511000.0,1
9234200.0,5,260.7,12028000.0,1
3371600.0,2,878.04,6294000.0,1
9060400.0,0,501.69,23081000.0,1
5775000.0,4,911.58,15948000.0,1
4388900.0,18,475.8,11614000.0,0
3635500.0,1,468.13,10508000.0,0
180900.0,16,581.91,1195000.0,1
2937600.0,12,536.51,24991000.0,1
1493700.0,22,670.53,15914000.0,1
9740100.0,15,431.6,18614000.0,1
8186000.0,13,231.96,8054000.0,1
1959900.0,12,944.81,13401000.0,1
8062800.0,15,18.46,25500000.0,0
9072400.0,23,913.8,23650000.0,1
6806800.0,15,531.97,19619000.0,0
890900.0,8,986.78,8929000.0,0
8611900.0,2,419.78,10816000.0,0
2835500.0,0,392.05,5381000.0,1
758800.0,5,557.06,11254000.0,1
3104900.0,3,48.05,20431000.0,0
9695100.0,10,536.67,5678000.0,0
3364900.0,17,225.8,7123000.0,1
5373800.0,12,984.19,6712000.0,0
6320900.0,10,552.17,22118000.0,0
7449100.0,6,92.24,23956000.0,0
8469200.0,19,23.8,28104000.0,1
8516800.0,9,123.78,2111000.0,0
5882500.0,11,886.26,22287000.0,1
453100.0,6,659.47,12951000.0,1
9202900.0,20,50.69,27472000.0,1
7422200.0,8,149.94,20137000.0,1
5922900.0,19,254.65,29075000.0,1
3445200.0,1,138.21,22791000.0,0
3702900.0,14,455.34,6750000.0,1
5057300.0,23,715.86,18009000.0,1
1239400.0,8,343.93,1711000.0,1
6222800.0,5,931.27,28921000.0,0
3138100.0,9,584.73,1350000.0,1
509000.0,15,48.94,29535000.0,0
2172600.0,8,219.81,25912000.0,1
1674400.0,4,208.08,14372000.0,0
504400.0,23,549.23,12943000.0,0
950200.0,12,990.88,26247000.0,1
9162700.0,2,100.01,15069000.0,1
3345100.0,9,452.77,23127000.0,1
7365000.0,5,954.8,28076000.0,0
4449700.0,18,675.25,12021000.0,1
369500.0,0,143.06,5768000.0,1
9498400.0,8,451.8,24984000.0,0
455400.0,16,288.27,2693000.0,0
1415200.0,13,57.8,19822000.0,0
4192200.0,4,519.77,29289000.0,1
1200500.0,10,229.3,4591000.0,0
1634800.0,21,190.79,8956000.0,1
6885600.0,18,914.96,1459000.0,1
6624400.0,5,171.58,4839000.0,1
3853700.0,9,545.14,12923000.0,1
5477000.0,9,638.17,7937000.0,1
7371900.0,13,810.81,7238000.0,1
2301100.0,14,894.88,20464000.0,1
1365700.0,13,303.04,22601000.0,0
1883400.0,3,840.56,10428000.0,1
6470000.0,17,92.78,1550000.0,1
4215400.0,3,61.86,18317000.0,1
7387300.0,12,536.2,29366000.0,0
548600.0,5,732.2,24657000.0,0
5349400.0,6,81.95,6088000.0,0
2392800.0,12,14.62,2522000.0,1
3476900.0,7,113.54,2313000.0,1
2809000.0,1,550.31,19564000.0,0
5018700.0,16,204.52,19333000.0,0
4201500.0,23,115.4,27717000.0,1
7718600.0,8,28.39,17998000.0,1
1444100.0,11,105.59,14717000.0,1
1827000.0,0,563.65,8264000.0,1
7791800.0,15,596.68,14139000.0,0
1477900.0,8,236.8,4184000.0,1
9492200.0,17,139.3,29935000.0,1
4095500.0,17,704.3,14010000.0,1
698500.0,3,138.45,21635000.0,1
5494900.0,8,637.81,9786000.0,1
78700.0,2,44.86,8992000.0,1
2242400.0,21,998.6,2242000.0,0
2998600.0,3,839.75,23788000.0,1
2867900.0,1,899.81,10515000.0,0
5853400.0,6,694.31,8705000.0,1
6272000.0,19,532.32,26645000.0,1
995000.0,16,690.61,9909000.0,1
1658200.0,22,249.38,3128000.0,0
2474000.0,1,611.94,22855000.0,1
2751700.0,0,846.31,21582000.0,0
941600.0,0,507.02,9840000.0,1
8554900.0,0,103.12,4703000.0,0
5913800.0,6,340.21,14563000.0,1
4945700.0,15,729.82,10783000.0,1
1972400.0,19,666.9,12354000.0,0
1519400.0,3,189.1,10927000.0,1
3202600.0,10,91.06,16966000.0,1
4681700.0,20,123.68,17350000.0,0
5497200.0,22,736.69,17071000.0,0
1902200.0,23,884.76,29636000.0,1
8314600.0,15,977.03,28220000.0,0
4027400.0,8,483.57,7960000.0,0
8576900.0,7,629.49,9200000.0,1
6606200.0,22,745.45,25279000.0,1
9035900.0,8,721.91,27650000.0,1
9618300.0,3,181.36,22101000.0,0
1062200.0,21,365.39,9716000.0,0
9913400.0,16,698.96,26907000.0,1
4798500.0,2,123.1,4915000.0,1
7490400.0,1,698.89,18615000.0,0
8024700.0,4,331.68,6215000.0,1
7648900.0,12,160.79,7245000.0,0
5613400.0,7,453.7,2392000.0,0
9510300.0,3,35.99,13699000.0,0
2861100.0,21,508.86,17977000.0,1
5546600.0,10,896.54,8110000.0,1
38600.0,16,457.14,18698000.0,1
3165700.0,5,68.2,19089000.0,1
8312400.0,16,140.83,27508000.0,0
8615100.0,16,156.45,18100000.0,0
3722700.0,23,775.53,19722000.0,0
1394400.0,20,569.43,28836000.0,0
7046500.0,6,884.73,16733000.0,1
8218600.0,7,739.96,2191000.0,0
5567400.0,6,526.67,24044000.0,1
4668000.0,20,204.83,15388000.0,0
3236500.0,1,23.28,5679000.0,0
709300.0,6,833.31,28364000.0,1
1578200.0,17,846.28,22413000.0,1
8265400.0,17,5.49,12761000.0,1
5507900.0,7,404.13,26176000.0,0
9160700.0,8,875.06,6088000.0,1
5532400.0,8,739.06,14989000.0,0
2811600.0,2,54.14,1169000.0,1
1931500.0,11,99.02,8746000.0,0
9742800.0,13,287.4,26121000.0,1
9228800.0,9,500.45,6556000.0,0
2397000.0,3,929.14,18178000.0,1
1481800.0,3,884.08,23150000.0,0
7214400.0,18,558.87,20470000.0,1
7783000.0,3,26.91,20576000.0,0
8013100.0,8,346.5,27124000.0,1
4997100.0,21,835.63,21742000.0,1
3484500.0,16,684.89,20319000.0,0
1130000.0,6,636.11,22461000.0,0
4665700.0,7,512.0,12471000.0,0
1137100.0,13,706.88,10825000.0,1
1803600.0,9,859.73,6855000.0,1
2866400.0,21,246.05,24648000.0,1
4819700.0,18,350.71,12754000.0,1
9313300.0,2,325.2,26771000.0,1
6087000.0,9,112.93,4650000.0,1
1740600.0,13,462.23,8502000.0,0
7462300.0,14,946.26,28003000.0,0
6570900.0,0,83.24,3845000.0,1
9728100.0,0,869.83,12160000.0,1
3598300.0,0,615.16,18635000.0,0
5184400.0,14,419.11,14628000.0,1
645800.0,12,20.98,15576000.0,1
7522800.0,11,445.28,15858000.0,1
3996000.0,4,869.53,6140000.0,1
9647600.0,7,703.29,11365000.0,1
4405900.0,12,894.0,6976000.0,1
1446500.0,14,422.56,9821000.0,1
2125500.0,20,213.83,3446000.0,0
308800.0,19,324.09,11092000.0,1
7077800.0,19,586.29,17120000.0,0
6602600.0,19,359.57,12359000.0,0
8640900.0,20,24.37,9735000.0,0
2950200.0,4,483.63,20407000.0,0
1429300.0,23,565.92,4892000.0,1
7638200.0,12,715.25,27426000.0,0
3027600.0,16,727.52,17097000.0,1
5792300.0,5,316.51,2602000.0,1
9812600.0,22,150.65,15797000.0,1
6143500.0,17,641.6,23094000.0,1
4799300.0,17,603.98,21561000.0,1
67400.0,13,19.94,6323000.0,0
4245900.0,19,524.63,27373000.0,1
8712900.0,15,707.33,11608000.0,0
4238900.0,3,197.02,21005000.0,0
1611600.0,4,707.15,4153000.0,0
1170600.0,13,495.08,23189000.0,1
7949500.0,17,498.87,27059000.0,1
967500.0,13,395.55,8015000.0,1
1971800.0,9,815.03,24364000.0,0
3556200.0,9,375.28,19613000.0,0
1354700.0,16,663.69,10798000.0,0
5556800.0,14,415.41,3426000.0,1
9226600.0,1,772.33,14710000.0,1
3152100.0,3,482.24,27166000.0,1
6924000.0,9,842.03,18977000.0,0
4890300.0,4,874.97,14000000.0,0
5140900.0,19,776.34,2825000.0,1
1470300.0,5,89.44,7265000.0,0
5007300.0,5,829.14,21507000.0,0
5953300.0,20,676.23,1058000.0,1
735000.0,8,512.39,11710000.0,1
1199600.0,11,69.76,1191000.0,0
8385700.0,11,206.41,12164000.0,1
8913700.0,13,97.09,24146000.0,1
6663000.0,12,76.12,8948000.0,1
3769600.0,5,368.63,7506000.0,1
4514300.0,9,70.35,19786000.0,0
9960000.0,8,30.05,8265000.0,1
3202400.0,22,669.61,29982000.0,0
6443800.0,14,599.66,24982000.0,0
544900.0,21,764.9,29020000.0,1
9805500.0,22,891.24,23244000.0,1
9498700.0,14,599.64,28659000.0,0
9728300.0,9,10.22,9779000.0,1
7704900.0,5,544.14,29817000.0,0
6924800.0,13,75.26,12823000.0,1
9139900.0,14,760.49,17860000.0,1
4841000.0,19,864.56,22797000.0,1
7199700.0,8,742.68,14079000.0,1
7301400.0,16,909.67,28754000.0,1
2617100.0,12,38.35,20157000.0,0
4796900.0,10,750.71,28078000.0,0
4659200.0,19,87.39,25757000.0,1
390200.0,10,838.65,24371000.0,1
9979300.0,11,48.47,8017000.0,1
6590500.0,5,551.06,22827000.0,0
6884300.0,0,384.29,1328000.0,1
7630900.0,18,633.87,12028000.0,1
3998700.0,16,193.65,25566000.0,0
605600.0,2,855.4,11146000.0,1
6965900.0,9,27.28,4068000.0,0
2752800.0,12,618.8,11848000.0,1
1617200.0,7,924.92,22797000.0,0
825200.0,17,706.08,23093000.0,1
3725500.0,1,31.14,13538000.0,0
6233400.0,0,50.91,28388000.0,0
7934900.0,5,935.19,4692000.0,0
3918700.0,9,290.82,1243000.0,1
479200.0,9,166.1,4408000.0,1
8246600.0,2,33.56,5466000.0,0
1073200.0,17,421.61,25762000.0,1
8730200.0,17,509.85,19744000.0,1
1149500.0,11,466.45,1070000.0,1
3517300.0,7,293.44,1175000.0,1
542700.0,12,870.66,9468000.0,1
8622800.0,14,424.64,24660000.0,0
9746700.0,5,499.52,9464000.0,1
3040100.0,14,682.1,22436000.0,0
3866300.0,2,712.64,21441000.0,1
2599500.0,9,419.57,12124000.0,0
6175500.0,3,666.04,22348000.0,0
372600.0,17,185.23,8734000.0,1
2399300.0,14,656.1,15755000.0,1
4565500.0,4,1.84,2922000.0,0
6648600.0,16,268.56,25001000.0,0
3876000.0,18,75.1,13577000.0,0
5085600.0,15,757.25,2020000.0,0
5809500.0,22,903.82,8010000.0,0
4953300.0,19,65.75,28054000.0,1
2901700.0,2,864.28,14532000.0,1
7510100.0,22,422.96,17592000.0,0
9729600.0,18,383.89,18082000.0,1
2123000.0,10,271.54,2139000.0,0
1950900.0,17,563.66,21649000.0,0
4213900.0,16,192.77,7823000.0,1
5617900.0,7,385.41,4023000.0,0
741700.0,23,176.52,15089000.0,1
2939700.0,8,975.72,26860000.0,0
2340800.0,5,267.3,10533000.0,1
5861100.0,19,425.16,14310000.0,1
9504300.0,15,729.21,8430000.0,0
1501800.0,16,288.24,5914000.0,1
4642700.0,21,215.56,21784000.0,1
7430700.0,1,703.07,13845000.0,0
5824900.0,17,491.03,11936000.0,1
3981000.0,6,44.97,21213000.0,0
7817300.0,22,819.91,11068000.0,0
2217800.0,9,136.75,8844000.0,1
1596900.0,14,871.27,21893000.0,1
9882000.0,2,46.39,21906000.0,0
8394600.0,15,569.71,5852000.0,1
9972000.0,11,579.94,15226000.0,1
9276100.0,21,348.59,19886000.0,0
4501400.0,3,497.85,17489000.0,1
8306100.0,11,828.8,21715000.0,0
8315300.0,22,433.05,29328000.0,1
8746400.0,20,8.35,16765000.0,1
9263900.0,18,200.22,29966000.0,0
5950000.0,9,865.66,10556000.0,0
5644700.0,20,600.8,20144000.0,0
5014800.0,9,614.98,18557000.0,1
4550600.0,19,314.17,26421000.0,1
4094600.0,11,995.65,17514000.0,1
9161800.0,7,827.76,23124000.0,0
1832100.0,14,222.15,17275000.0,1
8279200.0,17,230.2,10471000.0,1
4164700.0,9,175.94,18705000.0,0
9429700.0,22,5.04,14843000.0,0
7758300.0,6,168.56,22544000.0,0
9743100.0,0,132.04,24500000.0,0
3403300.0,20,342.31,19122000.0,1
2004800.0,21,155.71,26730000.0,0
5445900.0,11,239.23,12531000.0,0
3570700.0,11,313.45,15157000.0,1
867100.0,1,30.79,16065000.0,1
5041500.0,9,133.81,6150000.0,0
9229500.0,14,454.37,4666000.0,0
8832700.0,2,638.32,20948000.0,1
394600.0,9,424.05,5473000.0,1
3495400.0,4,11.42,17017000.0,1
8014600.0,0,858.59,9834000.0,1
552200.0,7,564.92,9203000.0,1
4735400.0,16,232.41,7258000.0,1
453700.0,10,722.1,25236000.0,0
3931500.0,2,903.14,13500000.0,1
6562700.0,11,395.38,20432000.0,1
1559300.0,9,860.99,3384000.0,0
2281800.0,7,318.5,24994000.0,1
1325100.0,4,290.0,11427000.0,1
1394300.0,10,64.77,19689000.0,1
934900.0,13,546.8,14046000.0,0
1111100.0,19,771.01,29938000.0,0
404200.0,12,637.44,12225000.0,0
79600.0,12,103.22,25107000.0,1
811900.0,1,553.74,28748000.0,1
8194300.0,21,544.54,15131000.0,1
6917200.0,2,861.22,6643000.0,1
5618300.0,14,840.63,1974000.0,1
1239700.0,15,180.66,15096000.0,0
7859300.0,7,926.58,5862000.0,1
6166100.0,6,975.94,8135000.0,0
5378200.0,0,67.43,21981000.0,0
6064400.0,7,876.84,6038000.0,0
7551900.0,4,630.8,10491000.0,0
3201900.0,10,843.0,10248000.0,1
9896300.0,21,521.25,1247000.0,1
1924700.0,3,689.51,29404000.0,0
2043400.0,19,834.96,14465000.0,0
1707300.0,17,743.91,26100000.0,1
4543500.0,2,810.58,21139000.0,1
4100000.0,17,23.17,2721000.0,1
7123200.0,5,780.95,26745000.0,0
3902800.0,16,255.2,26836000.0,0
5029900.0,17,238.16,12342000.0,0
3168100.0,12,689.03,5410000.0,0
7159900.0,18,543.98,27083000.0,0
6634400.0,9,197.47,23060000.0,1
2644200.0,0,525.08,11686000.0,0
9862700.0,3,59.78,19918000.0,1
8478700.0,21,673.12,10539000.0,1
851200.0,9,885.78,5665000.0,1
2790900.0,13,664.2,18148000.0,0
6798400.0,2,577.79,23465000.0,0
9786600.0,2,519.92,2126000.0,0
1933600.0,12,998.63,28005000.0,1
3027700.0,9,739.51,2400000.0,0
4034400.0,14,523.64,29007000.0,0
317200.0,22,31.84,23483000.0,1
9051200.0,16,323.21,25788000.0,0
3549100.0,4,211.7,22866000.0,1
6141100.0,14,346.73,13464000.0,0
3640000.0,23,442.89,16941000.0,1
7711900.0,19,909.04,16108000.0,1
7158900.0,18,900.25,8162000.0,1
7539100.0,21,917.78,29469000.0,0
3300300.0,5,734.4,19955000.0,1
3269300.0,19,724.46,10369000.0,0
9988600.0,6,328.26,27392000.0,0
535400.0,16,418.37,8477000.0,1
3408400.0,11,738.37,7574000.0,1
9758500.0,2,261.68,8687000.0,1
467500.0,17,214.53,19290000.0,0
7669500.0,5,291.74,9532000.0,1
2176200.0,15,93.9,20813000.0,0
4785700.0,2,42.36,15240000.0,1
202800.0,7,23.91,26824000.0,0
4009900.0,8,353.19,13333000.0,0
466500.0,0,606.57,28787000.0,0
6584000.0,4,676.61,10386000.0,0
1090900.0,20,40.45,24759000.0,1
5972700.0,17,597.19,16497000.0,1
6411200.0,14,179.35,1859000.0,1
9949800.0,10,961.18,9009000.0,1
5228500.0,16,891.47,19279000.0,1
6649400.0,15,339.08,21720000.0,1
5915300.0,15,942.92,13747000.0,1
1753800.0,2,424.84,21350000.0,0
6274600.0,13,106.77,14507000.0,0
3154000.0,0,757.93,28584000.0,0
2371400.0,14,669.9,16364000.0,1
4848600.0,1,613.15,6057000.0,1
7629800.0,12,128.93,6994000.0,0
7129800.0,2,496.81,24049000.0,1
9675800.0,4,441.44,1807000.0,1
741700.0,5,871.16,9131000.0,0
2240000.0,4,875.47,19904000.0,1
1710100.0,2,920.06,22802000.0,0
1527200.0,9,298.84,6409000.0,1
349600.0,13,211.7,23185000.0,1
400600.0,13,910.68,29439000.0,0
4490300.0,21,698.03,9374000.0,0
5174800.0,21,549.36,14924000.0,0
5407500.0,1,619.35,28998000.0,1
1792300.0,17,155.36,25298000.0,0
5862800.0,15,664.35,1274000.0,1
8492300.0,4,108.04,1617000.0,0
1736700.0,3,332.49,14655000.0,1
4831400.0,13,921.73,14560000.0,0
9118400.0,6,357.59,23627000.0,0
8210600.0,14,44.5,13660000.0,1
9344500.0,14,291.03,2934000.0,1
9009600.0,11,645.49,29717000.0,0
1362900.0,18,753.52,5985000.0,0
9540000.0,11,391.42,18467000.0,1
3691000.0,0,653.8,11946000.0,1
6454200.0,5,751.91,4274000.0,1
2243600.0,20,167.68,18506000.0,1
2588200.0,12,942.22,22709000.0,1
2056600.0,13,717.21,26702000.0,0
5964800.0,0,698.12,20249000.0,0
3763700.0,10,968.2,6873000.0,1
3716700.0,14,28.79,19764000.0,0
8846600.0,13,292.39,8792000.0,1
8399400.0,19,88.48,6889000.0,0
4976000.0,22,721.58,12757000.0,0
9462300.0,16,977.23,7468000.0,0
1482500.0,13,945.85,22346000.0,1
2894800.0,15,693.03,27574000.0,1
7305400.0,12,811.74,23599000.0,1
4525100.0,4,949.88,12017000.0,1
9773800.0,5,149.36,27399000.0,1
6724600.0,0,84.41,20244000.0,0
3677100.0,0,78.03,5107000.0,0
7768400.0,10,327.16,28043000.0,1
9145100.0,1,187.26,23069000.0,1
1668600.0,11,954.1,11159000.0,0
6320800.0,5,813.28,25292000.0,1
4263500.0,5,95.36,3477000.0,1
1516300.0,16,214.15,22280000.0,1
1838200.0,17,882.46,21997000.0,0
6223400.0,8,543.53,18899000.0,0
5336300.0,21,917.02,5837000.0,0
4089900.0,16,960.99,10321000.0,0
1708600.0,8,735.22,7025000.0,0
4053100.0,2,790.77,28180000.0,0
3624800.0,13,525.01,1330000.0,0
3610900.0,7,300.21,7986000.0,0
2624400.0,7,841.58,4940000.0,1
4969400.0,5,609.84,15354000.0,0
9411800.0,11,464.01,10342000.0,0
2745600.0,23,185.97,6810000.0,0
6725200.0,17,495.23,3384000.0,0
825700.0,19,105.09,12828000.0,1
4416800.0,22,493.52,1030000.0,1
2917500.0,5,598.02,29250000.0,1
5523100.0,21,710.89,6590000.0,1
3354500.0,1,911.69,14503000.0,1
3822900.0,23,871.09,18207000.0,0
2403400.0,21,108.1,2101000.0,1
9051200.0,4,389.25,20012000.0,0
113200.0,6,534.61,21872000.0,1
9571800.0,2,157.25,29062000.0,0
4776800.0,4,849.9,11104000.0,1
35900.0,17,642.44,19835000.0,1
3828700.0,0,634.96,19874000.0,1
2173800.0,3,678.68,16557000.0,1
2813800.0,12,542.06,7492000.0,1
6652300.0,2,294.37,18004000.0,1
5784000.0,3,175.02,7603000.0,1
4039900.0,20,684.16,15800000.0,1
3108700.0,18,279.8,29841000.0,1
5443000.0,10,950.57,10208000.0,1
9120200.0,7,487.04,6279000.0,1
1071100.0,14,67.03,23889000.0,1
8910600.0,13,442.31,21136000.0,0
2735500.0,0,8.73,21391000.0,0
8451700.0,10,416.96,12815000.0,1
214100.0,17,512.67,6723000.0,0
5885000.0,20,710.7,3033000.0,1
5611100.0,22,339.5,25446000.0,0
8242800.0,2,163.45,17584000.0,0
2868500.0,11,345.71,1667000.0,0
2069500.0,16,47.84,13740000.0,1
6198500.0,3,872.14,22383000.0,0
3094200.0,21,715.69,6648000.0,1
5350500.0,10,606.5,26297000.0,1
3413500.0,21,848.52,13625000.0,1
7037100.0,6,369.32,5725000.0,0
3119900.0,2,996.03,25513000.0,0
9487000.0,8,517.77,18222000.0,0
9115600.0,22,686.53,18535000.0,0
2460000.0,10,517.19,21597000.0,0
8687100.0,13,105.12,5409000.0,0
8415300.0,20,830.29,2473000.0,1
4763200.0,16,682.15,12182000.0,0
1315900.0,19,986.85,1253000.0,0
8197200.0,11,6.85,25264000.0,1
5702400.0,15,481.75,12093000.0,1
716600.0,3,505.73,5724000.0,1
3475400.0,11,658.01,4403000.0,0
7130100.0,10,254.12,26994000.0,1
5518100.0,6,694.43,26805000.0,1
9604800.0,5,356.16,18079000.0,1
8762700.0,16,184.58,11293000.0,1
556400.0,17,16.46,18427000.0,0
8313900.0,22,325.51,11773000.0,1
6488500.0,12,429.74,13008000.0,0
3344400.0,2,84.78,15177000.0,1
3445500.0,8,504.51,7439000.0,1
5643800.0,2,867.65,20294000.0,0
6895200.0,2,115.06,29611000.0,0
4174000.0,1,506.55,5007000.0,0
6990500.0,1,411.17,20246000.0,1
8532100.0,15,194.81,4622000.0,0
2994600.0,19,266.07,4236000.0,1
8103300.0,16,883.98,19113000.0,1
3153500.0,20,68.22,3873000.0,0
8561300.0,2,259.53,15824000.0,1
8146700.0,19,886.33,8668000.0,1
6161400.0,23,720.46,14452000.0,1
9796300.0,4,158.07,15225000.0,1
7489400.0,21,625.2,9261000.0,0
97100.0,8,852.38,24587000.0,0
1519300.0,4,974.96,6806000.0,0
7647100.0,0,210.48,10374000.0,0
7248800.0,18,977.86,1185000.0,1
3809500.0,0,597.06,21720000.0,0
5410100.0,3,407.68,1128000.0,0
8173000.0,17,622.92,16219000.0,0
2186900.0,6,156.19,26147000.0,1
5785800.0,17,943.14,13527000.0,0
7947300.0,22,756.76,8183000.0,0
2660600.0,0,593.73,21440000.0,0
2525500.0,2,994.5,27187000.0,0
6299900.0,16,307.35,25919000.0,0
2680000.0,13,174.7,4585000.0,1
9591800.0,17,155.77,10962000.0,0
1426700.0,10,676.24,25064000.0,1
4324100.0,5,10.18,12401000.0,1
7048800.0,21,2.08,2995000.0,0
4651000.0,22,278.5,20691000.0,1
147100.0,22,787.33,3411000.0,1
6645800.0,9,852.23,1558000.0,0
9071200.0,6,602.43,13350000.0,1
7666400.0,0,481.66,3018000.0,0
6391000.0,18,228.91,8159000.0,0
9148100.0,10,818.58,14008000.0,0
1672000.0,3,975.92,27862000.0,0
3364600.0,20,606.9,29376000.0,1
3011800.0,23,191.11,17830000.0,1
3441800.0,1,49.33,17401000.0,0
6620300.0,4,194.89,24134000.0,0
2911600.0,17,174.46,8711000.0,0
8960900.0,7,456.68,17106000.0,1
1952900.0,21,253.32,22820000.0,1
3719500.0,8,209.15,18026000.0,1
8420300.0,17,234.62,9855000.0,0
890400.0,9,533.0,27353000.0,1
9596700.0,23,468.35,17254000.0,1
4029500.0,3,300.89,6714000.0,1
5270700.0,14,549.63,1481000.0,0
7779700.0,0,610.16,21997000.0,1
3005000.0,22,415.88,14963000.0,0
5057300.0,1,617.67,2038000.0,1
7906800.0,20,488.23,2045000.0,1
6894600.0,17,91.09,4166000.0,1
7551400.0,1,107.75,19996000.0,0
2040500.0,6,744.38,14789000.0,0
4306300.0,1,534.04,7014000.0,1
3678600.0,10,965.43,19552000.0,0
5685300.0,22,544.7,13218000.0,1
4158000.0,1,487.44,20858000.0,1
6298600.0,7,71.97,11902000.0,0
186000.0,10,271.41,23212000.0,1
6831900.0,14,168.26,9116000.0,1
3776200.0,18,203.72,12442000.0,1
9196400.0,22,134.15,14831000.0,0
8867500.0,12,22.91,27526000.0,1
5112400.0,23,987.59,13167000.0,1
8894900.0,12,947.75,16741000.0,0
6147900.0,8,338.09,3982000.0,0
3208300.0,10,967.61,24396000.0,0
4113400.0,0,752.75,3268000.0,1
5789900.0,6,907.11,7569000.0,0
9983900.0,20,64.9,18909000.0,0
707200.0,17,208.91,29604000.0,1
7071000.0,17,466.21,9069000.0,0
4424800.0,20,175.35,2194000.0,0
7207000.0,1,333.17,22059000.0,1
9884300.0,6,620.52,10515000.0,0
5045500.0,3,699.84,21246000.0,1
7903400.0,22,47.62,12981000.0,0
735700.0,14,531.3,12593000.0,1
8867500.0,9,452.65,6128000.0,1
1688400.0,22,600.58,4620000.0,1
4840400.0,22,605.82,16443000.0,1
8378800.0,18,266.75,21911000.0,0
70600.0,20,456.34,10882000.0,0
9168600.0,8,481.67,7647000.0,0
9756300.0,8,963.17,5354000.0,1
1004300.0,16,375.25,24622000.0,1
4348300.0,2,673.48,23976000.0,1
6431800.0,2,752.01,20435000.0,1
3697500.0,6,894.23,16176000.0,0
2138400.0,20,935.11,24678000.0,0
5496000.0,23,66.88,28862000.0,1
3897800.0,15,488.25,14973000.0,0
2120600.0,4,577.51,6053000.0,0
8694600.0,21,792.92,17395000.0,1
8339300.0,6,991.65,6571000.0,0
3160300.0,3,948.26,17159000.0,0
66800.0,5,5.47,1742000.0,1
5170900.0,10,763.76,6671000.0,0
3224100.0,1,906.29,28450000.0,0
9156800.0,19,778.96,16101000.0,1
7147800.0,18,70.41,24381000.0,1
5111700.0,8,233.47,21329000.0,0
8131100.0,4,719.47,3509000.0,0
854000.0,14,457.13,18953000.0,0
9572800.0,12,298.61,14192000.0,1
7683400.0,5,663.36,21430000.0,1
3461200.0,20,379.05,26998000.0,0
6129500.0,9,388.19,28159000.0,0
421700.0,1,247.56,15350000.0,1
34200.0,14,502.02,23587000.0,0
2725700.0,5,351.16,14574000.0,0
7173700.0,6,924.13,2810000.0,0
6196600.0,14,73.73,1274000.0,1
6386000.0,18,292.67,7383000.0,1
8195200.0,3,305.88,29017000.0,0
6251100.0,12,42.61,1305000.0,0
6932600.0,11,106.02,22675000.0,1
5022900.0,6,797.26,2952000.0,1
1157000.0,11,191.56,14737000.0,0
4639600.0,2,571.27,29450000.0,1
1866300.0,7,392.0,13642000.0,1
575500.0,17,191.49,28232000.0,1
2866400.0,2,0.94,24792000.0,0
1233700.0,16,47.52,26154000.0,0
9333400.0,11,203.02,7863000.0,1
8940000.0,11,919.77,2607000.0,0
6479600.0,23,17.57,2769000.0,1
6316800.0,20,54.18,10873000.0,0
3621300.0,7,821.96,25598000.0,0
7369400.0,22,613.77,23878000.0,0
1323600.0,15,116.96,12463000.0,1
4045600.0,6,347.54,20411000.0,0
3050300.0,18,577.51,12845000.0,1
7836100.0,22,652.91,24770000.0,0
5029600.0,5,428.57,13170000.0,0
3756900.0,17,30.46,24738000.0,1
2162100.0,7,777.76,7033000.0,1
5553000.0,18,65.67,19457000.0,0
4330400.0,3,236.77,4911000.0,1
4091300.0,3,146.41,13144000.0,0
3544700.0,21,327.37,14007000.0,1
6148700.0,2,338.92,25264000.0,1
3607600.0,15,809.85,20331000.0,1
3121800.0,5,800.05,7509000.0,0
3473500.0,8,163.71,9521000.0,0
8499800.0,19,714.86,18138000.0,1
2516100.0,11,666.8,8020000.0,1
7898100.0,9,490.14,18434000.0,0
3999700.0,3,554.98,21680000.0,0
3682400.0,16,949.1,19736000.0,0
6511700.0,11,346.49,11418000.0,0
9077400.0,17,366.22,3383000.0,0
1375800.0,9,812.73,17558000.0,0
9799000.0,16,941.68,1511000.0,0
1963200.0,21,424.56,1698000.0,0
3793800.0,7,421.0,4451000.0,0
7177800.0,4,761.07,9568000.0,1
594900.0,8,83.75,20056000.0,0
5134900.0,19,808.97,18993000.0,0
1235700.0,6,895.39,1087000.0,0
3752200.0,9,260.24,1988000.0,0
3614400.0,11,994.07,12049000.0,1
8930400.0,6,58.4,3860000.0,0
6081500.0,1,982.42,23030000.0,0
2058100.0,6,535.7,24470000.0,1
3189300.0,3,197.91,10566000.0,0
7269400.0,9,483.78,26371000.0,1
9703400.0,20,276.5,18223000.0,0
5396900.0,8,286.99,17778000.0,0
9459400.0,23,260.42,17598000.0,0
3602100.0,15,667.04,11142000.0,1
927500.0,6,756.27,4923000.0,1
1737700.0,7,242.34,25403000.0,0
1277500.0,15,581.77,17859000.0,0
8136900.0,2,131.88,8943000.0,0
6712200.0,7,77.58,28696000.0,1
6254800.0,16,375.51,13269000.0,1
9751200.0,10,131.77,25945000.0,0
21800.0,5,910.49,10544000.0,0
1726300.0,6,483.11,19778000.0,0
2451400.0,9,418.39,10688000.0,1
1670800.0,17,505.61,8553000.0,0
60900.0,22,959.17,24895000.0,1
6236900.0,4,240.42,10817000.0,0
3274900.0,19,521.59,11708000.0,0
5360500.0,10,323.18,15328000.0,1
8856100.0,9,837.86,6956000.0,0
7115900.0,4,786.49,16414000.0,0
7004700.0,0,539.57,20431000.0,1
3409500.0,15,470.02,22298000.0,1
9006100.0,3,914.93,23299000.0,1
7898900.0,3,354.88,16969000.0,0
4207200.0,12,854.44,13680000.0,0
8423000.0,20,555.7,18862000.0,1
5115800.0,12,223.35,28613000.0,0
4511400.0,1,501.33,21096000.0,0
5204100.0,18,814.97,15787000.0,0
1072600.0,23,615.7,7976000.0,1
271000.0,17,226.84,3864000.0,0
6196700.0,1,212.01,15376000.0,0
6870100.0,13,212.31,24590000.0,1
3978000.0,20,457.45,12352000.0,1
5194100.0,15,28.82,2154000.0,0
4358100.0,10,403.47,13618000.0,0
5395300.0,21,345.98,11625000.0,1
6378800.0,0,453.98,4404000.0,0
9189600.0,7,898.61,9020000.0,1
8211600.0,15,231.16,2285000.0,1
6775900.0,16,28.68,19712000.0,0
7023900.0,19,611.04,7397000.0,0
4800100.0,6,435.25,6330000.0,1
2058300.0,18,808.19,13564000.0,1
8766100.0,21,511.63,1330000.0,0
502900.0,17,393.77,24661000.0,1
433800.0,1,969.55,11425000.0,0
6241700.0,23,894.2,27015000.0,0
723700.0,15,564.44,16547000.0,0
2677900.0,9,291.3,21081000.0,1
7643600.0,9,572.7,4515000.0,1
7383500.0,20,797.45,4778000.0,0
7604400.0,19,724.83,5688000.0,0
5034700.0,3,616.37,5269000.0,1
9624600.0,22,817.71,25714000.0,0
7586000.0,16,234.52,14506000.0,0
6932900.0,5,90.36,17845000.0,0
8945300.0,19,822.75,6822000.0,0
1423800.0,20,155.3,3531000.0,1
8918800.0,20,563.59,26960000.0,1
6324900.0,6,15.31,9734000.0,0
7629500.0,20,283.0,25222000.0,1
5974900.0,11,212.14,4063000.0,0
2639800.0,4,376.77,2808000.0,1
6195200.0,4,964.37,10592000.0,1
2781100.0,20,29.88,18231000.0,1
9274200.0,19,275.24,26760000.0,0
8711900.0,16,899.61,20155000.0,1
2377400.0,23,340.05,11669000.0,1
5975900.0,5,908.65,14032000.0,1
5640900.0,22,205.89,20533000.0,0
3405400.0,4,402.03,1515000.0,0
5587500.0,15,113.97,20127000.0,0
1272600.0,6,652.25,25958000.0,1
9838900.0,7,532.55,16984000.0,0
8246300.0,14,986.42,29188000.0,1
7465400.0,2,604.92,1422000.0,1
1655800.0,12,307.87,8192000.0,0
2357800.0,2,668.45,24018000.0,1
8024500.0,4,928.45,25181000.0,1
3220800.0,14,313.32,11561000.0,1
8460100.0,12,135.86,5612000.0,1
6921000.0,4,628.58,17185000.0,1
7182200.0,16,655.72,11468000.0,0
1734900.0,22,548.72,10279000.0,1
4575800.0,17,839.44,14386000.0,1
3366800.0,22,537.55,6903000.0,1
1921200.0,11,179.1,14391000.0,1
5970400.0,12,560.14,14301000.0,1
266800.0,12,584.85,17982000.0,0
9177500.0,21,536.85,28288000.0,1
994400.0,17,589.77,20093000.0,0
8621300.0,14,802.32,5239000.0,0
4145900.0,13,500.66,25628000.0,1
4406700.0,20,140.94,5509000.0,0
7585600.0,21,121.58,4128000.0,1
1864100.0,1,117.3,24425000.0,0
6404900.0,1,808.55,5165000.0,0
8083500.0,1,978.81,1360000.0,1
1094300.0,15,293.16,29027000.0,1
4423700.0,17,210.33,14189000.0,1
9827400.0,1,185.8,8209000.0,0
8331100.0,0,563.92,2243000.0,0
2669800.0,6,147.58,18184000.0,0
5765600.0,18,758.26,25760000.0,1
9869300.0,19,280.85,10791000.0,0
1787900.0,1,828.98,29898000.0,1
4146700.0,15,121.62,9363000.0,1
3329200.0,21,468.01,9507000.0,1
7483900.0,14,550.25,21904000.0,0
410200.0,19,502.01,14080000.0,0
1306100.0,3,622.08,2630000.0,1
3987900.0,10,199.28,17822000.0,0
6102000.0,9,424.14,2031000.0,0
1376600.0,21,522.11,24661000.0,1
6376000.0,14,539.46,1468000.0,0
4760000.0,1,835.83,15301000.0,1
9375600.0,3,138.14,19368000.0,1
352500.0,17,847.55,23744000.0,0
3423000.0,14,1.8,8944000.0,1
3954600.0,0,69.76,16648000.0,1
3579800.0,21,762.06,2378000.0,0
1771100.0,10,852.67,10801000.0,1
8267800.0,3,565.59,3895000.0,0
9603500.0,22,53.94,16507000.0,1
2823200.0,20,530.92,11532000.0,1
3706800.0,23,94.61,19512000.0,1
1766300.0,5,920.3,20860000.0,1
5020300.0,21,813.09,5658000.0,1
6739100.0,8,785.59,7355000.0,0
8540900.0,15,439.73,24542000.0,1
1338700.0,0,437.45,1241000.0,1
9826200.0,21,867.15,14950000.0,1
4929300.0,0,313.41,15292000.0,0
200200.0,19,880.34,16730000.0,0
7732100.0,3,179.92,18721000.0,0
8546700.0,5,582.2,6382000.0,0
3530600.0,21,512.2,1119000.0,1
1693500.0,19,918.11,12740000.0,0
8419500.0,10,620.78,17289000.0,0
4814300.0,12,947.74,9221000.0,1
3079800.0,13,267.59,1150000.0,1
3859300.0,21,403.77,16450000.0,1
6387300.0,9,282.22,11738000.0,1
2926000.0,21,119.9,20403000.0,1
1374000.0,3,188.04,2923000.0,1
897400.0,14,728.41,12370000.0,1
9174900.0,15,670.33,11866000.0,1
8253500.0,8,945.05,22641000.0,1
4517500.0,10,836.92,7466000.0,1
3046300.0,0,465.91,4397000.0,0
7959900.0,1,929.72,18950000.0,0
7655300.0,3,814.94,7083000.0,0
6253600.0,4,515.83,6692000.0,1
6365500.0,23,856.21,26454000.0,0
766400.0,12,517.03,20527000.0,0
3633700.0,0,29.88,18759000.0,0
3712400.0,0,135.78,6492000.0,0
1911800.0,11,755.28,21758000.0,0
1290500.0,7,254.08,23725000.0,1
765500.0,16,88.5,23023000.0,1
4335500.0,23,351.01,11837000.0,1
3062200.0,14,765.1,4647000.0,0
5689400.0,10,408.35,25818000.0,0
7600200.0,14,665.25,20301000.0,1
1304500.0,8,232.68,13368000.0,0
8702800.0,17,510.71,7478000.0,1
1532500.0,9,753.1,13643000.0,0
1674700.0,16,166.37,7696000.0,1
7458600.0,13,696.07,13500000.0,1
1661400.0,20,616.88,1903000.0,1
358200.0,17,246.65,12487000.0,0
1820200.0,6,32.75,9678000.0,0
6258900.0,11,240.46,2775000.0,0
3540900.0,4,268.26,23352000.0,0
985600.0,4,687.33,24418000.0,0
1507900.0,7,161.56,28206000.0,0
4168500.0,21,372.06,13022000.0,1
2872600.0,11,19.17,26310000.0,0
2946500.0,12,49.54,23506000.0,0
6745900.0,9,73.8,4487000.0,1
6714300.0,17,940.75,25447000.0,0
2988300.0,15,165.75,1231000.0,1
7504600.0,20,910.42,1841000.0,1
1197500.0,12,32.54,10590000.0,1
2480700.0,9,482.71,10666000.0,0
2167900.0,14,164.07,29967000.0,0
6876000.0,8,740.27,18611000.0,0
886400.0,12,591.8,23568000.0,0
2643300.0,8,50.84,26922000.0,0
4183400.0,6,61.76,13494000.0,0
7074900.0,6,472.42,26912000.0,1
8501200.0,6,753.37,26427000.0,0
367700.0,21,516.63,24404000.0,0
7306600.0,19,186.95,13758000.0,1
2139400.0,15,727.21,12710000.0,1
4497300.0,23,741.72,19652000.0,0
5115100.0,15,125.69,13448000.0,0
2253400.0,18,875.87,28943000.0,0
8966400.0,6,760.35,24843000.0,0
1648400.0,2,172.55,26058000.0,0
6569200.0,6,917.47,8657000.0,0
5690200.0,6,682.71,12960000.0,0
9155000.0,12,62.05,23547000.0,1
3914200.0,17,61.87,23832000.0,1
3233600.0,17,999.2,22064000.0,0
5483100.0,2,827.2,20013000.0,1
877400.0,7,841.43,2304000.0,1
5393300.0,21,230.19,25870000.0,1
24500.0,0,619.8,3856000.0,1
7252500.0,17,750.08,14260000.0,1
1885100.0,20,981.72,25762000.0,0
8487600.0,19,85.18,11745000.0,1
365500.0,13,316.68,29013000.0,1
1803200.0,8,948.65,15952000.0,0
9131300.0,1,520.46,17225000.0,1
435800.0,5,59.75,2776000.0,0
6329800.0,6,619.57,12815000.0,0
9773500.0,10,844.04,17705000.0,0
6866300.0,23,693.84,2716000.0,0
5108000.0,21,354.63,29173000.0,1
1355900.0,7,183.54,18416000.0,0
1890500.0,21,45.98,2615000.0,0
2414100.0,9,892.16,14072000.0,1
9813100.0,17,23.0,29566000.0,0
9292300.0,4,747.7,20660000.0,1
6634200.0,17,448.32,17170000.0,0
2908800.0,7,169.95,4369000.0,0
9933300.0,21,266.33,5833000.0,0
2862100.0,21,373.4,2950000.0,1
3405800.0,18,418.54,7742000.0,1
1790500.0,16,719.82,27123000.0,1
1074700.0,22,122.16,27961000.0,0
4842200.0,1,635.19,16679000.0,0
9020900.0,15,1.16,16340000.0,1
6355600.0,10,154.84,15131000.0,0
4087400.0,7,317.42,7651000.0,0
1018900.0,17,41.69,22173000.0,0
4941700.0,22,637.28,3748000.0,1
2613800.0,5,554.47,21686000.0,0
7067600.0,8,317.85,27493000.0,0
1232500.0,10,654.58,27064000.0,0
6737400.0,5,997.53,23210000.0,1
4996500.0,21,188.58,21378000.0,0
8369000.0,18,37.04,14710000.0,1
4926000.0,20,30.51,12350000.0,0
3614800.0,11,963.09,22884000.0,0
4035300.0,12,221.23,12775000.0,1
4571700.0,13,960.48,3682000.0,0
5280300.0,16,883.52,29131000.0,0
6475400.0,13,580.35,6200000.0,0
5633100.0,14,892.89,14478000.0,1
5678900.0,19,115.3,29413000.0,1
7877100.0,23,313.04,28669000.0,1
2437800.0,15,470.15,26493000.0,1
8884600.0,10,535.37,8241000.0,0
5608200.0,14,803.06,17864000.0,1
3862800.0,2,240.36,14550000.0,1
5590800.0,7,348.04,3890000.0,1
4406300.0,14,490.56,28021000.0,1
2973100.0,13,97.69,7092000.0,1
3446200.0,6,436.61,8611000.0,1
766600.0,21,476.05,17481000.0,1
8186400.0,5,128.87,22459000.0,1
3486200.0,13,758.98,9631000.0,0
6363000.0,18,424.53,25401000.0,1
6334000.0,14,917.19,24823000.0,0
3147500.0,15,826.56,22025000.0,0
7928300.0,2,860.8,7928000.0,1
1813300.0,19,115.07,1996000.0,1
5966900.0,15,353.12,9067000.0,1
2294400.0,1,914.08,27208000.0,1
7615400.0,23,458.39,11859000.0,1
523600.0,15,115.23,29533000.0,0
1427000.0,7,700.47,24517000.0,0
7108800.0,17,384.89,27539000.0,0
7699500.0,14,549.89,20335000.0,0
1001200.0,20,162.62,2200000.0,0
8987000.0,14,864.43,19845000.0,1
3910800.0,22,681.09,26236000.0,1
5104500.0,8,867.93,22082000.0,0
4473800.0,23,83.2,12433000.0,1
3982100.0,15,870.72,3574000.0,0
9492700.0,7,265.49,3917000.0,0
5712100.0,11,184.81,8690000.0,0
8530900.0,15,251.75,28535000.0,0
3725100.0,12,164.52,13779000.0,1
1306700.0,2,817.04,12507000.0,1
2170800.0,18,591.56,1702000.0,1
7018100.0,23,210.23,12366000.0,0
7033000.0,13,190.96,25859000.0,0
3877100.0,13,224.27,17178000.0,1
6106300.0,8,351.03,19131000.0,1
3784700.0,18,848.52,9988000.0,1
3185700.0,21,700.35,26790000.0,1
3426300.0,19,277.89,24604000.0,0
7050400.0,0,287.79,7334000.0,1
6552000.0,12,199.05,24284000.0,1
865500.0,22,7.33,7575000.0,0
9176400.0,21,197.08,22586000.0,0
5125100.0,14,802.93,11944000.0,1
1783700.0,0,641.05,4724000.0,1
6638700.0,10,807.87,5809000.0,1
1245100.0,0,573.39,18273000.0,0
1114600.0,1,84.25,16822000.0,1
8098900.0,19,43.78,3662000.0,1
34600.0,9,637.75,21307000.0,0
6602500.0,6,16.1,3677000.0,1
2232100.0,1,935.25,4807000.0,0
2205100.0,4,931.65,1759000.0,1
5942100.0,23,837.37,4647000.0,1
6047400.0,14,537.54,24292000.0,1
7847700.0,9,193.15,10859000.0,1
8522900.0,14,799.56,13989000.0,0
9504600.0,11,356.33,14496000.0,1
2227900.0,14,555.35,11215000.0,1
8411300.0,15,92.88,25499000.0,0
3188900.0,9,294.94,29341000.0,0
5747900.0,11,576.04,17514000.0,0
7619400.0,20,2.96,1131000.0,1
5750800.0,18,282.38,7177000.0,1
5399800.0,10,728.64,9977000.0,1
2371500.0,20,213.43,2120000.0,1
4126600.0,20,572.25,2890000.0,1
6613800.0,10,992.38,17446000.0,0
1255800.0,7,457.45,15848000.0,0
2347600.0,11,890.67,4641000.0,0
2472900.0,10,362.75,7410000.0,0
5914000.0,5,969.9,28333000.0,1
2811700.0,1,111.04,28871000.0,1
3358600.0,2,620.94,24991000.0,0
7533900.0,19,757.82,7042000.0,1
2125400.0,18,743.92,8951000.0,0
7678400.0,9,358.51,23880000.0,0
8544100.0,8,126.85,12763000.0,0
8334600.0,6,209.83,11392000.0,0
2529100.0,13,84.56,4457000.0,0
1916700.0,5,234.72,25421000.0,0
1102000.0,12,831.35,27058000.0,1
4870300.0,8,212.71,16660000.0,1
4976700.0,17,804.38,26948000.0,1
377500.0,9,152.03,19058000.0,0
5135300.0,11,409.47,20247000.0,0
7375900.0,2,725.62,2384000.0,1
7265500.0,6,653.07,20779000.0,1
4543300.0,21,847.2,18554000.0,1
1968200.0,19,737.28,15819000.0,1
6316000.0,21,463.08,1678000.0,0
1654700.0,13,713.22,29186000.0,0
5697900.0,18,808.13,19352000.0,0
6354100.0,6,397.19,28819000.0,0
3291900.0,17,245.77,25400000.0,1
6894400.0,16,474.1,5528000.0,0
4163700.0,20,342.23,12045000.0,0
9569200.0,7,902.32,26677000.0,0
9914100.0,14,130.72,11321000.0,0
1373500.0,19,631.91,24541000.0,1
6152600.0,5,843.73,21019000.0,0
6567500.0,13,212.52,6975000.0,1
4449400.0,10,607.98,28034000.0,1
9542400.0,6,671.38,1591000.0,0
1061000.0,9,417.72,29418000.0,1
7502900.0,1,63.02,14824000.0,1
6009200.0,10,493.33,20398000.0,1
8134100.0,5,309.74,4758000.0,1
6876100.0,9,492.67,12893000.0,1
7622000.0,14,33.48,26013000.0,0
2193000.0,18,931.51,17034000.0,0
4105500.0,11,294.99,7568000.0,1
6710500.0,7,636.81,18831000.0,0
2642600.0,7,31.27,13080000.0,0
1718400.0,0,360.01,4895000.0,0
3367300.0,4,475.55,24156000.0,0
4482700.0,11,827.17,6761000.0,1
2549600.0,17,949.8,29179000.0,1
4147200.0,8,451.47,6150000.0,1
9021200.0,19,278.4,27238000.0,1
8973100.0,4,976.77,20097000.0,0
1943600.0,21,135.63,15526000.0,0
9832900.0,8,3.45,4062000.0,1
2472500.0,10,416.63,10641000.0,0
5514300.0,18,313.65,22257000.0,1
8298200.0,3,130.62,20889000.0,1
7134800.0,8,864.52,11307000.0,0
5239000.0,18,464.13,10773000.0,1
9402300.0,17,130.13,7454000.0,1
9516300.0,2,42.58,27020000.0,0
847500.0,15,769.8,16752000.0,1
3245000.0,13,106.42,11143000.0,0
1083900.0,0,613.97,23715000.0,0
8200200.0,15,915.58,8006000.0,1
1039600.0,14,780.82,15910000.0,0
8602500.0,18,98.07,3668000.0,0
6250500.0,19,417.26,28187000.0,0
1163500.0,21,977.51,22960000.0,0
2312700.0,20,323.51,27455000.0,1
2605500.0,23,676.97,10824000.0,1
7116100.0,11,84.9,6494000.0,0
1791400.0,6,642.33,6584000.0,0
5400.0,10,903.9,7289000.0,1
7954500.0,6,805.45,16833000.0,0
285100.0,19,68.63,9644000.0,0
9149600.0,3,301.73,19661000.0,1
4692200.0,5,215.28,10963000.0,0
5132200.0,19,619.87,12059000.0,0
2009300.0,1,51.73,17226000.0,0
5970800.0,10,588.65,10727000.0,1
2322500.0,16,158.9,25676000.0,0
2652400.0,17,261.65,12506000.0,1
3328500.0,15,946.31,5398000.0,0
8519600.0,6,276.96,6449000.0,0
9658700.0,14,630.71,13688000.0,1
3140700.0,8,415.8,11790000.0,0
7836800.0,6,730.72,12503000.0,1
8172800.0,4,582.31,8814000.0,1
6841800.0,16,452.81,3241000.0,0
2662000.0,5,735.16,10747000.0,1
5953400.0,0,806.01,15467000.0,0
6227800.0,20,9.32,22961000.0,1
8003200.0,15,319.14,1223000.0,1
4658900.0,12,802.47,1445000.0,1
874500.0,13,968.0,1708000.0,0
5009600.0,22,69.23,5550000.0,1
6521100.0,16,561.8,7831000.0,0
8951600.0,3,770.98,11502000.0,1
6573500.0,12,457.26,10558000.0,0
1309000.0,20,944.35,12702000.0,1
1491100.0,6,444.25,28901000.0,1
4106500.0,19,99.31,12298000.0,0
1575700.0,4,962.3,26470000.0,0
7197900.0,8,626.07,12183000.0,1
2184000.0,4,688.46,3986000.0,0
9243600.0,6,444.63,21601000.0,0
8185900.0,20,938.11,11056000.0,1
1664300.0,10,78.54,21628000.0,1
922400.0,13,446.31,5336000.0,0
2561900.0,14,331.74,10568000.0,0
1112500.0,5,905.1,22099000.0,0
4300900.0,15,950.18,9202000.0,1
6010600.0,0,731.61,18435000.0,0
2264300.0,0,430.04,7800000.0,1
5463900.0,4,392.33,29618000.0,0
2018300.0,13,292.31,24986000.0,1
5643700.0,5,474.46,28993000.0,0
4427500.0,19,600.62,16832000.0,1
7488300.0,13,869.27,27990000.0,0
6599000.0,0,583.27,19071000.0,1
8768800.0,18,946.84,6039000.0,1
4379200.0,8,579.69,21401000.0,1
1754500.0,5,466.34,24609000.0,0
5537200.0,7,347.07,16315000.0,1
3419500.0,20,167.02,14665000.0,1
6530300.0,12,534.55,10521000.0,1
4147000.0,4,871.43,4490000.0,0
1173000.0,12,584.24,6270000.0,0
4505600.0,8,465.08,8229000.0,1
4717300.0,19,561.16,24881000.0,1
2087800.0,4,575.95,9523000.0,1
3607700.0,3,691.19,12805000.0,1
5894700.0,6,581.21,11206000.0,0
1929400.0,23,55.9,26148000.0,1
602200.0,1,324.8,19928000.0,1
1596700.0,15,816.74,23879000.0,1
1871900.0,17,744.09,12100000.0,0
402500.0,21,345.0,10740000.0,0
6670400.0,8,886.13,27055000.0,1
8274000.0,12,844.51,14295000.0,0
5685200.0,5,616.63,11470000.0,0
4764000.0,12,896.7,4015000.0,0
5418600.0,14,675.74,14173000.0,1
1344500.0,11,132.79,22325000.0,0
314100.0,3,899.5,29825000.0,0
4913800.0,16,775.88,13178000.0,1
6211900.0,17,360.62,23906000.0,0
397400.0,20,731.63,1423000.0,0
8353800.0,1,351.17,15264000.0,0
3848300.0,7,2.34,20488000.0,1
2227600.0,12,735.08,3614000.0,0
4508000.0,3,842.02,4235000.0,0
4739300.0,4,98.69,10125000.0,0
406500.0,16,734.55,24472000.0,1
1316000.0,14,194.61,12258000.0,0
4739400.0,12,901.84,20304000.0,1
3004400.0,13,501.45,24548000.0,1
5924000.0,13,427.96,21462000.0,0
6530700.0,21,519.45,25070000.0,0
5984000.0,4,988.02,19936000.0,1
1661800.0,3,654.81,15913000.0,0
5464500.0,19,37.61,15115000.0,1
593700.0,13,107.95,3068000.0,0
6132300.0,21,428.9,10238000.0,1
1083100.0,3,286.85,28812000.0,1
2148500.0,7,114.74,6892000.0,1
9135200.0,18,899.26,8602000.0,1
4055000.0,17,741.31,26760000.0,1
7766500.0,14,690.01,18823000.0,1
2462700.0,18,564.28,29847000.0,1
2477700.0,10,725.37,3956000.0,0
2402400.0,13,814.35,10621000.0,1
6271600.0,13,251.53,21500000.0,0
5831400.0,19,706.56,22541000.0,0
9261600.0,16,356.51,10439000.0,0
7442800.0,14,940.42,12622000.0,0
241900.0,7,481.63,9367000.0,0
2966700.0,14,64.81,21516000.0,1
9748600.0,23,112.88,1469000.0,0
8868500.0,18,447.33,26662000.0,0
7138200.0,8,453.87,23060000.0,1
8404100.0,23,403.88,8901000.0,0
2479500.0,8,242.15,19986000.0,0
7689100.0,7,511.31,26341000.0,1
5191200.0,10,55.52,10502000.0,0
3027800.0,18,87.07,12522000.0,0
1082800.0,4,622.26,24338000.0,1
1989500.0,11,518.9,11137000.0,1
8413200.0,1,113.55,6279000.0,0
122000.0,23,592.15,26166000.0,1
6195300.0,13,137.86,28388000.0,0
5887800.0,0,390.7,20273000.0,0
9667800.0,20,305.46,13182000.0,0
7268700.0,9,757.88,10335000.0,1
3602700.0,23,956.28,7776000.0,0
2731000.0,2,844.72,14569000.0,1
4964700.0,19,64.17,17377000.0,0
6993900.0,19,693.9,27057000.0,0
3511300.0,1,380.52,1541000.0,1
3971200.0,15,473.66,14347000.0,0
4766300.0,19,190.3,29766000.0,1
2655400.0,18,564.34,23395000.0,1
4726300.0,4,769.51,27831000.0,1
1363400.0,7,132.63,8322000.0,1
4688200.0,21,220.0,12172000.0,1
2994000.0,22,446.12,27145000.0,0
7262000.0,17,820.49,21318000.0,1
9128700.0,19,323.38,9062000.0,1
4851200.0,13,904.3,20469000.0,0
3697000.0,20,586.19,23855000.0,1
8821100.0,10,560.31,14026000.0,0
4347100.0,2,14.97,3531000.0,0
768100.0,16,567.17,17266000.0,1
3225200.0,12,169.67,14135000.0,0
3927400.0,19,636.95,27023000.0,1
5241700.0,7,136.95,28547000.0,1
8325900.0,6,291.7,11047000.0,0
319700.0,8,518.52,13043000.0,0
6157700.0,21,644.37,28483000.0,1
7527600.0,13,489.14,16171000.0,0
3264400.0,0,422.32,14297000.0,1
2067500.0,5,903.51,7344000.0,1
6876900.0,13,793.45,18266000.0,0
8767600.0,20,863.97,11099000.0,0
5458500.0,10,12.79,17191000.0,0
8721900.0,7,517.0,8776000.0,1
5655900.0,14,607.24,18993000.0,0
2513900.0,13,951.03,23707000.0,1
356700.0,18,17.13,10970000.0,1
9537100.0,2,293.35,7057000.0,1
5557100.0,17,453.75,18346000.0,0
6267700.0,7,58.85,6788000.0,1
1383200.0,18,977.89,3022000.0,0
9060500.0,9,649.3,23930000.0,0
5171800.0,12,446.99,21347000.0,0
8330200.0,0,275.72,2550000.0,0
8469800.0,19,494.81,10832000.0,0
1968500.0,14,274.47,10421000.0,0
9478400.0,15,321.54,27359000.0,0
2583200.0,18,299.47,18991000.0,0
395900.0,10,258.73,27528000.0,0
5687200.0,15,876.88,8316000.0,1
2970700.0,19,679.4,25104000.0,1
2398100.0,11,291.43,26145000.0,0
3689200.0,15,74.34,18576000.0,1
816900.0,7,779.64,17744000.0,0
5964900.0,2,494.48,5029000.0,1
6368000.0,19,636.14,11976000.0,1
1973400.0,9,456.55,12146000.0,0
5190300.0,21,593.09,8844000.0,0
5678100.0,22,228.14,26109000.0,0
5170600.0,16,104.33,26699000.0,1
4296300.0,0,605.17,3519000.0,0
8768700.0,23,975.25,8374000.0,1
4668200.0,8,621.27,25565000.0,0
7921400.0,10,311.77,27332000.0,0
8167100.0,11,762.87,23435000.0,0
4904900.0,7,778.97,8881000.0,1
1553200.0,19,773.59,7429000.0,1
3858900.0,17,905.66,29068000.0,0
5943200.0,17,20.0,9762000.0,1
5575500.0,7,248.86,24717000.0,1
7963300.0,17,458.59,28328000.0,1
5383900.0,18,309.46,23337000.0,0
9124800.0,0,194.99,3485000.0,1
3543600.0,8,149.75,23876000.0,0
5582400.0,19,557.91,20345000.0,1
6288900.0,7,318.82,2720000.0,0
4571000.0,3,929.86,3210000.0,0
6520100.0,7,240.93,12808000.0,1
2885400.0,13,816.36,15662000.0,1
2299500.0,14,488.3,27687000.0,1
5272500.0,9,609.9,12521000.0,1
1235800.0,1,976.49,24770000.0,0
4385200.0,12,802.67,2984000.0,0
6519700.0,22,868.09,19056000.0,0
7422400.0,10,629.78,12430000.0,0
3869800.0,22,336.04,22449000.0,1
5397800.0,20,295.12,27715000.0,1
1875900.0,20,631.07,21157000.0,0
2304000.0,1,263.75,7033000.0,0
6846000.0,3,996.49,23621000.0,1
1309200.0,14,187.84,29952000.0,1
4653500.0,23,587.53,29641000.0,1
6333000.0,20,882.36,3880000.0,1
3522700.0,15,501.35,1364000.0,0
4542900.0,1,407.62,25661000.0,1
3526200.0,1,971.75,11390000.0,1
1488400.0,19,782.03,10980000.0,0
6437700.0,13,190.23,20311000.0,1
7583900.0,4,973.52,6910000.0,1
8826700.0,16,492.46,22400000.0,1
4985500.0,14,24.68,19367000.0,1
2272500.0,2,475.49,6150000.0,1
124600.0,18,461.22,6305000.0,1
2362500.0,15,84.73,7211000.0,1
1872900.0,17,98.7,9268000.0,0
627100.0,3,811.9,6604000.0,0
4008500.0,11,382.87,27665000.0,1
7848100.0,14,258.93,22624000.0,0
3398300.0,15,684.93,19218000.0,1
2114800.0,15,836.97,2712000.0,1
8599100.0,14,186.72,19531000.0,1
5012000.0,17,930.84,14625000.0,0
7139700.0,23,928.64,20368000.0,1
4580900.0,5,789.79,9639000.0,0
9260500.0,6,278.92,7801000.0,1
9115000.0,7,865.98,20313000.0,0
3709400.0,23,28.13,11788000.0,1
8393500.0,2,842.19,11681000.0,0
8826500.0,4,539.58,13056000.0,0
9656700.0,21,878.53,2475000.0,0
2893000.0,11,952.97,10962000.0,1
7440400.0,21,537.33,19162000.0,0
330900.0,12,786.32,7264000.0,0
6461300.0,0,143.03,14197000.0,1
4983700.0,7,937.25,10466000.0,0
5898700.0,15,313.24,9797000.0,1
8010900.0,20,55.8,27943000.0,0
5456100.0,16,159.8,11882000.0,0
5572400.0,7,205.13,12287000.0,0
8579100.0,18,329.96,11861000.0,0
9264100.0,3,479.53,11553000.0,1
5123700.0,21,844.47,29030000.0,1
6502100.0,9,613.93,15686000.0,1
9855000.0,1,785.72,9588000.0,0
4052600.0,5,553.21,15507000.0,0
8170000.0,19,510.33,14705000.0,1
5408300.0,9,407.08,13321000.0,1
9294900.0,13,137.49,20948000.0,0
455300.0,16,264.4,5696000.0,0
5585600.0,2,699.92,9412000.0,1
7137600.0,7,204.3,26592000.0,1
5918400.0,10,926.2,13632000.0,1
5067700.0,3,506.87,11920000.0,1
9990200.0,18,898.47,23749000.0,0
4193200.0,20,100.68,7442000.0,1
1554200.0,4,2.56,3557000.0,0
6008600.0,2,995.35,15690000.0,1
2600200.0,0,85.77,26345000.0,0
7791000.0,2,382.75,16131000.0,0
1302000.0,17,306.16,3725000.0,0
731500.0,20,836.07,26783000.0,0
2777300.0,17,536.23,16547000.0,0
7204100.0,20,972.36,18924000.0,1
5648400.0,6,263.2,4912000.0,0
3432200.0,15,239.45,6018000.0,0
6068800.0,9,955.58,4871000.0,0
3039200.0,22,473.2,24059000.0,1
5343500.0,11,713.11,20276000.0,0
9179000.0,7,120.7,16926000.0,1
8532500.0,2,911.17,14861000.0,0
3533400.0,13,118.44,23474000.0,1
6026300.0,21,293.47,19761000.0,1
3514600.0,5,823.36,18421000.0,1
2505800.0,13,632.7,8001000.0,1
3693700.0,8,874.48,3579000.0,0
834400.0,15,788.65,27851000.0,1
1561200.0,14,949.18,8228000.0,0
861600.0,13,644.49,22004000.0,1
8720400.0,23,708.78,21301000.0,0
5657400.0,9,495.85,5202000.0,0
6492800.0,12,630.23,18232000.0,0
5720500.0,1,58.1,8947000.0,0
3626600.0,8,385.99,16205000.0,0
9885900.0,18,802.84,13058000.0,0
2668800.0,10,272.32,22803000.0,1
7834300.0,17,616.69,8361000.0,1
9103200.0,2,981.05,16485000.0,1
3830700.0,14,939.62,11109000.0,1
9352100.0,21,373.05,14305000.0,0
2906000.0,22,735.34,27892000.0,1
1425000.0,14,827.66,8747000.0,1
7890700.0,22,235.79,1490000.0,0
8254900.0,22,455.29,21138000.0,0
5850000.0,12,218.75,20784000.0,0
5727300.0,8,482.71,21369000.0,0
9317700.0,12,77.76,2402000.0,0
1157700.0,23,80.83,24205000.0,0
4594500.0,9,207.75,9587000.0,1
4072900.0,7,890.99,1281000.0,0
7176800.0,9,179.38,7306000.0,0
8993000.0,18,79.3,28607000.0,0
8228700.0,5,529.3,21793000.0,1
2361600.0,23,771.02,18238000.0,0
9431300.0,9,790.34,4314000.0,0
9427300.0,15,295.45,11322000.0,0
9460700.0,6,695.1,17634000.0,1
3775400.0,1,829.04,7144000.0,0
3522100.0,2,711.42,25030000.0,0
4726700.0,14,832.03,20109000.0,0
5300700.0,17,677.91,8141000.0,1
108300.0,16,440.82,19104000.0,0
1902300.0,11,764.21,12233000.0,0
3636400.0,22,848.63,21407000.0,1
6158900.0,17,24.25,20712000.0,0
4182800.0,6,527.05,23346000.0,1
1667700.0,12,524.97,4948000.0,0
2650600.0,15,558.25,19648000.0,1
1095800.0,17,304.18,17360000.0,0
4363400.0,21,414.98,21905000.0,0
423200.0,23,826.69,2192000.0,1
8770200.0,10,239.47,19098000.0,1
9388900.0,1,577.84,4646000.0,1
4856200.0,15,530.94,7445000.0,1
6225600.0,13,908.92,13865000.0,0
7885800.0,7,958.64,6922000.0,0
6355800.0,0,385.63,26740000.0,0
6070400.0,21,299.48,26132000.0,1
1047600.0,22,940.8,16302000.0,0
9303000.0,16,366.66,13059000.0,0
9213800.0,4,152.64,25492000.0,0
5653400.0,22,514.83,1102000.0,0
3107200.0,16,45.79,3042000.0,1
6985000.0,0,306.16,6210000.0,0
7929700.0,23,547.07,29410000.0,1
4663800.0,11,592.54,5317000.0,1
9729100.0,8,923.21,2293000.0,0
4482400.0,6,152.48,17413000.0,1
6023000.0,6,702.57,2447000.0,1
4762500.0,17,926.43,12096000.0,0
8011200.0,9,396.1,24095000.0,0
1827400.0,6,268.88,8736000.0,1
4173700.0,12,928.11,2546000.0,1
5843400.0,4,634.88,9847000.0,1
3805200.0,18,326.45,19403000.0,1
4506700.0,3,454.44,13347000.0,0
2887200.0,15,184.72,2138000.0,0
4075000.0,15,139.96,6258000.0,1
7676900.0,15,285.11,11421000.0,0
8907300.0,3,363.24,5030000.0,0
4211600.0,8,404.73,16360000.0,1
5304600.0,5,800.03,27351000.0,1
6995500.0,5,696.41,15461000.0,0
5947400.0,5,14.38,1786000.0,0
6832400.0,9,11.78,25462000.0,0
9162500.0,4,304.66,14490000.0,1
8430400.0,10,606.46,16153000.0,0
7195200.0,9,34.34,17779000.0,0
7688300.0,9,491.41,8570000.0,1
9223700.0,18,548.61,19461000.0,0
7992100.0,2,481.61,24342000.0,0
8952900.0,3,681.42,24427000.0,1
8373300.0,0,2.43,24999000.0,1
469500.0,1,445.42,5469000.0,0
5165400.0,23,981.15,2637000.0,1
4214500.0,2,56.99,15679000.0,0
1690100.0,6,260.13,23245000.0,1
4235900.0,4,764.86,5648000.0,1
9087200.0,12,641.92,21236000.0,0
5240200.0,19,130.95,4502000.0,1
8984700.0,23,900.54,11028000.0,0
5027300.0,6,849.39,7276000.0,1
8671700.0,15,937.07,27671000.0,1
6124200.0,18,592.44,21484000.0,0
3944000.0,15,277.61,27993000.0,0
2086700.0,11,470.24,16444000.0,0
7274000.0,4,498.24,26123000.0,1
6224700.0,11,759.84,27101000.0,1
6108800.0,22,948.48,5550000.0,1
1620500.0,0,914.87,7748000.0,1
2680400.0,20,308.1,8718000.0,0
6367400.0,17,628.51,4924000.0,0
9895500.0,19,602.79,3659000.0,1
7290800.0,6,761.77,21404000.0,1
7110500.0,21,470.98,15049000.0,0
5027600.0,18,350.22,25282000.0,1
3206900.0,14,845.9,26573000.0,0
953300.0,7,304.02,11684000.0,0
5208300.0,16,123.04,21584000.0,0
638100.0,13,637.7,28310000.0,1
5928600.0,11,439.6,25391000.0,1
4517600.0,4,170.38,10336000.0,0
5255700.0,21,213.29,10619000.0,0
355100.0,16,742.14,15421000.0,1
1438800.0,6,924.41,4100000.0,1
4734200.0,1,684.18,21624000.0,0
7571500.0,14,809.63,13731000.0,0
1969800.0,6,233.33,7338000.0,0
1918500.0,14,250.55,25226000.0,0
1566800.0,3,412.27,24098000.0,1
902600.0,17,197.08,19330000.0,0
5442000.0,11,597.85,8510000.0,0
7092600.0,4,362.0,4095000.0,0
5528500.0,21,480.78,13455000.0,0
5932700.0,17,839.34,29677000.0,1
4444300.0,15,177.37,29160000.0,1
5000000.0,5,959.34,28470000.0,0
5363300.0,17,118.92,26623000.0,1
5057900.0,8,366.62,15542000.0,1
4142800.0,19,899.28,26488000.0,1
4155400.0,4,170.87,11407000.0,1
6473800.0,5,296.64,21292000.0,1
8152100.0,7,721.74,12704000.0,1
5253400.0,9,843.77,10032000.0,1
2045200.0,5,714.05,11049000.0,1
7625500.0,6,148.42,20967000.0,0
785500.0,21,314.81,24713000.0,0
3149500.0,9,47.79,27967000.0,1
1076800.0,9,813.7,16440000.0,1
4034500.0,2,943.49,13777000.0,1
7729100.0,1,131.89,15511000.0,1
972000.0,16,713.14,9566000.0,0
275800.0,2,483.98,17240000.0,1
57500.0,19,616.71,22943000.0,1
6884500.0,23,286.16,22337000.0,1
4047400.0,12,596.25,22903000.0,0
4611400.0,8,699.67,10172000.0,1
6820400.0,15,585.13,6152000.0,0
9873500.0,12,599.75,23997000.0,1
2393000.0,23,857.15,12796000.0,0
505600.0,22,476.51,28076000.0,0
4934600.0,8,33.93,27759000.0,0
5169700.0,12,478.17,2434000.0,0
4113800.0,22,780.82,20352000.0,0
7983900.0,20,470.78,12846000.0,1
2906900.0,8,978.57,4191000.0,1
7195900.0,20,822.97,7560000.0,0
799100.0,19,829.21,1763000.0,1
3442100.0,21,351.23,20903000.0,0
9494000.0,3,437.75,22892000.0,1
1682700.0,14,679.86,27763000.0,1
9901100.0,13,948.02,28512000.0,1
662600.0,10,691.57,22330000.0,0
9579300.0,14,486.45,22997000.0,1
1545200.0,18,812.77,25814000.0,1
3218200.0,3,505.88,10885000.0,0
3040500.0,19,849.77,14690000.0,0
5946000.0,9,258.16,11181000.0,1
5621100.0,18,926.4,7336000.0,0
8056800.0,23,760.15,4861000.0,0
9250400.0,19,625.95,22501000.0,0
3566600.0,23,181.41,21221000.0,1
2372600.0,23,45.59,1883000.0,0
5696600.0,0,971.16,29345000.0,1
6309500.0,2,70.13,18279000.0,1
4163300.0,22,240.96,27274000.0,1
5125200.0,10,456.56,29873000.0,0
8984200.0,9,449.48,28446000.0,0
2767900.0,22,202.9,8446000.0,1
7462900.0,6,385.95,3645000.0,0
1578600.0,17,751.67,23434000.0,1
9341900.0,16,19.77,26889000.0,1
6998800.0,20,321.66,7002000.0,0
261800.0,3,156.77,14557000.0,1
6191900.0,21,168.34,20949000.0,0
9258400.0,16,762.74,20679000.0,1
3205000.0,9,536.41,21285000.0,0
4952300.0,3,312.14,16387000.0,0
5312100.0,20,279.07,13291000.0,1
3552300.0,4,0.71,25737000.0,1
8469600.0,18,556.09,11086000.0,0
4843900.0,15,310.94,3523000.0,0
8685900.0,6,868.75,25289000.0,1
4417600.0,9,874.03,24360000.0,0
2615900.0,0,176.78,26785000.0,0
864700.0,11,908.09,21207000.0,1
5582200.0,3,921.23,19017000.0,0
952400.0,3,816.44,26150000.0,0
1519100.0,10,431.03,17183000.0,1
916300.0,21,575.49,3509000.0,1
3778700.0,8,802.79,23685000.0,1
1281800.0,5,276.97,15879000.0,1
5222100.0,21,621.11,28104000.0,1
2841000.0,3,108.21,15037000.0,1
1468000.0,8,374.69,24326000.0,0
8475700.0,19,95.98,2410000.0,0
3894100.0,5,108.85,1883000.0,0
6397700.0,2,667.55,2145000.0,1
4377800.0,20,363.2,7178000.0,0
9396400.0,5,457.11,24458000.0,0
6077400.0,0,435.54,3426000.0,0
5375900.0,15,680.11,1062000.0,1
1098900.0,15,417.26,17435000.0,0
3874100.0,0,566.08,5044000.0,0
9617300.0,3,344.71,18650000.0,0
5469000.0,10,434.73,27196000.0,0
5391400.0,11,823.21,10279000.0,1
4683300.0,0,370.01,2018000.0,0
6546500.0,5,39.53,5925000.0,0
5908200.0,9,158.93,7089000.0,1
8271200.0,10,682.32,11256000.0,0
182100.0,0,11.36,5892000.0,0
9105600.0,4,165.88,9625000.0,0
3051800.0,6,325.44,20190000.0,0
602900.0,18,380.33,15457000.0,0
2950000.0,2,364.86,2814000.0,0
8928100.0,9,690.79,27291000.0,1
7503500.0,21,141.24,28577000.0,1
3075800.0,14,68.51,25924000.0,1
5260200.0,10,909.39,5692000.0,1
4763300.0,17,384.81,25860000.0,0
9706000.0,16,540.28,28355000.0,1
3985900.0,13,974.08,6549000.0,1
2580000.0,3,77.04,24482000.0,1
2077700.0,5,567.36,9377000.0,1
8183900.0,7,339.3,18806000.0,0
329000.0,1,125.68,16347000.0,0
6247900.0,20,4.21,7644000.0,1
9732100.0,3,874.2,7135000.0,1
3169800.0,5,285.68,3988000.0,0
5903200.0,3,786.21,1380000.0,1
1975700.0,10,790.11,7246000.0,0
8941800.0,17,544.25,4386000.0,0
4682600.0,22,378.64,16658000.0,0
8077300.0,4,162.69,14059000.0,1
2962400.0,20,992.32,24387000.0,1
9004000.0,23,516.44,23218000.0,1
1796800.0,21,84.65,22215000.0,0
4755600.0,16,107.96,5059000.0,0
9432400.0,2,102.37,25675000.0,0
7159500.0,7,197.65,20547000.0,0
7145200.0,3,622.78,26780000.0,1
1695600.0,23,749.73,8233000.0,1
8720600.0,23,174.09,17548000.0,0
7045600.0,14,461.34,6548000.0,1
1270500.0,23,337.7,3116000.0,1
2413100.0,2,848.57,11332000.0,0
1849100.0,20,329.74,21530000.0,0
3537000.0,19,586.07,20434000.0,1
4306600.0,14,902.21,13627000.0,1
7721700.0,0,536.41,24956000.0,1
5948200.0,7,93.31,16963000.0,1
2156900.0,6,138.7,29294000.0,0
8192600.0,1,411.84,3295000.0,0
4731700.0,12,159.56,6177000.0,0
5308200.0,23,919.7,6595000.0,1
6702300.0,14,881.36,29785000.0,1
4430800.0,17,524.86,13245000.0,1
1103200.0,9,976.27,24681000.0,1
9550400.0,10,537.84,27661000.0,1
9227400.0,12,408.83,19641000.0,0
7661800.0,10,93.56,24802000.0,1
1706700.0,3,243.9,27122000.0,1
9401400.0,12,445.28,20020000.0,0
3680100.0,21,640.66,26470000.0,1
6950400.0,2,57.3,15036000.0,0
797300.0,0,88.96,1373000.0,1
3935500.0,23,174.35,26425000.0,1
7675700.0,11,221.41,4576000.0,0
1101800.0,0,622.3,4930000.0,0
5809200.0,9,250.24,29367000.0,0
3538900.0,16,969.71,5386000.0,0
4081000.0,22,141.82,13241000.0,0
8926700.0,14,870.64,12198000.0,0
2180000.0,11,314.83,2641000.0,0
6088800.0,19,980.72,3393000.0,0
1018000.0,3,174.72,28733000.0,0
2281000.0,17,254.0,13183000.0,1
8061700.0,18,23.89,23753000.0,0
6085900.0,10,24.49,25631000.0,1
3641500.0,10,254.17,12245000.0,1
2910800.0,15,394.19,12852000.0,0
6018000.0,14,390.66,25651000.0,0
6251400.0,20,779.76,11345000.0,1
643800.0,15,213.64,11091000.0,1
4957500.0,14,779.01,9356000.0,0
5432000.0,22,482.91,25818000.0,0
7508000.0,7,930.24,23497000.0,0
3371200.0,16,906.3,11507000.0,0
4405800.0,13,864.43,29500000.0,0
8748100.0,3,336.45,1089000.0,0
9857000.0,6,117.89,12568000.0,0
9507500.0,3,600.29,28352000.0,0
2626800.0,0,919.18,3647000.0,1
8345700.0,7,65.49,5361000.0,0
542500.0,7,21.8,24732000.0,0
5372900.0,17,908.8,14486000.0,0
7141700.0,17,627.2,8476000.0,1
3090500.0,4,23.91,17652000.0,0
4654900.0,21,526.44,27249000.0,1
7406000.0,22,525.24,16510000.0,0
7004700.0,22,648.75,15479000.0,1
6848200.0,21,545.1,26807000.0,0
4630000.0,11,709.35,10959000.0,1
262800.0,13,559.83,16973000.0,1
7394900.0,20,282.84,26166000.0,0
455400.0,20,753.61,13785000.0,0
7060700.0,4,517.39,1154000.0,0
1017600.0,19,651.32,2900000.0,1
6889700.0,23,48.68,9934000.0,0
8738000.0,23,826.24,3243000.0,1
400000.0,9,9.89,1591000.0,0
7899600.0,11,224.23,26779000.0,1
2360600.0,23,697.65,20433000.0,0
2134200.0,2,880.41,29368000.0,0
8049600.0,9,363.31,2259000.0,1
3011500.0,18,363.58,1797000.0,0
1298200.0,16,196.85,9860000.0,1
5407800.0,4,80.66,7029000.0,1
4586600.0,22,124.44,13769000.0,0
378800.0,16,197.61,28081000.0,1
3044400.0,2,536.82,12422000.0,1
5226300.0,7,133.64,26133000.0,0
9072500.0,1,100.66,17588000.0,1
6028200.0,10,422.8,22382000.0,1
2262300.0,2,100.72,5201000.0,1
9281100.0,11,380.8,3180000.0,1
9586200.0,15,631.49,3942000.0,0
4775000.0,6,738.98,13981000.0,0
3387300.0,1,78.59,26841000.0,1
533000.0,6,98.45,13719000.0,0
240400.0,22,466.2,1612000.0,0
7755500.0,2,737.07,17514000.0,1
2646400.0,2,529.84,6938000.0,1
766500.0,13,849.62,26516000.0,0
4883300.0,19,713.59,13667000.0,1
738400.0,21,955.07,21920000.0,0
3029700.0,3,794.67,10021000.0,0
6701400.0,10,250.11,22629000.0,1
2422800.0,15,378.62,10657000.0,1
9175000.0,8,212.52,24878000.0,1
5369400.0,17,563.1,8789000.0,1
9794100.0,6,520.73,17163000.0,0
2808900.0,18,395.57,24922000.0,1
9204300.0,8,905.97,27945000.0,1
4390300.0,12,23.97,19368000.0,1
3410900.0,0,76.34,9172000.0,0
9464900.0,20,17.1,28409000.0,0
6345800.0,8,686.29,9000000.0,1
8194100.0,17,771.99,8434000.0,0
8507500.0,22,967.0,26475000.0,0
2672100.0,23,531.98,2896000.0,1
969100.0,11,880.08,6602000.0,1
6894700.0,6,543.17,1045000.0,1
2766000.0,21,685.98,19913000.0,1
2471500.0,23,717.36,11212000.0,0
2428900.0,16,737.8,20589000.0,1
3936200.0,23,464.59,28405000.0,1
3163100.0,23,361.66,25701000.0,1
2293500.0,11,666.7,27630000.0,0
3094200.0,20,194.81,14358000.0,0
4381700.0,10,834.49,4553000.0,1
126500.0,12,157.2,16658000.0,0
5500800.0,1,51.14,10451000.0,0
1530200.0,7,880.87,15216000.0,1
4960800.0,8,375.85,23927000.0,0
9533300.0,9,994.85,3186000.0,1
647100.0,23,783.54,18844000.0,1
8227400.0,2,937.95,16373000.0,1
4109900.0,7,957.4,13358000.0,1
7494000.0,16,456.76,2814000.0,0
8393500.0,6,51.5,24010000.0,0
5920900.0,8,125.51,7458000.0,1
5701600.0,14,218.76,12239000.0,0
8949000.0,19,133.27,9813000.0,1
1671800.0,22,373.9,29803000.0,1
4218400.0,21,744.18,12756000.0,0
5751400.0,5,298.27,22883000.0,1
1444500.0,9,680.36,29896000.0,1
1143900.0,19,38.47,3179000.0,1
273100.0,17,339.12,23307000.0,0
9635200.0,16,396.59,9251000.0,0
4352500.0,20,529.24,8479000.0,0
1498400.0,22,591.2,24158000.0,0
7126200.0,14,53.44,14504000.0,0
2691700.0,10,844.35,4388000.0,1
1109300.0,7,438.18,4096000.0,0
6574400.0,0,272.02,17934000.0,1
456300.0,2,799.18,17576000.0,0
1320100.0,8,420.3,18393000.0,0
2739700.0,19,947.84,28215000.0,1
3094500.0,0,310.31,19903000.0,0
7514000.0,11,3.68,13700000.0,0
9623700.0,2,127.74,26588000.0,1
3270100.0,8,667.48,22995000.0,0
8283700.0,19,189.71,16730000.0,1
6677600.0,12,385.23,29630000.0,1
3958100.0,7,650.74,25431000.0,1
7845400.0,4,960.81,13970000.0,1
6887800.0,8,418.88,8999000.0,1
8178900.0,5,25.87,20450000.0,0
9453400.0,6,816.03,27942000.0,1
801400.0,3,575.26,25418000.0,1
993300.0,18,404.36,29872000.0,0
2307600.0,9,747.69,12174000.0,1
9464100.0,5,438.93,20208000.0,0
2379800.0,20,452.01,2172000.0,1
1277500.0,7,251.2,25353000.0,1
984200.0,9,825.9,27857000.0,1
9345600.0,16,139.21,1566000.0,0
7817600.0,10,433.43,19455000.0,1
2343600.0,14,754.1,12187000.0,1
6631800.0,0,655.27,25872000.0,1
6885500.0,6,332.22,11408000.0,0
6347200.0,4,945.42,20741000.0,0
3444200.0,4,585.06,4103000.0,0
923300.0,16,286.63,4448000.0,1
613500.0,20,691.75,8067000.0,1
7178800.0,21,856.85,17079000.0,0
9219200.0,3,331.19,7343000.0,0
7213100.0,20,687.09,10940000.0,0
8395900.0,23,413.74,15901000.0,1
6863200.0,19,980.36,24581000.0,1
1192100.0,17,603.64,23669000.0,1
2865600.0,14,648.74,4011000.0,0
4324400.0,14,536.78,2949000.0,1
978600.0,3,791.73,19702000.0,0
258800.0,18,591.42,10667000.0,0
1365700.0,3,654.72,3743000.0,0
2838900.0,7,217.67,25356000.0,1
9021000.0,5,625.36,19981000.0,0
5968900.0,16,995.3,4939000.0,0
127500.0,11,632.24,18781000.0,1
3269500.0,23,628.61,1364000.0,0
9596100.0,18,793.22,5362000.0,1
2707200.0,7,676.78,16103000.0,1
9625400.0,18,932.94,6923000.0,1
683300.0,17,655.46,2028000.0,1
3765600.0,14,961.9,19648000.0,0
9867700.0,4,218.09,9280000.0,0
9469200.0,10,467.4,22950000.0,1
226900.0,11,129.3,26899000.0,0
897600.0,12,15.18,4230000.0,1
774700.0,7,690.43,1243000.0,0
2259100.0,21,86.34,19298000.0,1
4426200.0,14,650.69,9253000.0,1
2350800.0,15,529.71,13335000.0,1
3738600.0,20,434.54,22912000.0,1
4332800.0,20,787.02,9033000.0,0
3875100.0,22,317.6,28010000.0,1
142900.0,17,648.45,29531000.0,1
3643800.0,16,920.53,25846000.0,0
1963800.0,11,708.61,14799000.0,0
2241000.0,19,317.96,15178000.0,1
5464900.0,7,227.81,27022000.0,1
2099900.0,15,960.92,11296000.0,1
9474900.0,10,857.23,26277000.0,0
2200800.0,19,325.38,23133000.0,0
6819600.0,7,364.17,12470000.0,1
9231600.0,15,452.74,5932000.0,0
8886100.0,15,715.36,28299000.0,1
5413100.0,8,261.7,3145000.0,1
7805900.0,10,635.47,21727000.0,0
9237600.0,2,932.19,25171000.0,0
132400.0,6,560.82,4853000.0,0
6313100.0,5,723.23,6415000.0,1
9969300.0,4,952.79,20750000.0,0
7833000.0,22,111.27,28919000.0,0
3209200.0,4,784.7,10378000.0,1
4856800.0,10,956.06,19424000.0,0
326600.0,12,751.39,5196000.0,0
9285900.0,2,415.82,26161000.0,1
2697800.0,10,280.2,10500000.0,0
204200.0,7,174.2,7201000.0,0
8382700.0,0,465.13,26091000.0,1
4962400.0,19,323.66,22590000.0,1
2069600.0,7,170.47,27721000.0,0
7837300.0,12,418.51,26962000.0,1
1389600.0,23,706.1,22804000.0,0
7510300.0,15,3.74,5448000.0,0
605000.0,22,698.58,20356000.0,0
5203400.0,17,867.98,8273000.0,0
7475600.0,7,678.11,28235000.0,0
6129800.0,13,615.82,29659000.0,1
1757700.0,8,697.38,3061000.0,0
8621100.0,1,801.59,17351000.0,1
4828500.0,21,928.06,12993000.0,0
6465300.0,16,547.09,15008000.0,0
4839300.0,15,706.29,13305000.0,1
7215800.0,5,704.98,26661000.0,1
1106800.0,21,474.69,11715000.0,1
7966200.0,14,84.17,5098000.0,0
6064500.0,7,671.06,18753000.0,0
2550100.0,23,429.68,8960000.0,0
317900.0,17,882.71,1349000.0,0
2625900.0,15,865.67,22578000.0,1
1066000.0,3,726.78,28885000.0,0
7710000.0,22,610.74,17591000.0,0
858900.0,3,473.87,27147000.0,0
4834200.0,18,109.16,19334000.0,0
356700.0,20,72.69,29526000.0,1
5677700.0,16,254.29,13474000.0,1
9351300.0,10,353.67,28010000.0,1
5661800.0,11,221.79,26599000.0,1
5027600.0,20,230.94,18490000.0,1
1723700.0,3,196.57,9926000.0,1
4101900.0,15,974.81,11292000.0,0
9350800.0,22,44.34,18878000.0,1
1597700.0,8,215.28,10002000.0,1
2038800.0,7,499.13,2431000.0,1
961500.0,10,928.25,13637000.0,1
1809600.0,16,725.73,13745000.0,0
2000300.0,11,130.97,3680000.0,0
7165900.0,18,36.52,10088000.0,1
6636200.0,20,225.22,18758000.0,1
5513000.0,12,221.46,24551000.0,0
6570300.0,19,950.34,11847000.0,0
3824100.0,11,648.96,17247000.0,1
2802800.0,2,768.79,6462000.0,0
2234300.0,19,744.4,22136000.0,1
4254200.0,5,110.86,2358000.0,1
1104400.0,11,153.9,28192000.0,1
1904700.0,3,286.89,25740000.0,1
2675700.0,5,360.99,21524000.0,0
7312600.0,21,559.79,7619000.0,1
436100.0,8,166.02,8570000.0,0
3397000.0,13,222.45,21071000.0,1
172400.0,17,773.94,17964000.0,1
6604700.0,0,634.03,1495000.0,1
8695900.0,17,129.73,9006000.0,0
4462800.0,17,460.93,7151000.0,1
5880200.0,21,416.89,2098000.0,0
756700.0,0,634.19,4741000.0,0
5352400.0,18,120.61,20789000.0,0
3440000.0,1,746.44,25729000.0,0
1146700.0,16,959.19,5311000.0,0
2596600.0,16,426.49,21935000.0,1
2852700.0,19,131.27,29075000.0,0
8841100.0,20,854.5,13767000.0,1
6234400.0,21,277.46,4607000.0,0
6457500.0,3,941.17,23453000.0,0
2242700.0,19,375.47,24900000.0,1
9500500.0,12,484.04,28635000.0,1
2940600.0,22,802.4,3406000.0,1
2847700.0,7,521.94,15755000.0,1
6933900.0,17,110.21,24679000.0,0
411000.0,11,184.54,12181000.0,1
9567900.0,23,470.32,22978000.0,0
2669800.0,5,272.48,5411000.0,1
7613100.0,17,832.23,4667000.0,1
6681000.0,21,30.83,15364000.0,0
6948500.0,5,713.1,14979000.0,0
6524200.0,1,283.74,14619000.0,1
7216600.0,6,847.86,18772000.0,1
3661400.0,7,476.69,8305000.0,0
3303600.0,10,959.32,25009000.0,1
3371500.0,4,954.69,20720000.0,1
5844500.0,18,256.14,27921000.0,0
6857300.0,10,828.98,15468000.0,1
9291100.0,0,273.01,16440000.0,1
2869200.0,12,892.83,8515000.0,0
5025600.0,19,989.69,7988000.0,0
3393700.0,4,986.88,29163000.0,0
6115200.0,1,306.56,24002000.0,0
2904300.0,9,340.17,2241000.0,0
4490100.0,10,467.08,17435000.0,0
3034500.0,18,10.71,2554000.0,0
9863300.0,22,470.16,22872000.0,0
355500.0,12,240.84,18594000.0,0
6162100.0,20,195.25,28983000.0,0
1831000.0,13,587.76,27042000.0,0
9683200.0,23,50.52,2820000.0,0
9654200.0,3,413.03,15081000.0,0
4832200.0,19,646.32,10842000.0,1
4787800.0,12,495.57,16891000.0,0
1905300.0,19,24.74,27550000.0,1
9601600.0,13,135.37,16003000.0,1
9293700.0,14,105.02,27688000.0,0
6926600.0,2,813.97,9376000.0,1
1901700.0,3,491.68,29163000.0,0
2023000.0,16,987.52,21971000.0,1
5617500.0,23,26.36,17749000.0,1
3451700.0,21,552.31,12885000.0,1
1685800.0,22,232.23,6320000.0,1
5707500.0,9,922.06,27203000.0,0
1737600.0,0,791.42,7030000.0,0
7729400.0,0,782.01,14051000.0,1
515800.0,22,314.89,26407000.0,1
4965400.0,22,534.61,26007000.0,0
3878100.0,2,4.82,12256000.0,1
8574600.0,7,159.2,6024000.0,1
6245100.0,23,784.4,21261000.0,0
3918700.0,18,702.81,5419000.0,0
2246500.0,19,700.96,2673000.0,1
5325500.0,19,607.13,1470000.0,0
8118900.0,13,491.52,9517000.0,0
5237400.0,2,790.33,23499000.0,1
3762200.0,13,351.63,16870000.0,1
7623900.0,12,867.3,28750000.0,1
1828500.0,18,594.46,21674000.0,0
4971400.0,22,536.48,5594000.0,1
6876700.0,7,249.21,24639000.0,0
8129000.0,6,37.41,8470000.0,1
6636500.0,12,266.48,13048000.0,0
2417800.0,23,316.55,14126000.0,0
5617900.0,5,875.6,15809000.0,0
8601300.0,7,267.32,11065000.0,1
6205100.0,15,281.38,22143000.0,1
8151000.0,15,948.3,23709000.0,0
5223700.0,20,172.53,20087000.0,1
193700.0,19,11.25,2201000.0,0
8580900.0,14,897.29,15266000.0,0
5245600.0,7,947.76,6943000.0,0
4215000.0,11,572.55,28484000.0,0
783000.0,18,898.27,6618000.0,1
3639200.0,2,266.29,4483000.0,1
1050900.0,17,291.51,18613000.0,0
8310600.0,0,476.5,8408000.0,0
6402800.0,12,498.35,14401000.0,1
5196200.0,22,12.38,8093000.0,1
5141300.0,19,342.83,13008000.0,1
4112600.0,0,693.38,11329000.0,1
351500.0,12,623.64,5229000.0,1
8531900.0,23,952.93,15419000.0,0
6253200.0,4,498.36,10123000.0,0
6647700.0,8,67.97,20528000.0,1
4741000.0,0,559.4,17274000.0,1
744700.0,13,942.8,25080000.0,0
2100300.0,0,122.23,17427000.0,0
8959500.0,8,513.07,12951000.0,0
1593700.0,22,348.45,15019000.0,0
2719300.0,15,733.42,23166000.0,0
5122600.0,7,609.78,11335000.0,0
5148500.0,18,535.17,23171000.0,1
9914600.0,19,281.32,5138000.0,1
1401700.0,16,503.21,12215000.0,1
7842500.0,15,146.68,25815000.0,0
5693200.0,8,319.34,9573000.0,1
4364600.0,18,852.15,25750000.0,0
7651400.0,10,388.75,11193000.0,1
1180300.0,14,917.11,17115000.0,0
6350000.0,20,175.87,13332000.0,1
3820700.0,6,141.61,4976000.0,1
408300.0,15,685.7,3048000.0,1
1486100.0,17,229.91,14545000.0,1
7539900.0,17,427.52,26319000.0,0
9658000.0,19,289.39,21618000.0,1
2879800.0,18,219.12,18660000.0,1
8740400.0,6,208.82,17016000.0,1
5374400.0,3,566.53,21990000.0,1
7803100.0,19,598.25,13762000.0,1
7665600.0,10,970.49,12250000.0,1
2478400.0,11,709.77,23626000.0,0
1058000.0,18,97.28,8351000.0,0
5238200.0,7,347.98,26482000.0,1
7518800.0,14,221.82,25163000.0,1
6109500.0,5,571.07,25902000.0,0
3322200.0,5,440.65,4523000.0,0
4527700.0,13,142.26,29019000.0,0
7157700.0,16,138.06,22232000.0,0
6011500.0,16,542.54,24077000.0,1
2422000.0,0,150.73,12403000.0,0
4253800.0,14,911.29,1881000.0,1
9386400.0,6,498.82,17212000.0,0
3659500.0,0,35.12,11324000.0,1
2693000.0,7,751.92,4038000.0,0
2842000.0,15,867.23,25781000.0,0
4490400.0,7,573.73,27261000.0,1
4868000.0,15,651.44,4637000.0,0
8439000.0,12,265.14,2183000.0,1
1634900.0,3,473.77,12764000.0,1
2372400.0,22,717.3,10565000.0,1
5757600.0,15,424.42,24447000.0,0
7838800.0,13,847.58,23497000.0,1
2274000.0,17,262.77,2762000.0,0
2212000.0,0,783.51,12489000.0,0
6288500.0,10,902.27,9926000.0,1
1692100.0,7,571.72,13302000.0,1
7886600.0,14,984.25,22819000.0,1
4508100.0,5,62.97,29965000.0,1
6759200.0,3,725.9,19005000.0,1
1217400.0,12,928.5,15452000.0,1
6819600.0,2,852.93,24951000.0,0
4956800.0,7,900.0,28269000.0,0
5229300.0,7,212.31,19445000.0,0
1043200.0,18,781.9,11945000.0,1
5444200.0,20,393.53,19559000.0,0
4554900.0,11,825.68,8657000.0,0
936000.0,15,866.81,24948000.0,0
5917500.0,14,981.36,28827000.0,0
3548700.0,11,753.76,7423000.0,1
2385500.0,12,633.42,17500000.0,0
2828900.0,3,669.12,26416000.0,1
7786300.0,22,330.43,20526000.0,1
9929100.0,22,594.32,22446000.0,1
962200.0,17,424.72,11444000.0,0
8024900.0,2,7.86,3766000.0,0
161000.0,1,236.59,3470000.0,1
184800.0,7,813.22,28377000.0,1
233500.0,22,680.53,4975000.0,1
6277400.0,17,735.36,20854000.0,1
7750600.0,10,933.32,5077000.0,1
6160500.0,0,572.53,24484000.0,0
9468400.0,8,76.68,19676000.0,0
8329100.0,3,53.14,5924000.0,0
9462600.0,19,802.34,9599000.0,0
1659900.0,22,530.49,29397000.0,0
4792500.0,11,266.12,2360000.0,1
7199300.0,13,399.08,1026000.0,0
841800.0,17,983.36,15030000.0,0
3593800.0,18,93.79,18305000.0,0
153300.0,18,336.0,20773000.0,0
1037500.0,6,172.12,17321000.0,1
2900.0,5,468.97,29035000.0,0
7356500.0,12,406.69,26587000.0,0
820100.0,0,942.16,2228000.0,1
5861500.0,14,289.53,15163000.0,1
4142400.0,16,329.79,23661000.0,0
6360000.0,6,665.7,26960000.0,0
2938700.0,10,516.24,17661000.0,0
5861900.0,5,637.74,3244000.0,0
768500.0,18,985.13,28802000.0,1
5405900.0,8,446.87,12861000.0,1
5404700.0,11,602.26,26178000.0,0
5584400.0,10,116.46,12575000.0,0
9384200.0,19,684.56,11091000.0,0
9964400.0,10,94.41,4441000.0,1
1636200.0,7,323.06,22283000.0,1
6046400.0,17,0.18,15108000.0,1
5025000.0,12,773.83,29393000.0,0
5064300.0,0,740.82,12203000.0,0
1034200.0,22,868.89,16935000.0,0
4126700.0,21,391.45,16052000.0,0
6684800.0,9,962.95,29646000.0,0
9399200.0,20,71.86,20565000.0,0
2316300.0,8,233.58,10103000.0,1
2274700.0,12,200.41,15795000.0,1
3633600.0,17,54.57,19667000.0,0
111700.0,18,190.16,3889000.0,1
8724100.0,11,742.28,2059000.0,0
4546300.0,6,43.79,15500000.0,1
1463800.0,12,365.83,21463000.0,0
3242800.0,15,434.26,5487000.0,0
1694300.0,11,963.74,28494000.0,1
8752900.0,6,816.78,29538000.0,1
6428200.0,10,307.01,23733000.0,1
2830300.0,3,628.27,28380000.0,0
5667600.0,7,935.3,3207000.0,1
2356700.0,17,648.78,4449000.0,1
9943800.0,16,174.76,4460000.0,0
5093000.0,15,703.93,20128000.0,1
7660900.0,15,30.24,17560000.0,1
6396900.0,4,760.67,20030000.0,0
3588400.0,15,540.72,20895000.0,0
1224400.0,7,910.96,4339000.0,0
9897700.0,22,132.28,8397000.0,1
313500.0,16,311.03,12607000.0,1
4160400.0,17,958.77,4583000.0,0
4040900.0,7,41.35,14420000.0,0
3457500.0,16,865.41,1670000.0,1
3102000.0,17,442.95,16235000.0,1
6751700.0,21,728.23,17159000.0,0
4385100.0,1,542.68,29342000.0,1
6373100.0,14,688.0,9438000.0,0
7200900.0,7,454.9,28131000.0,1
9339300.0,20,471.78,12347000.0,0
2579000.0,5,267.46,23831000.0,0
7995700.0,19,362.08,22513000.0,1
8971500.0,17,13.87,25765000.0,0
9907200.0,21,517.24,22023000.0,1
5879100.0,4,445.56,22320000.0,0
7790000.0,5,316.73,23036000.0,0
508300.0,0,34.43,5459000.0,1
5430100.0,9,828.88,6796000.0,1
879300.0,14,266.6,5115000.0,0
9281000.0,13,286.65,13517000.0,0
7897800.0,14,9.28,3534000.0,0
840300.0,17,133.68,20281000.0,0
4770000.0,3,487.06,20374000.0,1
2531800.0,21,776.11,4433000.0,1
7844400.0,14,705.11,21382000.0,1
8803500.0,20,905.76,6908000.0,0
6306700.0,12,262.66,12213000.0,0
5278500.0,4,320.85,20642000.0,1
4886100.0,18,15.17,10464000.0,0
9330700.0,5,503.06,5131000.0,0
3893100.0,7,494.51,1716000.0,0
5017300.0,5,579.27,6262000.0,1
8715500.0,2,514.18,5827000.0,0
669900.0,4,838.63,28305000.0,0
4755100.0,14,939.59,16635000.0,0
8665000.0,14,977.76,13758000.0,0
3950100.0,2,412.81,2090000.0,0
7339300.0,1,398.35,10023000.0,1
2591500.0,14,162.12,28670000.0,1
2537200.0,0,355.07,1814000.0,0
3313200.0,14,576.6,17584000.0,1
9498900.0,14,96.31,13364000.0,0
5082000.0,11,476.73,12741000.0,0
2685300.0,22,580.65,6857000.0,0
5313700.0,0,95.06,16986000.0,0
9934700.0,11,210.7,17235000.0,1
4245900.0,8,147.88,21106000.0,1
8882600.0,7,505.3,22695000.0,1
4583100.0,9,58.71,1014000.0,0
4799400.0,1,750.05,3510000.0,0
2362700.0,5,777.55,19754000.0,1
3639600.0,1,556.79,18781000.0,1
7309500.0,19,125.24,3196000.0,1
756300.0,23,109.0,4445000.0,0
603200.0,17,621.34,15211000.0,0
166700.0,10,368.18,13237000.0,1
7037300.0,3,561.9,29721000.0,0
5583800.0,9,226.59,10720000.0,1
6435200.0,13,826.61,2597000.0,0
4848300.0,23,433.98,24733000.0,0
5594200.0,19,576.48,14231000.0,1
4591400.0,1,598.16,7762000.0,1
9305300.0,0,511.14,16425000.0,1
5491900.0,19,735.43,17516000.0,0
499100.0,15,44.51,19968000.0,1
5392500.0,18,190.55,19661000.0,1
1465000.0,0,2.36,8551000.0,1
7822300.0,22,779.87,9172000.0,0
9140000.0,0,618.91,20868000.0,1
5859300.0,8,311.96,7765000.0,0
2288700.0,18,162.78,16979000.0,1
9580600.0,18,165.09,9975000.0,0
133000.0,11,13.27,28628000.0,1
2851400.0,7,195.36,18462000.0,0
8733900.0,1,132.63,4629000.0,1
8768000.0,3,770.61,16021000.0,0
7562500.0,22,202.41,27255000.0,0
6649400.0,20,868.12,8139000.0,0
5688100.0,13,856.44,21500000.0,0
5992100.0,2,172.99,1040000.0,0
2068100.0,16,763.28,8466000.0,1
7751300.0,9,42.78,27784000.0,0
4347100.0,5,487.46,20021000.0,0
8375100.0,10,694.7,21878000.0,0
6747700.0,21,273.04,22304000.0,1
3055500.0,19,612.62,25791000.0,1
3403000.0,23,42.82,6166000.0,0
8065300.0,12,750.98,15783000.0,0
4749600.0,16,184.51,19288000.0,0
4630500.0,3,884.01,19427000.0,1
5629000.0,1,34.42,20097000.0,1
5179900.0,3,986.33,11678000.0,1
7582700.0,9,882.6,16430000.0,1
9259400.0,22,43.52,11125000.0,1
7547900.0,13,279.74,26778000.0,0
3927000.0,9,771.04,3690000.0,0
4100500.0,0,405.84,3619000.0,0
7513900.0,4,704.68,24214000.0,0
3121800.0,11,154.46,22083000.0,0
2861700.0,8,628.26,11132000.0,1
704700.0,22,549.77,4561000.0,1
2717500.0,21,344.28,26180000.0,0
9038100.0,10,939.32,29538000.0,1
1668700.0,0,82.28,28664000.0,0
6565700.0,11,422.32,20932000.0,0
586200.0,12,803.09,12452000.0,1
8849800.0,8,466.91,10009000.0,0
9608600.0,11,167.63,28733000.0,1
5907700.0,8,602.43,9679000.0,0
5604600.0,4,352.7,4162000.0,1
3732200.0,9,602.09,4757000.0,1
1260300.0,15,142.72,27435000.0,1
1973400.0,16,484.69,4441000.0,0
3652800.0,5,877.17,17000000.0,0
9050800.0,0,178.47,28362000.0,0
9528600.0,2,663.04,22604000.0,0
6538100.0,12,8.9,27639000.0,1
6173100.0,12,123.86,14904000.0,1
6339900.0,11,122.94,20359000.0,1
374700.0,10,582.54,15906000.0,0
7153100.0,2,280.46,18221000.0,0
1359900.0,16,663.97,22906000.0,1
8724400.0,23,97.5,16083000.0,1
9751600.0,16,87.1,8254000.0,1
5218800.0,12,291.07,26909000.0,0
9679600.0,1,179.47,15513000.0,0
9581900.0,20,540.04,28563000.0,1
7464100.0,10,992.88,23599000.0,1
7582500.0,23,39.78,19225000.0,1
9599700.0,21,472.59,23850000.0,0
2090200.0,7,639.12,20500000.0,0
8006200.0,2,964.33,10366000.0,0
9541800.0,15,584.62,15192000.0,0
8336500.0,21,192.64,13406000.0,1
5853100.0,10,393.04,21138000.0,1
8283700.0,10,142.11,15502000.0,0
6836900.0,17,736.86,2667000.0,0
1060900.0,3,655.65,26535000.0,1
5380000.0,2,375.37,17450000.0,0
3356400.0,8,218.86,9059000.0,0
2874400.0,23,476.2,3415000.0,1
7296800.0,20,815.48,16877000.0,1
6815300.0,3,388.09,6590000.0,1
200700.0,8,167.26,7881000.0,0
1041300.0,0,752.61,26693000.0,1
8510000.0,17,524.26,3455000.0,1
2778600.0,23,143.63,19102000.0,0
1484400.0,4,594.95,2758000.0,0
3335300.0,4,781.61,23827000.0,0
9029800.0,1,299.54,2457000.0,0
7517000.0,12,149.71,29243000.0,0
658900.0,7,763.0,26880000.0,1
1736600.0,17,795.12,21799000.0,0
6568800.0,7,453.08,13006000.0,0
3519300.0,6,30.19,5765000.0,0
3884600.0,5,685.61,14532000.0,1
8292200.0,11,732.92,5288000.0,0
4401000.0,4,219.28,5534000.0,0
1224000.0,3,998.03,12550000.0,1
4403600.0,11,141.6,11195000.0,0
2250300.0,7,305.82,21541000.0,1
3703200.0,23,214.25,1405000.0,0
4232700.0,9,809.72,15094000.0,1
28400.0,4,300.51,11260000.0,0
345500.0,13,244.41,25385000.0,1
8141100.0,13,686.12,20795000.0,0
2412700.0,11,638.48,2300000.0,0
7900100.0,21,566.36,8640000.0,1
8164700.0,3,421.91,29234000.0,1
9156300.0,11,150.57,16559000.0,0
6739100.0,9,245.62,28604000.0,0
633700.0,19,631.7,24519000.0,1
2456100.0,1,969.62,28542000.0,1
3207300.0,11,428.55,9991000.0,1
6136900.0,14,469.34,7635000.0,1
8559000.0,3,656.82,10271000.0,0
2146100.0,3,114.2,2432000.0,1
3911300.0,2,674.18,11178000.0,1
5584400.0,8,426.21,11651000.0,1
4352100.0,5,81.59,25987000.0,1
7114700.0,9,101.77,22157000.0,1
9905700.0,3,653.39,6261000.0,0
2831100.0,15,275.04,8886000.0,0
7161900.0,18,992.68,7891000.0,1
2583300.0,0,371.49,18969000.0,1
1459200.0,8,442.62,2263000.0,0
8005900.0,9,681.76,25963000.0,0
3358500.0,0,567.69,9842000.0,1
1654600.0,1,557.66,4508000.0,0
7064600.0,5,737.6,11727000.0,0
1912400.0,0,897.4,9814000.0,0
3409800.0,11,19.5,21864000.0,0
2413800.0,5,480.48,4050000.0,0
6268700.0,0,340.83,12613000.0,1
9721700.0,12,77.5,22969000.0,0
2864400.0,20,116.76,2243000.0,1
5866100.0,11,673.21,18188000.0,1
8118100.0,21,701.32,23526000.0,1
3654800.0,9,303.47,3559000.0,0
8809500.0,19,901.0,7252000.0,0
273600.0,10,123.6,11342000.0,1
1704400.0,9,69.75,5479000.0,1
3546100.0,5,880.35,11722000.0,0
7711300.0,17,217.98,26790000.0,0
4329500.0,15,310.96,9475000.0,0
8240200.0,20,84.11,26734000.0,1
6594700.0,18,499.74,20141000.0,0
5287100.0,15,72.19,22687000.0,1
4236300.0,23,60.74,14611000.0,1
3313800.0,16,202.65,9938000.0,0
7257600.0,17,705.18,12836000.0,1
7076500.0,23,100.81,18111000.0,0
3584700.0,18,868.64,1308000.0,0
9689700.0,18,848.73,27489000.0,1
8261900.0,21,585.97,25717000.0,1
2062300.0,0,518.9,2321000.0,1
9466000.0,1,500.27,29458000.0,0
6583300.0,9,802.45,20334000.0,1
7339700.0,1,553.42,29620000.0,1
901100.0,11,11.86,15836000.0,1
3903900.0,7,662.8,21561000.0,1
233200.0,16,693.13,29775000.0,0
2331700.0,2,310.49,27428000.0,1
9552500.0,12,666.39,11942000.0,1
8067900.0,13,755.74,26090000.0,0
5489900.0,17,150.75,6493000.0,0
5671100.0,9,737.42,23678000.0,1
4408200.0,1,684.13,23718000.0,0
3858800.0,2,462.05,11760000.0,0
7976000.0,11,748.97,11967000.0,1
4403300.0,23,105.84,27692000.0,1
7184200.0,11,304.44,24006000.0,1
5361400.0,6,509.95,23036000.0,0
6625900.0,22,494.43,18107000.0,0
6668700.0,7,582.51,11537000.0,0
7039700.0,0,709.57,14697000.0,0
6091200.0,12,319.12,12396000.0,0
6018800.0,22,614.78,21513000.0,0
7783500.0,10,300.59,26403000.0,0
5389200.0,5,845.4,20191000.0,1
257600.0,3,23.22,13539000.0,1
2060800.0,10,482.46,21203000.0,1
4106300.0,19,513.16,10089000.0,1
8150600.0,22,116.6,15149000.0,1
8081300.0,4,705.5,23289000.0,0
2860500.0,1,79.99,24786000.0,0
1508600.0,18,608.9,25324000.0,1
7268700.0,14,824.85,28899000.0,1
8139000.0,11,559.61,6037000.0,0
8353500.0,1,49.41,6965000.0,0
8197800.0,2,415.97,28849000.0,1
6580000.0,19,307.41,10044000.0,0
9192900.0,7,244.65,10238000.0,1
6520300.0,14,793.73,28721000.0,1
5074700.0,15,36.81,7101000.0,0
3958100.0,3,523.61,29443000.0,0
4674100.0,21,420.49,11338000.0,0
6119900.0,17,696.48,17938000.0,1
6542300.0,10,721.55,8986000.0,0
3875400.0,7,837.02,26486000.0,0
1242100.0,11,426.54,10464000.0,0
7361700.0,15,226.89,15284000.0,0
2115900.0,1,929.76,18144000.0,1
2297600.0,14,255.1,29010000.0,0
772300.0,18,878.5,19220000.0,0
5888700.0,3,838.03,20866000.0,1
63700.0,14,785.31,26103000.0,1
2411900.0,4,602.01,27928000.0,1
2787500.0,10,679.31,27534000.0,0
3141800.0,20,439.62,10761000.0,1
3790800.0,0,571.58,6734000.0,0
2380900.0,15,529.69,1518000.0,0
3342100.0,9,395.72,9355000.0,1
6628700.0,1,978.29,14957000.0,1
5899800.0,7,452.6,1419000.0,0
4084100.0,22,861.1,26045000.0,0
7476300.0,11,684.07,21447000.0,1
2875700.0,2,658.18,7701000.0,0
6401700.0,7,932.62,2373000.0,0
7006900.0,9,450.87,14391000.0,1
4127000.0,7,150.25,26483000.0,0
5215300.0,12,296.46,20105000.0,0
5615800.0,11,736.54,26955000.0,0
8941600.0,13,530.02,13055000.0,1
2310000.0,21,14.58,6674000.0,0
4446800.0,17,253.11,28414000.0,1
5159800.0,11,611.81,8537000.0,1
1063300.0,17,74.04,6511000.0,0
2439800.0,9,263.4,11448000.0,1
5821600.0,6,300.1,23985000.0,0
1546600.0,5,186.84,9392000.0,1
3457100.0,15,66.94,14211000.0,0
8068600.0,15,227.84,11986000.0,0
7219300.0,1,331.76,22536000.0,1
445500.0,21,444.12,17328000.0,0
6710900.0,0,974.91,26060000.0,0
2259500.0,2,660.56,17056000.0,1
2534000.0,20,156.03,2527000.0,0
4581700.0,15,393.04,11559000.0,1
4475400.0,6,902.66,24468000.0,0
9735000.0,4,689.83,18849000.0,1
2933300.0,3,995.35,9365000.0,1
6806200.0,0,821.77,28996000.0,1
7637400.0,18,502.25,21054000.0,0
47000.0,9,631.24,12502000.0,0
5366000.0,14,125.66,4616000.0,1
3437700.0,21,438.02,12073000.0,0
3518500.0,7,121.69,16194000.0,1
2118400.0,21,930.47,26606000.0,0
4691300.0,23,642.2,25783000.0,1
9357000.0,8,937.92,28540000.0,1
6369300.0,4,318.34,19276000.0,1
256700.0,11,2.16,23973000.0,0
1661700.0,9,260.39,11017000.0,1
6646800.0,17,100.55,14801000.0,0
286600.0,22,580.93,14767000.0,1
4074100.0,3,997.13,18904000.0,1
4425000.0,1,593.61,14516000.0,1
8352000.0,0,954.87,2666000.0,1
6242600.0,19,633.65,16783000.0,0
3693500.0,2,437.32,14202000.0,0
632700.0,7,181.68,17058000.0,0
9343200.0,19,496.46,25865000.0,1
6022800.0,3,572.91,17303000.0,1
7759600.0,0,716.17,12659000.0,1
3419400.0,21,831.32,1673000.0,1
1486400.0,6,962.32,19980000.0,0
3647700.0,11,474.21,12936000.0,1
2591500.0,19,295.53,24338000.0,1
2213500.0,0,735.02,1927000.0,1
8138800.0,18,713.57,10772000.0,1
4259900.0,6,200.7,11849000.0,0
3228000.0,17,21.27,11162000.0,0
5579800.0,3,953.34,6488000.0,0
9970900.0,11,45.88,2567000.0,0
1887300.0,16,82.82,2869000.0,0
9139200.0,17,342.67,4170000.0,1
5863500.0,22,812.44,12921000.0,0
4634200.0,11,783.21,23090000.0,1
4181600.0,16,449.5,13011000.0,1
2895600.0,17,723.92,27482000.0,0
8908300.0,7,558.97,23016000.0,0
7700900.0,21,368.85,19157000.0,1
271500.0,19,957.8,29593000.0,0
2531800.0,21,713.29,11770000.0,0
3882100.0,7,447.51,7403000.0,0
4511100.0,10,214.93,24324000.0,1
362700.0,13,631.78,1135000.0,0
9441400.0,21,154.85,24650000.0,1
7180200.0,5,429.01,10781000.0,0
4113000.0,7,748.31,28090000.0,0
3146400.0,18,422.6,23580000.0,1
8989100.0,4,31.54,7597000.0,1
9972300.0,2,950.78,13134000.0,1
8481300.0,20,688.76,2849000.0,1
809700.0,10,794.31,4134000.0,0
5585800.0,14,916.65,20391000.0,0
3629600.0,13,970.67,20059000.0,0
3461400.0,14,226.45,12517000.0,0
6425900.0,7,962.95,9769000.0,0
3581100.0,14,537.78,17731000.0,0
1941300.0,19,609.22,10360000.0,1
2113700.0,23,828.5,13753000.0,0
1306500.0,1,798.64,21657000.0,0
5338900.0,5,834.67,14482000.0,0
4819500.0,10,739.82,17052000.0,1
8826500.0,3,695.54,18361000.0,0
9867900.0,3,579.11,23411000.0,0
3771800.0,14,690.5,18808000.0,0
2917200.0,9,404.52,27304000.0,0
7538900.0,18,861.98,17041000.0,0
8961100.0,2,880.56,11840000.0,1
7011300.0,10,42.48,27720000.0,0
9017100.0,5,950.86,8174000.0,0
4841800.0,16,931.04,10519000.0,1
9756800.0,11,879.0,17301000.0,1
1854000.0,5,110.42,14559000.0,0
4965800.0,16,927.1,2866000.0,1
3075000.0,15,607.66,23005000.0,0
1574800.0,16,400.36,27000000.0,1
7650600.0,23,133.75,25720000.0,1
7218000.0,13,17.83,4542000.0,1
7059300.0,21,124.09,2536000.0,0
5806900.0,18,833.75,16684000.0,0
8523200.0,21,512.01,20826000.0,0
984900.0,12,312.52,3823000.0,1
706300.0,4,759.59,17100000.0,1
1723500.0,19,839.95,5077000.0,0
8159600.0,17,235.01,20329000.0,1
7565300.0,21,960.21,6283000.0,1
8753800.0,15,9.92,7067000.0,0
4834900.0,5,979.64,15319000.0,0
4484200.0,1,303.2,2886000.0,0
4885300.0,7,768.37,28973000.0,0
8713300.0,4,51.03,26163000.0,0
560000.0,1,53.34,23796000.0,0
2854600.0,22,549.66,15940000.0,0
223900.0,10,304.93,7795000.0,1
6902300.0,20,671.17,7530000.0,0
1528600.0,7,692.69,21177000.0,0
1882300.0,10,391.03,19650000.0,1
2216100.0,13,534.23,25958000.0,0
2524600.0,13,798.12,10757000.0,0
7567600.0,15,868.63,7797000.0,0
8781200.0,7,107.1,4628000.0,0
5716500.0,22,287.17,4995000.0,1
9786600.0,3,441.83,15819000.0,0
5223000.0,5,72.93,7978000.0,1
5286200.0,17,531.9,15832000.0,0
7703800.0,0,339.8,25368000.0,0
6753500.0,7,580.21,26013000.0,1
7346400.0,7,723.02,16999000.0,0
7859900.0,11,10.8,6649000.0,0
2601800.0,16,618.16,6964000.0,0
7562600.0,0,95.38,26633000.0,0
5339000.0,9,775.73,2421000.0,0
6074200.0,7,951.84,23037000.0,0
3662000.0,3,569.19,10936000.0,1
1854600.0,21,976.58,12235000.0,1
7952000.0,12,232.11,23737000.0,1
1939400.0,2,32.71,26797000.0,0
6390100.0,5,713.03,19212000.0,0
9321500.0,4,849.33,6463000.0,1
6386800.0,1,344.79,23720000.0,1
238200.0,19,861.77,5562000.0,0
522000.0,23,893.22,5034000.0,1
7240900.0,13,76.56,29701000.0,0
3723600.0,23,919.28,15585000.0,0
7945600.0,20,245.53,7881000.0,1
1889000.0,12,508.42,20148000.0,0
4312200.0,20,877.57,17809000.0,0
7001400.0,12,34.38,10200000.0,1
524500.0,3,369.4,2470000.0,0
478000.0,18,706.13,26812000.0,0
5630600.0,23,449.08,13217000.0,0
600700.0,5,732.12,18047000.0,1
4966300.0,11,54.19,17905000.0,1
4856000.0,13,961.22,25781000.0,1
7574800.0,8,677.21,3767000.0,0
3416100.0,17,299.61,3966000.0,0
1999100.0,5,663.25,28599000.0,1
9835200.0,21,692.51,13346000.0,0
1869700.0,5,420.13,27048000.0,1
5260200.0,23,374.38,2627000.0,1
1776300.0,13,960.63,27495000.0,1
8916400.0,12,824.74,20525000.0,0
4332900.0,18,718.13,29553000.0,1
4657500.0,12,128.85,4407000.0,0
5275300.0,4,535.61,23331000.0,1
9524400.0,13,266.19,19088000.0,0
6452800.0,11,988.43,19861000.0,1
9528100.0,18,74.81,1706000.0,1
5903200.0,16,933.76,28128000.0,0
6594900.0,15,920.4,24732000.0,1
5290900.0,11,302.83,26655000.0,1
54800.0,12,315.72,29932000.0,0
1661900.0,19,178.06,1127000.0,1
6695000.0,0,648.77,22394000.0,0
33200.0,2,979.87,7078000.0,0
6547400.0,19,62.1,8133000.0,0
3642200.0,1,924.06,29518000.0,0
6604100.0,14,644.59,28321000.0,1
7825500.0,23,755.33,24519000.0,0
7159000.0,10,409.28,21908000.0,0
2574700.0,5,144.37,4171000.0,0
1866400.0,20,921.64,4405000.0,1
5215800.0,13,462.02,10809000.0,0
8855400.0,8,261.12,4091000.0,1
5089100.0,11,181.72,12772000.0,0
7584200.0,20,341.8,7927000.0,1
2514400.0,4,710.64,2164000.0,0
3028400.0,14,787.07,27204000.0,0
4226900.0,11,578.29,29084000.0,1
9047000.0,23,689.48,3316000.0,0
5368700.0,11,215.25,28707000.0,0
4862800.0,11,125.8,15249000.0,0
9442400.0,17,854.17,26367000.0,1
2514900.0,21,63.5,4998000.0,0
2725600.0,15,913.78,27438000.0,1
6092000.0,20,345.93,8106000.0,0
2682400.0,20,528.81,12337000.0,1
5637700.0,9,92.73,13138000.0,0
2270200.0,17,324.89,28323000.0,1
9727100.0,23,445.64,7261000.0,0
512300.0,23,913.05,16424000.0,0
2408300.0,12,702.68,10394000.0,0
11100.0,14,652.54,16950000.0,1
7065700.0,19,751.82,27528000.0,1
9920800.0,5,927.8,20386000.0,0
2268000.0,20,120.82,26563000.0,0
2679800.0,8,293.49,2314000.0,1
6687600.0,3,458.47,21148000.0,0
4203000.0,14,885.16,20913000.0,0
7871400.0,14,150.19,18786000.0,0
4291500.0,6,987.38,20085000.0,0
1584200.0,15,805.72,18898000.0,1
2922100.0,14,628.84,6542000.0,1
4759300.0,23,269.69,13281000.0,0
6096300.0,7,438.04,9882000.0,1
5161800.0,12,433.09,20128000.0,0
711100.0,22,522.51,10439000.0,1
3266200.0,2,150.67,26049000.0,1
1538000.0,6,211.29,17099000.0,0
9140800.0,21,243.37,8109000.0,1
1793900.0,18,252.76,16527000.0,0
7442200.0,22,276.06,2336000.0,0
5987000.0,20,675.32,26261000.0,1
9176100.0,6,340.19,27480000.0,1
2123500.0,23,67.4,8151000.0,1
3650700.0,18,46.34,12482000.0,0
917300.0,7,365.6,25231000.0,1
5506600.0,17,581.24,23829000.0,0
2794900.0,23,860.02,19972000.0,0
6590200.0,12,558.05,13045000.0,0
3599500.0,15,609.27,1036000.0,1
7705200.0,1,344.03,10108000.0,1
4357600.0,1,610.32,11707000.0,0
1162300.0,2,821.74,10788000.0,1
621000.0,9,680.41,3533000.0,1
5788900.0,21,815.11,7084000.0,0
7137000.0,5,822.67,17101000.0,1
6485500.0,11,301.46,24649000.0,1
6647400.0,20,550.59,17151000.0,1
3897000.0,17,753.0,29638000.0,0
2878600.0,9,200.35,21399000.0,1
2577200.0,13,382.27,16830000.0,0
6111200.0,0,14.83,9090000.0,0
698400.0,10,914.28,16168000.0,1
2050900.0,2,404.68,17295000.0,1
2684100.0,17,31.63,9435000.0,1
5139800.0,0,835.38,2146000.0,1
9218100.0,7,460.66,25564000.0,0
4945900.0,18,719.75,10468000.0,1
3458400.0,8,84.5,14973000.0,0
5750000.0,21,777.62,12700000.0,1
4126200.0,7,577.52,10591000.0,1
2136200.0,17,626.35,4647000.0,1
480400.0,1,8.38,1743000.0,0
7313500.0,7,576.7,28753000.0,0
2573400.0,23,683.93,13834000.0,1
9344900.0,12,667.32,14603000.0,0
2586100.0,0,380.59,13353000.0,1
9254600.0,4,596.77,11567000.0,1
1619100.0,19,76.5,19166000.0,1
3359900.0,7,345.74,16358000.0,1
2831900.0,15,829.5,24609000.0,0
1186600.0,17,79.93,4552000.0,1
1557600.0,4,108.45,7483000.0,0
5324500.0,10,649.78,21116000.0,0
9736700.0,5,615.03,4886000.0,0
7913100.0,5,466.35,22129000.0,0
6143900.0,4,688.98,21648000.0,0
3345700.0,13,976.02,12336000.0,0
5213600.0,11,408.37,5910000.0,1
5729500.0,11,902.76,24678000.0,0
8747000.0,17,770.24,3412000.0,1
8035300.0,1,751.11,13015000.0,1
495600.0,8,314.57,3227000.0,0
8628200.0,7,625.58,18859000.0,0
8215000.0,7,227.03,11266000.0,1
5722100.0,12,60.32,12572000.0,1
4992300.0,23,483.17,20429000.0,0
4732400.0,7,586.83,12398000.0,0
9776100.0,22,641.37,27973000.0,0
8994200.0,16,962.85,14162000.0,1
6173900.0,8,186.82,16844000.0,1
7195400.0,22,695.24,2170000.0,0
385800.0,16,816.1,11226000.0,1
2539800.0,10,260.5,23439000.0,0
6253700.0,6,577.33,19623000.0,0
5778100.0,4,778.59,9506000.0,1
4196200.0,11,35.26,19533000.0,0
2558800.0,9,295.25,9612000.0,1
7069000.0,2,15.51,28289000.0,1
1785000.0,5,461.46,19075000.0,0
9640000.0,2,729.55,25154000.0,1
9896400.0,12,490.96,12361000.0,1
3135800.0,10,964.56,11248000.0,1
4021000.0,2,976.21,29860000.0,0
9623200.0,11,153.75,13689000.0,1
1539700.0,1,695.76,28631000.0,1
1410700.0,8,561.57,23533000.0,1
8200600.0,2,121.29,7759000.0,1
1447800.0,15,704.44,5265000.0,1
8235500.0,22,105.46,21225000.0,1
127400.0,13,275.26,29993000.0,0
3127700.0,21,421.49,8709000.0,1
1760100.0,3,603.01,15448000.0,0
4336400.0,18,105.04,16526000.0,1
3500500.0,8,664.86,29536000.0,0
7682400.0,3,215.8,4564000.0,1
9232200.0,9,121.63,2573000.0,0
5704400.0,8,531.8,5848000.0,0
7931500.0,9,944.57,9710000.0,0
4895000.0,0,505.61,27762000.0,1
4062800.0,12,194.3,29583000.0,1
1348200.0,1,222.45,8557000.0,0
9858000.0,12,206.98,17836000.0,1
3378700.0,6,265.53,12885000.0,0
9848100.0,10,310.38,25577000.0,1
919700.0,18,210.82,6874000.0,0
8042500.0,7,448.84,29764000.0,1
8335400.0,19,671.21,27015000.0,1
934500.0,13,514.07,9259000.0,1
8604800.0,10,970.44,6562000.0,1
4340700.0,0,352.62,26464000.0,1
5328700.0,17,86.4,3440000.0,1
911300.0,7,476.47,27409000.0,0
4372300.0,12,121.18,6760000.0,0
9327000.0,12,319.9,25567000.0,0
8299400.0,17,337.16,29173000.0,0
8051700.0,0,89.72,6410000.0,1
7077200.0,11,108.42,10464000.0,1
2787300.0,5,470.52,16083000.0,0
9721100.0,0,659.1,3483000.0,1
728800.0,22,609.36,17392000.0,0
9208300.0,14,559.83,28158000.0,0
3254000.0,0,901.92,21414000.0,0
2384000.0,6,378.19,21354000.0,1
3800300.0,16,711.81,20100000.0,1
7501500.0,21,117.61,18061000.0,1
8743000.0,16,975.73,7167000.0,0
2198400.0,8,220.22,22417000.0,0
4836600.0,19,124.33,4277000.0,1
5363600.0,14,308.28,7152000.0,1
3493600.0,4,647.68,17456000.0,1
825000.0,1,984.3,8902000.0,0
1407300.0,10,242.87,27619000.0,0
6060500.0,11,572.49,25353000.0,0
147500.0,19,255.26,27315000.0,0
3376000.0,23,963.89,2405000.0,1
6311800.0,16,977.44,9832000.0,0
8308600.0,15,188.08,28097000.0,1
5279500.0,9,428.35,18185000.0,1
6877100.0,20,794.36,16168000.0,0
4909800.0,3,206.9,8050000.0,0
8626800.0,13,947.98,26975000.0,0
1891200.0,1,278.53,5502000.0,1
5176400.0,20,383.99,2537000.0,1
3171600.0,6,412.08,27818000.0,1
9484400.0,9,709.27,10862000.0,0
3120900.0,11,194.89,18657000.0,1
3633500.0,21,482.8,2908000.0,1
2181500.0,1,667.17,4745000.0,1
3024500.0,8,224.51,3075000.0,0
5324900.0,3,299.15,2636000.0,1
5329000.0,5,738.77,21521000.0,0
1188500.0,8,698.74,15153000.0,1
1457400.0,12,192.72,28090000.0,0
937800.0,18,967.04,10789000.0,1
8983900.0,18,843.26,13082000.0,1
4931200.0,7,311.22,9336000.0,1
4743100.0,22,63.33,24237000.0,0
1103300.0,12,122.77,12468000.0,0
1852900.0,13,926.01,17103000.0,1
1138400.0,22,124.52,18540000.0,0
1657400.0,12,736.16,21763000.0,0
2004000.0,7,955.41,21423000.0,0
8698000.0,18,619.98,11464000.0,1
7283200.0,15,611.49,13881000.0,1
4955200.0,1,811.65,20554000.0,0
6870200.0,13,31.17,3783000.0,1
8729900.0,1,344.4,4811000.0,0
5717500.0,22,398.48,9599000.0,0
5228500.0,3,16.42,3234000.0,0
3025300.0,23,896.94,16068000.0,1
9421200.0,4,434.36,28329000.0,1
1699300.0,9,702.66,21666000.0,0
598800.0,15,557.89,14359000.0,0
4975400.0,4,823.3,9349000.0,1
9427800.0,15,787.11,15824000.0,0
8774100.0,3,477.06,8986000.0,1
6137700.0,14,540.36,19299000.0,0
3546000.0,7,811.91,11974000.0,0
9736900.0,20,516.42,16088000.0,0
8239100.0,13,603.87,7539000.0,0
7607800.0,10,969.01,22287000.0,1
8615100.0,16,461.32,22424000.0,0
4579900.0,23,130.72,25358000.0,1
7890400.0,12,892.72,20198000.0,0
1424000.0,1,555.39,7248000.0,0
8378800.0,1,203.17,11209000.0,0
2489400.0,17,500.0,7054000.0,0
6488000.0,16,113.13,1264000.0,1
3485200.0,10,944.48,7625000.0,0
7698800.0,22,236.16,7988000.0,0
4795100.0,11,485.18,20835000.0,0
6570000.0,23,439.24,26395000.0,1
4458800.0,11,465.8,16475000.0,0
5761100.0,22,481.13,14208000.0,1
1448400.0,9,833.2,11420000.0,1
3413200.0,7,28.79,25787000.0,0
1154900.0,19,964.46,15795000.0,0
8527900.0,9,755.71,25360000.0,1
7342300.0,19,888.92,2781000.0,0
3629100.0,15,936.86,5975000.0,0
937700.0,2,696.26,26926000.0,1
3954000.0,18,164.4,7512000.0,1
550100.0,5,108.34,1988000.0,0
7375400.0,7,410.97,27798000.0,1
984700.0,7,615.93,12977000.0,0
8867900.0,3,769.63,14472000.0,0
471200.0,12,835.8,12524000.0,0
9914600.0,16,504.08,7220000.0,1
2882100.0,13,472.14,5042000.0,0
7566900.0,13,670.99,26784000.0,0
3952300.0,5,472.88,11169000.0,0
6891500.0,19,208.55,4103000.0,0
2648800.0,4,268.77,22717000.0,1
3675700.0,6,783.63,2577000.0,1
429500.0,8,863.61,29124000.0,0
2874900.0,17,888.2,17403000.0,1
6944900.0,0,804.82,29499000.0,1
9296500.0,15,864.09,20872000.0,1
153700.0,23,179.88,13618000.0,1
2638200.0,19,62.15,12691000.0,0
6595100.0,7,211.95,2518000.0,1
185600.0,11,59.29,24531000.0,0
751200.0,6,758.44,24083000.0,1
4910300.0,17,655.92,4411000.0,1
2389600.0,0,119.96,5153000.0,1
3357000.0,16,403.17,7411000.0,1
9574400.0,18,412.39,11061000.0,1
7389200.0,15,775.43,21510000.0,0
9350900.0,5,124.18,18320000.0,0
8051200.0,8,766.72,16043000.0,0
2433200.0,1,114.8,16668000.0,1
1567300.0,14,476.41,20790000.0,0
3360100.0,5,284.98,21900000.0,0
6231300.0,23,141.46,27408000.0,0
7709100.0,17,81.52,29870000.0,1
9509700.0,1,550.24,28441000.0,0
1854300.0,8,168.09,10946000.0,0
1248900.0,13,841.78,3523000.0,0
1247300.0,5,270.61,16905000.0,0
6921200.0,20,659.19,24101000.0,0
3659800.0,12,434.37,16635000.0,1
5807200.0,7,197.77,9349000.0,1
6008200.0,20,484.48,2002000.0,0
1293700.0,20,801.48,18201000.0,1
6732700.0,15,401.26,17734000.0,0
4868600.0,12,94.04,9367000.0,1
2799800.0,10,292.47,3648000.0,0
5252000.0,2,405.2,7955000.0,0
5111800.0,23,176.64,18255000.0,0
7787300.0,15,701.73,21666000.0,0
6925400.0,17,501.75,28291000.0,0
8076600.0,1,709.48,10923000.0,1
3783200.0,5,978.48,19891000.0,1
4732200.0,21,450.25,24521000.0,1
8691500.0,4,674.39,29651000.0,0
2391900.0,23,164.22,14340000.0,0
8000.0,10,688.12,25944000.0,0
3592100.0,1,208.1,20870000.0,1
8316000.0,19,402.7,17795000.0,0
3456900.0,11,872.06,21013000.0,0
9279000.0,1,481.6,7451000.0,1
3364800.0,3,980.7,20205000.0,0
6906300.0,10,280.19,28950000.0,1
1400300.0,3,736.33,28723000.0,1
4822300.0,1,333.26,23641000.0,1
2987700.0,22,25.94,22497000.0,0
4151200.0,10,292.01,26170000.0,1
7174300.0,0,421.48,1774000.0,0
4075800.0,20,736.19,23850000.0,0
2673800.0,13,162.06,18694000.0,0
225200.0,20,274.72,7510000.0,1
3718500.0,20,100.75,22721000.0,1
899300.0,6,750.91,22661000.0,1
5563000.0,11,802.31,1854000.0,1
478200.0,22,350.38,26164000.0,1
2471700.0,6,352.95,19149000.0,0
6798200.0,3,568.4,19946000.0,1
9963000.0,9,145.32,3962000.0,0
9432200.0,19,606.96,5534000.0,1
5361300.0,19,835.34,2103000.0,0
22400.0,19,914.51,20792000.0,0
3204000.0,1,346.4,28105000.0,0
359100.0,14,550.31,14202000.0,1
874200.0,11,407.4,21657000.0,1
7647100.0,11,54.22,12863000.0,0
9670400.0,10,839.05,20729000.0,1
1882700.0,14,707.83,5824000.0,0
6463100.0,22,427.56,10172000.0,1
8290600.0,12,273.45,23795000.0,1
5068000.0,5,55.7,4012000.0,0
3879400.0,14,710.79,16204000.0,0
1609000.0,7,870.55,12134000.0,1
3057600.0,7,238.03,4919000.0,1
3884000.0,0,107.93,20609000.0,0
5809800.0,12,456.53,2284000.0,0
7198400.0,21,529.79,6491000.0,0
9873800.0,14,827.99,14812000.0,0
1186300.0,5,935.34,15260000.0,0
6839700.0,15,804.85,21398000.0,0
6620300.0,10,648.02,15888000.0,1
8267900.0,12,299.74,26950000.0,0
48900.0,21,429.37,25671000.0,1
3398400.0,10,12.18,21511000.0,0
2766900.0,12,207.25,10704000.0,1
6391500.0,13,730.23,29495000.0,0
3081000.0,1,183.42,26523000.0,1
3211300.0,9,885.93,2180000.0,0
6752000.0,15,601.74,16203000.0,1
4369600.0,0,391.76,26992000.0,1
3219500.0,12,191.87,23473000.0,1
2616500.0,14,606.89,6284000.0,0
3883500.0,4,52.19,4760000.0,1
9615400.0,3,678.25,17789000.0,0
141600.0,23,153.71,27188000.0,0
7533400.0,0,320.56,17363000.0,1
4769000.0,21,76.27,29651000.0,1
7698300.0,21,615.07,15488000.0,0
5134000.0,21,593.94,4255000.0,1
9304400.0,0,783.14,15009000.0,0
4986600.0,2,748.6,20661000.0,1
2723500.0,10,211.59,15037000.0,0
1344800.0,21,240.39,4794000.0,0
8062900.0,17,852.88,18429000.0,0
2299500.0,5,277.25,5730000.0,0
2957700.0,23,896.12,26973000.0,1
5036800.0,11,995.31,21746000.0,1
3740800.0,11,574.57,18757000.0,0
6278700.0,20,791.52,21206000.0,0
881000.0,14,562.53,19464000.0,1
5115000.0,2,231.3,25409000.0,0
2440400.0,19,212.17,21323000.0,1
8967100.0,11,748.6,23289000.0,0
5434600.0,16,625.01,2268000.0,0
6564200.0,15,654.87,17656000.0,1
6696500.0,0,793.41,21702000.0,1
3102800.0,20,337.7,10233000.0,0
8917500.0,8,503.35,20858000.0,0
7619600.0,2,421.77,6098000.0,0
3573700.0,0,785.22,25123000.0,1
9105700.0,22,547.5,5378000.0,0
1500500.0,9,291.94,12579000.0,1
3672200.0,18,122.01,14494000.0,0
4952900.0,11,941.15,6783000.0,1
1328300.0,10,105.65,9670000.0,1
9288000.0,1,732.83,7384000.0,1
2822100.0,16,353.94,18720000.0,1
5861600.0,17,491.5,6109000.0,0
7200400.0,5,840.61,29035000.0,1
9949300.0,11,409.23,9822000.0,0
3663000.0,17,605.11,18840000.0,1
2881300.0,9,592.01,25202000.0,1
3955900.0,18,919.29,26929000.0,1
185600.0,23,823.94,2047000.0,0
6153200.0,1,528.84,5481000.0,0
517500.0,16,215.05,5620000.0,1
6592200.0,6,289.75,4875000.0,1
2481200.0,13,541.67,5357000.0,1
2362200.0,16,457.45,27630000.0,0
3060000.0,19,447.79,3692000.0,0
6782000.0,8,627.64,21198000.0,1
3569400.0,11,427.26,5318000.0,1
9448300.0,3,466.63,23876000.0,0
4371500.0,7,434.89,3079000.0,0
567100.0,14,315.07,6130000.0,0
5200800.0,21,741.93,19598000.0,0
6687700.0,1,998.11,27469000.0,1
2192300.0,8,221.37,25353000.0,0
383100.0,6,256.38,20496000.0,1
8244500.0,6,747.55,13053000.0,1
8661800.0,19,83.92,18517000.0,1
490300.0,14,162.28,29713000.0,1
9610300.0,6,794.96,3357000.0,1
6423300.0,1,685.7,2430000.0,0
1260700.0,1,583.51,18506000.0,1
607700.0,2,169.34,5926000.0,1
9190000.0,11,546.08,13535000.0,1
6210700.0,13,931.6,9141000.0,0
9584400.0,22,366.98,26144000.0,0
2783600.0,16,416.8,16610000.0,0
2932100.0,2,124.15,11550000.0,1
2311700.0,15,723.34,24726000.0,1
3727300.0,17,339.6,17830000.0,1
6122300.0,16,895.71,18947000.0,1
9074300.0,16,620.44,5158000.0,0
1468700.0,13,970.87,21203000.0,0
6393500.0,10,637.13,10970000.0,1
1970200.0,6,618.75,18196000.0,0
1000100.0,17,615.75,16884000.0,0
6819400.0,15,14.39,13272000.0,1
417800.0,0,430.44,9628000.0,0
2051700.0,8,243.14,10558000.0,1
1143900.0,10,677.31,22178000.0,1
4829600.0,16,16.07,14756000.0,1
1892100.0,14,470.28,18625000.0,0
6040700.0,3,344.0,22590000.0,1
3339900.0,13,312.99,27384000.0,1
8657900.0,0,420.89,27800000.0,1
6271800.0,20,488.12,5452000.0,1
9843500.0,16,998.29,7421000.0,1
8782700.0,11,71.66,27329000.0,1
8923700.0,20,718.17,3504000.0,0
5591500.0,0,346.28,16022000.0,0
9274200.0,10,496.79,11527000.0,1
2156100.0,19,790.14,17096000.0,0
4120600.0,13,591.89,12916000.0,0
3531400.0,21,696.18,24154000.0,0
902000.0,10,146.93,21638000.0,0
5758000.0,18,934.01,7351000.0,1
9022500.0,10,674.96,4796000.0,1
5731300.0,15,885.08,9590000.0,0
3737700.0,12,175.61,14275000.0,0
6599200.0,22,973.74,14997000.0,1
2006800.0,10,90.76,5094000.0,1
9233100.0,2,890.46,1597000.0,0
7896100.0,15,55.39,20188000.0,1
7882000.0,4,580.94,8357000.0,1
36700.0,19,517.22,16521000.0,0
8522200.0,2,85.59,10142000.0,1
7339200.0,15,636.77,17578000.0,0
9891400.0,11,999.14,13877000.0,1
531000.0,19,571.74,3159000.0,0
1516600.0,21,314.26,4872000.0,0
1946800.0,22,612.19,26411000.0,1
7509500.0,4,187.26,16123000.0,0
7958000.0,14,918.72,10689000.0,0
3962400.0,3,467.35,28663000.0,0
474100.0,23,373.75,22003000.0,1
7834700.0,6,698.22,16836000.0,1
7572700.0,20,232.32,1641000.0,1
2138400.0,11,593.69,5283000.0,0
5028400.0,20,265.11,18993000.0,1
6264900.0,16,820.24,5545000.0,1
760300.0,8,478.12,12752000.0,1
384500.0,2,848.29,8030000.0,0
7006500.0,5,941.63,6938000.0,1
3238500.0,15,951.68,1623000.0,1
8133700.0,20,333.45,26918000.0,1
8834300.0,7,214.0,28014000.0,0
2585900.0,21,146.63,14264000.0,0
4817100.0,11,226.88,28269000.0,1
3136100.0,18,626.16,13275000.0,0
2607900.0,5,49.19,17551000.0,1
8375000.0,5,307.5,3718000.0,1
1545100.0,0,0.83,27752000.0,0
5013300.0,22,173.36,18216000.0,0
9092600.0,5,994.81,1406000.0,1
763100.0,22,517.23,4570000.0,1
5574100.0,5,850.13,6511000.0,1
3216700.0,5,827.38,11662000.0,0
2633900.0,12,445.4,26121000.0,0
8832300.0,16,460.31,9720000.0,1
8036100.0,14,774.78,19335000.0,0
5350700.0,11,291.03,14611000.0,0
9792600.0,13,765.8,24920000.0,1
731700.0,20,520.02,23659000.0,0
1011100.0,8,776.17,11411000.0,1
5637400.0,3,854.84,1526000.0,0
6953600.0,3,267.37,18780000.0,0
2944900.0,20,225.0,23521000.0,1
7838400.0,9,123.47,27632000.0,0
6127500.0,8,638.64,15584000.0,1
5626600.0,0,743.83,25259000.0,1
8962400.0,2,328.63,11478000.0,0
2041300.0,23,168.53,18380000.0,1
3628700.0,17,439.4,24017000.0,0
5995500.0,5,57.86,22269000.0,0
9909600.0,4,593.15,14614000.0,0
5267100.0,9,741.94,9344000.0,0
295200.0,20,987.49,23152000.0,0
3758200.0,4,161.26,25240000.0,0
1823300.0,21,712.73,18722000.0,0
2410900.0,16,665.17,5366000.0,0
5615200.0,7,98.08,1350000.0,0
2307200.0,18,386.7,21951000.0,0
8535600.0,21,6.24,9398000.0,0
5029200.0,4,915.4,3278000.0,0
6062300.0,6,601.65,13472000.0,1
8659200.0,4,481.82,19488000.0,0
8470900.0,0,514.13,27281000.0,0
3419000.0,17,792.97,15445000.0,0
7227400.0,21,689.5,3044000.0,1
4091800.0,23,977.95,14013000.0,1
4149300.0,15,416.98,3286000.0,0
1206400.0,12,864.32,28580000.0,1
7988500.0,21,435.72,24972000.0,1
278500.0,13,317.01,21585000.0,1
1142400.0,4,32.97,1393000.0,1
6910800.0,22,989.77,1496000.0,0
2600300.0,8,135.33,1857000.0,0
3385000.0,2,161.45,1295000.0,0
6519100.0,9,627.77,11963000.0,1
7291200.0,21,479.8,19746000.0,1
6788700.0,3,714.38,6039000.0,1
5171700.0,5,179.67,26984000.0,1
8077600.0,6,475.35,1848000.0,1
3739400.0,19,264.02,2865000.0,0
9032600.0,6,440.03,22141000.0,1
8143900.0,17,247.04,7878000.0,1
5577200.0,8,890.23,2750000.0,0
2300400.0,6,916.98,1409000.0,1
9609400.0,15,949.25,21231000.0,1
5413800.0,9,920.6,8971000.0,1
7187900.0,23,610.17,21925000.0,1
7111900.0,7,302.51,9451000.0,0
4554700.0,9,237.3,28082000.0,1
9810500.0,12,574.47,29404000.0,0
1292700.0,3,113.74,25907000.0,1
9496600.0,21,977.79,18812000.0,1
9605000.0,22,29.05,4940000.0,0
6623300.0,16,562.63,1649000.0,1
6840600.0,0,751.45,24499000.0,0
489400.0,13,342.46,18442000.0,1
355300.0,14,938.14,12706000.0,0
3378300.0,8,381.39,17603000.0,1
6314700.0,18,341.86,15774000.0,0
5754300.0,0,223.76,29393000.0,1
8715300.0,7,302.39,22904000.0,0
8851700.0,13,320.48,15926000.0,0
7492700.0,0,376.44,8122000.0,0
2508000.0,5,52.94,1004000.0,1
2799000.0,12,84.27,13232000.0,0
2738700.0,3,964.41,1327000.0,1
9907300.0,5,306.43,26915000.0,1
5177000.0,10,956.84,3596000.0,1
2663100.0,9,972.03,28843000.0,0
4081500.0,6,13.91,18632000.0,1
4420100.0,14,622.18,27627000.0,1
2878200.0,12,645.84,21809000.0,1
3489800.0,11,215.24,19429000.0,1
4645300.0,13,646.5,25735000.0,1
239200.0,10,876.86,17108000.0,1
6027700.0,10,126.29,15337000.0,1
1113400.0,20,496.3,9850000.0,0
9458000.0,2,163.41,28558000.0,0
7108200.0,19,599.25,20369000.0,1
2219000.0,2,86.36,13313000.0,0
581600.0,23,818.94,15549000.0,0
374800.0,4,61.05,29475000.0,1
1501800.0,10,232.43,2861000.0,1
6403100.0,13,385.14,5486000.0,0
3697400.0,12,61.19,18643000.0,1
9622900.0,0,204.83,3316000.0,1
3864500.0,8,896.23,19349000.0,0
999300.0,2,720.84,18581000.0,0
2922300.0,3,538.44,14737000.0,0
7130800.0,15,887.32,8772000.0,1
6453800.0,10,895.44,25886000.0,0
785000.0,20,617.28,28914000.0,1
758800.0,11,175.49,19179000.0,1
51700.0,6,2.54,13801000.0,1
1531400.0,20,852.17,6390000.0,1
2373300.0,17,968.71,28396000.0,1
5089700.0,4,803.79,17381000.0,1
1561500.0,15,832.43,21966000.0,1
5319700.0,17,141.24,22285000.0,0
9219500.0,22,803.91,12923000.0,0
1029500.0,22,215.77,29365000.0,1
6805800.0,13,714.88,15954000.0,0
3957500.0,23,984.79,7293000.0,0
1090500.0,21,59.3,22205000.0,0
996400.0,12,767.55,12352000.0,0
3846700.0,14,803.3,18832000.0,1
9994000.0,19,841.14,11642000.0,0
7418000.0,22,246.39,14594000.0,1
6930600.0,11,919.56,5574000.0,0
2366500.0,21,595.64,5398000.0,0
5781700.0,13,365.56,3797000.0,0
559000.0,12,878.79,25353000.0,1
6380700.0,15,640.07,3656000.0,0
5719500.0,23,725.8,24801000.0,1
6521900.0,13,335.05,2147000.0,1
5851000.0,5,504.16,20558000.0,0
4310400.0,17,569.49,28770000.0,0
4341300.0,7,408.0,24042000.0,0
1295300.0,15,280.03,5020000.0,1
4490700.0,23,687.61,12370000.0,1
3262000.0,9,674.67,24432000.0,0
7867900.0,16,239.52,9347000.0,1
3063000.0,3,383.06,21957000.0,1
7304600.0,12,112.85,18406000.0,1
4966300.0,4,589.2,1600000.0,1
5914900.0,5,348.62,5860000.0,0
4865600.0,9,540.62,23700000.0,1
9961100.0,9,703.27,8270000.0,1
7238300.0,12,713.16,25099000.0,0
1471600.0,14,987.65,27914000.0,0
2654600.0,21,555.6,13756000.0,1
1994400.0,13,276.57,12965000.0,0
7516600.0,6,588.25,26117000.0,0
7531200.0,17,13.42,20670000.0,1
1406400.0,23,762.45,4098000.0,0
6343500.0,3,463.77,26863000.0,0
2625800.0,10,238.59,29685000.0,0
6932500.0,6,543.52,13496000.0,1
1763800.0,6,694.45,3719000.0,1
9260300.0,2,306.4,1283000.0,1
7466400.0,13,266.79,5797000.0,0
1022300.0,13,448.84,23570000.0,1
2187200.0,5,509.39,2557000.0,1
5028500.0,22,40.88,21388000.0,0
4729700.0,13,732.55,2912000.0,1
2699500.0,23,229.57,9535000.0,1
6151100.0,23,821.06,28643000.0,0
1546400.0,12,410.07,17750000.0,1
8353700.0,2,126.04,14305000.0,1
9920000.0,1,961.22,21153000.0,1
1066100.0,10,441.84,12764000.0,1
7440200.0,18,341.02,20732000.0,0
677600.0,17,517.58,12897000.0,1
8399800.0,4,113.75,7153000.0,1
8806700.0,3,699.14,15113000.0,0
2728900.0,8,928.16,29491000.0,0
9063400.0,2,603.5,27196000.0,0
4491800.0,19,307.38,14923000.0,1
2822000.0,7,500.15,18332000.0,1
704400.0,1,119.5,25561000.0,1
332300.0,5,3.08,24057000.0,0
9072900.0,14,7.9,16704000.0,1
5881000.0,21,547.51,2835000.0,1
9139100.0,0,761.56,8619000.0,0
3032500.0,14,403.31,2192000.0,1
8335600.0,18,691.82,21008000.0,1
967800.0,17,874.81,20924000.0,1
4188600.0,18,300.19,12614000.0,1
60000.0,13,220.44,2696000.0,0
3778900.0,21,997.44,2517000.0,1
6427300.0,9,544.7,7577000.0,0
9113300.0,4,886.19,12661000.0,0
3462000.0,7,546.9,12962000.0,1
612000.0,20,845.34,27467000.0,0
4045100.0,16,788.69,26793000.0,0
4263200.0,11,637.56,9656000.0,1
3431800.0,0,713.18,7136000.0,1
8721300.0,18,685.63,4531000.0,0
8851000.0,21,176.5,27795000.0,0
8125800.0,4,840.13,1353000.0,1
5652300.0,12,524.57,22584000.0,0
560800.0,14,891.86,21208000.0,1
7664700.0,0,356.29,19581000.0,0
9315600.0,6,888.92,18314000.0,0
5323700.0,21,286.63,1421000.0,1
7267000.0,17,518.78,19475000.0,1
1211400.0,20,893.98,12346000.0,1
8296900.0,5,333.05,4116000.0,0
7554800.0,21,959.71,9395000.0,1
2179500.0,3,557.65,2769000.0,1
2129500.0,12,25.04,22982000.0,0
6556000.0,10,26.8,20212000.0,0
4735500.0,4,48.69,4555000.0,0
7164000.0,1,985.6,3402000.0,0
5592300.0,12,304.49,2767000.0,1
8119800.0,8,944.66,25114000.0,1
8316700.0,10,657.17,20158000.0,0
1896900.0,19,14.86,13256000.0,0
7075900.0,19,369.65,26484000.0,0
3051500.0,20,636.51,15429000.0,0
6795000.0,22,308.62,4478000.0,0
2695400.0,7,802.0,8639000.0,0
5134500.0,4,115.2,9517000.0,0
9941600.0,23,202.47,26023000.0,0
7578200.0,15,21.67,28559000.0,1
7742700.0,0,626.06,3038000.0,1
746200.0,22,503.53,21806000.0,1
4932300.0,17,592.09,7145000.0,1
4035400.0,21,237.61,7069000.0,1
8041500.0,17,624.09,11632000.0,0
8060300.0,20,806.93,17423000.0,1
151000.0,2,162.3,8687000.0,1
3767200.0,16,643.39,5941000.0,0
5817500.0,20,14.78,12917000.0,0
6117200.0,10,438.51,26627000.0,0
3446100.0,3,861.92,24746000.0,1
1224100.0,22,758.84,2454000.0,1
6556100.0,12,390.81,9178000.0,1
8703100.0,4,209.78,26872000.0,1
4106800.0,12,717.47,10082000.0,0
3432200.0,15,490.25,12902000.0,1
528000.0,14,267.19,14706000.0,1
4136600.0,10,238.94,13556000.0,1
66900.0,4,930.39,8994000.0,1
8899200.0,8,330.28,24272000.0,1
9208100.0,2,740.19,17140000.0,0
1472300.0,5,393.79,23002000.0,1
8097200.0,15,629.27,5865000.0,0
1236400.0,14,112.43,11982000.0,0
3057900.0,20,893.42,1953000.0,1
5536400.0,7,564.32,12099000.0,1
5563300.0,15,261.8,29018000.0,1
2534100.0,22,701.1,16186000.0,0
6474100.0,12,925.42,16348000.0,0
6493600.0,23,560.12,21031000.0,1
4429000.0,4,576.41,27239000.0,1
504600.0,4,971.5,11328000.0,1
7585700.0,8,73.59,15758000.0,0
7675800.0,2,53.94,14765000.0,1
6518100.0,21,921.36,7192000.0,1
3478900.0,5,802.24,16395000.0,1
7145200.0,21,436.91,7616000.0,0
3208200.0,6,590.79,16310000.0,0
3882000.0,16,191.81,2385000.0,0
4326000.0,10,646.36,17053000.0,0
8048900.0,15,411.82,7525000.0,0
674000.0,16,882.39,29749000.0,1
2024900.0,14,802.0,9179000.0,1
5384400.0,10,102.66,8211000.0,0
1354400.0,4,59.56,23376000.0,1
612100.0,16,971.92,10245000.0,1
1570900.0,20,353.82,19528000.0,1
9111900.0,0,658.48,22341000.0,0
605000.0,13,803.06,27203000.0,0
6656800.0,15,612.61,14718000.0,1
8588700.0,7,786.28,6713000.0,1
1833300.0,19,503.11,22019000.0,0
4766100.0,13,678.49,16534000.0,0
3948400.0,15,122.08,14030000.0,1
2954700.0,2,747.4,9076000.0,0
5045600.0,18,595.88,1226000.0,1
2532700.0,10,158.98,6456000.0,0
8967300.0,18,749.31,1028000.0,0
2712100.0,10,5.84,14914000.0,0
9524500.0,15,955.54,13090000.0,0
9890700.0,20,785.76,17503000.0,0
4628700.0,7,409.98,16020000.0,1
3071900.0,21,35.77,12692000.0,1
6255000.0,13,590.85,2493000.0,1
190800.0,16,982.28,23124000.0,0
8706100.0,20,950.93,14284000.0,0
9490700.0,22,510.41,16324000.0,0
6585200.0,22,19.39,11052000.0,0
5676200.0,6,793.9,26599000.0,1
4427900.0,14,232.48,4375000.0,0
7011200.0,14,145.91,13080000.0,1
8176800.0,5,48.15,17648000.0,1
2053200.0,15,839.14,3981000.0,0
5720700.0,12,867.1,17517000.0,1
1290800.0,2,37.63,8911000.0,1
8346500.0,15,338.64,9322000.0,0
9859000.0,17,51.18,10458000.0,0
6330700.0,0,470.19,9115000.0,1
8925600.0,21,346.0,21258000.0,0
4990600.0,2,77.85,24162000.0,0
8649100.0,9,842.65,14649000.0,0
3531300.0,8,884.66,26509000.0,0
3690600.0,0,680.0,20236000.0,0
6236300.0,4,579.87,21669000.0,0
6922400.0,17,746.67,4761000.0,1
8839800.0,12,417.6,29152000.0,0
1672100.0,19,100.64,16162000.0,0
8364900.0,0,839.71,18041000.0,0
1396600.0,3,679.69,19314000.0,0
8990700.0,10,580.1,22153000.0,1
1224200.0,18,188.89,21287000.0,0
1019500.0,8,325.39,29599000.0,1
7674800.0,21,541.91,3649000.0,1
7203100.0,8,726.62,24079000.0,1
9523400.0,18,313.8,24666000.0,1
822000.0,6,451.06,19786000.0,0
3167200.0,17,118.66,19807000.0,1
3501800.0,2,162.53,11113000.0,0
385300.0,5,962.32,21539000.0,0
5074200.0,6,364.32,1370000.0,1
6700500.0,5,812.18,18636000.0,1
8288700.0,14,263.57,14317000.0,1
5772300.0,23,509.02,4462000.0,1
7677300.0,15,306.57,1474000.0,0
5200300.0,15,970.3,15469000.0,0
706800.0,6,604.51,5922000.0,0
2632600.0,11,15.15,18241000.0,0
812300.0,19,215.25,25693000.0,1
2217700.0,12,787.59,22572000.0,1
930400.0,18,172.25,9564000.0,0
8039300.0,13,451.29,25508000.0,0
6866900.0,16,552.12,22753000.0,0
1510000.0,5,656.65,21394000.0,1
1829100.0,16,264.98,1060000.0,0
8493100.0,10,211.95,17798000.0,0
8986900.0,5,797.35,10662000.0,0
6478300.0,12,906.4,21361000.0,1
7252800.0,19,609.5,1765000.0,1
9046700.0,19,884.52,10110000.0,0
5728500.0,13,98.55,28343000.0,1
14100.0,21,350.14,1609000.0,0
4027200.0,10,676.83,20485000.0,0
5359000.0,13,516.62,22567000.0,1
8272200.0,4,344.34,14703000.0,0
5004700.0,21,547.2,12117000.0,1
8172300.0,16,139.9,19634000.0,0
9848300.0,18,94.04,1530000.0,1
1561300.0,3,441.97,9054000.0,0
2774200.0,0,944.0,28761000.0,0
3314000.0,17,679.75,2304000.0,1
7075000.0,1,94.86,17997000.0,0
8023300.0,5,240.45,29416000.0,0
6649300.0,21,88.63,23486000.0,0
39100.0,3,293.59,14800000.0,1
532300.0,19,332.34,7678000.0,1
7610500.0,11,588.02,17259000.0,1
6185900.0,7,834.29,19710000.0,1
7601100.0,7,817.4,19934000.0,0
3362400.0,10,417.5,20838000.0,0
5370900.0,18,223.92,19467000.0,1
6310000.0,15,161.13,7107000.0,0
2124200.0,21,461.54,3861000.0,1
8517700.0,8,335.4,28551000.0,1
2708100.0,1,251.82,27539000.0,0
5140500.0,19,757.46,18122000.0,1
8196600.0,2,453.05,18067000.0,1
2550700.0,14,139.09,23581000.0,0
1830900.0,3,57.9,21164000.0,1
3889900.0,2,695.32,14047000.0,0
897800.0,21,459.28,23045000.0,1
5760000.0,0,272.79,18613000.0,0
494200.0,22,643.91,27691000.0,0
6390700.0,21,228.81,22860000.0,0
6337600.0,18,986.68,16177000.0,0
188600.0,12,511.59,15192000.0,1
8541400.0,22,320.59,25464000.0,0
4170700.0,23,496.91,13737000.0,1
2665400.0,0,8.85,4641000.0,0
6970900.0,0,758.94,20280000.0,0
3348500.0,19,294.36,14155000.0,0
2263400.0,4,72.65,4546000.0,1
1831600.0,22,195.32,29251000.0,0
509600.0,20,33.39,17162000.0,1
6378600.0,2,706.17,4752000.0,0
6975300.0,5,235.35,22182000.0,1
5894600.0,9,489.85,2623000.0,1
8146900.0,13,648.34,19118000.0,0
8752800.0,11,739.64,6215000.0,1
8612000.0,16,168.16,8314000.0,0
9795700.0,13,604.48,11728000.0,1
4105500.0,6,746.97,15632000.0,0
8125600.0,20,192.43,28092000.0,0
6453500.0,16,373.71,21867000.0,0
2109600.0,8,810.09,6502000.0,1
716000.0,7,742.36,16148000.0,1
2477100.0,14,86.72,11657000.0,1
5245900.0,4,967.23,19800000.0,0
6465900.0,7,121.96,23650000.0,0
7618900.0,16,258.67,8060000.0,0
9646800.0,0,573.09,10953000.0,1
7952900.0,10,63.47,19384000.0,1
305100.0,2,177.67,27271000.0,0
8946600.0,5,995.8,14327000.0,0
242300.0,7,623.99,1531000.0,1
1269000.0,14,732.02,12946000.0,0
3178900.0,22,11.67,8562000.0,1
4040200.0,1,396.73,26247000.0,1
3934100.0,4,310.42,8792000.0,0
3140000.0,0,691.65,11335000.0,1
8244000.0,15,771.7,11907000.0,0
4515600.0,20,441.29,7706000.0,0
802000.0,15,480.87,13585000.0,1
4644500.0,20,295.35,24179000.0,1
8172700.0,3,496.66,12487000.0,1
1553700.0,8,88.53,22313000.0,0
621400.0,6,579.44,2548000.0,1
3220800.0,0,863.19,21246000.0,1
9680000.0,4,722.05,2246000.0,0
8495100.0,11,153.99,11658000.0,1
6959400.0,1,225.47,13364000.0,0
7265400.0,2,186.54,19145000.0,1
5198800.0,3,530.7,13346000.0,0
4745200.0,11,483.29,4269000.0,1
5117200.0,3,945.76,4003000.0,0
8872000.0,6,267.81,26644000.0,1
9754800.0,2,513.48,17515000.0,0
1567100.0,13,975.69,14191000.0,1
2640900.0,13,317.02,6493000.0,1
2919800.0,0,365.07,10316000.0,0
6324400.0,8,624.54,12524000.0,1
5658400.0,10,979.9,28914000.0,0
1893100.0,10,340.71,17341000.0,0
2418000.0,13,288.07,9128000.0,1
6522400.0,23,67.61,7576000.0,0
3124300.0,13,624.01,19135000.0,0
8118400.0,0,415.9,13748000.0,1
7440000.0,2,512.28,26851000.0,0
4422200.0,8,726.05,9006000.0,1
240200.0,18,60.79,4294000.0,1
4705900.0,12,152.43,11918000.0,1
4100600.0,20,290.99,15324000.0,1
5636800.0,21,731.44,16451000.0,0
5245400.0,4,326.24,26324000.0,1
2004000.0,17,385.98,9518000.0,0
1047700.0,23,365.5,28168000.0,0
1966800.0,11,174.56,17246000.0,1
8038900.0,15,124.69,24969000.0,0
6269700.0,16,42.66,28885000.0,1
5101400.0,13,560.82,18933000.0,1
5765800.0,1,511.91,14822000.0,1
1619300.0,7,654.89,15031000.0,1
6565700.0,7,868.21,5373000.0,0
4000500.0,19,823.78,24514000.0,0
859000.0,13,608.84,3993000.0,1
5512000.0,9,147.73,25028000.0,1
1351700.0,9,204.56,2495000.0,0
132200.0,22,739.25,8422000.0,0
3595700.0,21,8.52,1598000.0,0
4031700.0,11,743.69,2650000.0,0
1779200.0,7,973.34,8741000.0,1
8849700.0,20,726.34,10073000.0,1
6282200.0,5,413.59,6509000.0,0
2239500.0,6,804.53,11280000.0,0
7285800.0,18,471.58,12695000.0,1
5028600.0,8,415.44,14227000.0,0
9834400.0,13,830.69,3875000.0,1
1407500.0,0,954.82,4549000.0,1
6518800.0,2,892.91,17357000.0,0
6419000.0,23,678.39,27134000.0,0
6987100.0,6,874.98,5446000.0,0
211300.0,23,761.73,2876000.0,1
9252800.0,11,325.72,27381000.0,1
4189500.0,15,480.38,22753000.0,0
4561700.0,8,988.52,13801000.0,0
2260300.0,1,972.76,23779000.0,0
9333600.0,15,964.99,1540000.0,0
5644100.0,20,495.82,7754000.0,1
2354700.0,1,524.05,27569000.0,0
1615700.0,23,559.85,9577000.0,1
8228500.0,18,232.28,13269000.0,0
9117500.0,17,195.07,5046000.0,1
2287500.0,7,773.85,13667000.0,0
9163700.0,0,63.31,20031000.0,1
7099100.0,0,724.11,15223000.0,1
1562400.0,4,728.47,7911000.0,0
4835700.0,11,712.95,28143000.0,1
3238100.0,12,608.5,29826000.0,0
4880700.0,23,842.59,9563000.0,0
5335700.0,1,933.01,8997000.0,0
8524600.0,5,205.56,22529000.0,1
568800.0,11,336.35,29506000.0,0
4726700.0,9,828.74,26235000.0,0
9451400.0,8,826.49,29618000.0,0
8154800.0,11,815.21,16320000.0,1
9244200.0,11,557.4,19189000.0,0
4097200.0,17,737.85,8890000.0,0
5200500.0,21,396.19,23723000.0,0
5719000.0,0,600.02,28218000.0,1
6936500.0,2,346.47,18977000.0,1
9361700.0,16,786.6,12589000.0,1
1609400.0,8,531.06,4632000.0,0
1273200.0,7,355.1,27893000.0,1
8366000.0,19,347.05,20258000.0,0
326100.0,22,228.97,12443000.0,1
3438900.0,19,348.42,19971000.0,0
3086800.0,7,389.79,9570000.0,0
841000.0,21,468.2,11885000.0,0
8686100.0,9,961.55,10653000.0,1
4344500.0,18,88.31,4934000.0,1
1409400.0,4,911.4,29754000.0,1
3970400.0,20,320.29,20729000.0,0
8684800.0,18,726.77,2596000.0,1
8361300.0,1,680.84,29819000.0,1
893600.0,0,541.23,5469000.0,1
5137900.0,5,967.15,26994000.0,1
5475800.0,16,918.03,5950000.0,0
6163700.0,7,174.27,26554000.0,0
959200.0,5,165.33,4705000.0,0
3081500.0,13,221.66,23499000.0,0
4248300.0,14,698.8,13099000.0,1
6405900.0,23,151.29,24539000.0,0
2092000.0,1,857.85,10847000.0,0
4520200.0,12,547.13,29442000.0,1
6803200.0,7,652.47,4725000.0,1
3972300.0,11,645.44,14817000.0,0
889700.0,16,379.08,14440000.0,0
6894500.0,9,248.5,29102000.0,0
4268000.0,1,298.2,5395000.0,1
5013400.0,14,107.96,14029000.0,1
6377500.0,12,983.27,19635000.0,0
8485000.0,7,81.72,7852000.0,0
17600.0,12,943.36,28883000.0,1
1909000.0,10,698.93,29790000.0,1
2066900.0,1,722.47,14456000.0,0
3911600.0,6,201.23,6050000.0,0
9585900.0,19,804.4,7743000.0,0
6934400.0,5,710.38,17732000.0,1
4481500.0,3,530.04,22148000.0,0
9605400.0,21,53.05,18997000.0,1
6631700.0,14,125.8,11811000.0,1
2294000.0,20,470.47,20730000.0,0
2805300.0,1,994.22,15317000.0,1
775300.0,0,596.2,15361000.0,1
6817800.0,5,993.98,27839000.0,1
8555800.0,9,638.6,7985000.0,0
5682200.0,16,839.65,2708000.0,0
3941300.0,19,5.25,18794000.0,0
1178300.0,2,278.47,11184000.0,0
3423400.0,11,252.71,2740000.0,1
8933500.0,3,803.14,16848000.0,0
8926900.0,14,181.19,10153000.0,1
6181200.0,15,25.74,17170000.0,0
5079300.0,0,747.56,7870000.0,0
7065300.0,5,175.47,6294000.0,0
6279400.0,23,583.12,14648000.0,0
4629300.0,6,505.72,7950000.0,1
2614100.0,15,453.18,10598000.0,0
1291800.0,0,255.39,20107000.0,1
108200.0,13,102.0,5825000.0,1
3458300.0,5,403.8,12140000.0,0
5601500.0,9,175.87,28007000.0,0
4600800.0,17,640.75,25545000.0,0
903600.0,8,576.34,2826000.0,0
5380900.0,15,708.34,23793000.0,0
530800.0,7,250.2,15953000.0,1
2430300.0,16,577.15,14186000.0,1
2682300.0,18,275.64,7562000.0,1
1087800.0,16,876.56,20755000.0,1
4900700.0,14,854.67,6070000.0,0
8714000.0,17,981.58,28606000.0,1
6991600.0,15,652.95,19198000.0,1
8393400.0,11,619.98,18223000.0,1
7191900.0,16,260.87,9745000.0,1
2695800.0,16,852.21,9452000.0,1
884900.0,22,970.71,5862000.0,0
5785400.0,9,532.34,9131000.0,1
8947200.0,6,732.83,4754000.0,1
8809000.0,2,692.42,19952000.0,0
9584700.0,8,908.82,7212000.0,1
6961700.0,18,833.24,24514000.0,1
9315100.0,20,281.53,20739000.0,0
6080500.0,4,309.83,15046000.0,1
114800.0,8,466.13,28791000.0,1
7003000.0,14,342.15,23643000.0,0
134300.0,6,83.58,27430000.0,1
1648100.0,7,342.81,25041000.0,0
8466700.0,15,244.64,15090000.0,1
9713000.0,23,302.35,27992000.0,0
3115000.0,19,281.55,18947000.0,1
5042100.0,6,370.68,9566000.0,1
7107200.0,18,812.26,25868000.0,0
7977300.0,2,235.98,21700000.0,1
7447700.0,9,953.73,24929000.0,1
6395500.0,13,706.75,2548000.0,0
4276800.0,12,17.02,28009000.0,1
5521900.0,1,275.76,18017000.0,1
2187800.0,0,244.73,1015000.0,0
8373600.0,12,905.93,5114000.0,0
7618800.0,5,920.24,6623000.0,0
6696700.0,16,396.21,16439000.0,0
5736400.0,7,767.53,7642000.0,0
506500.0,8,429.86,29632000.0,1
610500.0,17,47.95,13028000.0,0
8163900.0,21,869.02,1902000.0,0
9279400.0,9,101.65,16855000.0,1
1156400.0,0,33.61,2485000.0,0
883000.0,22,548.28,12617000.0,0
8771800.0,7,737.59,7498000.0,0
9594800.0,12,489.18,19849000.0,1
2008300.0,4,135.32,8922000.0,0
7807700.0,9,368.64,10445000.0,0
9779200.0,5,168.68,16852000.0,1
5775200.0,5,874.8,14342000.0,1
6569500.0,20,292.45,24533000.0,1
3110800.0,21,795.43,3973000.0,1
5130300.0,6,7.78,2656000.0,1
8298100.0,10,997.48,24864000.0,1
4509400.0,16,474.48,12843000.0,1
6807800.0,6,279.16,9413000.0,0
8536600.0,8,298.24,12379000.0,0
177100.0,15,846.05,16419000.0,0
1851700.0,16,865.28,26022000.0,0
87700.0,14,887.0,3102000.0,0
1451200.0,23,126.05,5247000.0,1
5905900.0,6,793.33,14469000.0,1
2715900.0,0,527.69,8201000.0,1
40000.0,8,902.52,12757000.0,1
3356800.0,8,934.57,3413000.0,0
6487800.0,4,259.48,9620000.0,0
8711000.0,12,498.19,7126000.0,1
1555700.0,8,572.43,10348000.0,1
5544500.0,10,650.05,6584000.0,1
5979800.0,22,490.19,25350000.0,1
4470200.0,17,678.61,23266000.0,0
7873500.0,13,457.31,21558000.0,0
817800.0,3,31.78,29221000.0,1
282700.0,22,847.89,8100000.0,0
4758700.0,19,543.84,24164000.0,0
2329300.0,7,182.96,20722000.0,0
7903000.0,4,659.99,7333000.0,1
5844600.0,4,36.83,9241000.0,1
5959600.0,3,955.88,21377000.0,1
9694200.0,1,126.01,4456000.0,0
2657700.0,4,653.99,27993000.0,0
1158300.0,21,892.49,12286000.0,1
9058200.0,10,964.65,12164000.0,1
5965300.0,10,651.93,19826000.0,1
1003500.0,13,870.39,5292000.0,0
7504600.0,5,95.1,3899000.0,0
7887200.0,19,282.74,3350000.0,0
8954500.0,22,545.54,15748000.0,1
8353200.0,0,90.58,15748000.0,0
8505300.0,19,878.58,12164000.0,0
6711300.0,16,162.58,13154000.0,1
2516700.0,22,439.01,19145000.0,1
1761900.0,20,326.07,26913000.0,0
8605400.0,15,915.42,23370000.0,0
4433200.0,2,909.36,1191000.0,0
5721900.0,9,689.27,13765000.0,0
7688700.0,23,266.06,27056000.0,1
1248100.0,8,505.33,10409000.0,0
9142700.0,14,752.74,22778000.0,0
8123900.0,7,359.19,17205000.0,0
8031200.0,21,430.26,17228000.0,1
3679700.0,17,189.22,17422000.0,1
3070300.0,19,837.81,15151000.0,0
3913100.0,21,832.56,18691000.0,1
3537700.0,20,85.35,1898000.0,0
4190800.0,19,656.56,17374000.0,1
3871900.0,6,917.13,22986000.0,1
8028200.0,1,123.49,22945000.0,0
17700.0,6,834.22,1979000.0,1
7302300.0,1,228.41,6802000.0,0
3407800.0,19,252.16,19769000.0,0
9974400.0,19,820.45,7839000.0,0
7358800.0,19,74.37,18955000.0,1
2846900.0,20,335.99,7132000.0,0
7940200.0,5,446.43,13886000.0,0
3819900.0,9,760.06,2165000.0,1
359200.0,14,777.64,26486000.0,1
3691200.0,23,690.99,7961000.0,0
2589400.0,8,12.15,29140000.0,0
5175900.0,1,910.01,5993000.0,0
3588400.0,10,204.86,22961000.0,0
8751500.0,1,113.72,3499000.0,1
4824900.0,15,759.24,27987000.0,1
3722600.0,21,207.54,21523000.0,1
7939100.0,14,416.27,14960000.0,0
6926300.0,5,578.33,7209000.0,0
3188800.0,7,109.92,6408000.0,0
2920900.0,11,591.9,20190000.0,1
7597600.0,23,983.22,26013000.0,1
6457100.0,2,667.34,8307000.0,1
9855000.0,15,423.04,28564000.0,0
3285900.0,1,600.17,23554000.0,0
5732400.0,8,251.22,12882000.0,1
572300.0,10,775.04,19388000.0,0
4260500.0,9,186.42,13992000.0,1
8419300.0,16,426.42,18487000.0,0
6849200.0,8,832.43,2451000.0,1
4092900.0,8,8.72,8613000.0,0
5691100.0,21,742.96,17038000.0,0
6573800.0,16,845.46,24596000.0,0
6698100.0,18,438.85,12760000.0,1
2733600.0,6,659.35,27307000.0,1
1546400.0,6,828.76,13768000.0,1
379000.0,11,243.2,27923000.0,0
2545200.0,22,166.61,5528000.0,0
3472200.0,0,974.14,9456000.0,0
4325200.0,5,636.38,8142000.0,1
1627000.0,18,260.4,12717000.0,0
9522100.0,13,312.53,25055000.0,0
6854500.0,19,314.67,17157000.0,1
4513900.0,10,91.78,23359000.0,1
2864600.0,3,747.07,2377000.0,0
7509200.0,0,777.74,16732000.0,1
5171500.0,0,548.51,1953000.0,1
3972800.0,18,334.61,18930000.0,0
8611200.0,8,358.48,27971000.0,1
933400.0,4,85.81,19094000.0,0
4537800.0,7,966.12,27432000.0,0
2445000.0,5,833.97,23410000.0,0
3539900.0,11,318.58,1149000.0,1
9048600.0,4,421.65,11387000.0,1
1660300.0,20,954.64,26332000.0,1
5353300.0,20,608.45,13913000.0,0
5536600.0,11,256.26,29625000.0,1
2230700.0,4,474.45,10878000.0,1
1374500.0,0,848.54,15214000.0,1
1693400.0,13,56.69,21898000.0,0
3434400.0,6,101.06,23092000.0,0
1051700.0,23,77.26,15562000.0,0
8614400.0,18,594.13,6521000.0,0
3501100.0,22,573.21,3134000.0,1
9668700.0,1,340.44,14165000.0,1
9922100.0,7,37.4,9862000.0,0
7704600.0,18,873.29,23851000.0,1
110200.0,12,109.38,29257000.0,0
1066100.0,2,323.21,1460000.0,0
4778000.0,19,712.64,11884000.0,0
2301300.0,16,434.07,21659000.0,0
5777000.0,23,314.38,12195000.0,1
2585300.0,7,111.0,18629000.0,1
5639400.0,5,452.47,28896000.0,1
1563100.0,20,303.95,20375000.0,1
9448000.0,20,701.22,27689000.0,1
6629700.0,9,255.05,15349000.0,0
4935300.0,0,745.91,2948000.0,1
5434100.0,13,724.52,14402000.0,1
9867000.0,17,961.29,24029000.0,1
8242100.0,9,303.53,29304000.0,1
2230100.0,8,829.59,5431000.0,1
7449900.0,4,758.9,5386000.0,1
7055000.0,14,678.93,27537000.0,0
8649800.0,23,736.88,9852000.0,1
4796900.0,16,378.61,3073000.0,0
139400.0,10,306.41,10546000.0,0
3383600.0,3,434.21,10535000.0,1
2981300.0,2,252.67,6864000.0,0
1934100.0,6,531.1,10743000.0,0
7959000.0,20,64.34,6491000.0,0
384500.0,2,821.85,26794000.0,0
7041500.0,12,250.46,8416000.0,0
2585200.0,0,60.31,1388000.0,0
6556600.0,6,225.26,13077000.0,1
183400.0,15,785.49,9459000.0,0
4639500.0,1,232.71,6434000.0,0
6327500.0,8,670.86,5882000.0,0
3038900.0,10,610.34,22889000.0,0
9208800.0,7,228.04,26704000.0,1
7017200.0,3,903.45,7349000.0,0
5225400.0,10,690.47,25737000.0,1
996200.0,23,581.5,21545000.0,0
2387200.0,15,782.2,8236000.0,1
9864900.0,15,135.31,12319000.0,1
7011300.0,7,567.97,7217000.0,1
9641800.0,23,397.35,22496000.0,0
7387000.0,7,838.87,11259000.0,0
2220400.0,12,444.9,13274000.0,1
804600.0,22,91.57,29978000.0,1
5342500.0,14,892.42,1991000.0,0
7601500.0,15,410.99,20377000.0,1
4018400.0,21,196.95,18909000.0,0
9010500.0,8,892.52,15868000.0,0
8755200.0,9,466.67,20233000.0,1
6008700.0,6,807.65,2686000.0,1
5768300.0,16,39.71,21132000.0,0
9955100.0,21,171.13,1307000.0,1
4680400.0,6,783.42,25017000.0,1
2137000.0,3,353.39,4555000.0,0
6502100.0,20,306.75,1291000.0,0
6868200.0,12,337.38,5375000.0,0
4726700.0,16,734.78,10291000.0,0
818800.0,11,434.63,14408000.0,1
6776100.0,21,683.06,10484000.0,1
8908600.0,23,911.09,26540000.0,1
9702400.0,15,431.76,11527000.0,1
5489700.0,0,133.55,25343000.0,0
186700.0,23,471.76,7697000.0,0
4879400.0,2,314.12,21878000.0,1
7526000.0,12,316.13,21369000.0,1
8425900.0,3,170.35,19472000.0,1
5649400.0,17,219.1,18040000.0,1
8593300.0,10,168.05,13454000.0,1
9374000.0,17,164.59,24414000.0,1
8763100.0,21,970.24,13066000.0,0
4482000.0,18,528.47,24671000.0,1
8890900.0,17,882.19,22854000.0,1
9800000.0,17,432.0,14588000.0,0
1574500.0,20,530.49,4700000.0,0
2736700.0,18,491.73,22724000.0,1
8244700.0,11,824.45,16437000.0,0
7815000.0,13,948.9,24760000.0,0
6107200.0,21,400.15,7921000.0,0
3178800.0,5,987.56,6344000.0,0
6622200.0,4,624.21,24458000.0,1
2857800.0,1,928.75,6121000.0,0
3129800.0,1,440.91,13394000.0,1
5465000.0,1,374.45,2891000.0,0
6745700.0,5,159.3,15825000.0,1
5498900.0,3,269.26,17760000.0,0
3589800.0,15,815.84,17294000.0,1
5556800.0,8,655.55,27351000.0,0
5322900.0,10,223.67,25070000.0,1
4826200.0,9,758.68,22546000.0,0
7148300.0,23,977.8,16759000.0,0
1155500.0,7,100.46,22812000.0,1
7295500.0,10,287.02,16949000.0,0
8578800.0,19,173.99,22665000.0,0
3978600.0,11,858.5,28715000.0,0
8726700.0,3,761.26,15749000.0,1
5740200.0,17,175.89,17280000.0,1
6001600.0,23,893.89,18296000.0,0
7352100.0,8,406.33,18625000.0,1
5213300.0,12,601.38,12934000.0,1
2019600.0,13,84.81,12660000.0,1
5906200.0,17,860.94,20997000.0,0
2453600.0,14,30.87,29015000.0,0
4066400.0,14,83.38,1600000.0,1
5054100.0,5,420.88,22560000.0,1
9943100.0,8,289.37,15881000.0,0
4337100.0,19,510.68,25113000.0,1
7316200.0,21,236.76,9435000.0,0
5826000.0,16,513.11,27565000.0,0
7648500.0,8,876.16,18370000.0,0
3947800.0,17,655.21,15722000.0,1
2972800.0,4,47.64,15147000.0,0
8252200.0,21,65.71,12780000.0,1
5322800.0,2,952.81,28962000.0,0
1148200.0,7,46.69,15912000.0,1
3006200.0,19,914.21,1925000.0,1
265200.0,14,774.02,16392000.0,0
7940800.0,4,767.27,25249000.0,0
9427400.0,23,2.51,8094000.0,0
2195000.0,19,943.13,28248000.0,0
3177600.0,9,67.66,11496000.0,0
344300.0,23,442.51,18195000.0,0
3813400.0,8,737.8,19436000.0,0
9575100.0,19,387.95,6730000.0,1
3016200.0,10,516.33,29610000.0,0
6221600.0,21,125.02,18641000.0,0
2815300.0,3,351.76,17309000.0,0
7113800.0,10,55.37,5228000.0,1
8296600.0,21,171.89,29817000.0,1
7243800.0,8,606.07,26107000.0,1
3880700.0,16,880.27,19896000.0,1
7440400.0,9,378.36,10788000.0,0
4799300.0,22,638.72,15178000.0,1
8533000.0,7,917.51,11791000.0,0
3485600.0,18,69.42,21574000.0,1
8254500.0,1,969.3,22777000.0,1
6665000.0,11,217.82,15655000.0,0
913700.0,13,463.59,29995000.0,0
2252200.0,1,293.44,18112000.0,1
6361500.0,16,200.33,15566000.0,0
3990200.0,16,477.87,12364000.0,0
7732500.0,14,700.77,10860000.0,0
2181900.0,6,165.18,15739000.0,1
7687600.0,23,499.31,17721000.0,0
2407400.0,0,806.75,23516000.0,1
3900900.0,14,508.75,10285000.0,0
6140300.0,19,532.18,27848000.0,1
6771500.0,21,862.87,26319000.0,1
9476100.0,2,345.15,5189000.0,0
7948600.0,3,466.11,16017000.0,1
3539300.0,11,830.11,6263000.0,0
8112700.0,13,274.73,22278000.0,0
1518800.0,1,517.85,2293000.0,1
9115000.0,14,595.99,19031000.0,0
3443900.0,20,562.86,10458000.0,1
5085200.0,17,303.56,11087000.0,1
9321100.0,2,825.8,7682000.0,1
6233100.0,5,923.87,22176000.0,0
7810300.0,10,294.01,17744000.0,1
6574200.0,13,965.07,21423000.0,1
1626900.0,21,836.8,12896000.0,0
3895000.0,23,318.76,23841000.0,0
3692300.0,22,669.84,20727000.0,0
732800.0,0,173.84,1386000.0,1
7805200.0,20,705.14,11279000.0,0
4023300.0,15,239.47,5261000.0,0
9182800.0,10,961.88,17573000.0,0
7444900.0,17,563.24,8809000.0,1
3894500.0,20,186.67,8076000.0,0
301400.0,19,865.84,1977000.0,0
9234500.0,14,214.4,2762000.0,0
611300.0,22,30.04,16592000.0,0
4056500.0,12,618.54,14263000.0,0
2227500.0,18,276.38,22060000.0,1
9839500.0,22,133.75,7462000.0,1
8799300.0,18,824.17,18846000.0,1
2695200.0,10,741.34,13598000.0,1
1909400.0,10,662.09,24460000.0,1
604600.0,23,442.24,29605000.0,0
192800.0,9,407.36,10377000.0,1
1355300.0,6,418.82,11662000.0,1
4470400.0,5,613.74,1868000.0,1
4297500.0,14,651.98,9350000.0,1
6820000.0,16,832.24,18954000.0,0
853400.0,23,686.49,28216000.0,1
1217100.0,16,31.46,10301000.0,1
5555500.0,10,388.62,7135000.0,0
779100.0,12,95.26,28964000.0,0
3225400.0,18,928.86,23246000.0,0
9311100.0,18,577.98,20596000.0,0
1963300.0,22,926.36,13530000.0,0
4037100.0,18,102.22,13736000.0,0
4964700.0,15,555.27,17535000.0,1
6259900.0,22,961.65,28089000.0,0
7896900.0,22,737.07,5817000.0,1
3209600.0,3,331.1,9358000.0,1
5566900.0,1,789.34,20779000.0,1
937600.0,20,429.62,12341000.0,0
3188700.0,17,653.79,10262000.0,0
3680200.0,3,830.15,3244000.0,0
3626000.0,3,599.62,19380000.0,0
6454400.0,10,904.33,3230000.0,0
7931000.0,2,770.16,22670000.0,0
6325200.0,20,138.85,29380000.0,1
7043500.0,23,297.07,4570000.0,1
529500.0,4,46.16,21999000.0,1
6344300.0,7,934.03,27375000.0,0
1134400.0,19,927.94,20772000.0,1
7852100.0,0,74.04,21433000.0,1
2270500.0,2,15.34,27040000.0,1
1830400.0,17,888.54,16535000.0,1
5636000.0,17,394.53,24600000.0,0
4484000.0,12,434.89,8573000.0,1
2197700.0,9,531.82,29230000.0,0
311200.0,2,228.31,12523000.0,1
318800.0,12,40.94,24302000.0,1
4453800.0,20,244.2,21176000.0,0
3244900.0,5,806.31,8930000.0,1
459900.0,16,934.71,4829000.0,0
8888700.0,13,788.53,16680000.0,1
1076800.0,17,734.55,5593000.0,1
2803700.0,10,596.07,6496000.0,1
8149200.0,6,633.49,27117000.0,0
6943600.0,2,143.12,16845000.0,0
6220800.0,1,284.11,21168000.0,0
7561000.0,12,43.72,7332000.0,0
5702700.0,4,546.39,20879000.0,0
4168000.0,17,754.82,17459000.0,0
9823400.0,14,82.83,4102000.0,1
774300.0,21,262.48,4185000.0,0
1334900.0,3,362.11,10542000.0,0
9304700.0,3,711.35,2061000.0,0
3895000.0,21,234.82,18490000.0,1
6320100.0,23,883.93,3701000.0,1
2941800.0,12,571.6,23225000.0,1
4168600.0,13,527.12,12494000.0,0
5054700.0,9,691.78,13732000.0,0
9638300.0,12,915.02,23116000.0,1
7094500.0,18,718.31,17669000.0,1
7568600.0,11,471.52,23897000.0,1
9107900.0,17,838.39,14508000.0,1
1545000.0,21,740.13,5026000.0,0
736800.0,17,957.16,17975000.0,0
6125300.0,21,170.04,1292000.0,1
9822900.0,17,377.29,19494000.0,1
81000.0,15,257.76,15407000.0,1
8944800.0,19,567.62,5140000.0,0
2587800.0,15,785.92,29021000.0,1
3085700.0,21,328.83,24717000.0,1
5212800.0,15,41.38,13414000.0,0
3419100.0,7,672.49,4074000.0,1
4130700.0,12,631.54,1555000.0,0
2160900.0,4,27.91,4540000.0,0
6009600.0,7,389.53,11676000.0,0
4106200.0,14,26.98,19071000.0,0
8574800.0,3,20.67,25473000.0,1
8531900.0,3,20.01,11081000.0,1
3213200.0,17,623.97,13094000.0,0
6240400.0,5,6.19,21640000.0,1
7589700.0,6,871.75,22061000.0,0
3916700.0,4,296.63,25455000.0,0
8866600.0,20,95.88,29148000.0,0
6882500.0,18,608.88,2238000.0,0
8784400.0,10,149.16,3362000.0,1
43300.0,23,340.56,4736000.0,0
508000.0,20,184.54,13019000.0,0
5780100.0,12,733.6,1116000.0,1
2704600.0,3,840.07,25985000.0,1
9432800.0,23,968.87,26907000.0,0
3010400.0,5,445.4,6035000.0,1
638400.0,17,405.42,13461000.0,0
215200.0,3,665.23,27684000.0,0
7081400.0,17,145.44,23730000.0,1
5241200.0,11,155.89,28216000.0,1
1702100.0,7,731.06,29892000.0,0
1126600.0,7,837.69,24122000.0,0
3909400.0,5,481.49,26850000.0,1
8921900.0,18,582.2,7712000.0,1
6192600.0,7,124.67,26381000.0,0
5500500.0,15,688.71,20057000.0,0
2835400.0,12,760.42,8234000.0,0
9021000.0,6,575.06,26837000.0,1
8058000.0,22,773.79,10319000.0,0
2346300.0,14,586.81,6343000.0,0
7752800.0,21,818.54,23449000.0,0
2473000.0,0,346.39,4397000.0,0
6782000.0,22,592.08,3979000.0,1
1321000.0,18,473.0,22668000.0,0
5662500.0,21,44.27,3522000.0,0
7459900.0,15,353.16,17817000.0,1
200300.0,17,828.33,19391000.0,0
7201200.0,16,422.84,12282000.0,1
4233000.0,2,573.22,17836000.0,0
8651000.0,11,495.55,9273000.0,0
7068500.0,23,874.05,16737000.0,0
4169800.0,0,259.98,9251000.0,0
7193900.0,22,413.4,20321000.0,1
9854400.0,20,640.66,15266000.0,1
8035800.0,18,147.49,23871000.0,0
6330300.0,1,530.94,10309000.0,1
8238500.0,12,87.16,21440000.0,1
5462700.0,7,94.18,29603000.0,1
8341800.0,23,181.59,16160000.0,0
4682800.0,11,454.15,16541000.0,1
6907900.0,21,703.08,26735000.0,0
146100.0,21,78.68,16255000.0,0
5792300.0,6,41.92,1082000.0,1
6152500.0,3,994.47,10980000.0,0
2962900.0,21,175.99,27820000.0,0
4638200.0,11,477.2,11083000.0,0
2409600.0,4,628.33,10214000.0,0
1935900.0,20,330.79,12575000.0,1
6658500.0,10,521.6,13171000.0,1
9611100.0,10,481.4,10504000.0,0
7868700.0,3,464.15,9862000.0,1
4574900.0,8,545.65,13059000.0,0
9753400.0,5,229.9,3220000.0,0
9904200.0,13,938.57,6348000.0,0
6098500.0,21,779.35,7852000.0,1
7146700.0,22,614.74,7627000.0,0
1899000.0,12,23.67,23272000.0,1
5585400.0,1,490.43,26210000.0,0
2073000.0,14,250.33,16928000.0,1
6042700.0,13,40.43,3885000.0,1
1967900.0,4,304.08,22329000.0,0
5176400.0,16,925.98,1360000.0,0
6143400.0,7,113.57,13351000.0,0
553400.0,2,303.87,5704000.0,1
3607500.0,23,619.01,4419000.0,1
1277000.0,0,364.42,24910000.0,1
4561300.0,4,451.63,9122000.0,0
4174700.0,16,205.23,17621000.0,1
2785900.0,19,584.09,26340000.0,0
6423900.0,6,279.97,5071000.0,0
9904200.0,0,773.19,12636000.0,0
2698300.0,16,499.46,5755000.0,1
3320500.0,16,321.7,23787000.0,1
9690000.0,23,629.85,14206000.0,0
2246200.0,6,653.51,16459000.0,1
4475500.0,6,613.39,7669000.0,0
4465800.0,3,501.53,9947000.0,1
4645200.0,19,573.66,29819000.0,0
4947900.0,15,594.37,22650000.0,1
4888100.0,8,691.04,13213000.0,1
1718200.0,0,618.08,27336000.0,1
8371400.0,10,312.27,22253000.0,0
568400.0,0,219.41,23244000.0,0
5695800.0,9,576.05,8997000.0,0
6597200.0,22,793.82,23854000.0,1
505100.0,19,8.08,12391000.0,1
1695300.0,6,373.62,23924000.0,0
6826900.0,1,81.77,8338000.0,1
3427500.0,20,736.31,22739000.0,1
8582700.0,0,984.95,26624000.0,0
635000.0,1,66.12,14798000.0,1
5494100.0,13,978.23,29880000.0,1
9802100.0,0,768.26,1999000.0,1
4051400.0,8,408.49,9227000.0,1
1127800.0,12,204.63,25631000.0,0
7970700.0,19,311.6,13055000.0,1
1055000.0,16,593.43,25338000.0,1
217700.0,4,465.47,7714000.0,1
2813700.0,3,343.56,6741000.0,1
8143100.0,11,951.53,14225000.0,0
9741200.0,8,804.84,6420000.0,1
8907100.0,22,521.95,8257000.0,1
3403500.0,14,331.76,10790000.0,1
5110800.0,22,668.1,18479000.0,0
2762900.0,6,229.36,18973000.0,1
1241100.0,5,725.64,3085000.0,0
1660800.0,6,711.57,22208000.0,1
7442800.0,12,180.63,24163000.0,1
7027900.0,14,356.74,16587000.0,0
5487300.0,3,642.29,18752000.0,0
5376300.0,3,765.69,24601000.0,1
5249500.0,1,89.29,5321000.0,0
7068500.0,12,50.8,3305000.0,0
9301800.0,11,488.39,27714000.0,1
4559100.0,19,687.71,26067000.0,0
9264400.0,5,462.61,27635000.0,1
9078600.0,11,500.24,22047000.0,1
4309300.0,12,498.1,14814000.0,0
3852900.0,3,341.56,16031000.0,0
2519000.0,21,193.51,25332000.0,1
694400.0,3,789.36,12446000.0,1
9715500.0,16,554.58,17202000.0,1
3867500.0,12,931.73,27954000.0,1
8211000.0,11,784.31,14390000.0,0
7495400.0,4,731.35,13543000.0,1
7612200.0,20,328.65,23762000.0,1
3596200.0,10,582.03,28855000.0,1
3688700.0,15,840.67,5458000.0,1
7203400.0,20,797.84,5313000.0,1
7896800.0,17,793.52,15733000.0,1
3600600.0,19,509.21,14649000.0,1
7423000.0,20,811.94,28796000.0,1
4298400.0,21,212.53,3230000.0,1
9795900.0,6,980.77,9229000.0,0
9355700.0,5,490.02,28258000.0,0
3554400.0,21,117.6,24629000.0,0
2173200.0,9,388.68,1856000.0,0
6771400.0,15,277.45,6442000.0,1
6196300.0,5,304.56,25543000.0,1
1750700.0,1,122.39,20311000.0,0
156400.0,17,298.61,11421000.0,1
3731800.0,10,955.08,13982000.0,1
5862500.0,5,226.8,16821000.0,1
8429500.0,11,72.9,11114000.0,0
4100700.0,19,390.96,1461000.0,0
2965000.0,6,831.46,26426000.0,1
969700.0,5,83.99,2193000.0,0
3787100.0,18,694.96,13661000.0,1
8448600.0,15,510.57,12985000.0,0
8818200.0,8,608.19,1240000.0,0
5272900.0,11,549.22,5144000.0,0
3640400.0,9,769.89,17404000.0,1
9333900.0,9,484.11,9842000.0,1
605300.0,13,838.96,26324000.0,0
5992300.0,2,810.09,7994000.0,0
1599100.0,14,56.54,27904000.0,0
5203000.0,13,838.2,10113000.0,1
8185400.0,10,614.89,24458000.0,0
7036400.0,4,214.44,27794000.0,1
5920300.0,17,637.92,18899000.0,0
6901400.0,19,925.18,14451000.0,1
5890300.0,10,126.82,10177000.0,0
5940300.0,5,774.19,28583000.0,1
9005400.0,17,476.82,20219000.0,0
6934000.0,18,443.69,5883000.0,0
189100.0,22,861.27,16320000.0,0
2652000.0,6,641.25,14266000.0,0
8139300.0,21,46.1,22855000.0,1
9155500.0,9,212.85,20528000.0,0
5242100.0,14,667.79,18956000.0,0
3642500.0,2,835.58,10035000.0,1
6719500.0,23,139.3,17836000.0,1
380000.0,17,520.99,16557000.0,1
196400.0,21,517.43,15248000.0,1
10000.0,16,367.89,12660000.0,0
9753900.0,21,730.79,9024000.0,0
6613800.0,12,500.87,9786000.0,0
221400.0,2,898.9,29687000.0,1
5055800.0,19,475.4,14621000.0,1
9578800.0,15,163.98,1096000.0,1
245600.0,4,544.65,2012000.0,0
8618400.0,20,647.09,20519000.0,0
4594700.0,7,431.92,19816000.0,1
7532700.0,23,620.81,8029000.0,0
6409600.0,20,207.36,7060000.0,1
3420000.0,5,806.42,29721000.0,1
3263900.0,3,369.99,28290000.0,0
2021400.0,15,473.95,28622000.0,0
665400.0,21,832.71,15597000.0,1
5509200.0,8,531.78,14765000.0,1
379700.0,12,804.34,1364000.0,1
3438700.0,17,908.58,5799000.0,0
1537600.0,18,70.19,20381000.0,0
9791900.0,0,855.12,3831000.0,0
6058700.0,14,118.45,23400000.0,0
2037300.0,10,317.12,6506000.0,0
80000.0,18,856.07,21070000.0,0
3425700.0,8,250.35,10407000.0,0
4658800.0,0,115.35,25954000.0,0
5191600.0,3,503.34,17725000.0,0
4205800.0,9,872.4,10578000.0,1
5961000.0,22,868.62,10594000.0,1
7359200.0,10,426.43,3894000.0,1
3915900.0,9,467.64,21187000.0,1
2023700.0,5,874.06,11843000.0,0
6409500.0,4,562.57,6283000.0,0
6115000.0,3,288.39,24971000.0,1
4217300.0,6,252.66,21545000.0,1
3654500.0,18,868.02,17176000.0,1
3043200.0,7,541.75,27816000.0,1
6541900.0,16,351.43,28419000.0,0
2980600.0,18,671.85,16174000.0,1
7963500.0,0,505.5,24020000.0,1
9700900.0,17,991.68,18842000.0,1
968800.0,3,961.81,16912000.0,0
131400.0,7,443.52,18202000.0,1
7956500.0,22,409.36,21507000.0,0
8476600.0,1,925.52,27104000.0,1
5263300.0,11,937.58,13306000.0,0
1101000.0,14,997.49,15917000.0,0
5434100.0,1,834.48,17351000.0,1
3165500.0,18,464.69,9146000.0,1
2916500.0,2,772.8,10535000.0,1
2292400.0,18,572.93,19240000.0,0
374800.0,0,713.66,16966000.0,1
2003200.0,15,442.47,28536000.0,1
3547300.0,12,294.37,29514000.0,0
414500.0,19,564.83,6270000.0,0
1863200.0,1,749.2,2466000.0,0
2015700.0,14,146.46,25411000.0,1
1391200.0,16,741.45,6003000.0,1
3920000.0,21,300.87,3356000.0,1
7247100.0,5,668.7,8121000.0,1
8541400.0,11,280.51,2345000.0,1
4876300.0,7,503.71,12950000.0,0
7689200.0,15,770.05,16564000.0,0
3799600.0,7,981.0,23416000.0,1
6631500.0,13,455.65,16284000.0,1
2496100.0,15,544.46,26102000.0,1
4890300.0,15,940.2,4345000.0,1
6163500.0,7,438.79,1190000.0,0
2217600.0,9,825.31,13276000.0,1
3960800.0,18,428.96,16664000.0,1
3164200.0,3,429.82,17597000.0,1
2074100.0,4,475.88,19647000.0,1
8715900.0,19,216.48,5916000.0,1
2957000.0,1,553.19,17746000.0,0
731100.0,12,923.27,16558000.0,0
6452600.0,23,957.06,3813000.0,1
2244400.0,16,814.06,19163000.0,0
2450900.0,17,727.97,12654000.0,0
8905200.0,10,628.17,5864000.0,0
4687200.0,10,406.77,18180000.0,1
1236200.0,10,239.47,17751000.0,0
5337700.0,19,875.75,24349000.0,0
9759900.0,10,614.78,29269000.0,0
9297600.0,3,287.58,7287000.0,0
3012600.0,23,287.0,21464000.0,0
5910500.0,14,741.77,26776000.0,1
3713100.0,10,125.3,12946000.0,1
8108300.0,9,599.54,26573000.0,0
6789600.0,9,948.02,23323000.0,1
2718900.0,12,109.78,3209000.0,0
1926500.0,3,117.66,14420000.0,0
9703700.0,1,643.94,23022000.0,1
3765900.0,20,328.14,26740000.0,0
6435700.0,9,870.98,17930000.0,0
9081400.0,10,965.32,7167000.0,0
3043200.0,0,83.97,1730000.0,0
6426200.0,1,445.99,26143000.0,0
3770000.0,9,820.24,12212000.0,1
6668500.0,0,700.34,22931000.0,1
4329900.0,8,698.38,6320000.0,1
3370300.0,10,155.78,13455000.0,1
9276500.0,22,159.49,29187000.0,1
4739000.0,15,244.44,16080000.0,1
7033500.0,19,792.38,8475000.0,0
3444700.0,15,992.2,4899000.0,1
3669200.0,21,368.77,23397000.0,0
9632200.0,12,370.57,8566000.0,1
7087300.0,4,175.07,20737000.0,0
7575900.0,15,273.51,28539000.0,0
6276900.0,11,909.74,17757000.0,0
7499100.0,16,883.75,8804000.0,1
6284900.0,8,356.75,29911000.0,0
7894600.0,8,420.93,27554000.0,0
5225000.0,17,617.92,26818000.0,1
7307400.0,22,370.41,1668000.0,1
5531600.0,14,418.62,9102000.0,0
7315000.0,18,924.38,10811000.0,0
5608400.0,6,978.93,8317000.0,0
2850100.0,2,708.59,18914000.0,0
9048600.0,21,967.78,11070000.0,0
1315500.0,0,121.26,27175000.0,1
5882000.0,15,579.64,17640000.0,0
3410800.0,8,548.05,13065000.0,1
2471700.0,6,866.09,24643000.0,0
9282200.0,23,987.56,12095000.0,0
9272900.0,4,718.7,12123000.0,0
9895400.0,16,900.32,13767000.0,0
5252400.0,16,656.07,23579000.0,1
5940900.0,12,541.61,8824000.0,1
3923300.0,0,747.13,26261000.0,0
4757100.0,20,931.9,5401000.0,1
4119700.0,22,857.25,26976000.0,0
6333900.0,13,93.41,22257000.0,1
5056200.0,23,419.52,2629000.0,1
1277600.0,4,288.78,7775000.0,0
1650600.0,23,527.48,21230000.0,1
723100.0,17,486.57,22534000.0,1
5019100.0,16,86.51,26993000.0,1
2341800.0,23,732.41,15866000.0,0
4849100.0,23,774.95,5332000.0,1
3106800.0,5,599.22,29775000.0,0
7977000.0,16,933.83,23602000.0,1
8567200.0,8,605.65,10960000.0,1
563800.0,1,512.57,11910000.0,0
8879200.0,4,472.59,18931000.0,1
3379700.0,23,230.31,4775000.0,0
4854200.0,8,405.04,28047000.0,0
1077000.0,13,842.77,7531000.0,0
555900.0,7,297.07,1157000.0,0
8279300.0,1,189.25,12690000.0,0
3961800.0,20,561.72,1588000.0,0
1558300.0,0,33.44,7035000.0,1
7841700.0,5,547.11,6806000.0,0
5873700.0,12,225.85,17100000.0,1
7732100.0,5,282.47,15277000.0,1
4768800.0,21,271.84,26330000.0,0
4007900.0,0,245.61,15157000.0,1
7914600.0,17,982.57,27038000.0,1
5586200.0,10,300.93,27266000.0,1
5760900.0,17,315.75,19793000.0,1
2995300.0,23,590.98,28453000.0,1
4956200.0,19,617.81,26980000.0,1
4060200.0,11,368.95,23600000.0,1
3665900.0,4,227.49,5166000.0,1
9653100.0,10,907.36,10074000.0,0
7373100.0,13,379.62,18131000.0,0
3082100.0,21,449.89,15468000.0,1
9161100.0,0,330.78,20598000.0,1
7836300.0,15,702.04,1939000.0,1
761700.0,15,905.57,5241000.0,1
9601300.0,14,206.2,23371000.0,1
7362800.0,5,149.69,19383000.0,0
8716900.0,10,42.46,20565000.0,1
9978900.0,4,215.19,23199000.0,0
4562200.0,21,541.02,4518000.0,1
8326700.0,3,322.49,15709000.0,1
3739000.0,0,439.05,29123000.0,0
6214200.0,10,186.99,25838000.0,0
9999300.0,23,199.46,11600000.0,1
9369000.0,6,154.27,26071000.0,0
3676700.0,0,784.44,9545000.0,1
3099200.0,8,457.38,23181000.0,1
9000800.0,15,663.31,11800000.0,0
9107700.0,19,722.47,11667000.0,0
2876800.0,0,451.85,22901000.0,1
1067300.0,7,305.39,28117000.0,0
2500100.0,22,214.18,25844000.0,0
4563000.0,18,518.31,17143000.0,0
792500.0,5,440.45,17220000.0,1
7823700.0,3,632.2,22682000.0,1
7541800.0,2,851.33,13621000.0,1
4049300.0,21,51.99,25932000.0,1
5256000.0,0,128.25,6838000.0,1
6549100.0,21,848.44,22348000.0,1
296600.0,9,433.23,11888000.0,0
2766200.0,0,567.06,16856000.0,1
4469500.0,10,616.96,28352000.0,1
183500.0,17,238.17,20563000.0,0
764300.0,11,211.34,26336000.0,0
9275900.0,11,839.18,1109000.0,0
9885100.0,13,346.85,25297000.0,0
6823600.0,21,349.17,1363000.0,0
7765200.0,11,67.53,4876000.0,0
2172400.0,22,28.45,10352000.0,0
7937100.0,20,992.44,22910000.0,0
937800.0,8,669.34,1290000.0,1
5867100.0,1,189.27,28945000.0,0
3475700.0,21,527.67,18085000.0,0
9012900.0,23,612.77,13268000.0,1
8467600.0,19,877.21,26661000.0,1
4871600.0,17,584.5,7445000.0,0
4529600.0,23,850.82,26460000.0,0
5804800.0,1,829.66,27672000.0,0
6184000.0,2,934.3,11583000.0,1
1821300.0,20,341.94,4012000.0,0
1119000.0,17,35.18,26663000.0,0
6258400.0,18,346.92,22552000.0,0
3112400.0,18,277.17,13083000.0,0
6051400.0,7,486.17,14042000.0,1
5383200.0,23,975.29,1059000.0,0
1764200.0,13,320.33,21776000.0,1
4705800.0,4,476.0,17784000.0,0
8708200.0,23,784.6,11684000.0,0
490500.0,14,577.75,25355000.0,0
7750300.0,14,279.68,1987000.0,0
2947000.0,20,361.87,10979000.0,1
7765000.0,12,26.52,27800000.0,0
3831100.0,23,366.47,16812000.0,0
5654800.0,20,293.5,18619000.0,1
2896900.0,11,150.88,9065000.0,0
8985500.0,18,987.62,17647000.0,0
1099000.0,7,546.95,6196000.0,0
4532600.0,9,733.91,13387000.0,0
5392700.0,19,872.35,16761000.0,1
2827900.0,17,893.15,23841000.0,0
3915800.0,21,723.27,9630000.0,1
9515800.0,12,743.42,11509000.0,1
5130500.0,11,777.08,23347000.0,1
8158100.0,9,500.58,5070000.0,0
9001300.0,4,292.24,17722000.0,0
4877100.0,10,560.2,27960000.0,0
8162900.0,2,852.11,26315000.0,1
459500.0,22,607.5,25106000.0,0
9501600.0,3,970.97,21261000.0,1
4448700.0,22,312.01,26623000.0,0
2143300.0,1,233.29,21626000.0,1
975500.0,4,342.77,21501000.0,0
3797200.0,2,810.93,4178000.0,0
5315900.0,2,896.79,29210000.0,1
8404400.0,10,238.11,16681000.0,0
6421800.0,17,300.16,16847000.0,0
2756100.0,12,533.04,1136000.0,1
9667300.0,0,982.33,9181000.0,1
4667700.0,2,790.76,14797000.0,1
8283200.0,0,437.76,7520000.0,1
8723300.0,10,930.43,9881000.0,0
77700.0,9,471.41,27027000.0,0
1778200.0,12,545.37,11773000.0,0
5683900.0,20,288.14,9438000.0,0
4133500.0,22,127.95,18104000.0,0
710600.0,5,501.59,13010000.0,0
3531900.0,3,569.49,28550000.0,0
3969400.0,22,787.72,10021000.0,0
7533200.0,15,186.23,6027000.0,1
644200.0,1,967.94,2196000.0,0
8449900.0,6,248.35,18222000.0,0
9666300.0,8,249.89,3053000.0,1
7687700.0,21,745.95,2071000.0,1
1500200.0,20,159.39,10356000.0,1
8289400.0,23,249.27,14499000.0,0
9451000.0,23,5.22,19401000.0,0
154200.0,8,961.4,28016000.0,0
2671800.0,9,810.07,21011000.0,1
732900.0,12,106.02,21299000.0,1
8521000.0,21,210.65,17531000.0,0
9042300.0,21,859.67,13076000.0,1
4137900.0,2,915.97,19311000.0,0
1171800.0,21,314.41,21607000.0,0
9060500.0,13,323.71,6730000.0,0
9942300.0,20,317.64,26926000.0,1
8395900.0,7,776.62,1606000.0,1
5832900.0,13,760.3,3329000.0,0
9103000.0,9,986.85,15592000.0,1
9062600.0,8,79.24,19653000.0,0
7415700.0,8,45.77,4079000.0,0
7502200.0,7,922.98,5526000.0,0
6400.0,23,870.92,26503000.0,1
8669000.0,13,619.02,6032000.0,1
731600.0,19,843.56,8955000.0,0
5873100.0,21,600.38,15668000.0,0
732100.0,6,740.66,14326000.0,0
7236000.0,20,939.28,22757000.0,1
2735300.0,18,800.15,12995000.0,0
6361800.0,9,994.41,23306000.0,0
4058200.0,8,142.76,29231000.0,1
5570600.0,22,790.15,19608000.0,0
4935300.0,1,953.84,8586000.0,1
7129600.0,17,455.81,4878000.0,1
6847400.0,16,711.96,20465000.0,1
9351400.0,17,268.54,26432000.0,1
7665600.0,10,605.94,24672000.0,0
3487100.0,13,664.52,19099000.0,1
1112000.0,22,172.84,8735000.0,1
7966000.0,22,915.24,13739000.0,0
4743900.0,8,271.72,13409000.0,1
7631300.0,13,554.16,24623000.0,1
2075100.0,21,290.07,15583000.0,1
3838900.0,3,614.47,9281000.0,0
4804600.0,22,916.02,10964000.0,1
5771400.0,6,156.51,18649000.0,0
4143900.0,18,814.53,13915000.0,1
7221400.0,19,220.84,18776000.0,0
2334800.0,1,951.71,14005000.0,1
8798400.0,17,162.07,7855000.0,1
5885300.0,7,661.67,23227000.0,0
3153300.0,5,812.91,1049000.0,0
6822300.0,18,458.66,17189000.0,1
8602600.0,21,820.09,21734000.0,0
2644100.0,13,47.88,2683000.0,1
1145500.0,13,940.46,9332000.0,1
7302300.0,12,516.03,12235000.0,0
6071200.0,12,692.29,7743000.0,0
3302600.0,10,566.81,20199000.0,1
3480000.0,14,757.63,8165000.0,0
6375400.0,14,439.53,14783000.0,0
2528400.0,23,774.01,20783000.0,0
2432900.0,12,237.46,20452000.0,0
4607800.0,23,601.91,10856000.0,0
4661900.0,10,462.88,20550000.0,0
2464400.0,4,669.69,21792000.0,1
8884200.0,21,733.53,25015000.0,0
3736100.0,10,829.55,21207000.0,1
8999700.0,1,991.07,2962000.0,1
7436800.0,18,932.53,15801000.0,0
7274400.0,21,90.75,20891000.0,1
8114100.0,9,970.63,29812000.0,0
1860100.0,14,252.63,3262000.0,1
234200.0,2,370.66,11451000.0,0
1990500.0,3,224.64,22509000.0,1
8891000.0,0,210.5,8219000.0,1
3554000.0,22,621.0,21616000.0,0
8184300.0,14,928.68,10937000.0,0
4844800.0,8,319.31,3507000.0,0
9424900.0,21,588.67,2452000.0,0
5184300.0,15,893.32,19215000.0,0
223000.0,12,432.65,22022000.0,0
510100.0,17,658.47,13356000.0,0
1241100.0,4,952.7,5027000.0,0
6267800.0,10,997.59,15551000.0,1
6047600.0,13,482.62,2188000.0,0
8046700.0,15,859.95,7346000.0,0
2940500.0,12,975.47,9190000.0,0
7451800.0,6,35.06,13416000.0,0
8752800.0,9,734.58,27643000.0,1
2031700.0,10,69.18,23830000.0,1
8614200.0,17,315.49,1150000.0,0
8513400.0,17,106.43,24027000.0,1
4091300.0,16,641.62,28562000.0,1
7464200.0,5,816.01,14437000.0,0
9320600.0,0,579.9,13167000.0,1
9881100.0,0,264.26,12657000.0,1
5388400.0,10,24.37,1839000.0,1
3940300.0,15,331.38,27014000.0,0
7494800.0,18,87.9,24838000.0,0
8108100.0,5,669.31,6556000.0,1
7749400.0,0,57.84,10699000.0,1
5544300.0,2,709.01,14165000.0,0
6711000.0,10,774.69,3591000.0,0
9468700.0,16,444.87,21450000.0,1
2549600.0,9,102.24,15554000.0,0
563200.0,0,369.39,24366000.0,1
5530700.0,3,322.52,7613000.0,0
6229200.0,9,896.14,26096000.0,1
4352800.0,21,157.68,14883000.0,0
2593000.0,11,10.32,28421000.0,0
982600.0,15,160.18,5542000.0,1
3489800.0,18,320.86,5507000.0,1
8189300.0,22,591.32,22326000.0,0
1893100.0,7,942.96,11586000.0,1
2937100.0,1,401.51,8252000.0,1
3220700.0,22,312.28,24078000.0,0
23700.0,19,371.05,19456000.0,1
3427900.0,20,779.71,18740000.0,1
9348700.0,1,516.29,14252000.0,1
435300.0,11,269.06,3064000.0,1
9160100.0,5,901.53,2315000.0,0
5396400.0,19,414.88,16795000.0,0
2671700.0,22,449.69,20515000.0,1
5041300.0,20,393.71,24320000.0,0
5052500.0,1,964.59,23367000.0,0
6843600.0,7,939.01,19217000.0,0
5805200.0,5,545.43,7233000.0,0
4075200.0,8,413.63,8008000.0,0
7983300.0,15,227.87,1069000.0,1
7159400.0,12,140.79,28182000.0,1
8864100.0,13,270.66,5063000.0,0
5911500.0,3,876.68,17303000.0,0
9809700.0,2,771.22,25726000.0,1
5175200.0,19,972.05,22388000.0,0
3908300.0,17,877.44,29493000.0,0
119200.0,6,439.68,15156000.0,0
5313600.0,22,675.19,1866000.0,0
354400.0,22,974.05,26599000.0,1
4871400.0,17,519.58,22216000.0,0
8208600.0,2,977.76,19554000.0,0
4154900.0,2,85.64,29059000.0,1
5491400.0,10,462.84,7211000.0,1
6451400.0,11,194.96,20021000.0,0
1141600.0,5,424.48,5085000.0,1
243200.0,11,959.37,13993000.0,0
2650800.0,20,487.95,16980000.0,1
1035300.0,14,844.83,13216000.0,0
1080100.0,9,472.52,17915000.0,1
6065200.0,16,375.14,6296000.0,0
9908100.0,6,943.43,21113000.0,1
3521800.0,22,922.16,4358000.0,1
8641200.0,8,378.68,25509000.0,0
78600.0,13,451.24,12621000.0,0
414900.0,4,458.14,11868000.0,1
5330300.0,3,445.6,9498000.0,1
1695100.0,1,582.83,25794000.0,0
5745200.0,15,625.06,2420000.0,1
3140100.0,16,148.48,13892000.0,0
6002700.0,15,147.52,2870000.0,0
739500.0,10,881.75,14551000.0,1
688600.0,7,824.7,22007000.0,0
401400.0,5,299.97,23115000.0,0
7705400.0,10,702.13,1307000.0,1
5068200.0,0,97.21,1040000.0,1
7543400.0,15,173.39,6091000.0,0
9513400.0,4,220.28,20802000.0,1
7725300.0,19,242.09,19568000.0,0
5604700.0,1,792.34,9461000.0,1
3883100.0,11,287.83,8859000.0,0
8296900.0,8,906.45,13202000.0,0
7304200.0,0,554.31,9439000.0,0
9211100.0,2,953.54,25552000.0,0
1917200.0,20,395.31,21111000.0,1
8564600.0,5,16.8,26156000.0,1
9075400.0,5,321.46,27758000.0,0
6691200.0,8,657.55,15018000.0,1
877600.0,22,626.3,22483000.0,1
7327600.0,6,224.39,6562000.0,1
3205500.0,20,237.84,17133000.0,1
4184800.0,6,764.34,24645000.0,0
8121200.0,22,932.99,1234000.0,0
1710100.0,11,875.62,18187000.0,1
4760500.0,11,521.36,19424000.0,0
9585200.0,7,197.55,12259000.0,0
7587700.0,11,530.56,2410000.0,1
2570400.0,2,887.69,22965000.0,0
6104800.0,13,56.83,10263000.0,0
1007000.0,6,370.55,15300000.0,0
162300.0,12,868.17,11531000.0,0
634300.0,2,66.99,10683000.0,1
3929700.0,18,949.72,20123000.0,0
2520700.0,0,810.71,7510000.0,1
6036400.0,1,632.28,24387000.0,0
8600200.0,16,92.04,4386000.0,1
6518600.0,22,935.84,29122000.0,1
5194100.0,12,294.65,1904000.0,1
9771100.0,3,417.03,16468000.0,0
1244900.0,15,979.24,2095000.0,1
6005500.0,1,533.76,6436000.0,1
6725500.0,1,126.01,16488000.0,0
9640500.0,12,450.0,14995000.0,1
7498500.0,15,184.79,4917000.0,1
4795400.0,19,778.79,9616000.0,1
3061700.0,22,816.03,25027000.0,0
6616800.0,16,683.0,7217000.0,1
3302500.0,16,44.65,3224000.0,1
6795700.0,1,476.26,13787000.0,0
3330500.0,9,895.66,4543000.0,0
4435600.0,5,434.25,3643000.0,0
8335400.0,21,782.57,2288000.0,1
4095000.0,3,951.55,15625000.0,1
1566700.0,23,311.52,5090000.0,0
4441000.0,5,616.32,28844000.0,1
6057900.0,22,657.3,6690000.0,0
1889900.0,19,346.79,16171000.0,1
3412900.0,13,134.81,17497000.0,1
4612500.0,1,766.44,28420000.0,1
634400.0,12,288.43,26743000.0,1
7755200.0,22,863.44,4282000.0,1
1235100.0,9,751.81,16200000.0,1
3327200.0,21,423.4,19273000.0,1
8385300.0,6,778.94,20475000.0,0
1397300.0,11,461.07,17583000.0,0
4211700.0,3,332.9,15059000.0,1
91300.0,8,378.62,1603000.0,0
8857900.0,5,608.72,4477000.0,0
8993800.0,4,668.17,21962000.0,0
7313300.0,20,143.49,26944000.0,0
1446700.0,5,988.7,11554000.0,1
7985100.0,19,332.58,2508000.0,1
2710200.0,20,914.95,19567000.0,0
9945400.0,1,812.46,22324000.0,0
4819600.0,19,991.83,15046000.0,1
3469200.0,13,955.76,6215000.0,1
9412200.0,17,263.99,21258000.0,1
8178600.0,16,926.88,17256000.0,1
1339000.0,8,777.12,3006000.0,1
73200.0,3,615.97,29685000.0,0
5544600.0,10,67.37,25935000.0,0
4707200.0,2,263.79,19683000.0,0
115400.0,23,205.74,16495000.0,1
114600.0,8,949.68,21985000.0,1
2374300.0,3,921.07,10517000.0,1
8094400.0,19,535.1,4261000.0,1
5554200.0,13,640.87,11159000.0,1
2026900.0,22,169.95,7488000.0,0
5770500.0,12,51.06,9858000.0,1
6994300.0,13,228.55,3545000.0,1
7381500.0,9,996.78,17308000.0,1
245100.0,1,839.97,7681000.0,0
1433200.0,18,187.33,16413000.0,0
4963900.0,8,998.63,16858000.0,1
4488500.0,12,551.09,4504000.0,0
7996600.0,5,386.9,24853000.0,0
9944000.0,22,65.32,19823000.0,0
1528900.0,21,705.78,9338000.0,1
6588400.0,23,224.72,13182000.0,1
2755300.0,23,423.36,4951000.0,0
8841600.0,22,827.03,12419000.0,1
6301200.0,18,209.61,27631000.0,0
2183700.0,3,696.06,17611000.0,0
3417700.0,22,228.54,17200000.0,1
7464800.0,11,610.7,20263000.0,1
5642900.0,14,316.65,7352000.0,1
8673300.0,4,522.11,5910000.0,1
3779100.0,2,401.24,16378000.0,1
476300.0,9,102.64,6379000.0,1
7774300.0,17,192.5,16400000.0,0
7955200.0,20,181.62,26632000.0,1
7257200.0,20,640.49,20752000.0,0
7146000.0,16,732.09,2795000.0,0
3269700.0,13,407.4,12316000.0,0
99000.0,15,802.86,3571000.0,1
1882800.0,3,691.37,28264000.0,0
2052700.0,10,505.98,26621000.0,1
6259800.0,6,956.26,16622000.0,0
1914900.0,11,984.65,8827000.0,0
7621400.0,7,769.33,1003000.0,0
2172000.0,17,827.46,8903000.0,0
3738300.0,12,57.27,22085000.0,1
6517400.0,11,252.57,22668000.0,1
9116900.0,13,1.93,23870000.0,1
7339100.0,12,466.88,25547000.0,1
3665500.0,12,747.79,22726000.0,0
1130800.0,12,166.62,1361000.0,0
5977800.0,10,136.75,8994000.0,0
5703200.0,19,239.74,18411000.0,0
6335800.0,15,364.22,23916000.0,1
4371000.0,20,334.32,24214000.0,1
4249600.0,22,944.35,21988000.0,1
2150800.0,9,655.28,12037000.0,1
8602500.0,14,230.36,3103000.0,1
8221900.0,20,908.32,7901000.0,1
754000.0,7,785.37,19084000.0,0
5636500.0,1,454.01,14042000.0,1
7898100.0,20,97.82,14149000.0,0
6710700.0,22,219.85,28950000.0,1
6129500.0,18,449.82,19835000.0,0
8158400.0,16,935.31,22745000.0,0
6414300.0,1,759.93,28391000.0,1
3812500.0,6,680.32,2010000.0,1
4537800.0,1,349.02,10163000.0,0
3167800.0,21,71.95,7689000.0,0
7533700.0,11,891.43,29950000.0,1
3477100.0,20,427.99,4351000.0,1
1064200.0,7,389.42,1812000.0,1
2799200.0,3,718.15,20831000.0,1
3287600.0,12,716.96,15888000.0,0
975300.0,3,582.51,28521000.0,0
6049200.0,8,488.0,14408000.0,0
5883600.0,3,202.83,21998000.0,0
732000.0,6,123.2,28204000.0,1
1145200.0,4,263.11,8147000.0,0
8100900.0,8,657.57,21616000.0,0
4861200.0,15,481.99,7753000.0,1
1260800.0,12,708.3,2072000.0,0
4117000.0,21,293.08,12131000.0,0
8350300.0,10,652.37,3663000.0,1
57300.0,21,374.76,6180000.0,0
1515800.0,0,30.34,22398000.0,0
7197300.0,17,346.44,9703000.0,0
4026000.0,13,368.91,9595000.0,0
8412000.0,16,546.71,2478000.0,0
1898100.0,17,358.74,17601000.0,0
7901500.0,16,882.71,27200000.0,1
2421200.0,16,636.0,12288000.0,0
6809600.0,10,451.76,22264000.0,1
7015000.0,7,986.36,6515000.0,0
6130400.0,8,955.8,12292000.0,0
4553500.0,22,398.55,26438000.0,1
1671000.0,9,487.26,29524000.0,1
7842900.0,22,893.32,20348000.0,0
1364800.0,10,878.59,18541000.0,0
6791600.0,18,98.47,6498000.0,0
8819300.0,20,90.71,10028000.0,1
8115800.0,14,726.41,7665000.0,0
4893800.0,22,199.38,19295000.0,0
9400700.0,16,395.85,4042000.0,0
3986200.0,21,797.52,27244000.0,1
6481700.0,9,811.51,13589000.0,0
3290600.0,23,212.92,6610000.0,1
6169100.0,21,0.41,25050000.0,0
9342400.0,20,514.27,4118000.0,0
7299400.0,9,836.52,27116000.0,0
6044700.0,14,651.34,25482000.0,0
3445200.0,11,158.34,5294000.0,1
2602900.0,1,45.1,25217000.0,1
9109300.0,1,87.77,6716000.0,1
2468700.0,0,192.5,24537000.0,0
4373400.0,12,393.7,22936000.0,1
792000.0,19,948.16,8814000.0,1
2263800.0,1,718.27,14071000.0,1
4064700.0,7,672.32,17521000.0,0
5780800.0,4,492.83,1616000.0,1
4885800.0,12,517.34,16101000.0,0
7968400.0,5,990.83,8602000.0,1
2736800.0,0,758.8,8957000.0,1
9396600.0,21,348.99,21381000.0,0
6650000.0,8,24.12,19202000.0,1
795700.0,0,269.35,17896000.0,0
5130600.0,13,818.08,28263000.0,1
3661900.0,19,713.34,19221000.0,1
6119500.0,7,499.65,16655000.0,1
5791000.0,8,339.06,15262000.0,0
8568900.0,15,740.57,29307000.0,1
2451800.0,18,575.81,8667000.0,1
5475800.0,14,140.39,25182000.0,1
4377600.0,10,857.72,21223000.0,0
4370300.0,8,267.99,18023000.0,1
1886000.0,7,270.52,16370000.0,0
6959000.0,7,815.54,19314000.0,1
646900.0,21,939.48,11496000.0,1
8308800.0,10,708.25,5882000.0,0
9218700.0,2,737.79,3046000.0,1
6106100.0,12,75.0,10563000.0,0
3046700.0,6,405.08,14765000.0,0
7496200.0,18,603.37,3666000.0,0
6633500.0,16,17.12,29901000.0,1
898800.0,17,993.11,2981000.0,0
4901300.0,18,422.68,29737000.0,1
5782100.0,3,354.96,24776000.0,0
6767400.0,10,241.73,21193000.0,0
2489600.0,8,159.48,22488000.0,0
2127400.0,16,183.67,19010000.0,1
3805300.0,3,372.46,24780000.0,0
2667100.0,18,710.37,5526000.0,0
8930400.0,1,345.19,27100000.0,1
1433200.0,7,744.21,9563000.0,0
2729300.0,2,674.42,17939000.0,0
153600.0,22,747.01,24066000.0,1
8669500.0,6,582.71,9758000.0,0
5499100.0,19,146.38,29238000.0,0
754700.0,1,389.91,8402000.0,0
3992900.0,2,848.19,3361000.0,1
2727300.0,13,757.22,13710000.0,1
3274200.0,14,714.02,18927000.0,1
2829100.0,20,756.64,22930000.0,1
3763300.0,12,757.84,22821000.0,1
1943000.0,0,408.79,21394000.0,1
7580700.0,3,840.49,14185000.0,0
5401900.0,20,636.09,28687000.0,0
9958000.0,3,511.17,19114000.0,1
1489300.0,13,295.89,29434000.0,0
129700.0,18,867.39,7946000.0,0
6898500.0,22,259.06,13515000.0,0
112800.0,3,740.75,12375000.0,0
3202600.0,22,35.01,4511000.0,0
2427700.0,15,278.42,13374000.0,0
3466700.0,18,790.97,1464000.0,0
8451700.0,4,452.14,23281000.0,0
3675400.0,17,813.61,24535000.0,0
1995600.0,15,316.32,15137000.0,0
2870600.0,2,198.31,28117000.0,1
2015400.0,20,743.87,15480000.0,1
334300.0,15,819.99,26921000.0,1
2791800.0,13,891.56,25270000.0,1
924600.0,12,208.57,8421000.0,0
7887500.0,4,6.84,20889000.0,1
7106200.0,5,260.67,23493000.0,0
4735500.0,10,348.34,20435000.0,1
4860100.0,9,496.82,5290000.0,1
3221500.0,9,261.1,19902000.0,0
4552000.0,20,150.35,3220000.0,0
9288400.0,22,594.55,4599000.0,0
878600.0,15,434.21,22594000.0,0
2800800.0,14,279.15,28748000.0,1
1166900.0,16,999.25,26018000.0,1
1497700.0,6,544.04,28867000.0,0
372500.0,4,180.05,8524000.0,0
1923000.0,13,484.99,10597000.0,1
9404700.0,6,813.73,9897000.0,0
5591900.0,22,123.94,2670000.0,1
6019300.0,16,663.4,1683000.0,0
3921200.0,23,894.27,8788000.0,1
8297200.0,8,451.33,28500000.0,0
9561000.0,20,648.5,24060000.0,0
9621800.0,7,335.3,11950000.0,1
2308200.0,18,363.34,17054000.0,0
8932400.0,4,52.57,10886000.0,1
1125900.0,9,744.82,25020000.0,1
5592900.0,16,887.46,5296000.0,1
9834400.0,1,106.73,12918000.0,1
2134700.0,2,970.88,9932000.0,0
230900.0,12,607.75,4921000.0,0
890200.0,1,719.47,1693000.0,1
5861800.0,7,534.4,8482000.0,0
8463500.0,11,106.07,14840000.0,0
9037200.0,9,794.9,12419000.0,1
1541300.0,9,242.83,6292000.0,1
5950100.0,12,881.85,9756000.0,1
8591600.0,22,916.95,10233000.0,0
3631100.0,9,252.66,20524000.0,0
4545300.0,22,8.14,22727000.0,1
3721500.0,0,167.66,9249000.0,0
388200.0,13,826.89,3978000.0,1
2032200.0,2,502.35,5326000.0,0
5197900.0,3,811.01,24401000.0,1
9111000.0,10,452.82,11957000.0,1
2239300.0,7,561.3,11826000.0,0
5074400.0,21,534.55,2170000.0,1
7063000.0,16,603.8,15594000.0,0
2460200.0,10,97.2,23452000.0,0
6678500.0,19,546.76,18047000.0,0
3121700.0,11,579.92,11618000.0,0
7175800.0,21,858.29,25718000.0,0
1239300.0,21,912.78,28058000.0,1
6789400.0,16,252.05,15419000.0,0
1717100.0,14,466.15,17107000.0,0
8441900.0,23,389.73,7526000.0,0
7022100.0,10,30.42,23238000.0,0
7162500.0,7,542.41,29804000.0,1
2663400.0,3,30.99,5793000.0,1
9869500.0,17,729.66,18448000.0,0
256200.0,7,446.66,8696000.0,0
254100.0,3,736.0,21888000.0,0
4100800.0,9,732.71,8394000.0,1
1661200.0,21,548.65,15214000.0,1
944100.0,3,918.14,5066000.0,0
1255000.0,13,636.61,12934000.0,0
2519700.0,18,266.62,17861000.0,1
911600.0,23,469.12,5275000.0,1
7315600.0,23,157.37,19166000.0,1
6727600.0,18,967.17,1812000.0,0
7324800.0,18,163.89,12895000.0,1
3198800.0,14,894.82,3623000.0,1
8187200.0,7,315.9,9379000.0,1
9723500.0,1,845.43,2784000.0,0
1526200.0,4,585.19,6106000.0,1
4701100.0,20,803.68,28036000.0,1
8390400.0,16,247.74,12936000.0,1
5096600.0,8,187.55,26948000.0,1
4728900.0,15,727.85,3846000.0,0
530200.0,2,886.44,4498000.0,1
9649600.0,1,390.41,24767000.0,1
7916400.0,20,580.55,11533000.0,0
8369700.0,22,346.42,6424000.0,0
7429100.0,8,535.6,12840000.0,0
3657300.0,5,23.09,17781000.0,1
720400.0,17,273.42,1963000.0,1
7066400.0,0,91.26,14802000.0,1
9000700.0,19,965.17,9480000.0,1
427700.0,7,24.29,8873000.0,0
2399500.0,9,934.41,29114000.0,0
5633200.0,19,385.79,28358000.0,0
8506900.0,19,343.18,26907000.0,0
9220900.0,18,892.2,9192000.0,1
9596900.0,16,405.05,24158000.0,0
5444200.0,17,730.76,8682000.0,0
909500.0,6,801.73,16994000.0,1
4661300.0,17,796.53,11072000.0,0
944300.0,11,473.47,3402000.0,1
8680600.0,8,823.4,12323000.0,1
18200.0,12,281.67,1522000.0,1
2475500.0,6,217.76,8066000.0,0
9636400.0,16,302.7,21984000.0,1
4424800.0,10,596.98,29601000.0,0
6554400.0,0,914.32,2494000.0,0
1329600.0,18,694.38,3536000.0,0
6244900.0,23,282.28,15293000.0,0
5056000.0,8,947.31,4186000.0,1
8794500.0,0,105.42,25921000.0,1
1733300.0,6,761.89,9684000.0,1
5951700.0,6,506.83,16743000.0,1
8468000.0,9,491.82,20548000.0,0
2950400.0,14,509.66,14175000.0,1
137400.0,22,761.93,17224000.0,0
5172900.0,8,838.19,16649000.0,0
2024900.0,18,648.72,14640000.0,1
6399400.0,9,101.58,26529000.0,0
3945400.0,0,929.87,4089000.0,0
9327500.0,4,254.25,28579000.0,1
1977600.0,13,899.83,17831000.0,0
3074100.0,7,606.04,8343000.0,0
4915500.0,4,363.6,28577000.0,0
9803700.0,18,973.52,20122000.0,0
2930100.0,3,161.22,25957000.0,1
4228300.0,16,764.7,7513000.0,0
8758400.0,8,419.33,8715000.0,0
6660000.0,8,238.93,9067000.0,0
6485000.0,9,771.72,12784000.0,0
724700.0,15,534.67,12027000.0,0
7241900.0,17,448.11,19169000.0,0
5954600.0,18,263.12,27206000.0,1
2487100.0,13,897.21,22757000.0,1
2851900.0,20,193.14,26976000.0,1
3116000.0,14,578.93,10890000.0,0
2927500.0,10,395.71,5639000.0,1
1613900.0,5,963.04,1162000.0,0
4258300.0,13,147.64,1299000.0,1
5507800.0,0,378.66,7953000.0,0
6682200.0,4,170.37,21490000.0,0
3646300.0,5,506.63,2389000.0,1
3339700.0,21,174.09,28846000.0,0
9582900.0,17,659.77,6803000.0,1
8579700.0,15,547.13,7823000.0,0
8753500.0,22,479.82,9778000.0,0
2118200.0,9,899.84,9784000.0,0
3482700.0,15,773.43,5286000.0,0
3726600.0,11,44.52,12765000.0,1
3791600.0,21,988.19,29127000.0,1
906400.0,7,677.64,13142000.0,0
4832300.0,8,12.52,23416000.0,0
5838000.0,2,733.94,5874000.0,0
5368700.0,9,316.77,1977000.0,0
5488200.0,5,69.59,29323000.0,0
876800.0,22,824.14,29883000.0,0
6581100.0,12,963.04,18404000.0,1
2579500.0,13,685.43,22482000.0,1
8717600.0,20,744.12,22387000.0,0
3340400.0,17,55.57,22513000.0,0
5669600.0,18,550.2,17066000.0,1
3369700.0,11,556.59,12543000.0,1
7148100.0,4,673.02,26201000.0,1
2631100.0,18,673.32,1341000.0,0
8913700.0,0,722.11,28528000.0,1
1709500.0,20,203.5,1251000.0,1
6503100.0,15,282.88,26307000.0,1
8684900.0,1,758.7,7214000.0,1
5958900.0,8,736.74,1665000.0,1
9953300.0,2,128.64,22682000.0,1
8678500.0,23,900.76,6536000.0,1
9126800.0,17,979.37,3049000.0,0
6965400.0,3,173.82,9117000.0,0
3087000.0,13,174.11,2717000.0,0
1184700.0,20,1.32,27406000.0,1
5230600.0,9,142.18,23528000.0,0
6064900.0,16,547.13,12432000.0,1
1223800.0,9,716.17,28224000.0,1
9055200.0,22,274.61,6967000.0,1
7355200.0,15,986.41,17562000.0,0
4046200.0,14,841.89,19975000.0,1
2637300.0,7,298.26,17156000.0,1
6436000.0,18,344.25,29285000.0,0
6586300.0,16,460.66,17363000.0,0
8798300.0,21,182.5,8963000.0,0
1820700.0,14,690.41,14312000.0,0
8608000.0,2,747.7,21467000.0,1
9095400.0,19,148.91,29268000.0,0
7578100.0,19,695.69,28632000.0,1
4088600.0,12,484.99,21733000.0,0
7489900.0,11,262.08,8951000.0,1
5475300.0,4,603.61,16253000.0,0
8057000.0,12,559.35,18473000.0,1
4801700.0,16,835.54,9892000.0,1
2299700.0,6,434.94,13126000.0,0
9840200.0,13,156.03,27151000.0,1
624400.0,3,978.59,8427000.0,1
834700.0,11,693.7,20387000.0,1
8915500.0,7,363.98,9144000.0,0
4782500.0,17,261.9,14959000.0,0
9424300.0,6,645.05,19654000.0,0
1383900.0,21,246.32,16677000.0,0
4409500.0,4,229.9,14149000.0,0
3405100.0,1,981.43,16855000.0,1
1789800.0,16,201.48,16553000.0,1
9898100.0,18,238.89,16301000.0,0
1446000.0,12,863.3,21775000.0,0
4871100.0,10,838.46,22974000.0,0
7007300.0,18,981.71,4918000.0,1
874400.0,14,448.79,15435000.0,0
9975900.0,4,638.78,27448000.0,1
3629500.0,20,642.99,24114000.0,1
6400900.0,22,597.42,12115000.0,0
6546000.0,14,890.58,28220000.0,1
891800.0,14,717.22,29330000.0,1
4803800.0,3,286.11,20224000.0,0
7335900.0,21,414.89,18489000.0,0
7982800.0,18,660.46,3550000.0,1
1560300.0,2,845.22,9831000.0,0
7537600.0,22,869.86,11726000.0,0
3071800.0,18,532.57,5311000.0,0
9864500.0,8,559.55,25615000.0,1
8963600.0,10,570.97,13105000.0,0
1431100.0,8,7.03,8769000.0,0
7659600.0,6,67.87,18529000.0,0
5647900.0,9,822.64,17429000.0,1
7387500.0,12,775.48,7278000.0,0
8552600.0,16,606.36,6126000.0,0
1502500.0,19,80.77,14357000.0,1
2420100.0,23,303.15,2936000.0,1
4914200.0,3,146.61,23425000.0,0
5127000.0,9,640.56,14770000.0,1
8987800.0,7,60.9,23906000.0,0
9496100.0,2,572.22,16769000.0,1
8644100.0,4,721.98,28440000.0,0
3589500.0,20,225.65,25461000.0,0
2585200.0,10,862.19,12951000.0,1
5144700.0,9,481.4,27939000.0,0
3478500.0,23,915.4,1678000.0,1
9843100.0,18,453.58,13485000.0,0
8237700.0,8,357.89,5967000.0,1
890500.0,2,115.15,24317000.0,0
7323700.0,1,603.04,20205000.0,0
7807200.0,12,488.99,25912000.0,0
6937700.0,1,294.2,25345000.0,0
4037900.0,1,331.89,25189000.0,1
9430900.0,4,175.84,3572000.0,1
7900.0,6,426.07,23150000.0,0
4233300.0,14,564.77,16659000.0,1
7235800.0,8,720.45,27085000.0,1
770300.0,5,593.57,7252000.0,0
8852000.0,11,400.29,22665000.0,1
6486700.0,23,970.55,7141000.0,1
2104000.0,16,766.13,14659000.0,0
2773200.0,22,99.16,21503000.0,0
7417700.0,9,965.6,1883000.0,0
8664200.0,4,7.26,23248000.0,1
9687100.0,21,431.06,29969000.0,1
5659900.0,19,21.74,25555000.0,0
3268400.0,22,916.16,22051000.0,1
8419700.0,19,719.22,10059000.0,0
1233300.0,5,969.36,21576000.0,1
5192100.0,12,355.08,4666000.0,0
3859400.0,19,94.98,28720000.0,0
8127200.0,17,531.34,14960000.0,1
2407200.0,3,113.01,27384000.0,1
2825500.0,18,766.06,2655000.0,0
5976700.0,1,613.32,18608000.0,0
6585200.0,21,697.53,25577000.0,1
9192200.0,16,521.78,4243000.0,0
4898700.0,17,625.44,14872000.0,0
4535000.0,21,804.78,14094000.0,0
8104300.0,23,344.63,14194000.0,1
716200.0,14,964.05,23573000.0,1
9445300.0,11,690.99,24661000.0,0
8331300.0,15,142.92,4044000.0,0
2541600.0,20,975.64,24285000.0,0
4832300.0,0,61.92,19417000.0,1
3740900.0,2,188.01,23965000.0,1
8461700.0,1,633.87,29311000.0,0
2960700.0,19,740.75,27635000.0,1
3223800.0,19,874.56,19397000.0,0
4037600.0,0,478.73,28653000.0,1
6556900.0,8,484.52,12268000.0,1
1500300.0,19,390.43,23491000.0,0
782700.0,2,970.82,16452000.0,1
5863400.0,5,486.75,21170000.0,0
3043700.0,16,927.12,4106000.0,0
7344200.0,4,278.23,14586000.0,0
4386900.0,15,449.67,1682000.0,0
2344900.0,1,460.31,23402000.0,1
3774100.0,18,469.03,18089000.0,1
2477100.0,8,774.12,8595000.0,1
5901600.0,23,804.59,11871000.0,0
7675100.0,20,824.41,2843000.0,1
4823100.0,15,516.15,9079000.0,0
7910500.0,0,835.17,9452000.0,0
7174900.0,1,368.14,9196000.0,0
292200.0,17,256.67,9968000.0,0
45700.0,14,289.03,26363000.0,1
9254600.0,2,526.39,28342000.0,0
1786800.0,7,361.91,26457000.0,1
8179000.0,7,28.98,4761000.0,1
7719200.0,0,497.35,3184000.0,1
7200300.0,1,618.19,14977000.0,1
8650200.0,11,163.77,7198000.0,1
5605200.0,22,379.48,25720000.0,1
1524800.0,1,884.48,9898000.0,1
785900.0,3,804.28,7394000.0,0
7085500.0,6,842.35,10569000.0,0
8348900.0,8,662.64,23353000.0,0
9003000.0,18,886.21,14604000.0,1
4534800.0,1,220.77,28590000.0,0
2327400.0,0,443.98,9691000.0,1
8344200.0,23,70.1,25489000.0,0
36100.0,8,164.43,8139000.0,0
7205900.0,19,730.59,26413000.0,1
5424600.0,6,511.51,29765000.0,1
8026000.0,11,643.47,13574000.0,0
6772700.0,14,892.69,18575000.0,0
9419000.0,14,35.96,29016000.0,1
2314700.0,9,843.84,22969000.0,0
5797600.0,14,247.92,23619000.0,0
1317900.0,7,104.42,3898000.0,1
4879200.0,21,275.95,1945000.0,0
6808900.0,7,715.87,2459000.0,1
6486100.0,0,356.45,10616000.0,1
7019100.0,22,376.11,1370000.0,0
3703000.0,3,440.35,1271000.0,0
5611800.0,6,749.79,11771000.0,0
9735000.0,18,480.14,14845000.0,0
4977500.0,2,305.03,16418000.0,1
2272000.0,3,608.02,12597000.0,1
3328200.0,6,694.89,4244000.0,1
1186800.0,7,162.78,26714000.0,0
1668300.0,14,354.19,6845000.0,1
3309300.0,0,951.41,8255000.0,1
5565500.0,8,740.52,14257000.0,0
5547400.0,4,392.89,25204000.0,0
7858600.0,14,45.52,19871000.0,0
2999800.0,20,483.82,26839000.0,0
889200.0,18,164.49,7507000.0,1
3841600.0,9,644.49,10878000.0,0
4587300.0,8,499.34,14436000.0,0
2162300.0,12,490.99,16235000.0,0
3485400.0,23,303.55,14005000.0,0
9690200.0,18,514.26,4829000.0,1
6421300.0,14,3.32,22046000.0,0
9139100.0,3,905.79,21656000.0,0
5026300.0,6,378.54,10509000.0,0
3594400.0,0,333.2,9600000.0,0
8209400.0,2,590.86,21601000.0,1
8017900.0,16,22.92,27055000.0,0
1388800.0,20,8.72,4337000.0,0
6973500.0,0,221.9,7671000.0,1
6697100.0,5,858.88,22934000.0,0
1883200.0,18,828.44,15735000.0,1
5149900.0,2,544.86,14753000.0,1
3962700.0,15,158.56,13338000.0,1
7650900.0,13,482.39,24696000.0,1
1744100.0,11,375.82,5693000.0,0
116900.0,4,165.29,11781000.0,1
3080400.0,17,332.28,9994000.0,0
1993800.0,6,387.28,3621000.0,0
6474300.0,11,919.05,13795000.0,1
6013500.0,0,436.9,16760000.0,0
5331700.0,23,287.93,2266000.0,1
4966600.0,7,697.24,29526000.0,1
1848900.0,21,865.82,11525000.0,1
9767200.0,20,0.87,13685000.0,0
7112500.0,13,747.01,6996000.0,1
4395300.0,11,433.97,23465000.0,0
4853300.0,1,221.71,5186000.0,1
6308100.0,13,506.37,3819000.0,1
3963100.0,12,303.19,6694000.0,0
8271200.0,14,237.32,9285000.0,0
6771600.0,1,232.76,18401000.0,0
5994900.0,3,367.06,11944000.0,1
527000.0,6,874.02,4445000.0,1
5861600.0,6,307.93,7915000.0,1
3383800.0,0,702.6,8974000.0,1
758800.0,0,979.68,1936000.0,0
4061700.0,5,805.19,1000000.0,1
3632500.0,5,71.99,22506000.0,0
5300.0,4,986.86,25025000.0,1
9762400.0,11,157.85,7949000.0,1
9361500.0,18,61.49,1039000.0,1
8067400.0,0,430.89,21791000.0,0
5869900.0,17,986.46,15562000.0,0
8155600.0,11,393.05,15881000.0,1
3774300.0,1,911.76,29900000.0,1
201500.0,4,971.4,7490000.0,0
8369800.0,11,288.26,6852000.0,0
4335600.0,14,214.76,6556000.0,1
5989900.0,1,647.63,29559000.0,0
9683500.0,8,649.39,4555000.0,1
2106500.0,11,482.29,8766000.0,0
4481500.0,16,968.84,1952000.0,1
4918200.0,1,444.56,26046000.0,1
3757700.0,17,193.64,19093000.0,0
3318600.0,8,100.99,16425000.0,1
4537900.0,0,549.6,17385000.0,0
9495100.0,10,876.36,28976000.0,1
8422800.0,21,338.92,15671000.0,1
4778600.0,5,881.47,10490000.0,0
6642600.0,20,956.03,24108000.0,0
1172500.0,7,126.89,7671000.0,0
8297900.0,15,231.97,13140000.0,1
7592000.0,15,36.45,8948000.0,0
3841300.0,15,125.82,8092000.0,1
2643600.0,4,961.99,24052000.0,1
2455700.0,19,405.3,10842000.0,1
2393000.0,7,585.48,11477000.0,1
9649800.0,1,797.2,16869000.0,0
5863300.0,23,32.05,7771000.0,0
6245300.0,9,128.7,2951000.0,1
6702300.0,21,159.67,4501000.0,1
5739200.0,22,701.94,4468000.0,0
8448700.0,13,526.15,13899000.0,1
2666000.0,10,854.61,21906000.0,0
2386300.0,16,550.44,16850000.0,0
1254600.0,6,170.42,3077000.0,1
6294700.0,19,309.21,19042000.0,0
4297300.0,8,241.37,12755000.0,1
6142500.0,1,295.53,18453000.0,1
2676200.0,14,450.1,19534000.0,1
5663400.0,18,742.57,24535000.0,1
324200.0,17,532.75,18320000.0,0
2487400.0,1,584.55,16293000.0,0
3459300.0,15,816.68,29039000.0,1
5087100.0,22,878.51,11240000.0,0
2362400.0,4,983.19,19370000.0,1
8052700.0,21,982.55,4783000.0,0
5848900.0,10,600.64,9233000.0,0
6834100.0,22,537.43,1046000.0,1
516700.0,2,14.31,18903000.0,0
7533600.0,23,72.87,10944000.0,1
3547000.0,16,200.67,17357000.0,1
7351800.0,11,37.78,20640000.0,1
1342500.0,17,136.29,13272000.0,1
3128600.0,5,795.65,11286000.0,1
2794400.0,13,401.42,9021000.0,1
3917700.0,19,64.44,14666000.0,1
2197300.0,21,583.88,28207000.0,1
1759600.0,2,731.44,9580000.0,0
3446100.0,8,975.81,24815000.0,0
9062600.0,14,8.01,23435000.0,1
7279900.0,3,49.32,14180000.0,0
8725100.0,8,987.93,29289000.0,1
9639700.0,19,855.47,9318000.0,0
6912200.0,10,376.66,17968000.0,0
6727900.0,23,276.78,6380000.0,1
2569700.0,21,839.94,13613000.0,0
5318700.0,12,679.92,16708000.0,1
3390100.0,12,375.41,21905000.0,1
7429100.0,1,947.99,22345000.0,0
7129500.0,1,345.6,28049000.0,1
331500.0,16,783.03,22472000.0,1
5739200.0,22,690.6,14213000.0,0
1804000.0,20,212.81,10533000.0,0
248000.0,18,192.93,9580000.0,0
5027200.0,21,814.19,4653000.0,1
4311300.0,0,865.85,1543000.0,0
7076300.0,17,250.94,25938000.0,1
6151400.0,12,279.46,21516000.0,1
296600.0,2,735.52,11165000.0,0
1123800.0,5,932.81,6068000.0,1
3228400.0,4,228.48,16830000.0,1
4797200.0,15,350.4,24025000.0,0
9570300.0,22,891.39,16380000.0,1
540500.0,8,734.18,20166000.0,1
130900.0,0,794.32,6135000.0,1
7428900.0,21,752.17,15440000.0,1
9597100.0,15,424.89,4315000.0,0
1507600.0,0,925.36,19008000.0,1
2496400.0,3,572.25,21019000.0,0
2100700.0,13,290.13,16177000.0,1
4050600.0,23,41.29,25148000.0,1
2379300.0,23,137.97,18132000.0,0
8960600.0,19,308.01,19802000.0,0
3301700.0,16,550.52,7016000.0,1
7264300.0,5,327.23,27608000.0,1
7483000.0,1,428.71,19643000.0,0
9220700.0,21,690.24,28856000.0,1
1920300.0,5,895.69,26445000.0,0
1999600.0,22,332.64,3543000.0,1
2282800.0,19,472.45,16071000.0,1
4018300.0,5,814.21,12869000.0,0
6653700.0,12,998.72,17866000.0,0
8458000.0,7,617.73,12282000.0,0
3537700.0,20,55.28,6896000.0,1
6356500.0,17,120.14,20317000.0,1
745200.0,9,600.19,10538000.0,1
838900.0,21,13.67,12736000.0,1
5986800.0,15,552.9,2646000.0,0
4076100.0,6,603.42,16870000.0,0
6083800.0,15,558.11,21056000.0,0
5731300.0,10,437.53,11807000.0,0
7531900.0,11,90.59,10959000.0,1
8159800.0,12,328.22,20887000.0,0
3932400.0,12,855.21,4106000.0,0
5892200.0,22,211.55,8022000.0,0
9041000.0,16,408.85,28235000.0,1
3539000.0,23,200.29,18762000.0,0
2411600.0,3,851.27,2236000.0,1
941100.0,5,332.26,23729000.0,1
4265500.0,4,666.84,4060000.0,1
9500200.0,14,175.75,19152000.0,0
7202400.0,1,397.88,25632000.0,1
901100.0,9,296.23,3250000.0,1
5495000.0,2,317.39,22055000.0,0
4285800.0,18,97.61,24537000.0,0
8371900.0,7,354.93,28420000.0,1
9843500.0,13,294.18,16150000.0,1
377700.0,13,360.92,20260000.0,0
1706500.0,3,385.48,17640000.0,1
7833900.0,2,292.56,7331000.0,0
3300400.0,4,294.67,12847000.0,1
4154400.0,3,196.68,21494000.0,0
6790700.0,0,998.69,16334000.0,0
9596100.0,14,975.02,26069000.0,0
9246200.0,9,403.18,4645000.0,0
836500.0,11,229.24,2032000.0,0
907900.0,16,538.02,26188000.0,1
7328500.0,14,168.17,11127000.0,0
7432000.0,9,795.08,14183000.0,0
7855100.0,17,167.49,16662000.0,0
9390900.0,15,219.38,28397000.0,0
9455400.0,0,593.78,26218000.0,1
1978300.0,12,318.08,20653000.0,0
8406200.0,2,586.91,14355000.0,1
6874700.0,22,513.4,23862000.0,0
9126000.0,15,785.64,12581000.0,1
4264900.0,19,400.5,13682000.0,1
1013600.0,20,532.08,4727000.0,1
7551800.0,9,919.57,16358000.0,1
573300.0,17,100.97,22880000.0,1
7379300.0,9,776.6,25461000.0,0
2994800.0,21,766.16,9857000.0,0
6828200.0,16,158.27,7221000.0,0
9340800.0,20,605.06,16930000.0,0
2547600.0,20,534.76,9867000.0,0
8810800.0,10,114.22,8444000.0,0
6895600.0,8,872.73,15365000.0,0
304200.0,18,580.04,16897000.0,0
2028300.0,8,945.64,12133000.0,0
3811700.0,19,500.37,6908000.0,0
857300.0,19,320.62,28963000.0,0
7546900.0,15,650.84,14807000.0,1
7166400.0,19,880.7,3201000.0,1
1225800.0,9,823.12,29598000.0,0
3282100.0,19,682.45,5552000.0,1
9603500.0,11,533.31,12050000.0,0
7243600.0,0,768.27,28760000.0,1
7804900.0,3,882.85,2220000.0,1
8859400.0,15,874.74,17408000.0,0
7541200.0,11,48.07,13335000.0,1
3605300.0,19,398.99,24175000.0,1
1589600.0,8,350.73,1559000.0,1
8680500.0,10,638.38,16256000.0,0
5338800.0,1,854.64,4966000.0,0
5622700.0,19,712.73,17355000.0,1
9036300.0,10,545.4,3816000.0,0
227400.0,12,920.91,20952000.0,1
6047900.0,6,776.55,27367000.0,1
3496200.0,20,686.48,24614000.0,1
9425300.0,21,63.67,10728000.0,0
4097900.0,19,313.76,24026000.0,0
7098500.0,15,632.73,19641000.0,1
8626800.0,1,208.22,22885000.0,0
1707800.0,3,496.71,15158000.0,0
1546400.0,7,760.3,28064000.0,1
8233100.0,14,754.29,5134000.0,0
3233800.0,1,856.24,16159000.0,1
1986500.0,17,656.88,2386000.0,1
4597000.0,9,834.45,29399000.0,0
701100.0,22,590.11,9623000.0,0
5544300.0,23,825.04,20690000.0,0
4404700.0,6,545.5,11776000.0,1
2412400.0,13,923.73,29727000.0,1
2757900.0,7,107.76,13809000.0,0
3161800.0,19,288.17,25058000.0,1
6674400.0,13,375.42,4287000.0,0
